file	archive_id	date	year	date_flag	direction	correspondent_verbatim	thinker_id	resolution	genre	work_type_suggest
1-Letter_to_Mr_Suresh_Singh_19-04-1971.pdf	1	1971-04-19	1971		to	Suresh Singh		unresolved	letter	letter
10-Letter_to_Mr_Minoo_Masani_30-03-1971.pdf	10	1971-03-30	1971		to	Minoo Masani	minoo-masani	resolved	letter	letter
100-Letter_to_Miss_Kusumkumari_Joshi_05-03-1971.pdf	100	1971-03-05	1971		to	Kusumkumari Joshi		unresolved	letter	letter
1000-Letter_to_Mr_Minoo_Masani_27-08-1964.pdf	1000	1964-08-27	1964		to	Minoo Masani	minoo-masani	resolved	letter	letter
1001-Letter_from_Ayesh.pdf	1001				from	Ayesh		unresolved	letter	letter
1002-Inter_Parliamentary_Union_Conference_26-08-1964.pdf	1002	1964-08-26	1964							
1003-Letter_to_Mr_Minoo_Masani_22-08-1964.pdf	1003	1964-08-22	1964		to	Minoo Masani	minoo-masani	resolved	letter	letter
1004-Letter_to_Mr_Minoo_Masani_17-08-1964.pdf	1004	1964-08-17	1964		to	Minoo Masani	minoo-masani	resolved	letter	letter
1005-Letter_to_Mr_Minoo_Masani_17-08-1964.pdf	1005	1964-08-17	1964		to	Minoo Masani	minoo-masani	resolved	letter	letter
1006-Letter_to_Mr_Minoo_Masani_10-08-1964.pdf	1006	1964-08-10	1964		to	Minoo Masani	minoo-masani	resolved	letter	letter
1007-Letter_to_Raja_03-08-1964.pdf	1007	1964-08-03	1964		to	Raja		unresolved	letter	letter
1008-Letter_to_NG_Ranga_03-08-1964.pdf	1008	1964-08-03	1964		to	NG Ranga		unresolved	letter	letter
1009-Letter_to_NG_Ranga_03-08-1964.pdf	1009	1964-08-03	1964		to	NG Ranga		unresolved	letter	letter
101-Letter_to_Mr_Madhu_Mehta_04-03-1971.pdf	101	1971-03-04	1971		to	Madhu Mehta		unresolved	letter	letter
1010-Letter_to_Mr_Minoo_Masani_02-08-1964.pdf	1010	1964-08-02	1964		to	Minoo Masani	minoo-masani	resolved	letter	letter
1011-Telegram_to_NG_Ranga_31-07-1964.pdf	1011	1964-07-31	1964		to	NG Ranga		unresolved	telegram	telegram
1012-Letter_to_NG_Ranga_17-06-1963.pdf	1012	1963-06-17	1963		to	NG Ranga		unresolved	letter	letter
1013-Letter_to_Kripalani_17-06-1963.pdf	1013	1963-06-17	1963		to	Kripalani		unresolved	letter	letter
1014-Letter_to_Kripalani_16-06-1963.pdf	1014	1963-06-16	1963		to	Kripalani		unresolved	letter	letter
1015-Letter_to_C_Rajagopalachari_16-06-1963.pdf	1015	1963-06-16	1963		to	C Rajagopalachari	c-rajagopalachari	resolved	letter	letter
1016-Letter_to_Bhailal_13-06-1963.pdf	1016	1963-06-13	1963		to	Bhailal		unresolved	letter	letter
1017-Letter_to_Mr_Minoo_Masani_11-06-1963.pdf	1017	1963-06-11	1963		to	Minoo Masani	minoo-masani	resolved	letter	letter
1018-Letter_to_Mr_Minoo_Masani_11-06-1963.pdf	1018	1963-06-11	1963		to	Minoo Masani	minoo-masani	resolved	letter	letter
1019-The_Minimum_Programme.pdf	1019								manifesto	occasional_paper
102-Letter_to_Mr_N_Dandeker_04-03-1971.pdf	102	1971-03-04	1971		to	N Dandeker		unresolved	letter	letter
1020-Letter_to_Kripalani_12-06-2013.pdf	1020	2013-06-12	2013		to	Kripalani		unresolved	letter	letter
1021-Letter_to_HR_Pashricha_11-06-1963.pdf	1021	1963-06-11	1963		to	HR Pashricha		unresolved	letter	letter
1022-Letter_to_Kripalani_08-06-1963.pdf	1022	1963-06-08	1963		to	Kripalani		unresolved	letter	letter
1023-Letter_to_Kripalani_08-06-1963.pdf	1023	1963-06-08	1963		to	Kripalani		unresolved	letter	letter
1024-Letter_to_Mr_Minoo_Masani_03-06-1963.pdf	1024	1963-06-03	1963		to	Minoo Masani	minoo-masani	resolved	letter	letter
1025-Letter_to_Mr_Minoo_Masani_01-04-1963.pdf	1025	1963-04-01	1963		to	Minoo Masani	minoo-masani	resolved	letter	letter
1026-Letter_to_Mr_Minoo_Masani_27-03-1963.pdf	1026	1963-03-27	1963		to	Minoo Masani	minoo-masani	resolved	letter	letter
1027-Letter_to_Shanu_pratap_Singh_25-03-1963.pdf	1027	1963-03-25	1963		to	Shanu pratap Singh		unresolved	letter	letter
1028-Letter_to_Raja_26-03-1963.pdf	1028	1963-03-26	1963		to	Raja		unresolved	letter	letter
1029-Letter_to_Masani_18-03-1963.pdf	1029	1963-03-18	1963		to	Masani		unresolved	letter	letter
103-Letter_to_Mr_N_J_Dhebar_04-03-1971.pdf	103	1971-03-04	1971		to	N J Dhebar		unresolved	letter	letter
1030-Telegram_to_NG_Ranga_15-01-1963.pdf	1030	1963-01-15	1963		to	NG Ranga		unresolved	telegram	telegram
1031-Letter_to_Raja_16-01-1963.pdf	1031	1963-01-16	1963		to	Raja		unresolved	letter	letter
1032-Letter_to_Mr_Minoo_Masani_16-01-1963.pdf	1032	1963-01-16	1963		to	Minoo Masani	minoo-masani	resolved	letter	letter
1033-No_Capitalisation.pdf	1033									
1034-Letter_to_Mr_Minoo_Masani_16-01-1963.pdf	1034	1963-01-16	1963		to	Minoo Masani	minoo-masani	resolved	letter	letter
1035-Letter_to_Mr_Minoo_Masani_19-01-1963.pdf	1035	1963-01-19	1963		to	Minoo Masani	minoo-masani	resolved	letter	letter
1036-Letter_to_Mr_Minoo_Masani_19-01-1963.pdf	1036	1963-01-19	1963		to	Minoo Masani	minoo-masani	resolved	letter	letter
1037-Letter_to_Raja_19-01-1963.pdf	1037	1963-01-19	1963		to	Raja		unresolved	letter	letter
1038-Letter_to_Mr_Minoo_Masani_20-01-1963.pdf	1038	1963-01-20	1963		to	Minoo Masani	minoo-masani	resolved	letter	letter
1039-Letter_to_NG_Ranga_25-01-1963.pdf	1039	1963-01-25	1963		to	NG Ranga		unresolved	letter	letter
104-Lette_to_Mr_Masani_and_Kalyani_27-02-1971.pdf	104	1971-02-27	1971							
1040-Letter_to_Mr_Minoo_Masani_22-01-1963.pdf	1040	1963-01-22	1963		to	Minoo Masani	minoo-masani	resolved	letter	letter
1041-Letter_to_Raja_22-01-1963.pdf	1041	1963-01-22	1963		to	Raja		unresolved	letter	letter
1042-Letter_to_Mr_Minoo_Masani_22-01-1963.pdf	1042	1963-01-22	1963		to	Minoo Masani	minoo-masani	resolved	letter	letter
1043-Letter_to_Mr_Minoo_Masani_23-01-1963.pdf	1043	1963-01-23	1963		to	Minoo Masani	minoo-masani	resolved	letter	letter
1044-Telegram_to_Mr_Minoo_Masani_22-01-1963.pdf	1044	1963-01-22	1963		to	Minoo Masani	minoo-masani	resolved	telegram	telegram
1045-Letter_to_Mr_Minoo_Masani_23-01-1963.pdf	1045	1963-01-23	1963		to	Minoo Masani	minoo-masani	resolved	letter	letter
1046-Letter_to_Mr_Minoo_Masani_23-01-1963.pdf	1046	1963-01-23	1963		to	Minoo Masani	minoo-masani	resolved	letter	letter
1047-Letter_to_Raja_23-01-1963.pdf	1047	1963-01-23	1963		to	Raja		unresolved	letter	letter
1048-Letter_to_Raja_19-01-1963.pdf	1048	1963-01-19	1963		to	Raja		unresolved	letter	letter
1049-Letter_to_Mr_Minoo_Masani_24-01-1963.pdf	1049	1963-01-24	1963		to	Minoo Masani	minoo-masani	resolved	letter	letter
105-Election_work_report_by_Shri_H_J_Dhebar_27-02-1971.pdf	105	1971-02-27	1971						report	occasional_paper
1050-Letter_to_Raja_10-02-1963.pdf	1050	1963-02-10	1963		to	Raja		unresolved	letter	letter
1051-Tour_Programme_of_Raja_24-01-1963.pdf	1051	1963-01-24	1963						manifesto	occasional_paper
1052-Telegram_to_NG_Ranga_29-01-1963.pdf	1052	1963-01-29	1963		to	NG Ranga		unresolved	telegram	telegram
1053-JP_Defers_to_Visit_Pakistan_01-02-1963.pdf	1053	1963-02-01	1963							
1054-Letter_to_Mr_Minoo_Masani_04-02-1963.pdf	1054	1963-02-04	1963		to	Minoo Masani	minoo-masani	resolved	letter	letter
1055-Letter_to_Mr_Minoo_Masani_06-02-1963.pdf	1055	1963-02-06	1963		to	Minoo Masani	minoo-masani	resolved	letter	letter
1056-Non_Alignment_Policy.pdf	1056									
1057-Letter_to_Raja_05-02-1963.pdf	1057	1963-02-05	1963		to	Raja		unresolved	letter	letter
1058-Letter_to_Mr_Minoo_Masani_13-02-1963.pdf	1058	1963-02-13	1963		to	Minoo Masani	minoo-masani	resolved	letter	letter
1059-Letter_to_Raja_14-02-1963.pdf	1059	1963-02-14	1963		to	Raja		unresolved	letter	letter
106-Letter_to_Mr_A_Latif_04-03-1971.pdf	106	1971-03-04	1971		to	A Latif		unresolved	letter	letter
1060-Letter_to_Raja_19-02-1963.pdf	1060	1963-02-19	1963		to	Raja		unresolved	letter	letter
1061-Letter_to_B_Shiva_Rao_20-02-1963.pdf	1061	1963-02-20	1963		to	B Shiva Rao	b-shiva-rao	resolved	letter	letter
1062-Letter_to_Mr_Minoo_Masani_20-02-1963.pdf	1062	1963-02-20	1963		to	Minoo Masani	minoo-masani	resolved	letter	letter
1063-Letter_to_Raja_23-02-1963.pdf	1063	1963-02-23	1963		to	Raja		unresolved	letter	letter
1064-Letter_to_Raja_23-02-1963.pdf	1064	1963-02-23	1963		to	Raja		unresolved	letter	letter
1065-Letter_to_Mr_Minoo_Masani_24-02-1963.pdf	1065	1963-02-24	1963		to	Minoo Masani	minoo-masani	resolved	letter	letter
1066-Letter_to_Raja_25-02-1963.pdf	1066	1963-02-25	1963		to	Raja		unresolved	letter	letter
1067-Letter_to_Mr_Minoo_Masani_26-02-1963.pdf	1067	1963-02-26	1963		to	Minoo Masani	minoo-masani	resolved	letter	letter
1068-Letter_to_Mr_Minoo_Masani_27-02-1963.pdf	1068	1963-02-27	1963		to	Minoo Masani	minoo-masani	resolved	letter	letter
1069-Letter_to_Mr_Minoo_Masani_05-03-1963.pdf	1069	1963-03-05	1963		to	Minoo Masani	minoo-masani	resolved	letter	letter
107-Letter_to_Prof_N_G_Ranga_04-03-1971.pdf	107	1971-03-04	1971		to	N G Ranga		unresolved	letter	letter
1070-Letter_About_Budget_Passed.pdf	1070								letter	letter
1071-Letter_to_Mr_Minoo_Masani_05-03-1963.pdf	1071	1963-03-05	1963		to	Minoo Masani	minoo-masani	resolved	letter	letter
1072-Letter_to_Raja_08-03-1963.pdf	1072	1963-03-08	1963		to	Raja		unresolved	letter	letter
1073-Letter_to_Raja_09-03-1963.pdf	1073	1963-03-09	1963		to	Raja		unresolved	letter	letter
1074-Letter_to_Arvind_Mafatlal_15-03-1963.pdf	1074	1963-03-15	1963		to	Arvind Mafatlal		unresolved	letter	letter
1075-Letter_to_Mr_Minoo_Masani_17-03-1963.pdf	1075	1963-03-17	1963		to	Minoo Masani	minoo-masani	resolved	letter	letter
1076-Swatantra_Newsletter_No-75_August-September-1970.pdf	1076	1970-09	1970						letter	letter
1077-Swatantra_Newsletter_No-03_January-1960.pdf	1077	1960-01	1960						letter	letter
1078-Swatantra_Newsletter_No-04_Febuary-1960.pdf	1078	1960-02	1960						letter	letter
1079-Swatantra_Newsletter_No-07_June-1960.pdf	1079	1960-06	1960						letter	letter
108-Letter_to_Mrs_Dabeh_Sawhny_04-03-1971.pdf	108	1971-03-04	1971		to	Dabeh Sawhny		unresolved	letter	letter
1080-Swatantra_Newsletter_No-08_July-1960.pdf	1080	1960-07	1960						letter	letter
1081-Swatantra_Newsletter_No-09_August-1960.pdf	1081	1960-08	1960						letter	letter
1082-Swatantra_Newsletter_No-70_October-December-1970.pdf	1082	1970-12	1970						letter	letter
1083-Swatantra_Newsletter_No-75_August-September-1970.pdf	1083	1970-09	1970						letter	letter
1084-Swatantra_Newsletter_No-74_june-july-1970.pdf	1084	1970-07	1970						letter	letter
1085-Swatantra_Newsletter_No-73_April-May-1970.pdf	1085	1970-05	1970						letter	letter
1086-Swatantra_Newsletter_No-72_February-March-1970.pdf	1086	1970-03	1970						letter	letter
1087-Swatantra_Newsletter_No-71_January-1970.pdf	1087	1970-01	1970						letter	letter
1088-Swatantra_Newsletter_No-70_October-december-1989.pdf	1088	1989-12	1989						letter	letter
1089-Swatantra_Newsletter_No-69_June_September-1969.pdf	1089	1969-09	1969						letter	letter
109-Letter_to_Mr_I_T_Mirchandani_04-03-1971.pdf	109	1971-03-04	1971		to	I T Mirchandani		unresolved	letter	letter
1090-Swatantra_Newsletter_No-68_April_May-1969.pdf	1090	1969-05	1969						letter	letter
1091-Swatantra_Newsletter_No-67_March-1969.pdf	1091	1969-03	1969						letter	letter
1092-Swatantra_Newsletter_No-66_January-February-1969.pdf	1092	1969-02	1969						letter	letter
1093-With_the_Compliments_of_N_Dandeker_23-11-1977.pdf	1093	1977-11-23	1977							
1094-Questionnaire_of_Committee_on_Poll_Express.pdf	1094								press_note	press_note
1095-Swatantra_party_Constitution_14-04-1973.pdf	1095	1973-04-14	1973							
1096-Circulated_for_Electric_Public_Opinion_11-07-1985.pdf	1096	1985-07-11	1985							
1097-City_Civil_Court_Madras.pdf	1097									
1098-Letter_to_KK_Savariya_15-06-1984.pdf	1098	1984-06-15	1984		to	KK Savariya		unresolved	letter	letter
1099-Letter_to_R_Hawkins_05-04-1984.pdf	1099	1984-04-05	1984		to	R Hawkins		unresolved	letter	letter
11-Letter_To_Mr_Yaskov_Morris_29-03-1971.pdf	11	1971-03-29	1971		to	Yaskov Morris		unresolved	letter	letter
110-Letter_to_Tony_03-03-1971.pdf	110	1971-03-03	1971		to	Tony		unresolved	letter	letter
1100-Letter_to_Mr_Roy_02-04-1984.pdf	1100	1984-04-02	1984		to	Roy		unresolved	letter	letter
1101-Letter_to_Mr_Minoo_Masani_23-11-1984.pdf	1101	1984-11-23	1984		to	Minoo Masani	minoo-masani	resolved	letter	letter
1102-Letter_to_Mr_Minoo_Masani_16-08-1983.pdf	1102	1983-08-16	1983		to	Minoo Masani	minoo-masani	resolved	letter	letter
1103-Letter_to_Mr_Minoo_Masani_07-05-1983.pdf	1103	1983-05-07	1983		to	Minoo Masani	minoo-masani	resolved	letter	letter
1104-Letter_to_Mr_Minoo_Masani_29-09-1981.pdf	1104	1981-09-29	1981		to	Minoo Masani	minoo-masani	resolved	letter	letter
1105-Letter_to_S_Krishnan_23-09-1981.pdf	1105	1981-09-23	1981		to	S Krishnan		unresolved	letter	letter
1106-Swatantra_party_to_be_Revived_22-09-1981.pdf	1106	1981-09-22	1981							
1107-Move_to_Revive_Swatantra_Party_22-09-1981.pdf	1107	1981-09-22	1981							
1108-Letter_to_Tajnarian_yadav_18-09-1981.pdf	1108	1981-09-18	1981		to	Tajnarian yadav		unresolved	letter	letter
1109-Letter_to_S_Krishnan_14-09-1981.pdf	1109	1981-09-14	1981		to	S Krishnan		unresolved	letter	letter
111-Letter_to_Mr_Jairam_Patel_03-03-1971.pdf	111	1971-03-03	1971		to	Jairam Patel		unresolved	letter	letter
1110-Letter_to_S_Krishnan_10-09-1981.pdf	1110	1981-09-10	1981		to	S Krishnan		unresolved	letter	letter
1111-Letter_to_S_Sitaraman_02-10-1980.pdf	1111	1980-10-02	1980		to	S Sitaraman		unresolved	letter	letter
1112-Letter_to_Mr_Minoo_Masani_27-10-1980.pdf	1112	1980-10-27	1980		to	Minoo Masani	minoo-masani	resolved	letter	letter
1113-Letter_to_Mr_Minoo_Masani_07-04-1980.pdf	1113	1980-04-07	1980		to	Minoo Masani	minoo-masani	resolved	letter	letter
1114-Letter_to_J_Venkiteswaran_24-03-1980.pdf	1114	1980-03-24	1980		to	J Venkiteswaran		unresolved	letter	letter
1115-Letter_to_Mr_Minoo_Masani_21-03-1980.pdf	1115	1980-03-21	1980		to	Minoo Masani	minoo-masani	resolved	letter	letter
1116-Letter_to_Mr_Minoo_Masani_13-03-1980.pdf	1116	1980-03-13	1980		to	Minoo Masani	minoo-masani	resolved	letter	letter
1117-Indian_Express_27-02-1980.pdf	1117	1980-02-27	1980						press_note	press_note
1118-Letter_to_Govind_Singh_19-02-1980.pdf	1118	1980-02-19	1980		to	Govind Singh		unresolved	letter	letter
1119-Letter_to_Mr_Minoo_Masani_15-02-1980.pdf	1119	1980-02-15	1980		to	Minoo Masani	minoo-masani	resolved	letter	letter
112-Letter_to_Mr_N_A_Palkhivala_03-03-1971.pdf	112	1971-03-03	1971		to	N A Palkhivala	nani-palkhivala	resolved	letter	letter
1120-Letter_to_Mr_Minoo_Masani_28-01-1980.pdf	1120	1980-01-28	1980		to	Minoo Masani	minoo-masani	resolved	letter	letter
1121-Letter_to_Govind_Singh_01-02-1980.pdf	1121	1980-02-01	1980		to	Govind Singh		unresolved	letter	letter
1122-Letter_to_Harihar_Patel_09-10-1979.pdf	1122	1979-10-09	1979		to	Harihar Patel		unresolved	letter	letter
1123-Letter_to_Mr_Minoo_Masani_03-10-1979.pdf	1123	1979-10-03	1979		to	Minoo Masani	minoo-masani	resolved	letter	letter
1124-Letter_to_Patel_22-09-1979.pdf	1124	1979-09-22	1979		to	Patel	sardar-patel	resolved	letter	letter
1125-Letter_to_B_Satyanaryan_05-10-1979.pdf	1125	1979-10-05	1979		to	B Satyanaryan		unresolved	letter	letter
1126-Letter_to_Mr_Minoo_Masani_01-10-1979.pdf	1126	1979-10-01	1979		to	Minoo Masani	minoo-masani	resolved	letter	letter
1127-Letter_to_Mr_Minoo_Masani_06-07-1978.pdf	1127	1978-07-06	1978		to	Minoo Masani	minoo-masani	resolved	letter	letter
1128-Letter_to_Mr_Minoo_Masani.pdf	1128				to	Minoo Masani	minoo-masani	resolved	letter	letter
1129-Letter_to_Mr_Minoo_Masani_03-07-1978.pdf	1129	1978-07-03	1978		to	Minoo Masani	minoo-masani	resolved	letter	letter
113-Letter_to_Mr_Jairam_Patel_03-03-1971.pdf	113	1971-03-03	1971		to	Jairam Patel		unresolved	letter	letter
1130-Parties_Arrears_Indian_Express_04-05-1978.pdf	1130	1978-05-04	1978						press_note	press_note
1131-Letter_to_Mr_Minoo_Masani_09-02-1978.pdf	1131	1978-02-09	1978		to	Minoo Masani	minoo-masani	resolved	letter	letter
1132-Letter_to_Mr_Minoo_Masani_03-10-1977.pdf	1132	1977-10-03	1977		to	Minoo Masani	minoo-masani	resolved	letter	letter
1133-Letter_to_Mr_Minoo_Masani_29-07-1977.pdf	1133	1977-07-29	1977		to	Minoo Masani	minoo-masani	resolved	letter	letter
1134-Letter_to_Mr_Minoo_Masani_29-07-1977.pdf	1134	1977-07-29	1977		to	Minoo Masani	minoo-masani	resolved	letter	letter
1135-Letter_to_Mr_Minoo_Masani_26-07-1977.pdf	1135	1977-07-26	1977		to	Minoo Masani	minoo-masani	resolved	letter	letter
1136-Letter_to_Mr_Minoo_Masani_22-07-1977.pdf	1136	1977-07-22	1977		to	Minoo Masani	minoo-masani	resolved	letter	letter
1137-Letter_to_Mr_Minoo_Masani_22-07-1977.pdf	1137	1977-07-22	1977		to	Minoo Masani	minoo-masani	resolved	letter	letter
1138-Letter_to_Mr_Minoo_Masani_20-07-1977.pdf	1138	1977-07-20	1977		to	Minoo Masani	minoo-masani	resolved	letter	letter
1139-Letter_to_Mr_Minoo_Masani_18-07-1977.pdf	1139	1977-07-18	1977		to	Minoo Masani	minoo-masani	resolved	letter	letter
114-Letter_to_Mr_J_B_Kripalani_03-03-1971.pdf	114	1971-03-03	1971		to	J B Kripalani		unresolved	letter	letter
1140-List_of_Invitees_For_the_Discussion_29-07-1977.pdf	1140	1977-07-29	1977							
1141-Letter_to_Girish_Munshi_29-04-1977.pdf	1141	1977-04-29	1977		to	Girish Munshi		unresolved	letter	letter
1142-Minutes_of_the_Meeting_of_the_National_Executive_28-04-1977.pdf	1142	1977-04-28	1977						minutes	minutes
1143-Letter_About_Meeting_of_Maharashtra_State_Council_20-04-1977.pdf	1143	1977-04-20	1977						letter	letter
1144-Letter_to_Girish_Munshi_15-04-1977.pdf	1144	1977-04-15	1977		to	Girish Munshi		unresolved	letter	letter
1145-Letter_to_the_Enforcement_Officer_11-04-1977.pdf	1145	1977-04-11	1977		to	the Enforcement Officer		unresolved	letter	letter
1146-Letter_to_SV_Raju_11-04-1977.pdf	1146	1977-04-11	1977		to	SV Raju	s-v-raju	resolved	letter	letter
1147-Letter_to_Mr_Minoo_Masani_08-04-1977.pdf	1147	1977-04-08	1977		to	Minoo Masani	minoo-masani	resolved	letter	letter
1148-Letter_to_Girish_Munshi_08-04-1977.pdf	1148	1977-04-08	1977		to	Girish Munshi		unresolved	letter	letter
1149-Letter_to_Mr_Minoo_Masani_07-04-1977.pdf	1149	1977-04-07	1977		to	Minoo Masani	minoo-masani	resolved	letter	letter
115-Letter_to_Mr_Minoo_Masani_02-03-1971.pdf	115	1971-03-02	1971		to	Minoo Masani	minoo-masani	resolved	letter	letter
1150-Letter_to_SV_Raju_04-04-1977.pdf	1150	1977-04-04	1977		to	SV Raju	s-v-raju	resolved	letter	letter
1151-Letter_to_Girish_Munshi_04-04-1977.pdf	1151	1977-04-04	1977		to	Girish Munshi		unresolved	letter	letter
1152-Letter_to_Mr_Minoo_Masani_01-04-1977.pdf	1152	1977-04-01	1977		to	Minoo Masani	minoo-masani	resolved	letter	letter
1153-Letter_to_Mr_Minoo_Masani_01-04-1977.pdf	1153	1977-04-01	1977		to	Minoo Masani	minoo-masani	resolved	letter	letter
1154-Shake_Off_Fear_Strengthen_Democracy-Hindustani_Movement_31-01-1977.pdf	1154	1977-01-31	1977							
1155-Letter_to_Girish_Munshi_31-01-1977.pdf	1155	1977-01-31	1977		to	Girish Munshi		unresolved	letter	letter
1156-Telegram_to_M_R_Masam.pdf	1156				to	M R Masam		unresolved	telegram	telegram
1157-Letter_to_SriKumar_20-01-1977.pdf	1157	1977-01-20	1977		to	SriKumar		unresolved	letter	letter
1158-Telegram_to_Mr_Minoo_Masani_19-01-1977.pdf	1158	1977-01-19	1977		to	Minoo Masani	minoo-masani	resolved	telegram	telegram
1159-Manav_Nirman-Hindustani_Movement_10-01-1977.pdf	1159	1977-01-10	1977							
116-Letter_to_Mr_Minoo_Masani_01-03-1971.pdf	116	1971-03-01	1971		to	Minoo Masani	minoo-masani	resolved	letter	letter
1160-Letter_to_Mr_Minoo_Masani_30-11-1976.pdf	1160	1976-11-30	1976		to	Minoo Masani	minoo-masani	resolved	letter	letter
1161-Letter_to_Mr_Minoo_Masani_28-11-1976.pdf	1161	1976-11-28	1976		to	Minoo Masani	minoo-masani	resolved	letter	letter
1162-Letter_to_Mr_Minoo_Masani_18-10-1976.pdf	1162	1976-10-18	1976		to	Minoo Masani	minoo-masani	resolved	letter	letter
1163-Letter_from_V_S_Srikumar_17-09-1976.pdf	1163	1976-09-17	1976		from	V S Srikumar		unresolved	letter	letter
1164-Minutes_of_the_Meeting_of_the_National_Executive_of_the_Swatantra_Party_29-06-1976.pdf	1164	1976-06-29	1976						minutes	minutes
1165-Letter_to_Mr_Minoo_Masani_14-06-1976.pdf	1165	1976-06-14	1976		to	Minoo Masani	minoo-masani	resolved	letter	letter
1166-Letter_to_Mr_Minoo_Masani_28-05-1976.pdf	1166	1976-05-28	1976		to	Minoo Masani	minoo-masani	resolved	letter	letter
1167-Receipt_of_Donation_01-03-1976.pdf	1167	1976-03-01	1976							
1168-Circular_to_Party_Workers_11-02-1976.pdf	1168	1976-02-11	1976						circular	circular
1169-Meeting_of_the_National_Executive_and_the_National_General_Council_31-12-1975.pdf	1169	1975-12-31	1975							
117-Letter_to_Mr_Minoo_Masani_27-02-1971.pdf	117	1971-02-27	1971		to	Minoo Masani	minoo-masani	resolved	letter	letter
1170-Receipt_of_Donation_08-01-1976.pdf	1170	1976-01-08	1976							
1171-Letter_to_RS_Bharati_05-01-1976.pdf	1171	1976-01-05	1976		to	RS Bharati		unresolved	letter	letter
1172-Letter_to_Mr_Minoo_Masani_12-12-1975.pdf	1172	1975-12-12	1975		to	Minoo Masani	minoo-masani	resolved	letter	letter
1173-Receipt_of_Donation_02-11-1975.pdf	1173	1975-11-02	1975							
1174-Letter_to_Accounts_Officer_Revenue_Department_09-12-1975.pdf	1174	1975-12-09	1975		to	Accounts Officer Revenue Department		unresolved	letter	letter
1175-Rajaji_Jayanthi_Public_Meeting_08-12-1975.pdf	1175	1975-12-08	1975							
1176-Rajaji-Some_Vignettes-Swarajya_06-12-1975.pdf	1176	1975-12-06	1975							
1177-Letter_to_Mr_Minoo_Masani_03-11-1975.pdf	1177	1975-11-03	1975		to	Minoo Masani	minoo-masani	resolved	letter	letter
1178-Letter_to_Mr_Minoo_Masani_21-11-1975.pdf	1178	1975-11-21	1975		to	Minoo Masani	minoo-masani	resolved	letter	letter
1179-Telegram_to_Mr_Minoo_Masani_04-12-1975.pdf	1179	1975-12-04	1975		to	Minoo Masani	minoo-masani	resolved	telegram	telegram
118-Letter_to_Mr_Minoo_Masani_26-02-1971.pdf	118	1971-02-26	1971		to	Minoo Masani	minoo-masani	resolved	letter	letter
1180-Confirmation_copy_for_Flight.pdf	1180									
1181-Telegram_to_MR_Mathani_05-10-1975.pdf	1181	1975-10-05	1975		to	Mathani		unresolved	telegram	telegram
1182-Letter_to_Raju_28-11-1975.pdf	1182	1975-11-28	1975		to	Raju		unresolved	letter	letter
1183-Letter_from_Mr_Minoo_Masani.pdf	1183				from	Minoo Masani	minoo-masani	resolved	letter	letter
1184-Letter_to_Mr_Minoo_Masani_26-11-1975.pdf	1184	1975-11-26	1975		to	Minoo Masani	minoo-masani	resolved	letter	letter
1185-Mr_Basudu_Ray_of_Statesman_who_was_Leaving_for_Calcutta_26-11-1975.pdf	1185	1975-11-26	1975							
1186-Letter_to_Mr_Minoo_Masani_12-11-1975.pdf	1186	1975-11-12	1975		to	Minoo Masani	minoo-masani	resolved	letter	letter
1187-Receipt_of_Donation_06-11-1975.pdf	1187	1975-11-06	1975							
1188-Meeting_of_the_State_Council_of_the_Swatantra_party_30-10-1975.pdf	1188	1975-10-30	1975							
1189-Receipt_of_Donation_No-119_08-10-1975.pdf	1189	1975-10-08	1975							
119-Letter_to_Mr_Minoo_Masani_26-02-1971.pdf	119	1971-02-26	1971		to	Minoo Masani	minoo-masani	resolved	letter	letter
1190-Receipt_of_Donation_No-118_12-09-1975.pdf	1190	1975-09-12	1975							
1191-Receipt_of_Donation_No-114_12-08-1975.pdf	1191	1975-08-12	1975							
1192-Receipt_of_Donation_No-113_14-07-1975.pdf	1192	1975-07-14	1975							
1193-Receipt_of_Donation_No-111_16-05-1975.pdf	1193	1975-05-16	1975							
1194-Meeting_of_the_National_Executive_Committee_09-04-1975.pdf	1194	1975-04-09	1975							
1195-Letter_to_N_Dandekar_27-05-1975.pdf	1195	1975-05-27	1975		to	N Dandekar	n-dandekar	resolved	letter	letter
1196-With_the_Compliments_of_N_Dandeker_22-05-1975.pdf	1196	1975-05-22	1975							
1197-Letter_to_Shaha_Janand_Singh_23-05-1975.pdf	1197	1975-05-23	1975		to	Shaha Janand Singh		unresolved	letter	letter
1198-Letter_from_Abhay_Anand.pdf	1198				from	Abhay Anand		unresolved	letter	letter
1199-Circular_No-322_01-05-1975.pdf	1199	1975-05-01	1975						circular	circular
12-Letter_to_Mr_Minoo_Masani_17-03-1971.pdf	12	1971-03-17	1971		to	Minoo Masani	minoo-masani	resolved	letter	letter
120-Telegram_to_Mr_Minoo_Masani_16-03-1971.pdf	120	1971-03-16	1971		to	Minoo Masani	minoo-masani	resolved	telegram	telegram
1200-Letter_from_V_S_Srikumar_26-04-1975.pdf	1200	1975-04-26	1975		from	V S Srikumar		unresolved	letter	letter
1201-Letter_to_SV_Raju_06-05-1975.pdf	1201	1975-05-06	1975		to	SV Raju	s-v-raju	resolved	letter	letter
1202-Letter_to_Harihar_Patel_05-05-1975.pdf	1202	1975-05-05	1975		to	Harihar Patel		unresolved	letter	letter
1203-Letter_to_Mr_Minoo_Masani_09-04-1975.pdf	1203	1975-04-09	1975		to	Minoo Masani	minoo-masani	resolved	letter	letter
1204-Letter_to_Nabakrusha_Choudhury_04-04-1975.pdf	1204	1975-04-04	1975		to	Nabakrusha Choudhury		unresolved	letter	letter
1205-Letter_to_Mr_Minoo_Masani_25-04-1975.pdf	1205	1975-04-25	1975		to	Minoo Masani	minoo-masani	resolved	letter	letter
1206-Letter_to_PK_Deo_23-04-1975.pdf	1206	1975-04-23	1975		to	PK Deo		unresolved	letter	letter
1207-Receipt_of_Donation_No-108_16-04-1975.pdf	1207	1975-04-16	1975							
1208-Letter_to_Badal_Gangopadhya_15-04-1975.pdf	1208	1975-04-15	1975		to	Badal Gangopadhya		unresolved	letter	letter
1209-Letter_to_Piloo_Mody_08-04-1975.pdf	1209	1975-04-08	1975		to	Piloo Mody	piloo-mody	resolved	letter	letter
121-Telegram_to_Mr_Minoo_Masani_09-03-1971.pdf	121	1971-03-09	1971		to	Minoo Masani	minoo-masani	resolved	telegram	telegram
1210-Meeting_of_the_State_Council_of_the_Swatantra_party_31-03-1975.pdf	1210	1975-03-31	1975							
1211-Letter_to_RS_Bharati_14-03-1975.pdf	1211	1975-03-14	1975		to	RS Bharati		unresolved	letter	letter
1213-Letter_to_Mr_Minoo_Masani_06-03-1975.pdf	1213	1975-03-06	1975		to	Minoo Masani	minoo-masani	resolved	letter	letter
1214-Letter_to_Mr_Minoo_Masani_08-03-1975.pdf	1214	1975-03-08	1975		to	Minoo Masani	minoo-masani	resolved	letter	letter
1215-Letter_to_BD_Pandey_03-03-1975.pdf	1215	1975-03-03	1975		to	BD Pandey		unresolved	letter	letter
1216-Letter_to_Mr_Minoo_Masani_25-02-1975.pdf	1216	1975-02-25	1975		to	Minoo Masani	minoo-masani	resolved	letter	letter
1217-Letter_to_VT_Sreenivasan_18-02-1975.pdf	1217	1975-02-18	1975		to	VT Sreenivasan		unresolved	letter	letter
1218-Letter_from_V_S_Srikumar_11-02-1975.pdf	1218	1975-02-11	1975		from	V S Srikumar		unresolved	letter	letter
1219-Receipt_of_Donation_No-104_11-02-1975.pdf	1219	1975-02-11	1975							
122-Telegram_to_Mr_Minoo_Masani_01-03-1971.pdf	122	1971-03-01	1971		to	Minoo Masani	minoo-masani	resolved	telegram	telegram
1220-Receipt_of_Donation_No-106_07-02-1975.pdf	1220	1975-02-07	1975							
1221-Letter_to_Mr_Minoo_Masani_06-02-1975.pdf	1221	1975-02-06	1975		to	Minoo Masani	minoo-masani	resolved	letter	letter
1222-Letter_to_RS_Bharati_03-03-1975.pdf	1222	1975-03-03	1975		to	RS Bharati		unresolved	letter	letter
1223-Letter_to_Mr_Minoo_Masani_30-01-1975.pdf	1223	1975-01-30	1975		to	Minoo Masani	minoo-masani	resolved	letter	letter
1224-Minutes_of_the_Meeting_of_the_National_Executive_of_the_Swatantra_Party_22-01-1975.pdf	1224	1975-01-22	1975						minutes	minutes
1225-Letter_to_Madhu_Mehta_24-01-1975.pdf	1225	1975-01-24	1975		to	Madhu Mehta		unresolved	letter	letter
1226-Letter_to_Mr_Minoo_Masani_18-01-1975.pdf	1226	1975-01-18	1975		to	Minoo Masani	minoo-masani	resolved	letter	letter
1227-Letter_to_Mr_Minoo_Masani_18-01-1975.pdf	1227	1975-01-18	1975		to	Minoo Masani	minoo-masani	resolved	letter	letter
1228-Letter_to_Mr_Minoo_Masani_17-01-1975.pdf	1228	1975-01-17	1975		to	Minoo Masani	minoo-masani	resolved	letter	letter
1229-Letter_to_VS_Srikumar_14-01-1975.pdf	1229	1975-01-14	1975		to	VS Srikumar		unresolved	letter	letter
123-Telegram_to_Mr_Minoo_Masani_01-03-1971.pdf	123	1971-03-01	1971		to	Minoo Masani	minoo-masani	resolved	telegram	telegram
1230-Letter_to_Mr_Minoo_Masani_09-01-1975.pdf	1230	1975-01-09	1975		to	Minoo Masani	minoo-masani	resolved	letter	letter
1231-letter_from_VP_Bhatia_09-01-1975.pdf	1231	1975-01-09	1975		from	VP Bhatia		unresolved	letter	letter
1232-Press_Statement_Released_by_Girish_Munshi_16-10-1974.pdf	1232	1974-10-16	1974						press_note	press_note
1233-Passed_by_the_Election_Commission_on_the_Formation_of_the_Bharatiya_Lok_Dal_03-01-1975.pdf	1233	1975-01-03	1975							
1234-Receipt_of_Donation_No-102_01-01-1975.pdf	1234	1975-01-01	1975							
1235-Letter_from_Mr_Minoo_Masani_08-03-1967.pdf	1235	1967-03-08	1967		from	Minoo Masani	minoo-masani	resolved	letter	letter
1236-Letter_to_Mr_Minoo_Masani_11-08-1970.pdf	1236	1970-08-11	1970		to	Minoo Masani	minoo-masani	resolved	letter	letter
1237-Letter_to_Mr_Minoo_Masani_09-12-1970.pdf	1237	1970-12-09	1970		to	Minoo Masani	minoo-masani	resolved	letter	letter
1238-Letter_from_KC_Pant_08-12-1970.pdf	1238	1970-12-08	1970		from	KC Pant		unresolved	letter	letter
1239-The_Salaries_and_Allowances_of_Ministers_Bill-1970.pdf	1239	1970	1970							
124-Telegram_to_Mr_Minoo_Masani_28-02-1971.pdf	124	1971-02-28	1971		to	Minoo Masani	minoo-masani	resolved	telegram	telegram
1240-The_Salaries_and_Allowances_of_Ministers_Bill_No-132_1970.pdf	1240	1970	1970							
1241-Letter_from_N_Dandekar_16-11-1970.pdf	1241	1970-11-16	1970		from	N Dandekar	n-dandekar	resolved	letter	letter
1242-The_Salaries_and_Allowances_of_Ministers_Bill-1970.pdf	1242	1970	1970							
1243-Letter_to_Mr_Minoo_Masani_08-09-1970.pdf	1243	1970-09-08	1970		to	Minoo Masani	minoo-masani	resolved	letter	letter
1244-Letter_to_Mr_Minoo_Masani_28-08-1970.pdf	1244	1970-08-28	1970		to	Minoo Masani	minoo-masani	resolved	letter	letter
1245-The_Salaries_and_Allowances_of_Ministers_Bill-1970.pdf	1245	1970	1970							
1246-New_Age_of_British_Steel-New_Statesman_21-08-1970.pdf	1246	1970-08-21	1970							
1247-With_the_Compliments_of_N_Dandeker_18-08-1970.pdf	1247	1970-08-18	1970							
1248-The_Salaries_and_Allowances_of_Ministers_Bill-1970.pdf	1248	1970	1970							
1249-The_Salaries_and_Allowances_of_Ministers_Bill-1970.pdf	1249	1970	1970							
125-Telegram_to_Mr_Minoo_Masani_02-03-1971.pdf	125	1971-03-02	1971		to	Minoo Masani	minoo-masani	resolved	telegram	telegram
1250-Outlay_on_Ministers_Doubled_in_Decade-Times_25-08-1970.pdf	1250	1970-08-25	1970							
1251-How_much_dows_cabinet_cost.pdf	1251									
1252-The_Salaries_and_Allowances_of_Ministers_Bill-1970.pdf	1252	1970	1970							
1253-Expenses_on_MInisters_Shoot_Up.pdf	1253									
1254-Letter_to_N_Dandekar_05-08-1970.pdf	1254	1970-08-05	1970		to	N Dandekar	n-dandekar	resolved	letter	letter
1255-The_Salaries_and_Allowances_of_Ministers_Bill_No-47_27-12-1969.pdf	1255	1969-12-27	1969							
1256-The_Salaries_and_Allowances_of_Ministers_12-08-1952.pdf	1256	1952-08-12	1952							
1257-Letter_to_M_Savino_10-11-1970.pdf	1257	1970-11-10	1970		to	M Savino		unresolved	letter	letter
1258-Letter_to_Mr_Minoo_Masani_10-11-1970.pdf	1258	1970-11-10	1970		to	Minoo Masani	minoo-masani	resolved	letter	letter
1259-Letter_from_Mr_Minoo_Masani_06-08-1970.pdf	1259	1970-08-06	1970		from	Minoo Masani	minoo-masani	resolved	letter	letter
126-Telegram_to_Mr_Minoo_Masani_01-03-1971.pdf	126	1971-03-01	1971		to	Minoo Masani	minoo-masani	resolved	telegram	telegram
1260-Letter_from_Mr_Minoo_Masani_06-08-1970.pdf	1260	1970-08-06	1970		from	Minoo Masani	minoo-masani	resolved	letter	letter
1261-Letter_from_Mr_Minoo_Masani_17-12-1969.pdf	1261	1969-12-17	1969		from	Minoo Masani	minoo-masani	resolved	letter	letter
1262-Consultative_Bodies_Conversion_06-08-1970.pdf	1262	1970-08-06	1970							
1263-Letter_from_PK_Deo_31-07-1970.pdf	1263	1970-07-31	1970		from	PK Deo		unresolved	letter	letter
1264-The_Constitution_Amendment_Bill-1967_By_P_K_Deo.pdf	1264									
1265-Letter_from_NG_Ranga_28-07-1970.pdf	1265	1970-07-28	1970		from	NG Ranga		unresolved	letter	letter
1266-The_Judges_Inquiry_Act_05-12-1968.pdf	1266	1968-12-05	1968							
1267-Letter_from_PK_Patnaik_03-03-1970.pdf	1267	1970-03-03	1970		from	PK Patnaik		unresolved	letter	letter
1268-Letter_from_Mr_Minoo_Masani_27-02-1970.pdf	1268	1970-02-27	1970		from	Minoo Masani	minoo-masani	resolved	letter	letter
1269-Letter_to_Mr_Minoo_Masani_06-02-1970.pdf	1269	1970-02-06	1970		to	Minoo Masani	minoo-masani	resolved	letter	letter
127-Telegram_to_Mr_Minoo_Masani_01-03-1971.pdf	127	1971-03-01	1971		to	Minoo Masani	minoo-masani	resolved	telegram	telegram
1270-Letter_from_Mr_Minoo_Masani_27-02-1970.pdf	1270	1970-02-27	1970		from	Minoo Masani	minoo-masani	resolved	letter	letter
1271-Notice_of_Amendments_to_Bills_20-02-1970.pdf	1271	1970-02-20	1970						circular	circular
1272-Letter_from_Mr_Minoo_Masani_15-12-1969.pdf	1272	1969-12-15	1969		from	Minoo Masani	minoo-masani	resolved	letter	letter
1273-Letter_from_Mr_Minoo_Masani_04-12-1969.pdf	1273	1969-12-04	1969		from	Minoo Masani	minoo-masani	resolved	letter	letter
1274-Letter_to_The_Speaker-Lok_Sabha_03-12-1969.pdf	1274	1969-12-03	1969		to	The Speaker-Lok Sabha		unresolved	letter	letter
1275-Letter_from_Madhu_Limaye_13-11-1969.pdf	1275	1969-11-13	1969		from	Madhu Limaye		unresolved	letter	letter
1276-Letter_to_Acting_President_06-08-1969.pdf	1276	1969-08-06	1969		to	Acting President		unresolved	letter	letter
1277-Letter_to_Acting_President_30-07-1969.pdf	1277	1969-07-30	1969		to	Acting President		unresolved	letter	letter
1278-Speech_of_Mr_Minoo_Masani_23-12-1967.pdf	1278	1967-12-23	1967						speech	speech
1279-Nomination_of_High_Commissioner_Designate_to_U_K_27-11-1967.pdf	1279	1967-11-27	1967							
128-Letter_to_Mr_Minoo_Masani_27-02-1971.pdf	128	1971-02-27	1971		to	Minoo Masani	minoo-masani	resolved	letter	letter
1280-Letter_to_Acting_President_24-07-1969.pdf	1280	1969-07-24	1969		to	Acting President		unresolved	letter	letter
1281-For_Favour_of_Publication_24-07-1969.pdf	1281	1969-07-24	1969							
1282-Letter_to_Prime_Minister_23-07-1969.pdf	1282	1969-07-23	1969		to	Prime Minister		unresolved	letter	letter
1283-Letter_to_Prime_Minister_23-07-1969.pdf	1283	1969-07-23	1969		to	Prime Minister		unresolved	letter	letter
1284-For_Favour_of_Publication_23-07-1969.pdf	1284	1969-07-23	1969							
1285-Letter_from_Mr_Minoo_Masani_22-07-1969.pdf	1285	1969-07-22	1969		from	Minoo Masani	minoo-masani	resolved	letter	letter
1286-Letter_to_Secretary-Lok_Sabha_20-07-1969.pdf	1286	1969-07-20	1969		to	Secretary-Lok Sabha		not_a_person	letter	letter
1287-Letter_from_Mr_Minoo_Masani_01-08-1968.pdf	1287	1968-08-01	1968		from	Minoo Masani	minoo-masani	resolved	letter	letter
1288-Letter_to_NG_Ranga_03-06-1968.pdf	1288	1968-06-03	1968		to	NG Ranga		unresolved	letter	letter
1289-For_Favour_of_Publication_11-05-1968.pdf	1289	1968-05-11	1968							
129-Statement_of_Mr_Minoo_Masani_For_Publication_03-05-1967.pdf	129	1967-05-03	1967						press_note	press_note
1290-Ministry_of_External_Affairs.pdf	1290									
1291-Letter_to_Mr_Minoo_Masani_25-03-1963.pdf	1291	1963-03-25	1963		to	Minoo Masani	minoo-masani	resolved	letter	letter
1292-Letter_to_CC_Desai_24-03-1968.pdf	1292	1968-03-24	1968		to	CC Desai		unresolved	letter	letter
1293-Letter_to_Mr_Minoo_Masani_19-02-1968.pdf	1293	1968-02-19	1968		to	Minoo Masani	minoo-masani	resolved	letter	letter
1294-For_Favour_of_Publication_15-02-1968.pdf	1294	1968-02-15	1968							
1295-Indias_Naval_Expansion_Programme_13-03-1968.pdf	1295	1968-03-13	1968						manifesto	occasional_paper
1296-Letter_to_Mr_Minoo_Masani_08-03-1968.pdf	1296	1968-03-08	1968		to	Minoo Masani	minoo-masani	resolved	letter	letter
1297-Letter_to_Mr_Minoo_Masani_23-02-1968.pdf	1297	1968-02-23	1968		to	Minoo Masani	minoo-masani	resolved	letter	letter
1298-Letter_from_Mr_Minoo_Masani_22-02-1968.pdf	1298	1968-02-22	1968		from	Minoo Masani	minoo-masani	resolved	letter	letter
1299-Letter_to_Mr_Minoo_Masani_06-02-1968.pdf	1299	1968-02-06	1968		to	Minoo Masani	minoo-masani	resolved	letter	letter
13-Letter_to_Mr_Nagen_Bakshi_29-03-1971.pdf	13	1971-03-29	1971		to	Nagen Bakshi		unresolved	letter	letter
130-Note_on_Indian_General_Election_Feb-1967.pdf	130	1967-02	1967							
1300-Notice_of_Amendments_to_Bills_12-02-1968.pdf	1300	1968-02-12	1968						circular	circular
1301-Letter_from_Mr_Minoo_Masani_23-03-1967.pdf	1301	1967-03-23	1967		from	Minoo Masani	minoo-masani	resolved	letter	letter
1302-Letter_from_Mr_Minoo_Masani_03-02-1968.pdf	1302	1968-02-03	1968		from	Minoo Masani	minoo-masani	resolved	letter	letter
1303-Letter_from_Mr_Minoo_Masani_13-12-1967.pdf	1303	1967-12-13	1967		from	Minoo Masani	minoo-masani	resolved	letter	letter
1304-Nomination_of_High_Commissioner_Designate_to_U_K_27-11-1967.pdf	1304	1967-11-27	1967							
1305-Letter_from_Mr_Minoo_Masani_09-11-1967.pdf	1305	1967-11-09	1967		from	Minoo Masani	minoo-masani	resolved	letter	letter
1306-Extracts_from_an_Article_By_Mr_justice_SS_Dhavan_29-01-1966.pdf	1306	1966-01-29	1966							
1307-Letter_to_Mr_Minoo_Masani_24-11-1967.pdf	1307	1967-11-24	1967		to	Minoo Masani	minoo-masani	resolved	letter	letter
1308-Letter_to_Mr_Minoo_Masani_21-11-1967.pdf	1308	1967-11-21	1967		to	Minoo Masani	minoo-masani	resolved	letter	letter
1309-Letter_from_Mr_Minoo_Masani_21-11-1967.pdf	1309	1967-11-21	1967		from	Minoo Masani	minoo-masani	resolved	letter	letter
131-Transcripted_speech_delivered_by_Mr_Masani_06-07-1967.pdf	131	1967-07-06	1967						speech	speech
1310-Letter_from_Mr_Minoo_Masani_20-11-1967.pdf	1310	1967-11-20	1967		from	Minoo Masani	minoo-masani	resolved	letter	letter
1311-Letter_to_Mr_Minoo_Masani_18-11-1967.pdf	1311	1967-11-18	1967		to	Minoo Masani	minoo-masani	resolved	letter	letter
1312-Letter_to_Mr_Minoo_Masani_14-11-1967.pdf	1312	1967-11-14	1967		to	Minoo Masani	minoo-masani	resolved	letter	letter
1313-Letter_to_Morarji_Desai_10-11-1967.pdf	1313	1967-11-10	1967		to	Morarji Desai	morarji-desai	resolved	letter	letter
1314-Letter_from_Mr_Minoo_Masani_14-11-1967.pdf	1314	1967-11-14	1967		from	Minoo Masani	minoo-masani	resolved	letter	letter
1315-Letter_to_Morarji_Desai_10-11-1967.pdf	1315	1967-11-10	1967		to	Morarji Desai	morarji-desai	resolved	letter	letter
1316-Letter_from_Mr_Minoo_Masani_09-11-1967.pdf	1316	1967-11-09	1967		from	Minoo Masani	minoo-masani	resolved	letter	letter
1317-Calling_Attention_Notice_20-11-1967.pdf	1317	1967-11-20	1967						circular	circular
1318-Deficit_Financing_16-11-1967.pdf	1318	1967-11-16	1967							
1319-Release_of_Sheikh_Abdullah_15-11-1967.pdf	1319	1967-11-15	1967							
132-The_Hidden_Telephone_Tax-Hindustan_Times_01-07-1967.pdf	132	1967-07-01	1967							
1320-Letter_to_Mr_Minoo_Masani_24-07-1967.pdf	1320	1967-07-24	1967		to	Minoo Masani	minoo-masani	resolved	letter	letter
1321-Letter_from_Morarji_Desai_24-07-1967.pdf	1321	1967-07-24	1967		from	Morarji Desai	morarji-desai	resolved	letter	letter
1322-Letter_from_Mr_Minoo_Masani_19-07-1967.pdf	1322	1967-07-19	1967		from	Minoo Masani	minoo-masani	resolved	letter	letter
1323-Letter_to_Prime_Minister_05-06-1967.pdf	1323	1967-06-05	1967		to	Prime Minister		unresolved	letter	letter
1324-Letter_to_Ajoy_Mukherjee_19-06-1967.pdf	1324	1967-06-19	1967		to	Ajoy Mukherjee		unresolved	letter	letter
1325-Notice_of_Amendments_to_Bills_13-06-1967.pdf	1325	1967-06-13	1967						circular	circular
1326-Letter_to_Mr_Minoo_Masani_26-05-1967.pdf	1326	1967-05-26	1967		to	Minoo Masani	minoo-masani	resolved	letter	letter
1327-Letter_from_Mr_Minoo_Masani_22-05-1967.pdf	1327	1967-05-22	1967		from	Minoo Masani	minoo-masani	resolved	letter	letter
1328-Letter_from_Mr_Minoo_Masani_28-04-1967.pdf	1328	1967-04-28	1967		from	Minoo Masani	minoo-masani	resolved	letter	letter
1329-Letter_to_Mr_Minoo_Masani_25-04-1967.pdf	1329	1967-04-25	1967		to	Minoo Masani	minoo-masani	resolved	letter	letter
133-The_Hidden_Telephone_Tax-Case_for_a_Telecommunications_Corporation.pdf	133									
1330-Letter_to_Piloo_H_Mody_26-04-1967.pdf	1330	1967-04-26	1967		to	Piloo H Mody		unresolved	letter	letter
1331-Letter_to_Mr_Minoo_Masani_21-04-1967.pdf	1331	1967-04-21	1967		to	Minoo Masani	minoo-masani	resolved	letter	letter
1332-Letter_to_Mr_Minoo_Masani_18-04-1967.pdf	1332	1967-04-18	1967		to	Minoo Masani	minoo-masani	resolved	letter	letter
1333-Letter_to_B_Bhagwati_14-04-1967.pdf	1333	1967-04-14	1967		to	B Bhagwati		unresolved	letter	letter
1334-Letter_to_Ram_Subhag_Singh_10-04-1967.pdf	1334	1967-04-10	1967		to	Ram Subhag Singh		unresolved	letter	letter
1335-Letter_to_B_Bhagwati_10-04-1967.pdf	1335	1967-04-10	1967		to	B Bhagwati		unresolved	letter	letter
1336-Letter_from_Mr_Minoo_Masani_07-04-1967.pdf	1336	1967-04-07	1967		from	Minoo Masani	minoo-masani	resolved	letter	letter
1337-General_Information_Relating_to_Parliamentary_and_Other_Matters_05-04-1967.pdf	1337	1967-04-05	1967							
1338-Letter_to_Ram_Subhag_Singh_04-04-1967.pdf	1338	1967-04-04	1967		to	Ram Subhag Singh		unresolved	letter	letter
1339-Letter_to_Mr_Minoo_Masani_03-04-1967.pdf	1339	1967-04-03	1967		to	Minoo Masani	minoo-masani	resolved	letter	letter
134-Morarjis_Breakfast_Nations_Last_Supper-March_Of_The_Nation_24-06-1967.pdf	134	1967-06-24	1967							
1340-Letter_to_Mr_Minoo_Masani_01-04-1967.pdf	1340	1967-04-01	1967		to	Minoo Masani	minoo-masani	resolved	letter	letter
1341-Letter_to_Mr_Minoo_Masani_31-03-1967.pdf	1341	1967-03-31	1967		to	Minoo Masani	minoo-masani	resolved	letter	letter
1342-Letter_to_Mr_Minoo_Masani_29-03-1967.pdf	1342	1967-03-29	1967		to	Minoo Masani	minoo-masani	resolved	letter	letter
1343-Letter_from_Mr_Minoo_Masani_28-03-1967.pdf	1343	1967-03-28	1967		from	Minoo Masani	minoo-masani	resolved	letter	letter
1344-Uncorrected-Not_for_Publication-The_Motion_was_Adopted_28-03-1967.pdf	1344	1967-03-28	1967							
1345-Letter_to_Indira_Gandhi_28-03-1967.pdf	1345	1967-03-28	1967		to	Indira Gandhi	indira-gandhi	resolved	letter	letter
1346-Statement_by_Way_of_Personal_Explanation_Made_By_Mr_MR_Masani_29-03-1967.pdf	1346	1967-03-29	1967						press_note	press_note
1347-Letter_from_Mr_Minoo_Masani_28-03-1967.pdf	1347	1967-03-28	1967		from	Minoo Masani	minoo-masani	resolved	letter	letter
1348-Letter_to_Mr_Minoo_Masani_27-03-1967.pdf	1348	1967-03-27	1967		to	Minoo Masani	minoo-masani	resolved	letter	letter
1349-Letter_from_Mr_Minoo_Masani_27-03-1967.pdf	1349	1967-03-27	1967		from	Minoo Masani	minoo-masani	resolved	letter	letter
135-For_Favour_of_Publication_24-01-1968.pdf	135	1968-01-24	1968							
1350-Letter_to_Mr_Minoo_Masani_23-03-1967.pdf	1350	1967-03-23	1967		to	Minoo Masani	minoo-masani	resolved	letter	letter
1351-Letter_from_Mr_Minoo_Masani_21-03-1967.pdf	1351	1967-03-21	1967		from	Minoo Masani	minoo-masani	resolved	letter	letter
1352-Letter_to_Mr_Minoo_Masani_20-03-1967.pdf	1352	1967-03-20	1967		to	Minoo Masani	minoo-masani	resolved	letter	letter
1353-Relevant_Extract_from_the_House_of_the_People_Deoates_28-04-1953.pdf	1353	1953-04-28	1953							
1354-Letter_to_Mr_Minoo_Masani_20-03-1967.pdf	1354	1967-03-20	1967		to	Minoo Masani	minoo-masani	resolved	letter	letter
1355-Meeting_of_the_Speaker_with_the_Leaders_of_Uroups_17-03-1967.pdf	1355	1967-03-17	1967							
1356-Letter_to_Mr_Minoo_Masani_15-03-1967.pdf	1356	1967-03-15	1967		to	Minoo Masani	minoo-masani	resolved	letter	letter
1357-Letter_to_Mr_Minoo_Masani_12-03-1967.pdf	1357	1967-03-12	1967		to	Minoo Masani	minoo-masani	resolved	letter	letter
1358-Telegram_from_Mr_Minoo_Masani_12-03-1967.pdf	1358	1967-03-12	1967		from	Minoo Masani	minoo-masani	resolved	telegram	telegram
1359-Letter_from_SV_Raju_06-10-1977.pdf	1359	1977-10-06	1977		from	SV Raju	s-v-raju	resolved	letter	letter
136-For_Favour_of_Publication_24-01-1968.pdf	136	1968-01-24	1968							
1360-Letter_to_SV_Raju_02-01-1977.pdf	1360	1977-01-02	1977		to	SV Raju	s-v-raju	resolved	letter	letter
1361-Letter_to_SV_Raju_23-04-1977.pdf	1361	1977-04-23	1977		to	SV Raju	s-v-raju	resolved	letter	letter
1362-Letter_from_SV_Raju_11-07-1977.pdf	1362	1977-07-11	1977		from	SV Raju	s-v-raju	resolved	letter	letter
1363-Discussion_About_Family_Planning_&_Janata_Politics_09-07-1977.pdf	1363	1977-07-09	1977							
1364-Letter_from_SV_Raju_15-06-1977.pdf	1364	1977-06-15	1977		from	SV Raju	s-v-raju	resolved	letter	letter
1365-Letter_to_SV_Raju_04-05-1977.pdf	1365	1977-05-04	1977		to	SV Raju	s-v-raju	resolved	letter	letter
1366-Letter_to_SV_Raju_05-05-1977.pdf	1366	1977-05-05	1977		to	SV Raju	s-v-raju	resolved	letter	letter
1367-Letter_from_SV_Raju_27-04-1977.pdf	1367	1977-04-27	1977		from	SV Raju	s-v-raju	resolved	letter	letter
1368-Letter_from_SV_Raju_13-04-1977.pdf	1368	1977-04-13	1977		from	SV Raju	s-v-raju	resolved	letter	letter
1369-Letter_from_SV_Raju_04-04-1977.pdf	1369	1977-04-04	1977		from	SV Raju	s-v-raju	resolved	letter	letter
137-For_Favour_of_Publication_24-01-1968.pdf	137	1968-01-24	1968							
1370-Letter_to_SV_Raju_14-05-1977.pdf	1370	1977-05-14	1977		to	SV Raju	s-v-raju	resolved	letter	letter
1371-Letter_from_SV_Raju_15-11-1977.pdf	1371	1977-11-15	1977		from	SV Raju	s-v-raju	resolved	letter	letter
1372-Freedom_First_14-02-1980.pdf	1372	1980-02-14	1980							
1373-Indias_Ballot-Box_Revolution_11-02-1978.pdf	1373	1978-02-11	1978							
1374-When_the_Wind_Blows-Indias_Ballot_Box_Revolution.pdf	1374									
1375-Letter_from_SV_Raju_27-04-1977.pdf	1375	1977-04-27	1977		from	SV Raju	s-v-raju	resolved	letter	letter
1376-Letter_to_SV_Raju_05-04-1977.pdf	1376	1977-04-05	1977		to	SV Raju	s-v-raju	resolved	letter	letter
1377-Letter_from_SV_Raju_26-04-1977.pdf	1377	1977-04-26	1977		from	SV Raju	s-v-raju	resolved	letter	letter
1378-Letter_to_SV_Raju_20-04-1977.pdf	1378	1977-04-20	1977		to	SV Raju	s-v-raju	resolved	letter	letter
1379-Indemnity_Bond_04-06-1987.pdf	1379	1987-06-04	1987							
138-Economic_Development_And_Political_Stability_06-01-1968.pdf	138	1968-01-06	1968							
1380-Letter_to_SV_Raju_29-12-1981.pdf	1380	1981-12-29	1981		to	SV Raju	s-v-raju	resolved	letter	letter
1381-Letter_to_SV_Raju_19-08-1982.pdf	1381	1982-08-19	1982		to	SV Raju	s-v-raju	resolved	letter	letter
1382-Provisional_Certificate_of_Vinod_Raju_19-05-1983.pdf	1382	1983-05-19	1983							
1383-Minutes_of_the_Meeting_of_the_Trustees_of_the_Rajaji_Foundation_24-01-1984.pdf	1383	1984-01-24	1984						minutes	minutes
1384-Letter_from_SV_Raju_25-06-1984.pdf	1384	1984-06-25	1984		from	SV Raju	s-v-raju	resolved	letter	letter
1385-Letter_to_Mr_Minoo_Masani_16-10-1984.pdf	1385	1984-10-16	1984		to	Minoo Masani	minoo-masani	resolved	letter	letter
1386-List_ofComplain_Lodged_by_Sason_Panday_17-09-1984.pdf	1386	1984-09-17	1984							
1387-Letter_from_SV_Raju_Jan-1985.pdf	1387	1985-01	1985		from	SV Raju Jan-1985		unresolved	letter	letter
1388-Letter_from_SV_Raju_20-02-1985.pdf	1388	1985-02-20	1985		from	SV Raju	s-v-raju	resolved	letter	letter
1389-Letter_to_SV_Raju_05-01-1985.pdf	1389	1985-01-05	1985		to	SV Raju	s-v-raju	resolved	letter	letter
139-Swatantra-The_Credibility_Gap-Swarajya_Annual_Number-1968.pdf	139	1968	1968							
1390-Letter_from_SV_Raju_15-10-1985.pdf	1390	1985-10-15	1985		from	SV Raju	s-v-raju	resolved	letter	letter
1391-Letter_to_SV_Raju_22-09-1985.pdf	1391	1985-09-22	1985		to	SV Raju	s-v-raju	resolved	letter	letter
1392-Statement_Showing_Computation_of_Taxable_Income_31-12-1985.pdf	1392	1985-12-31	1985						press_note	press_note
1393-Talent_House_31-12-1985.pdf	1393	1985-12-31	1985							
1394-Letter_from_SV_Raju_29-12-1976.pdf	1394	1976-12-29	1976		from	SV Raju	s-v-raju	resolved	letter	letter
1395-Letter_to_Raju_14-12-1974.pdf	1395	1974-12-14	1974		to	Raju		unresolved	letter	letter
1396-Letter_to_SV_Raju_26-12-1974.pdf	1396	1974-12-26	1974		to	SV Raju	s-v-raju	resolved	letter	letter
1397-Letter_to_Omkar_Nath_Tiku_08-09-1963.pdf	1397	1963-09-08	1963		to	Omkar Nath Tiku		unresolved	letter	letter
1398-Letter_to_Mr_Narendra_Bhatia_13-12-1974.pdf	1398	1974-12-13	1974		to	Narendra Bhatia		unresolved	letter	letter
1399-National_Alternative_to_Congress_14-12-1974.pdf	1399	1974-12-14	1974							
14-Letter_to_Mrs_K_S_Alva_29-03-1971.pdf	14	1971-03-29	1971		to	K S Alva		unresolved	letter	letter
140-What_is_wrong_with_our_opposition.pdf	140									
1400-Letter_to_SV_Raju_10-12-1974.pdf	1400	1974-12-10	1974		to	SV Raju	s-v-raju	resolved	letter	letter
1401-Resolutions_of_the_Swatantra_Party_National_General_Council_08-12-1974.pdf	1401	1974-12-08	1974						resolution	resolution
1402-Letter_to_VS_Srikumar_06-12-1974.pdf	1402	1974-12-06	1974		to	VS Srikumar		unresolved	letter	letter
1403-Letter_from_SV_Raju_05-12-1974.pdf	1403	1974-12-05	1974		from	SV Raju	s-v-raju	resolved	letter	letter
1404-Letter_to_SV_Raju_03-12-1974.pdf	1404	1974-12-03	1974		to	SV Raju	s-v-raju	resolved	letter	letter
1405-Letter_to_SV_Raju_29-11-1974.pdf	1405	1974-11-29	1974		to	SV Raju	s-v-raju	resolved	letter	letter
1406-Letter_to_SV_Raju_21-11-1974.pdf	1406	1974-11-21	1974		to	SV Raju	s-v-raju	resolved	letter	letter
1407-Invitation_to_a_Meeting_to_Choose_a_Representative_People_Committee_18-11-1974.pdf	1407	1974-11-18	1974							
1408-Letter_from_GK_Sundram_20-11-1974.pdf	1408	1974-11-20	1974		from	GK Sundram		unresolved	letter	letter
1409-Letter_to_SV_Raju_20-11-1974.pdf	1409	1974-11-20	1974		to	SV Raju	s-v-raju	resolved	letter	letter
141-Publication_for_What_is_wrong_with_our_opposition.pdf	141									
1410-Letter_to_SV_Raju_14-11-1974.pdf	1410	1974-11-14	1974		to	SV Raju	s-v-raju	resolved	letter	letter
1411-Letter_to_Srikumar_07-11-1974.pdf	1411	1974-11-07	1974		to	Srikumar		unresolved	letter	letter
1412-Letter_to_CN_Sudhan_04-11-1974.pdf	1412	1974-11-04	1974		to	CN Sudhan		unresolved	letter	letter
1413-Letter_to_SV_Raju_02-11-1974.pdf	1413	1974-11-02	1974		to	SV Raju	s-v-raju	resolved	letter	letter
1414-Letter_to_SV_Raju_31-10-1974.pdf	1414	1974-10-31	1974		to	SV Raju	s-v-raju	resolved	letter	letter
1415-Letter_to_SV_Raju_31-10-1974.pdf	1415	1974-10-31	1974		to	SV Raju	s-v-raju	resolved	letter	letter
1416-Letter_to_SV_Raju_24-10-1974.pdf	1416	1974-10-24	1974		to	SV Raju	s-v-raju	resolved	letter	letter
1417-Letter_to_SV_Raju_21-10-1974.pdf	1417	1974-10-21	1974		to	SV Raju	s-v-raju	resolved	letter	letter
1418-Letter_to_SV_Raju_20-10-1974.pdf	1418	1974-10-20	1974		to	SV Raju	s-v-raju	resolved	letter	letter
1419-Letter_to_SV_Raju_20-10-1974.pdf	1419	1974-10-20	1974		to	SV Raju	s-v-raju	resolved	letter	letter
142-Publication_for_What_is_wrong_with_our_opposition.pdf	142									
1420-SV_Raju_will_the_Compliments_of_Swatantra_Party_07-10-1974.pdf	1420	1974-10-07	1974							
1421-Letter_to_SV_Raju_28-09-1974.pdf	1421	1974-09-28	1974		to	SV Raju	s-v-raju	resolved	letter	letter
1422-Letter_to_SV_Raju_26-09-1974.pdf	1422	1974-09-26	1974		to	SV Raju	s-v-raju	resolved	letter	letter
1423-Letter_to_SV_Raju_25-09-1974.pdf	1423	1974-09-25	1974		to	SV Raju	s-v-raju	resolved	letter	letter
1424-Letter_to_SV_Raju_25-09-1974.pdf	1424	1974-09-25	1974		to	SV Raju	s-v-raju	resolved	letter	letter
1425-Letter_to_SV_Raju_24-09-1974.pdf	1425	1974-09-24	1974		to	SV Raju	s-v-raju	resolved	letter	letter
1426-Letter_to_SV_Raju_18-09-1974.pdf	1426	1974-09-18	1974		to	SV Raju	s-v-raju	resolved	letter	letter
1427-Letter_to_IS_Bhargava_17-09-1974.pdf	1427	1974-09-17	1974		to	IS Bhargava		unresolved	letter	letter
1428-Letter_to_MR_Arya_17-09-1974.pdf	1428	1974-09-17	1974		to	Arya		unresolved	letter	letter
1429-Letter_to_SV_Raju_17-09-1974.pdf	1429	1974-09-17	1974		to	SV Raju	s-v-raju	resolved	letter	letter
143-Swiss_Press_Review_and_News_Report.pdf	143								report	occasional_paper
1430-Letter_to_SV_Raju_16-09-1974.pdf	1430	1974-09-16	1974		to	SV Raju	s-v-raju	resolved	letter	letter
1431-Letter_to_Piloo_Mody_13-09-1974.pdf	1431	1974-09-13	1974		to	Piloo Mody	piloo-mody	resolved	letter	letter
1432-Letter_to_SV_Raju_13-09-1974.pdf	1432	1974-09-13	1974		to	SV Raju	s-v-raju	resolved	letter	letter
1433-Letter_to_SV_Raju_13-09-1974.pdf	1433	1974-09-13	1974		to	SV Raju	s-v-raju	resolved	letter	letter
1434-Letter_to_Piloo_Mody_24-08-1974.pdf	1434	1974-08-24	1974		to	Piloo Mody	piloo-mody	resolved	letter	letter
1435-Letter_to_Madhu_Mehta_28-07-1974.pdf	1435	1974-07-28	1974		to	Madhu Mehta		unresolved	letter	letter
1436-Letter_to_SV_Raju_13-09-1974.pdf	1436	1974-09-13	1974		to	SV Raju	s-v-raju	resolved	letter	letter
1437-Letter_to_SV_Raju_13-09-1974.pdf	1437	1974-09-13	1974		to	SV Raju	s-v-raju	resolved	letter	letter
1438-Letter_from_SV_Raju_11-09-1974.pdf	1438	1974-09-11	1974		from	SV Raju	s-v-raju	resolved	letter	letter
1439-Letter_to_SV_Raju_05-09-1974.pdf	1439	1974-09-05	1974		to	SV Raju	s-v-raju	resolved	letter	letter
144-For_Favour_of_Publication_22-12-1967.pdf	144	1967-12-22	1967							
1440-Letter_to_SV_Raju_04-09-1974.pdf	1440	1974-09-04	1974		to	SV Raju	s-v-raju	resolved	letter	letter
1441-Letter_to_SV_Raju_03-09-1974.pdf	1441	1974-09-03	1974		to	SV Raju	s-v-raju	resolved	letter	letter
1442-Letter_to_SV_Raju_18-08-1974.pdf	1442	1974-08-18	1974		to	SV Raju	s-v-raju	resolved	letter	letter
1443-Resolution_on_Strengthening_the_Swatantra_Party.pdf	1443								resolution	resolution
1444-Letter_to_Mr_Minoo_Masani_10-08-1974.pdf	1444	1974-08-10	1974		to	Minoo Masani	minoo-masani	resolved	letter	letter
1445-Swatantra_Janatha_No-18_15-08-1974.pdf	1445	1974-08-15	1974							
1446-Plaint_Under_Order_VII_Rule_ICPG.pdf	1446									
1447-A_Meeting_of_the_Executive-Committee_of_the_Swatantra_Party_07-08-1974.pdf	1447	1974-08-07	1974							
1448-Seventh_National_Convention_of_the_Swatntra_Party_05-08-1974.pdf	1448	1974-08-05	1974						souvenir	edited_volume
1449-The_United_States_22-07-1974.pdf	1449	1974-07-22	1974							
145-Time_to_speak_up_for_the_Upperdog.pdf	145									
1450-Rajaji_Speaks_On_Fifth_National_Convention_at_Bhubaneswar_05-10-1968.pdf	1450	1968-10-05	1968						souvenir	edited_volume
1451-Draft_Resolution_for_National_Convention_05-08-1974.pdf	1451	1974-08-05	1974						resolution	resolution
1452-The_National_Convention_of_the_Swatantra_Party_04-08-1974.pdf	1452	1974-08-04	1974						souvenir	edited_volume
1453-Letter_from_SV_Raju_07-08-1974.pdf	1453	1974-08-07	1974		from	SV Raju	s-v-raju	resolved	letter	letter
1454-Swatantra_Party_Opinion.pdf	1454									
1455-Sassoon_J_David_&_Co_Ltd_30-04-1974.pdf	1455	1974-04-30	1974							
1456-Letter_to_SV_Raju_30-07-1974.pdf	1456	1974-07-30	1974		to	SV Raju	s-v-raju	resolved	letter	letter
1457-Letter_to_MR_Arya_26-07-1974.pdf	1457	1974-07-26	1974		to	Arya		unresolved	letter	letter
1458-Plaint_Under_Order_VII_Rule_ICPG.pdf	1458									
1459-letter_from_VP_Bhatia_25-07-1974.pdf	1459	1974-07-25	1974		from	VP Bhatia		unresolved	letter	letter
146-Time_to_speak_up_for_the_Upperdog.pdf	146									
1460-letter_from_VP_Bhatia_25-07-1974.pdf	1460	1974-07-25	1974		from	VP Bhatia		unresolved	letter	letter
1461-Registration_Reciept_26-03-1974.pdf	1461	1974-03-26	1974							
1462-Magistrate_Order_14-08-1974.pdf	1462	1974-08-14	1974							
1463-Letter_to_N_Dandekar_25-07-1974.pdf	1463	1974-07-25	1974		to	N Dandekar	n-dandekar	resolved	letter	letter
1464-Letter_to_Mr_Minoo_Masani_23-07-1974.pdf	1464	1974-07-23	1974		to	Minoo Masani	minoo-masani	resolved	letter	letter
1465-Some_Points_About_Swatantra_Party_16-07-1974.pdf	1465	1974-07-16	1974							
1466-Letter_to_SV_Raju_15-07-1974.pdf	1466	1974-07-15	1974		to	SV Raju	s-v-raju	resolved	letter	letter
1467-Letter_from_Madhu_Mehta_13-07-1974.pdf	1467	1974-07-13	1974		from	Madhu Mehta		unresolved	letter	letter
1468-Letter_from_VS_Srikumar_11-07-1974.pdf	1468	1974-07-11	1974		from	VS Srikumar		unresolved	letter	letter
1469-Telegram_to_S_V_Raju.pdf	1469				to	S V Raju	s-v-raju	resolved	telegram	telegram
147-Democrats_Dilemma-The_White_Star.pdf	147									
1470-Letter_to_SV_Raju_09-07-1974.pdf	1470	1974-07-09	1974		to	SV Raju	s-v-raju	resolved	letter	letter
1471-Letter_to_SV_Raju_07-07-1974.pdf	1471	1974-07-07	1974		to	SV Raju	s-v-raju	resolved	letter	letter
1472-Draft_Minutes_of_the_State_Council_Meeting_of_the_Swatantra_Party_06-07-1974.pdf	1472	1974-07-06	1974						minutes	minutes
1473-Letter_from_Piloo_Mody_06-07-1974.pdf	1473	1974-07-06	1974		from	Piloo Mody	piloo-mody	resolved	letter	letter
1474-Telegram_from_Mr_Minoo_Masani.pdf	1474				from	Minoo Masani	minoo-masani	resolved	telegram	telegram
1475-Letter_to_SV_Raju_05-07-1974.pdf	1475	1974-07-05	1974		to	SV Raju	s-v-raju	resolved	letter	letter
1476-Letter_to_SV_Raju_02-07-1974.pdf	1476	1974-07-02	1974		to	SV Raju	s-v-raju	resolved	letter	letter
1477-Next_National_Convention_of_the_Party_01-07-1974.pdf	1477	1974-07-01	1974						souvenir	edited_volume
1478-Letter_to_Madhu_Mehta_29-06-1974.pdf	1478	1974-06-29	1974		to	Madhu Mehta		unresolved	letter	letter
1479-Letter_from_SV_Raju_28-06-1974.pdf	1479	1974-06-28	1974		from	SV Raju	s-v-raju	resolved	letter	letter
148-A_Report_from_Europe-The_Onlooker.pdf	148								report	occasional_paper
1480-Sixth_National_Convention_15-04-1974.pdf	1480	1974-04-15	1974						souvenir	edited_volume
1481-Letter_from_Madhu_Mehta_19-06-1974.pdf	1481	1974-06-19	1974		from	Madhu Mehta		unresolved	letter	letter
1482-Letter_to_SV_Raju_24-06-1974.pdf	1482	1974-06-24	1974		to	SV Raju	s-v-raju	resolved	letter	letter
1483-Letter_from_Piloo_Mody_16-06-1974.pdf	1483	1974-06-16	1974		from	Piloo Mody	piloo-mody	resolved	letter	letter
1484-Letter_to_SV_Raju_14-06-1974.pdf	1484	1974-06-14	1974		to	SV Raju	s-v-raju	resolved	letter	letter
1485-For_Favour_of_Publication_10-06-1974.pdf	1485	1974-06-10	1974							
1486-Letter_to_Mr_Minoo_Masani_12-06-1974.pdf	1486	1974-06-12	1974		to	Minoo Masani	minoo-masani	resolved	letter	letter
1487-Draft_Programme_&_Policies_of_the_National_Alternative.pdf	1487								manifesto	occasional_paper
1488-For_Favour_of_Publication_10-06-1974.pdf	1488	1974-06-10	1974							
1489-Letter_to_Piloo_Mody_06-06-1974.pdf	1489	1974-06-06	1974		to	Piloo Mody	piloo-mody	resolved	letter	letter
149-Publication_for_A_Report_from_Europe.pdf	149								report	occasional_paper
1490-Letter_to_SV_Raju_04-06-1974.pdf	1490	1974-06-04	1974		to	SV Raju	s-v-raju	resolved	letter	letter
1491-Letter_to_SV_Raju_27-04-1974.pdf	1491	1974-04-27	1974		to	SV Raju	s-v-raju	resolved	letter	letter
1492-Letter_from_SV_Raju_13-04-1974.pdf	1492	1974-04-13	1974		from	SV Raju	s-v-raju	resolved	letter	letter
1493-Letter_to_SV_Raju_11-04-1974.pdf	1493	1974-04-11	1974		to	SV Raju	s-v-raju	resolved	letter	letter
1494-Resolutions_Passed_at_the_National_Excutive_Meeting_of_the_Swatantra_Party_07-04-1974.pdf	1494	1974-04-07	1974						resolution	resolution
1495-Letter_to_Piloo_Mody_26-03-1974.pdf	1495	1974-03-26	1974		to	Piloo Mody	piloo-mody	resolved	letter	letter
1496-Letter_to_SV_Raju_19-03-1974.pdf	1496	1974-03-19	1974		to	SV Raju	s-v-raju	resolved	letter	letter
1497-Letter_to_SV_Raju_18-03-1974.pdf	1497	1974-03-18	1974		to	SV Raju	s-v-raju	resolved	letter	letter
1498-Letter_to_Gopal_Krishna_08-03-1974.pdf	1498	1974-03-08	1974		to	Gopal Krishna		unresolved	letter	letter
1499-Letter_to_SV_Raju_10-03-1974.pdf	1499	1974-03-10	1974		to	SV Raju	s-v-raju	resolved	letter	letter
15-Letter_to_Mr_Minoo_Masani_15-03-1971.pdf	15	1971-03-15	1971		to	Minoo Masani	minoo-masani	resolved	letter	letter
150-Publication_for_A_Report_from_Europe.pdf	150								report	occasional_paper
1500-Preparatory_Meeting_to_Consider_Revival_of_Swatantra_Party_29-08-1981.pdf	1500	1981-08-29	1981							
1501-Swatantra_Newsletter_No-11_October-1960.pdf	1501	1960-10	1960						letter	letter
1502-Swatantra_Newsletter_No-12_November-1960.pdf	1502	1960-11	1960						letter	letter
1503-Swatantra_Newsletter_No-13_December-1960.pdf	1503	1960-12	1960						letter	letter
1504-Swatantra_Newsletter_No-14_January-1961.pdf	1504	1961-01	1961						letter	letter
1505-Swatantra_Newsletter_No-15_February-1961.pdf	1505	1961-02	1961						letter	letter
1506-Swatantra_Newsletter_No-16_March-1961.pdf	1506	1961-03	1961						letter	letter
1507-Swatantra_Newsletter_No-17_April-1961.pdf	1507	1961-04	1961						letter	letter
1508-Swatantra_Newsletter_No-18_May-1961.pdf	1508	1961-05	1961						letter	letter
1509-Swatantra_Newsletter_No-19_June-1961.pdf	1509	1961-06	1961						letter	letter
151-Where_do_we_go_from_here-The_Onlooker.pdf	151									
1510-Swatantra_Newsletter_No-20_July-1961.pdf	1510	1961-07	1961						letter	letter
1511-Swatantra_Newsletter_No-22_September-1961.pdf	1511	1961-09	1961						letter	letter
1512-Swatantra_Newsletter_No-23_June-1962.pdf	1512	1962-06	1962						letter	letter
1513-Swatantra_Newsletter_No-24_July-1962.pdf	1513	1962-07	1962						letter	letter
1514-Swatantra_Newsletter_No-25_August-1962.pdf	1514	1962-08	1962						letter	letter
1515-Swatantra_Newsletter_No-26_September-1962.pdf	1515	1962-09	1962						letter	letter
1516-Swatantra_Newsletter_No-27_October-1962.pdf	1516	1962-10	1962						letter	letter
1517-Swatantra_Newsletter_No-28_November-1962.pdf	1517	1962-11	1962						letter	letter
1518-Swatantra_Newsletter_No-29_December-1962.pdf	1518	1962-12	1962						letter	letter
1519-Swatantra_Newsletter_No-30_January-1963.pdf	1519	1963-01	1963						letter	letter
152-Publication_for_Where_do_we_go_from_here-The_Onlooker_24-05-1969.pdf	152	1969-05-24	1969							
1520-Swatantra_Newsletter_No-31_February-1963.pdf	1520	1963-02	1963						letter	letter
1521-Swatantra_Newsletter_No-32_March-1963.pdf	1521	1963-03	1963						letter	letter
1522-Swatantra_Newsletter_No-33_April-1963.pdf	1522	1963-04	1963						letter	letter
1523-Swatantra_Newsletter_No-34_May-1963.pdf	1523	1963-05	1963						letter	letter
1524-Swatantra_Newsletter_No-35_June-July-1963.pdf	1524	1963-07	1963						letter	letter
1525-Swatantra_Newsletter_No-36_August-1963.pdf	1525	1963-08	1963						letter	letter
1526-Swatantra_Newsletter_No-37_September-1963.pdf	1526	1963-09	1963						letter	letter
1527-Swatantra_Newsletter_No-38_October-1963.pdf	1527	1963-10	1963						letter	letter
1528-Swatantra_Newsletter_No-39_November-1963.pdf	1528	1963-11	1963						letter	letter
1529-Swatantra_Newsletter_No-40_December-1963.pdf	1529	1963-12	1963						letter	letter
153-Publication_for_Where_do_we_go_from_here-The_Onlooker_24-05-1969.pdf	153	1969-05-24	1969							
1530-Swatantra_Newsletter_No-41_January-February-1964.pdf	1530	1964-02	1964						letter	letter
1531-Swatantra_Newsletter_No-42_March-1964.pdf	1531	1964-03	1964						letter	letter
1532-Swatantra_Newsletter_No-43_April-May-1964.pdf	1532	1964-05	1964						letter	letter
1533-Swatantra_Newsletter_No-44_June-1964.pdf	1533	1964-06	1964						letter	letter
1534-Swatantra_Newsletter_No-45_July-1964.pdf	1534	1964-07	1964						letter	letter
1535-Swatantra_Newsletter_No-46_August-September-1964.pdf	1535	1964-09	1964						letter	letter
1536-Swatantra_Newsletter_No-47_October-November-1964.pdf	1536	1964-11	1964						letter	letter
1537-Swatantra_Newsletter_No-01_15-10-1959.pdf	1537	1959-10-15	1959						letter	letter
1538-Swatantra_Newsletter_No-03_January-1960.pdf	1538	1960-01	1960						letter	letter
1539-Swatantra_Newsletter_No-04_Febuary-1960.pdf	1539	1960-02	1960						letter	letter
154-Planning_and_the_Politician-The_Onlooker.pdf	154									
1540-Swatantra_Newsletter_No-05_March-1960.pdf	1540	1960-03	1960						letter	letter
1541-Swatantra_Newsletter_No-06_April-May-1960.pdf	1541	1960-05	1960						letter	letter
1542-Swatantra_Newsletter_No-07_June-1960.pdf	1542	1960-06	1960						letter	letter
1543-Swatantra_Newsletter_No-08_July-1960.pdf	1543	1960-07	1960						letter	letter
1544-Swatantra_Newsletter_No-09_August-1960.pdf	1544	1960-08	1960						letter	letter
1545-Swatantra_Newsletter_No-10_September-1960.pdf	1545	1960-09	1960						letter	letter
1546-Central_Parliamentary_Board_Meeting_Aug-Sep-1967.pdf	1546	1967-09	1967							
1547-General_Council_to_Meet_in_Bombay_May-1966.pdf	1547	1966-05	1966							
1548-The_Conflict_With_Pakistan_September-1965.pdf	1548	1965-09	1965							
1549-Protest_Against_High_Taxes_March-April-1966.pdf	1549	1966-04	1966							
155-The_Indian_Image_at_Home_and_Abroad-The_Illustrated_Weekly_of_India_13-08-1967.pdf	155	1967-08-13	1967							
1550-A_Month_of_Tragedy_Jan-Feb-1966.pdf	1550	1966-02	1966							
1551-National_Excutive_Resolutions_Oct-Nov-1965.pdf	1551	1965-11	1965						resolution	resolution
1552-Swatantra_Wins_at_Keonjhar_July-Aug-1965.pdf	1552	1965-08	1965							
1553-Meetings_of_the_Central_Parliamentary_Board_June-1965.pdf	1553	1965-06	1965							
1554-Central_Parliamentary_Board_Meeting_April-May-1965.pdf	1554	1965-05	1965							
1555-General_Council_to_Meet_in_Bombay_Jan-Feb-1965.pdf	1555	1965-02	1965							
1556-Swatantra_in_Parliament_Oct-Nov-1964.pdf	1556	1964-11	1964							
1557-The_Union_Budget_March-1964.pdf	1557	1964-03	1964							
1558-The_Third_National_Convention_Jan-Feb-1964.pdf	1558	1964-02	1964						souvenir	edited_volume
1559-National_Convention_Dec-1963.pdf	1559	1963-12	1963						souvenir	edited_volume
156-Report_On_Kashmir_By_Minoo_Masani.pdf	156								report	occasional_paper
1560-The_Seventeenth_Amendment_Oct-1963.pdf	1560	1963-10	1963							
1561-Drop_the_Seventeenth_Amendment_Bill_Sep-1963.pdf	1561	1963-09	1963							
1562-The_Rajkot_Triumph_June-July-1963.pdf	1562	1963-07	1963							
1563-A_D_Shroff_Comments_on_the_Union_Budget_May-1963.pdf	1563	1963-05	1963							
1564-Meetings_of_the_Central_Organising_Committee_March-1963.pdf	1564	1963-03	1963							
1565-Meeting_of_the_Parliamentary_Board_Feb-1963.pdf	1565	1963-02	1963							
1566-The_Emergency_Jan-1963.pdf	1566	1963-01	1963							
1567-The_National_Emergency_Dec-1962.pdf	1567	1962-12	1962							
1568-Village_Panchayat_Elections_in_Orrisa_Aug-1962.pdf	1568	1962-08	1962							
1569-Parliamentary_Boards_Decision_on_Panchayat_and_Muncipal_Elections_July-1962.pdf	1569	1962-07	1962							
157-Report_On_Kashmir_By_Minoo_Masani.pdf	157								report	occasional_paper
1570-Central_Organising_Committee_and_General_Council_Meetings_Aug-1960.pdf	1570	1960-08	1960							
1571-The_Elections_and_After_June-1962.pdf	1571	1962-06	1962							
1572-Swatantra_party_on_the_Party_April-1963.pdf	1572	1963-04	1963							
1573-The_Union_Budget_March-1964.pdf	1573	1964-03	1964							
1574-Party_First_Training_Course_Aug-Sep-1964.pdf	1574	1964-09	1964							
1575-First_Kerala_State_Convention_Dec-1964.pdf	1575	1964-12	1964						souvenir	edited_volume
1576-General_Council_to_Meet_in_Bombay_Jan-Feb-1965.pdf	1576	1965-02	1965							
1577-Central_Meetings_in_Bombay_June-1966.pdf	1577	1966-06	1966							
1578-Devaluation_July-1966.pdf	1578	1966-07	1966							
1579-Tribute_to_a_Grand_Old_Man_Nov-1963.pdf	1579	1963-11	1963							
158-Report_On_Kashmir_By_Minoo_Masani-The_Onlooker.pdf	158								report	occasional_paper
1580-Fundamental_Rights_Front_June-July-1970.pdf	1580	1970-07	1970							
1581-Save_India_Aug-Sep-1970.pdf	1581	1970-09	1970							
1582-The_Emergency_Jan-1963.pdf	1582	1963-01	1963							
1583-A_Blow_for_Clean_Politics_April-May-1970.pdf	1583	1970-05	1970							
1584-Presidents_Acceptance_Speech_Jan-1970.pdf	1584	1970-01	1970						speech	speech
1585-Central_Committee_Meetings_Oct-Dec-1969.pdf	1585	1969-12	1969							
1586-Central_Meetings_in_New_Delhi_July-1967.pdf	1586	1967-07	1967							
1587-A_Black_Day_June-1964.pdf	1587	1964-06	1964							
1588-Rajajis_Mission_Abroad_Oct-1962.pdf	1588	1962-10	1962							
1589-Meetings_of_Central_Committees_Aug-Dec-1968.pdf	1589	1968-12	1968							
159-The_West_Asian_Imbroglio.pdf	159									
1590-All_India_Kisan_Sammelan_April-May-1964.pdf	1590	1964-05	1964							
1591-The_Rajkot_Triumph_June-July-1963.pdf	1591	1963-07	1963							
1592-Swatantra_Unites_Parliament_Against_Government.pdf	1592									
1593-Swatantra_in_Parliament_19-05-1969.pdf	1593	1969-05-19	1969							
1594-Swatantra_Party_Second_National_Convention_26-05-1961.pdf	1594	1961-05-26	1961						souvenir	edited_volume
1595-Swatantra_Party_National_Convention_20-03-1960.pdf	1595	1960-03-20	1960						souvenir	edited_volume
1596-Swatantra_Party_Fifth_National_Convention_06-10-1968.pdf	1596	1968-10-06	1968						souvenir	edited_volume
1597-Swatantra_Party_Fourth_National_Convention_13-12-1966.pdf	1597	1966-12-13	1966						souvenir	edited_volume
1598-Swatantra_Party_Third_National_Convention_02-02-1964.pdf	1598	1964-02-02	1964						souvenir	edited_volume
1599-Swatantra_Party_Fourth_National_Convention_13-12-1966.pdf	1599	1966-12-13	1966						souvenir	edited_volume
16-Letter_to_Mr_P_D_Patwari_29-03-1971.pdf	16	1971-03-29	1971		to	P D Patwari		unresolved	letter	letter
160-The_Democrats_Dilemma_12-08-1967.pdf	160	1967-08-12	1967							
1600-Swatantra_Party_Fifth_National_Convention_06-10-1968.pdf	1600	1968-10-06	1968						souvenir	edited_volume
1601-Swatantra_Party_Fourth_National_Convention_13-12-1966.pdf	1601	1966-12-13	1966						souvenir	edited_volume
1602-Swatantra_Party_Fifth_National_Convention_06-10-1968.pdf	1602	1968-10-06	1968						souvenir	edited_volume
1603-Swatantra_Party_First_National_Convention_19-03-1960.pdf	1603	1960-03-19	1960						souvenir	edited_volume
1604-Walchandnagar_a_Symbol_of_Agrico-Industrial_Revolution.pdf	1604									
1605-The_Swatantra_Party_By_SV_Raju.pdf	1605									
1606-First_Swatantra_Budget_27-02-1965.pdf	1606	1965-02-27	1965							
1607-The_Swatantra_Party-Third_National_Convention_1st&2nd-FEB-1964.pdf	1607	1964-02	1964						souvenir	edited_volume
1608-Swatantra_Party_Election_Manifesto-1967.pdf	1608	1967	1967						manifesto	occasional_paper
1609-Swatantra_Party-Fifth_National_Convention_5th&6th-OCTOBER-1968.pdf	1609	1968-10	1968						souvenir	edited_volume
161-Must_India_Go_The_Vietnam_Way.pdf	161									
1610-Socialism_An_Ism_That_Has_Become_A_Warm.pdf	1610									
1611-Swatantra_Party_Election_Manifesto_March-1972.pdf	1611	1972-03	1972						manifesto	occasional_paper
1612-The_Government_Employees_Strike.pdf	1612									
1613-Swatantra_Party_Manifesto.pdf	1613								manifesto	occasional_paper
1614-Swatantra_Party_Preparatory_Convention_1st&2nd-August-1959.pdf	1614	1959-08	1959						souvenir	edited_volume
1615-Philosophies_Of_Industrial_Welfare.pdf	1615									
1616-Swatantra_Party_General_Secretarys_Report-Fourth_National_Convention_1966.pdf	1616	1966	1966						report	occasional_paper
1617-A_Plea_For_Realism_Some_Speech_Delivered_In_Parliament_May-Aug-1957.pdf	1617	1957-08	1957						speech	speech
1618-17th_Amendment_Vs_Farm_Family_Freedom.pdf	1618									
1619-Indian_Council_Of_World_Affairs-The_Outlook_For_The_United_Nations.pdf	1619									
162-For_Favour_of_Publication_06-07-1967.pdf	162	1967-07-06	1967							
1620-Swatantra_Party_Constitution_General_Council_In_Bombay_30-06-1964.pdf	1620	1964-06-30	1964							
1621-For_Farm_Family_and_Freedom-Swatantra_Party_Programme-1971.pdf	1621	1971	1971						manifesto	occasional_paper
1622-Swatantra_Party_Election_Manifesto-1967.pdf	1622	1967	1967						manifesto	occasional_paper
1623-Democracy_&_Development.pdf	1623									
1624-A_plea_For_The_Mixed_Economy-National_Information_&_Publication_Ltd.pdf	1624									
1625-Naxalbari.pdf	1625									
1626-Inaugural_Address-Swatantra_Party_6th_National_Convention.pdf	1626								souvenir	edited_volume
1627-Swatantra_Party_Mid-Term_Report-General_Council_Swatantra_Party_15-16-Nov-1969.pdf	1627	1969-11	1969						report	occasional_paper
1628-Why_I_Oppose_Communism.pdf	1628									
1629-A_plea_For_The_Mixed_Economy-National_Information_&_Publication_Ltd.pdf	1629									
163-For_Favour_of_Publication_06-07-1967.pdf	163	1967-07-06	1967							
1630-The_Missed_Opportunity-The_Central_Budget-1967-1968.pdf	1630	1968	1968							
1631-Soviet_Sidelights.pdf	1631									
1632-Picture_Of_A_Plan.pdf	1632									
1633-Soviet_Sidelights.pdf	1633									
1634-Picture_Of_A_Plan.pdf	1634									
1635-How_to_Start_A_Party_Unit.pdf	1635									
1636-Swatantra_Answer_To_Chinese_Communist_Challenge.pdf	1636									
1637-Inaugural_Address-Swatantra_Party_6th_National_Convention.pdf	1637								souvenir	edited_volume
1638-Inaugural_Address-Swatantra_Party_6th_National_Convention.pdf	1638								souvenir	edited_volume
1639-Letter_to_Comrades.pdf	1639				to	Comrades		unresolved	letter	letter
164-Talk_For_the_Bombay_Industries_Association_14-07-1968.pdf	164	1968-07-14	1968						speech	speech
1640-Swatantra_Party_Manifesto.pdf	1640								manifesto	occasional_paper
1641-Swatantra_Party_Constitution_General_Council_In_Bombay_30-06-1964.pdf	1641	1964-06-30	1964							
1642-For_Farm_Family_and_Freedom-Swatantra_Party_Programme-1971.pdf	1642	1971	1971						manifesto	occasional_paper
1643-17th_Amendment_Vs_Farm_Family_Freedom.pdf	1643									
1644-Swatantra_Party_Fourth_National_Convention_New_Delhi_12-12-1966.pdf	1644	1966-12-12	1966						souvenir	edited_volume
1645-Swatantra_Party_Souvenir-1961.pdf	1645	1961	1961						souvenir	edited_volume
1646-Rajaji_89_A_Garland_Of_Tributes.pdf	1646									
1647-Swatantra_Party_Receipts_&_Payments_01-07-1959_to_30-06-1960.pdf	1647	1959-07-01	1959							
1648-The_Swatantra_Party_Preparatory_Convention_Held_On_1st&2nd-08-1959.pdf	1648	1959	1959						souvenir	edited_volume
1649-Swatanrtra_Party_Convention_25-10-1959.pdf	1649	1959-10-25	1959						souvenir	edited_volume
165-Poor_Dears_By_Minoo_Masani.pdf	165									
1650-Swatantra_Party_Vs_National_Congress_18-08-1959.pdf	1650	1959-08-18	1959							
1651-Original_Allocation_Of_Grants_To_The_Regional_Committees_In_The_State.pdf	1651									
1652-Letter_to_Hindustan_Construction_Co_Ltd_15-10-1959.pdf	1652	1959-10-15	1959		to	Hindustan Construction Co Ltd		unresolved	letter	letter
1653-Letter_to_Mr_S_Y_Krishnaswamy_17-11-1959.pdf	1653	1959-11-17	1959		to	S Y Krishnaswamy		unresolved	letter	letter
1654-Letter_to_Mr_H_P_Modi.pdf	1654				to	H P Modi		unresolved	letter	letter
1655-Telegram_to_Mr_S_Y_Krishnaswamy_17-11-1959.pdf	1655	1959-11-17	1959		to	S Y Krishnaswamy		unresolved	telegram	telegram
1656-Letter_to_Mr_S_Y_Krishnaswamy_17-11-1959.pdf	1656	1959-11-17	1959		to	S Y Krishnaswamy		unresolved	letter	letter
1657-Letter_to_Ram_Rai_Munshi_16-11-1959.pdf	1657	1959-11-16	1959		to	Ram Rai Munshi		unresolved	letter	letter
1658-Letter_to_Mr_H_N_Hota_16-11-1959.pdf	1658	1959-11-16	1959		to	H N Hota		unresolved	letter	letter
1659-Late_Sardar_Vallabhbhai_Patel_86th_Birth_Anniversary_Meeting_09-11-1959.pdf	1659	1959-11-09	1959							
166-Reflection_On_Republic_Day-1968.pdf	166	1968	1968							
1660-Letter_to_Dr_Cooper_16-11-1959.pdf	1660	1959-11-16	1959		to	Cooper		unresolved	letter	letter
1661-Swatantra_Party_Notice_For_Meeting_09-11-1959.pdf	1661	1959-11-09	1959						circular	circular
1662-Letter_to_Kaikhusru_07-11-1959.pdf	1662	1959-11-07	1959		to	Kaikhusru		unresolved	letter	letter
1663-Letter_To_Mr_Minoo_Masani_06-11-1959.pdf	1663	1959-11-06	1959		to	Minoo Masani	minoo-masani	resolved	letter	letter
1664-Letter_to_Chiranjilal_Loyalka_06-11-1959.pdf	1664	1959-11-06	1959		to	Chiranjilal Loyalka		unresolved	letter	letter
1665-Letter_to_Mr_H_P_Modi_06-11-1959.pdf	1665	1959-11-06	1959		to	H P Modi		unresolved	letter	letter
1666-Letter_to_Mr_H_P_Modi_06-11-1959.pdf	1666	1959-11-06	1959		to	H P Modi		unresolved	letter	letter
1667-Letter_to_Mr_G_Rajagopalachari_03-11-1959.pdf	1667	1959-11-03	1959		to	G Rajagopalachari		unresolved	letter	letter
1668-Letter_to_Pandit_B_N_Chaturvedi_02-11-1959.pdf	1668	1959-11-02	1959		to	B N Chaturvedi		unresolved	letter	letter
1669-Swatantra_Party_Minutes_of_Meeting_29-10-1959.pdf	1669	1959-10-29	1959						minutes	minutes
167-A-Speech_of_Mr_Minoo_Masani_26-02-1968.pdf	167	1968-02-26	1968						speech	speech
167-Letter_to_Mr_Minoo_Masani_27-03-1968.pdf	167	1968-03-27	1968		to	Minoo Masani	minoo-masani	resolved	letter	letter
1670-Letter_to_Mr_Purshotam_Das_28-10-1959.pdf	1670	1959-10-28	1959		to	Purshotam Das		unresolved	letter	letter
1671-Letter_to_Mr_H_P_Modi_25-10-1959.pdf	1671	1959-10-25	1959		to	H P Modi		unresolved	letter	letter
1672-Letter_to_Mr_H_P_Modi_23-10-1959.pdf	1672	1959-10-23	1959		to	H P Modi		unresolved	letter	letter
1673-Letter_to_Mr_S_S_Mariswamy_22-10-1959.pdf	1673	1959-10-22	1959		to	S S Mariswamy		unresolved	letter	letter
1674-Letter_to_Mr_H_P_Modi.pdf	1674				to	H P Modi		unresolved	letter	letter
1675-Letter_to_Mr_H_P_Modi_20-10-1959.pdf	1675	1959-10-20	1959		to	H P Modi		unresolved	letter	letter
1676-Letter_to_A_A_Jasdenvala_20-10-1959.pdf	1676	1959-10-20	1959		to	A A Jasdenvala		unresolved	letter	letter
1677-Letter_to_Jal_J_Gazdar_20-10-1959.pdf	1677	1959-10-20	1959		to	Jal J Gazdar		unresolved	letter	letter
1678-Letter_to_Mrs_F_J_Gazdar_20-10-1959.pdf	1678	1959-10-20	1959		to	F J Gazdar		unresolved	letter	letter
1679-Letter_to_Mr_C_Rajagopalachari_20-10-1959.pdf	1679	1959-10-20	1959		to	C Rajagopalachari	c-rajagopalachari	resolved	letter	letter
168-Do_Not_Trespass-The_White_Star.pdf	168									
1680-Letter_to_Mr_S_Y_Krishnaswamy_19-10-1959.pdf	1680	1959-10-19	1959		to	S Y Krishnaswamy		unresolved	letter	letter
1681-Letter_to_Mr_H_P_Modi_17-10-1959.pdf	1681	1959-10-17	1959		to	H P Modi		unresolved	letter	letter
1682-Letter_to_Mr_H_P_Modi_16-10-1959.pdf	1682	1959-10-16	1959		to	H P Modi		unresolved	letter	letter
1683-Swatantra_Newsletter_No-1_15-10-1959.pdf	1683	1959-10-15	1959						letter	letter
1684-Letter_to_Mr_A_D_Shroff_15-10-1959.pdf	1684	1959-10-15	1959		to	A D Shroff	a-d-shroff	resolved	letter	letter
1685-Letter_to_Mr_Homi_Modi_14-10-1959.pdf	1685	1959-10-14	1959		to	Homi Modi		unresolved	letter	letter
1686-Letter_to_Mr_Homi_Modi.pdf	1686				to	Homi Modi		unresolved	letter	letter
1687-Letter_to_Mr_Homi_Modi.pdf	1687				to	Homi Modi		unresolved	letter	letter
1688-Swatanrtra_Party_Statement_of_Remittances_10-10-1959.pdf	1688	1959-10-10	1959						press_note	press_note
1689-Letter_to_Chimanlal_B_Parikh_12-10-1959.pdf	1689	1959-10-12	1959		to	Chimanlal B Parikh		unresolved	letter	letter
169-A_Monstrosity_In_The_Making-World_Trade.pdf	169									
1690-Swatantra_Party_Minutes_of_Meeting_09-10-1959.pdf	1690	1959-10-09	1959						minutes	minutes
1691-Letter_to_Raja_Bahadur_Singh_07-10-1959.pdf	1691	1959-10-07	1959		to	Bahadur Singh		unresolved	letter	letter
1692-Letter_to_Mr_R_Agni_Bhoj_07-10-1959.pdf	1692	1959-10-07	1959		to	R Agni Bhoj		unresolved	letter	letter
1693-Letter_to_Mr_Kalayan_Singh_06-10-1959.pdf	1693	1959-10-06	1959		to	Kalayan Singh		unresolved	letter	letter
1694-Letter_to_Mr_Ranbir_Singh_Jain_05-10-1959.pdf	1694	1959-10-05	1959		to	Ranbir Singh Jain		unresolved	letter	letter
1695-Letter_to_Mr_Homi_Modi_03-10-1959.pdf	1695	1959-10-03	1959		to	Homi Modi		unresolved	letter	letter
1696-Letter_to_General_Nathu_Singh_01-10-1959.pdf	1696	1959-10-01	1959		to	General Nathu Singh		unresolved	letter	letter
1697-Letter_to_Mr_Homi_Modi_29-09-1959.pdf	1697	1959-09-29	1959		to	Homi Modi		unresolved	letter	letter
1698-Letter_to_Mr_H_P_Modi_29-09-1959.pdf	1698	1959-09-29	1959		to	H P Modi		unresolved	letter	letter
1699-Letter_to_Mr_C_Rajagopalachari_29-09-1959.pdf	1699	1959-09-29	1959		to	C Rajagopalachari	c-rajagopalachari	resolved	letter	letter
17-Letter_to_Mr_Minoo_Masani_16-03-1971.pdf	17	1971-03-16	1971		to	Minoo Masani	minoo-masani	resolved	letter	letter
170-The_Outlook_for_Party_Ploitics_in_India.pdf	170									
1700-Letter_to_Mr_Lynn_28-09-1959.pdf	1700	1959-09-28	1959		to	Lynn		unresolved	letter	letter
1701-Letter_to_A_P_28-09-1959.pdf	1701	1959-09-28	1959		to	A P		unresolved	letter	letter
1702-Letter_to_Mr_S_Y_Krishnaswamy_27-09-1959.pdf	1702	1959-09-27	1959		to	S Y Krishnaswamy		unresolved	letter	letter
1703-Letter_to_Mr_Homi_Modi_26-09-1959.pdf	1703	1959-09-26	1959		to	Homi Modi		unresolved	letter	letter
1704-Letter_to_Mr_Homi_Modi_26-09-1959.pdf	1704	1959-09-26	1959		to	Homi Modi		unresolved	letter	letter
1705-Letter_to_Mr_K_N_Munshi_25-09-1959.pdf	1705	1959-09-25	1959		to	K N Munshi		unresolved	letter	letter
1706-Letter_to_Mr_H_P_Modi_23-09-1959.pdf	1706	1959-09-23	1959		to	H P Modi		unresolved	letter	letter
1707-Letter_to_Mr_J_F_Jehangir_23-09-1959.pdf	1707	1959-09-23	1959		to	J F Jehangir		unresolved	letter	letter
1708-Swatantra_Party_Minutes_of_Meeting_24-09-1959.pdf	1708	1959-09-24	1959						minutes	minutes
1709-Letter_to_Mr_S_Y_Krishnaswamy_23-09-1959.pdf	1709	1959-09-23	1959		to	S Y Krishnaswamy		unresolved	letter	letter
171-The_Review_of_Road_Transport_in_India_28-10-1968.pdf	171	1968-10-28	1968							
1710-Letter_to_Mr_Homi_Modi_21-09-1959.pdf	1710	1959-09-21	1959		to	Homi Modi		unresolved	letter	letter
1711-Letter_to_Mr_Homi_Modi_21-09-1959.pdf	1711	1959-09-21	1959		to	Homi Modi		unresolved	letter	letter
1712-Letter_to_Mr_N_C_Zamindar_14-09-1959.pdf	1712	1959-09-14	1959		to	N C Zamindar		unresolved	letter	letter
1713-Letter_to_Mr_Homi_Modi_13-09-1959.pdf	1713	1959-09-13	1959		to	Homi Modi		unresolved	letter	letter
1714-Letter_to_Mr_Homi_Modi_10-09-1959.pdf	1714	1959-09-10	1959		to	Homi Modi		unresolved	letter	letter
1715-Letter_to_Mr_Homi_Modi_08-09-1959.pdf	1715	1959-09-08	1959		to	Homi Modi		unresolved	letter	letter
1716-Letter_to_Mr_C_Rajagopalachari_07-09-1959.pdf	1716	1959-09-07	1959		to	C Rajagopalachari	c-rajagopalachari	resolved	letter	letter
1717-Letter_to_Mr_Homi_Modi_14-08-1959.pdf	1717	1959-08-14	1959		to	Homi Modi		unresolved	letter	letter
1718-Letter_to_Mr_C_Rajagopalachari_09-08-1959.pdf	1718	1959-08-09	1959		to	C Rajagopalachari	c-rajagopalachari	resolved	letter	letter
1719-Letter_to_Mr_Homi_Modi_09-08-1959.pdf	1719	1959-08-09	1959		to	Homi Modi		unresolved	letter	letter
172-The_Review_of_Road_Transport_in_India.pdf	172									
1720-Letter_to_Mr_Homi_Modi_10-08-1959.pdf	1720	1959-08-10	1959		to	Homi Modi		unresolved	letter	letter
1721-Letter_to_General_Nathu_Singh_08-09-1959.pdf	1721	1959-09-08	1959		to	General Nathu Singh		unresolved	letter	letter
1722-Letter_to_Mr_Homi_Modi_27-08-1959.pdf	1722	1959-08-27	1959		to	Homi Modi		unresolved	letter	letter
1723-Letter_to_Mr_S_Y_Krishnaswamy_08-09-1959.pdf	1723	1959-09-08	1959		to	S Y Krishnaswamy		unresolved	letter	letter
1724-Letter_To_Mr_Minoo_Masani_03-09-1959.pdf	1724	1959-09-03	1959		to	Minoo Masani	minoo-masani	resolved	letter	letter
1725-Letter_to_Mr_Homi_Modi_01-09-1959.pdf	1725	1959-09-01	1959		to	Homi Modi		unresolved	letter	letter
1726-Letter_to_Mr_S_Y_Krishnaswamy_28-08-1959.pdf	1726	1959-08-28	1959		to	S Y Krishnaswamy		unresolved	letter	letter
1727-Letter_To_Mr_Minoo_Masani_29-08-1959.pdf	1727	1959-08-29	1959		to	Minoo Masani	minoo-masani	resolved	letter	letter
1728-Letter_to_Mr_Homi_Modi_28-08-1959.pdf	1728	1959-08-28	1959		to	Homi Modi		unresolved	letter	letter
1729-Letter_to_Mr_Homi_Modi_06-09-1959.pdf	1729	1959-09-06	1959		to	Homi Modi		unresolved	letter	letter
173-Last_Hope_or_Lost_Hope-Swatantra_Sonvenir.pdf	173									
1730-Letter_From_Mr_Raghavendra_Pratap_Singh_02-09-1959.pdf	1730	1959-09-02	1959		from	Raghavendra Pratap Singh		unresolved	letter	letter
1731-Letter_to_Mr_Hukum_Singh_04-09-1959.pdf	1731	1959-09-04	1959		to	Hukum Singh		unresolved	letter	letter
1732-Letter_to_Mr_Homi_Modi_31-08-1959.pdf	1732	1959-08-31	1959		to	Homi Modi		unresolved	letter	letter
1733-Swatantra_Party_Minutes_of_Meeting_21-08-1959.pdf	1733	1959-08-21	1959						minutes	minutes
1734-Swatantra_Party_Notice_For_Meeting_31-08-1959.pdf	1734	1959-08-31	1959						circular	circular
1735-Letter_to_Mr_Homi_Modi_05-09-1959.pdf	1735	1959-09-05	1959		to	Homi Modi		unresolved	letter	letter
1736-Letter_to_Sirdar_P_S_Sodhbans_04-08-1959.pdf	1736	1959-08-04	1959		to	Sirdar P S Sodhbans		unresolved	letter	letter
1737-Letter_to_Mr_Homi_Modi_30-07-1959.pdf	1737	1959-07-30	1959		to	Homi Modi		unresolved	letter	letter
1738-Letter_to_Mr_Homi_Modi_21-07-1959.pdf	1738	1959-07-21	1959		to	Homi Modi		unresolved	letter	letter
1739-Letter_From_Sirdar_P_S_Sodhbans_01-07-1959.pdf	1739	1959-07-01	1959		from	Sirdar P S Sodhbans		unresolved	letter	letter
174-Letter_to_Mr_S_V_Raju_19-09-1968.pdf	174	1968-09-19	1968		to	S V Raju	s-v-raju	resolved	letter	letter
1740-Letter_to_Mr_C_Rajagopalachari_19-06-1959.pdf	1740	1959-06-19	1959		to	C Rajagopalachari	c-rajagopalachari	resolved	letter	letter
1741-International_Whos_Who.pdf	1741									
1742-Some_Extracts_From_Transcript_Of_Prime_Ministers_Press_Conference_07-08-1959.pdf	1742	1959-08-07	1959						press_note	press_note
1743-Letter_to_Mr_Raghavendra_Pratap_Singh_22-09-1959.pdf	1743	1959-09-22	1959		to	Raghavendra Pratap Singh		unresolved	letter	letter
1744-Letter_to_Mr_Homi_Modi_09-08-1959.pdf	1744	1959-08-09	1959		to	Homi Modi		unresolved	letter	letter
1745-Proceeeding_Of_The_Organising_Committee_Of_Swatantra_Party_22-08-1959.pdf	1745	1959-08-22	1959							
1746-Swatantra_Party_Receipts_&_Payments_01-06-1959_to_22-09-1959.pdf	1746	1959-06-01	1959							
1747-Swatantra_Party_Minutes_of_Meeting_03-09-1959.pdf	1747	1959-09-03	1959						minutes	minutes
1748-Letter_to_Mr_Homi_Modi_10-09-1959.pdf	1748	1959-09-10	1959		to	Homi Modi		unresolved	letter	letter
1749-The_Constitution_Committee_23-08-1959.pdf	1749	1959-08-23	1959							
175-Publication_for_Last_Hope_or_Lost_Hope.pdf	175									
1750-Proceeeding_Of_An_Informal_Meeting_06-08-1959.pdf	1750	1959-08-06	1959							
1751-Letter_to_N_G_Ranga_09-08-1959.pdf	1751	1959-08-09	1959		to	N G Ranga		unresolved	letter	letter
1752-Swatantra_Party_Statement_Of_Financial_Position_08-08-1959.pdf	1752	1959-08-08	1959						press_note	press_note
1753-Revised_Statement_Of_Principles.pdf	1753								manifesto	occasional_paper
1754-Letter_to_Mr_Homi_Modi_15-08-1959.pdf	1754	1959-08-15	1959		to	Homi Modi		unresolved	letter	letter
1755-Letter_to_Mr_N_C_Zamindar_12-08-1959.pdf	1755	1959-08-12	1959		to	N C Zamindar		unresolved	letter	letter
1756-Letter_to_Mr_Homi_Modi_07-08-1959.pdf	1756	1959-08-07	1959		to	Homi Modi		unresolved	letter	letter
1757-Letter_From_Mr_C_V_Ramanatha_06-08-1959.pdf	1757	1959-08-06	1959		from	C V Ramanatha		unresolved	letter	letter
1758-Letter_to_Mr_C_V_Ramanatha_30-05-1959.pdf	1758	1959-05-30	1959		to	C V Ramanatha		unresolved	letter	letter
1759-Liberty_Of_The_Indivisual.pdf	1759									
176-Publication_for_Last_Hope_or_Lost_Hope.pdf	176									
1760-Letter_to_Mr_N_C_Zamindar_24-08-1959.pdf	1760	1959-08-24	1959		to	N C Zamindar		unresolved	letter	letter
1761-Letter_to_Mr_S_Y_Krishnaswamy_24-08-1959.pdf	1761	1959-08-24	1959		to	S Y Krishnaswamy		unresolved	letter	letter
1762-Letter_to_Mr_Homi_Modi_24-08-1959.pdf	1762	1959-08-24	1959		to	Homi Modi		unresolved	letter	letter
1763-Letter_to_N_G_Ranga.pdf	1763				to	N G Ranga		unresolved	letter	letter
1764-Letter_to_Mr_C_Rajagopalachari_14-08-1959.pdf	1764	1959-08-14	1959		to	C Rajagopalachari	c-rajagopalachari	resolved	letter	letter
1765-Swatantra_Party_Agenda_For_Meeting_22-08-1959.pdf	1765	1959-08-22	1959						agenda	circular
1766-Letter_to_Major_S_R_Bamji_21-08-1959.pdf	1766	1959-08-21	1959		to	Major S R Bamji		unresolved	letter	letter
1767-Letter_to_Mr_Ruttonchund_Master_21-08-1959.pdf	1767	1959-08-21	1959		to	Ruttonchund Master		unresolved	letter	letter
1768-Letter_to_Mr_Homi_Modi_19-08-1959.pdf	1768	1959-08-19	1959		to	Homi Modi		unresolved	letter	letter
1769-Letter_to_Mr_Homi_Modi_15-08-1959.pdf	1769	1959-08-15	1959		to	Homi Modi		unresolved	letter	letter
177-Publication_for_Last_Hope_or_Lost_Hope.pdf	177									
1770-Letter_to_Mr_Homi_Modi_07-08-1959.pdf	1770	1959-08-07	1959		to	Homi Modi		unresolved	letter	letter
1771-Letter_to_Mr_Homi_Modi_02-08-1959.pdf	1771	1959-08-02	1959		to	Homi Modi		unresolved	letter	letter
1772-Letter_to_Mr_Homi_Modi_03-08-1959.pdf	1772	1959-08-03	1959		to	Homi Modi		unresolved	letter	letter
1773-Letter_to_Mr_Homi_Modi_14-07-1959.pdf	1773	1959-07-14	1959		to	Homi Modi		unresolved	letter	letter
1774-Letter_to_Mr_Homi_Modi_16-07-1959.pdf	1774	1959-07-16	1959		to	Homi Modi		unresolved	letter	letter
1775-Letter_to_Mr_Homi_Modi_22-07-1959.pdf	1775	1959-07-22	1959		to	Homi Modi		unresolved	letter	letter
1776-Letter_to_Mr_Homi_Modi_27-07-1959.pdf	1776	1959-07-27	1959		to	Homi Modi		unresolved	letter	letter
1777-Letter_to_Mr_Homi_Modi_09-07-1959.pdf	1777	1959-07-09	1959		to	Homi Modi		unresolved	letter	letter
1778-Letter_to_Raja_Hutheesing_20-08-1959.pdf	1778	1959-08-20	1959		to	Hutheesing		unresolved	letter	letter
1779-Letter_to_Mr_B_B_Kapasi_20-08-1959.pdf	1779	1959-08-20	1959		to	B B Kapasi		unresolved	letter	letter
178-Business_Vs_Bureaucracy_By_Mr_Masani.pdf	178									
1780-Letter_to_R_V_Murthy_20-08-1959.pdf	1780	1959-08-20	1959		to	R V Murthy		unresolved	letter	letter
1781-Letter_to_Mr_Homi_Modi_16-08-1959.pdf	1781	1959-08-16	1959		to	Homi Modi		unresolved	letter	letter
1782-Commerce_An_Unbecoming_Reply_15-08-1959.pdf	1782	1959-08-15	1959							
1783-Commerce_Fresh_Hope_For_Democracy_In_India_08-08-1959.pdf	1783	1959-08-08	1959							
1784-Letter_to_Mr_B_N_Anantani_19-08-1959.pdf	1784	1959-08-19	1959		to	B N Anantani		unresolved	letter	letter
1785-Re-Dedication_15-08-1959.pdf	1785	1959-08-15	1959							
1786-Swatantra_Party_Notice_For_Meeting_13-08-1959.pdf	1786	1959-08-13	1959						circular	circular
1787-Swatantra_Party_Minutes_of_Meeting_12-08-1959.pdf	1787	1959-08-12	1959						minutes	minutes
1788-Letter_to_D_N_D_Khandalavala_19-08-1959.pdf	1788	1959-08-19	1959		to	D N D Khandalavala		unresolved	letter	letter
1789-Letter_to_Mr_Homi_Modi_13-08-1959.pdf	1789	1959-08-13	1959		to	Homi Modi		unresolved	letter	letter
179-Discussion_with_the_Monopolies_Commissions.pdf	179									
1790-Letter_to_Mr_S_Y_Krishnaswamy_08-08-1959.pdf	1790	1959-08-08	1959		to	S Y Krishnaswamy		unresolved	letter	letter
1791-Letter_to_Mrs_Lynn_06-08-1959.pdf	1791	1959-08-06	1959		to	Lynn		unresolved	letter	letter
1792-Letter_to_Mr_Homi_Modi_04-08-1959.pdf	1792	1959-08-04	1959		to	Homi Modi		unresolved	letter	letter
1793-Letter_From_Mr_S_Y_Krishnaswamy_04-08-1959.pdf	1793	1959-08-04	1959		from	S Y Krishnaswamy		unresolved	letter	letter
1794-Swatantra_Party_Minutes_of_Meeting_24-09-1959.pdf	1794	1959-09-24	1959						minutes	minutes
1795-Swatantra_Party_List_Of_Member_Of_The_Central_Organising_Committee.pdf	1795									
1796-Letter_to_Isaac_Mathai_06-08-1959.pdf	1796	1959-08-06	1959		to	Isaac Mathai		unresolved	letter	letter
1797-Letter_to_Mr_Homi_Modi_03-08-1959.pdf	1797	1959-08-03	1959		to	Homi Modi		unresolved	letter	letter
1798-India_Is_Greater_Than_Hindi.pdf	1798									
1799-Swatantra_Party_Notice_For_Meeting_05-08-1959.pdf	1799	1959-08-05	1959						circular	circular
18-Letter_to_Mr_Ramchandra_M_Barot_29-03-1971.pdf	18	1971-03-29	1971		to	Ramchandra M Barot		unresolved	letter	letter
180-Monopolies_and_Restrietive_Trade_Discussion_On_Parliament_03-08-1968.pdf	180	1968-08-03	1968							
1800-Swatantra_Party_Minutes_of_Meeting_02-08-1959.pdf	1800	1959-08-02	1959						minutes	minutes
1801-Swatantra_Party_Notice_29-07-1959.pdf	1801	1959-07-29	1959						circular	circular
1802-Swatantra_Party_Notice_28-07-1959.pdf	1802	1959-07-28	1959						circular	circular
1803-Letter_to_HP_Mody_30-07-1959.pdf	1803	1959-07-30	1959		to	HP Mody		unresolved	letter	letter
1804-Letter_from_HP_Mody_30-07-1959.pdf	1804	1959-07-30	1959		from	HP Mody		unresolved	letter	letter
1805-Letter_to_HP_Mody_28-07-1959.pdf	1805	1959-07-28	1959		to	HP Mody		unresolved	letter	letter
1807-Letter_to_HP_Mody_23-07-1959.pdf	1807	1959-07-23	1959		to	HP Mody		unresolved	letter	letter
1808-Letter_from_Piloo_Mody_20-07-1959.pdf	1808	1959-07-20	1959		from	Piloo Mody	piloo-mody	resolved	letter	letter
1809-Letter_to_T_Sadasivam_22-07-1959.pdf	1809	1959-07-22	1959		to	T Sadasivam		unresolved	letter	letter
181-Accelerating_Economic_Development_With_Political_Stability_26-12-1968.pdf	181	1968-12-26	1968							
1810-Letter_to_HP_Mody_30-06-1959.pdf	1810	1959-06-30	1959		to	HP Mody		unresolved	letter	letter
1811-The_Kerala_Satyagraha-Swarajya_20-06-1959.pdf	1811	1959-06-20	1959							
1812-Letter_to_BB_Kapashi_22-07-1959.pdf	1812	1959-07-22	1959		to	BB Kapashi		unresolved	letter	letter
1813-Letter_to_Secretary-Indian_Exporter_&_Importer_22-07-1959.pdf	1813	1959-07-22	1959		to	Secretary-Indian Exporter & Importer		not_a_person	letter	letter
1814-Letter_to_HP_Mody_08-07-1959.pdf	1814	1959-07-08	1959		to	HP Mody		unresolved	letter	letter
1815-The_New_political_Party-The_Indian_Exporter_&_Importer_June-1959.pdf	1815	1959-06	1959							
1816-Letter_from_R_Hateria_29-06-1959.pdf	1816	1959-06-29	1959		from	R Hateria		unresolved	letter	letter
1817-Letter_to_YD_Tyagi_22-07-1959.pdf	1817	1959-07-22	1959		to	YD Tyagi		unresolved	letter	letter
1818-Letter_to_HP_Mody_14-07-1959.pdf	1818	1959-07-14	1959		to	HP Mody		unresolved	letter	letter
1819-Letter_to_HH_Maharawal_16-07-1959.pdf	1819	1959-07-16	1959		to	HH Maharawal		unresolved	letter	letter
182-Co-relation_Between_Economic_Development_and_Political_Stability_26-12-1968.pdf	182	1968-12-26	1968							
1820-Letter_to_HP_Mody_13-07-1959.pdf	1820	1959-07-13	1959		to	HP Mody		unresolved	letter	letter
1821-Letter_to_HP_Mody_08-07-1959.pdf	1821	1959-07-08	1959		to	HP Mody		unresolved	letter	letter
1822-Prime_Ministers_Press_Conference_07-07-1959.pdf	1822	1959-07-07	1959						press_note	press_note
1823-Letter_to_Rasiklal_Jani_22-07-1959.pdf	1823	1959-07-22	1959		to	Rasiklal Jani		unresolved	letter	letter
1824-Letter_to_TN_Bhargava_20-07-1959.pdf	1824	1959-07-20	1959		to	TN Bhargava		unresolved	letter	letter
1825-Letter_from_RV_Murthy_14-07-1959.pdf	1825	1959-07-14	1959		from	RV Murthy		unresolved	letter	letter
1826-Letter_from_TN_Bhargava_10-07-1959.pdf	1826	1959-07-10	1959		from	TN Bhargava		unresolved	letter	letter
1827-Organising_Committee_for_Greater_Bombay-Swatantra_Party_14-07-1959.pdf	1827	1959-07-14	1959							
1828-Letter_from_R_Hateria_09-07-1959.pdf	1828	1959-07-09	1959		from	R Hateria		unresolved	letter	letter
1829-Speech_by_HP_Mody_06-07-1959.pdf	1829	1959-07-06	1959						speech	speech
183-Co-relation_Between_Economic_Development_and_Political_Stability.pdf	183									
1830-Letter_to_HP_Mody_29-06-1959.pdf	1830	1959-06-29	1959		to	HP Mody		unresolved	letter	letter
1831-Swatantra_Party_Letter_22-06-1959.pdf	1831	1959-06-22	1959						letter	letter
1832-Letter_to_HP_Mody_19-06-1959.pdf	1832	1959-06-19	1959		to	HP Mody		unresolved	letter	letter
1833-Letter_to_TM_Mathew_15-06-1959.pdf	1833	1959-06-15	1959		to	TM Mathew		unresolved	letter	letter
1834-Letter_to_HP_Mody_17-06-1959.pdf	1834	1959-06-17	1959		to	HP Mody		unresolved	letter	letter
1835-Letter_to_HP_Mody_11-06-1959.pdf	1835	1959-06-11	1959		to	HP Mody		unresolved	letter	letter
1836-Letter_from_NH_Mapara_10-06-1959.pdf	1836	1959-06-10	1959		from	NH Mapara		unresolved	letter	letter
1837-For_Study_&_Information_12-06-1959.pdf	1837	1959-06-12	1959							
1838-The_AICC_Planning_Seminar_17-06-1959.pdf	1838	1959-06-17	1959							
1839-Swatantra_Party_Rajasthan_Constituency.pdf	1839									
184-Co-relation_Between_Economic_Development_and_Political_Stability.pdf	184									
1840-Swatantra_Party_West_Bengal_Constituency.pdf	1840									
1841-Swatantra_Party_Andhra_Constituency.pdf	1841									
1842-Swatantra_Party_Mysore_Constituency.pdf	1842									
1843-Swatantra_Party_Madhya_Pradesh_Constituency.pdf	1843									
1844-Swatantra_Party_Kerala_Constituency.pdf	1844									
1845-Swatantra_Party_Bombay_Constituency.pdf	1845									
1846-Swatantra_Party_Bihar_Constituency.pdf	1846									
1847-Swatantra_Party_Assam_Constituency.pdf	1847									
1848-Swatantra_Party_Orissa_Constituency.pdf	1848									
1849-Swatantra_Party_Punjab_Constituency.pdf	1849									
185-The_New_Liberalism_in_India.pdf	185									
1850-Swatantra_Party_Madras_Constituency.pdf	1850									
1851-Swatantra_Party_Delhi_Constituency.pdf	1851									
1852-Swatantra_Party_Uttar_Pradesh_Constituency.pdf	1852									
1853-Swatantra_Party_Uttar_Pradesh_Constituency.pdf	1853									
1854-Swatantra_Party_Souvenir_1960.pdf	1854	1960	1960						souvenir	edited_volume
1855-The_Constitution_Twenty_Five_Years_Later.pdf	1855									
1856-Swatantra_Party-Preparatory_Convention_August-1959.pdf	1856	1959-08	1959						souvenir	edited_volume
1857-Letter_from_GV_Pant_28-11-1959.pdf	1857	1959-11-28	1959		from	GV Pant		unresolved	letter	letter
1858-Letter_from_MS_Sundaresan_23-11-1965.pdf	1858	1965-11-23	1965		from	Sundaresan		unresolved	letter	letter
1859-Seventh_Meeting_of_the_Jawaharlal_Nehru_Portrait_Parliamentary_Committee_18-11-1965.pdf	1859	1965-11-18	1965							
186-Democrats_Must_Unite-The_Realist_Annual.pdf	186									
1860-Letter_to_Dahyabhai_V_Patel_23-11-1965.pdf	1860	1965-11-23	1965		to	Dahyabhai V Patel		unresolved	letter	letter
1861-Minutes_of_Meeting-Swatantra_Party_22-11-1965.pdf	1861	1965-11-22	1965						minutes	minutes
1862-Letter_to_Lal_bahadur_Shstri_21-11-1965.pdf	1862	1965-11-21	1965		to	Lal bahadur Shstri		unresolved	letter	letter
1863-Letter_to_Hukum_Singh_21-11-1965.pdf	1863	1965-11-21	1965		to	Hukum Singh		unresolved	letter	letter
1864-Letter_to_Mr_Minoo_Masani_19-11-1965.pdf	1864	1965-11-19	1965		to	Minoo Masani	minoo-masani	resolved	letter	letter
1865-Letter_to_Mr_Minoo_Masani_17-11-1965.pdf	1865	1965-11-17	1965		to	Minoo Masani	minoo-masani	resolved	letter	letter
1866-Letter_to_MS_Sundaresan_17-11-1965.pdf	1866	1965-11-17	1965		to	Sundaresan		unresolved	letter	letter
1867-Letter_to_Mr_Minoo_Masani_16-11-1965.pdf	1867	1965-11-16	1965		to	Minoo Masani	minoo-masani	resolved	letter	letter
1868-Letter_to_Mr_Minoo_Masani_17-08-1965.pdf	1868	1965-08-17	1965		to	Minoo Masani	minoo-masani	resolved	letter	letter
1869-Letter_to_N_Raghavan_Pillai_09-08-1965.pdf	1869	1965-08-09	1965		to	N Raghavan Pillai		unresolved	letter	letter
187-JP-The_Man_By_Monoo_Masani.pdf	187									
1870-Letter_to_Mr_Minoo_Masani_21-07-1965.pdf	1870	1965-07-21	1965		to	Minoo Masani	minoo-masani	resolved	letter	letter
1871-Seventh_Meeting_of_the_Jawaharlal_Nehru_Portrait_Parliamentary_Committee_16-11-1965.pdf	1871	1965-11-16	1965							
1872-Letter_to_The_Members_of_the_Central_Committee_Swatantra_Party_15-11-1965.pdf	1872	1965-11-15	1965		to	The Members of the Central Committee Swatantra Party		not_a_person	letter	letter
1873-Letter_from_Mr_Minoo_Masani.pdf	1873				from	Minoo Masani	minoo-masani	resolved	letter	letter
1874-Letter_to_Mr_Minoo_Masani_08-11-1965.pdf	1874	1965-11-08	1965		to	Minoo Masani	minoo-masani	resolved	letter	letter
1875-Letter_from_KN_Krishnan_01-11-1965.pdf	1875	1965-11-01	1965		from	KN Krishnan		unresolved	letter	letter
1876-Letter_from_Mr_Minoo_Masani_08-11-1965.pdf	1876	1965-11-08	1965		from	Minoo Masani	minoo-masani	resolved	letter	letter
1877-Letter_to_Mr_Minoo_Masani_31-10-1965.pdf	1877	1965-10-31	1965		to	Minoo Masani	minoo-masani	resolved	letter	letter
1878-Letter_from_Mr_Minoo_Masani_16-09-1965.pdf	1878	1965-09-16	1965		from	Minoo Masani	minoo-masani	resolved	letter	letter
1879-Swatantra_Party_Circular_03-09-1965.pdf	1879	1965-09-03	1965						circular	circular
188-Warning_Against_Anthoritarion_Backlash.pdf	188									
1880-Letter_to_Mr_Minoo_Masani_04-09-1965.pdf	1880	1965-09-04	1965		to	Minoo Masani	minoo-masani	resolved	letter	letter
1881-Letter_from_Mr_Minoo_Masani_01-09-1965.pdf	1881	1965-09-01	1965		from	Minoo Masani	minoo-masani	resolved	letter	letter
1882-Swatantra_Party_Notice_24-08-1965.pdf	1882	1965-08-24	1965						circular	circular
1883-Telegram_to_Mr_Minoo_Masani.pdf	1883				to	Minoo Masani	minoo-masani	resolved	telegram	telegram
1884-Letter_to_Mr_Minoo_Masani_18-08-1965.pdf	1884	1965-08-18	1965		to	Minoo Masani	minoo-masani	resolved	letter	letter
1885-Swatantra_Party_Notice_19-08-1965.pdf	1885	1965-08-19	1965						circular	circular
1886-Letter_from_Satyanarayan_Sinha_14-08-1965.pdf	1886	1965-08-14	1965		from	Satyanarayan Sinha		unresolved	letter	letter
1887-Letter_from_Mr_Minoo_Masani_12-08-1965.pdf	1887	1965-08-12	1965		from	Minoo Masani	minoo-masani	resolved	letter	letter
1888-Lok_Sabha_Summons_05-06-1965.pdf	1888	1965-06-05	1965							
1889-Letter_to_Mr_Minoo_Masani_10-08-1965.pdf	1889	1965-08-10	1965		to	Minoo Masani	minoo-masani	resolved	letter	letter
189-How_The_People_Really_Voted-Indian_Express_01-06-1977.pdf	189	1977-06-01	1977						press_note	press_note
1890-Letter_from_Mr_Minoo_Masani_09-08-1965.pdf	1890	1965-08-09	1965		from	Minoo Masani	minoo-masani	resolved	letter	letter
1891-Letter_from_Mr_Minoo_Masani_05-08-1965.pdf	1891	1965-08-05	1965		from	Minoo Masani	minoo-masani	resolved	letter	letter
1892-Letter_to_Mr_Minoo_Masani_05-08-1965.pdf	1892	1965-08-05	1965		to	Minoo Masani	minoo-masani	resolved	letter	letter
1893-Letter_to_AP_Jain_05-08-1965.pdf	1893	1965-08-05	1965		to	AP Jain		unresolved	letter	letter
1894-Telegram_from_Mr_Minoo_Masani.pdf	1894				from	Minoo Masani	minoo-masani	resolved	telegram	telegram
1895-Letter_to_AP_Jain_04-05-1965.pdf	1895	1965-05-04	1965		to	AP Jain		unresolved	letter	letter
1896-Lok_Sabha_Bulletin-Part_II_21-07-1965.pdf	1896	1965-07-21	1965						bulletin	periodical_issue
1897-Letter_to_Secretary-Lok_Sabha.pdf	1897				to	Secretary-Lok Sabha		not_a_person	letter	letter
1898-Letter_to_Mr_Minoo_Masani_03-08-1965.pdf	1898	1965-08-03	1965		to	Minoo Masani	minoo-masani	resolved	letter	letter
1899-Telegram_to_Mr_Minoo_Masani.pdf	1899				to	Minoo Masani	minoo-masani	resolved	telegram	telegram
19-Letter_to_Mr_Minoo_Masani_16-03-1971.pdf	19	1971-03-16	1971		to	Minoo Masani	minoo-masani	resolved	letter	letter
190-Over_To_The_Young-Youth_Times_28-04-1977.pdf	190	1977-04-28	1977							
1900-Letter_from_Mr_Minoo_Masani_30-07-1965.pdf	1900	1965-07-30	1965		from	Minoo Masani	minoo-masani	resolved	letter	letter
1901-Letter_from_Mr_Minoo_Masani_30-07-1965.pdf	1901	1965-07-30	1965		from	Minoo Masani	minoo-masani	resolved	letter	letter
1902-Letter_from_Mr_Minoo_Masani_29-07-1965.pdf	1902	1965-07-29	1965		from	Minoo Masani	minoo-masani	resolved	letter	letter
1903-Letter_to_Mr_Minoo_Masani_29-07-1965.pdf	1903	1965-07-29	1965		to	Minoo Masani	minoo-masani	resolved	letter	letter
1904-Letter_to_N_Dandekar_26-07-1965.pdf	1904	1965-07-26	1965		to	N Dandekar	n-dandekar	resolved	letter	letter
1905-Letter_to_Mr_Minoo_Masani_28-07-1965.pdf	1905	1965-07-28	1965		to	Minoo Masani	minoo-masani	resolved	letter	letter
1906-Letter_to_Secretary-Lok_Sabha_24-07-1965.pdf	1906	1965-07-24	1965		to	Secretary-Lok Sabha		not_a_person	letter	letter
1907-Letter_to_Mr_Minoo_Masani_27-07-1965.pdf	1907	1965-07-27	1965		to	Minoo Masani	minoo-masani	resolved	letter	letter
1908-Letter_to_Mr_Minoo_Masani_27-07-1965.pdf	1908	1965-07-27	1965		to	Minoo Masani	minoo-masani	resolved	letter	letter
1909-Letter_to_N_Dandekar_26-07-1965.pdf	1909	1965-07-26	1965		to	N Dandekar	n-dandekar	resolved	letter	letter
191-Free_China-A_good_Friend.pdf	191									
1910-Letter_to_Mr_Minoo_Masani_20-07-1965.pdf	1910	1965-07-20	1965		to	Minoo Masani	minoo-masani	resolved	letter	letter
1911-Letter_to_Mohida_15-06-1965.pdf	1911	1965-06-15	1965		to	Mohida		unresolved	letter	letter
1912-Letter_to_Mr_Minoo_Masani_14-06-1965.pdf	1912	1965-06-14	1965		to	Minoo Masani	minoo-masani	resolved	letter	letter
1913-Lok_Sabha_Bulletin-Part_II_29-04-1965.pdf	1913	1965-04-29	1965						bulletin	periodical_issue
1914-Lok_Sabha_Bulletin-Part_II_30-04-1965.pdf	1914	1965-04-30	1965						bulletin	periodical_issue
1915-Letter_to_Mr_Minoo_Masani_27-04-1965.pdf	1915	1965-04-27	1965		to	Minoo Masani	minoo-masani	resolved	letter	letter
1916-Letter_to_Mr_Minoo_Masani_07-04-1965.pdf	1916	1965-04-07	1965		to	Minoo Masani	minoo-masani	resolved	letter	letter
1917-Letter_to_Mr_Minoo_Masani_06-04-1965.pdf	1917	1965-04-06	1965		to	Minoo Masani	minoo-masani	resolved	letter	letter
1918-Letter_from_NG_Ranga_15-03-1965.pdf	1918	1965-03-15	1965		from	NG Ranga		unresolved	letter	letter
1919-Letter_from_Mr_Minoo_Masani_02-04-1965.pdf	1919	1965-04-02	1965		from	Minoo Masani	minoo-masani	resolved	letter	letter
192-Chile-The_Facts_And_The_Lessons_24-11-1973.pdf	192	1973-11-24	1973							
1920-Form_of_Cut_Motions_for_Token_Cut_22-03-1965.pdf	1920	1965-03-22	1965							
1921-Letter_from_Mr_Minoo_Masani_12-03-1965.pdf	1921	1965-03-12	1965		from	Minoo Masani	minoo-masani	resolved	letter	letter
1922-Letter_from_GHG_Raman_11-03-1965.pdf	1922	1965-03-11	1965		from	GHG Raman		unresolved	letter	letter
1923-Letter_to_Fredie_Letter_09-03-1965.pdf	1923	1965-03-09	1965		to	Fredie Letter		unresolved	letter	letter
1924-Letter_to_Mr_Minoo_Masani_08-03-1965.pdf	1924	1965-03-08	1965		to	Minoo Masani	minoo-masani	resolved	letter	letter
1925-Letter_from_Mr_Minoo_Masani_12-03-1965.pdf	1925	1965-03-12	1965		from	Minoo Masani	minoo-masani	resolved	letter	letter
1926-Swatantra_Party_Circular_04-03-1965.pdf	1926	1965-03-04	1965						circular	circular
1927-Letter_to_Mr_Minoo_Masani_04-03-1965.pdf	1927	1965-03-04	1965		to	Minoo Masani	minoo-masani	resolved	letter	letter
1928-Presentation_of_Budget_27-02-1965.pdf	1928	1965-02-27	1965							
1929-Letter_to_Mr_Minoo_Masani_05-03-1965.pdf	1929	1965-03-05	1965		to	Minoo Masani	minoo-masani	resolved	letter	letter
193-Free_And_Fair_11-02-1977.pdf	193	1977-02-11	1977							
1930-Guilty_Men-The_Hindustan_Times_05-03-1965.pdf	1930	1965-03-05	1965							
1931-For_Favour_of_Publication_27-02-1965.pdf	1931	1965-02-27	1965							
1932-Letter_from_Tan_Singh_26-02-1965.pdf	1932	1965-02-26	1965		from	Tan Singh		unresolved	letter	letter
1933-Letter_from_Mr_Minoo_Masani_26-02-1965.pdf	1933	1965-02-26	1965		from	Minoo Masani	minoo-masani	resolved	letter	letter
1934-Letter_to_Mr_Minoo_Masani_26-02-1965.pdf	1934	1965-02-26	1965		to	Minoo Masani	minoo-masani	resolved	letter	letter
1935-Swatantra_Party_Circular_25-02-1965.pdf	1935	1965-02-25	1965						circular	circular
1936-Letter_from_Mr_Minoo_Masani_23-02-1965.pdf	1936	1965-02-23	1965		from	Minoo Masani	minoo-masani	resolved	letter	letter
1937-Letter_from_Mr_Minoo_Masani_23-02-1965.pdf	1937	1965-02-23	1965		from	Minoo Masani	minoo-masani	resolved	letter	letter
1938-Swatantra_Party_Circular_20-02-1965.pdf	1938	1965-02-20	1965						circular	circular
1939-Letter_from_Mr_Minoo_Masani_19-02-1965.pdf	1939	1965-02-19	1965		from	Minoo Masani	minoo-masani	resolved	letter	letter
194-Foreign_Aid_Must_Go-Mysindia_28-05-1972.pdf	194	1972-05-28	1972							
1940-Lok_Sabha_Amendments_19-02-1965.pdf	1940	1965-02-19	1965							
1941-Letter_from_Mr_Minoo_Masani_19-02-1965.pdf	1941	1965-02-19	1965		from	Minoo Masani	minoo-masani	resolved	letter	letter
1942-Swatantra_Party_Circular_17-02-1965.pdf	1942	1965-02-17	1965						circular	circular
1943-Letter_to_Mr_Minoo_Masani_04-02-1965.pdf	1943	1965-02-04	1965		to	Minoo Masani	minoo-masani	resolved	letter	letter
1944-Letter_to_Mr_Minoo_Masani_02-02-1965.pdf	1944	1965-02-02	1965		to	Minoo Masani	minoo-masani	resolved	letter	letter
1945-Swatantra_Party_Circular_27-01-1965.pdf	1945	1965-01-27	1965						circular	circular
1946-Letter_to_Mr_Minoo_Masani_27-01-1965.pdf	1946	1965-01-27	1965		to	Minoo Masani	minoo-masani	resolved	letter	letter
1947-Letter_to_Mr_Minoo_Masani_22-01-1965.pdf	1947	1965-01-22	1965		to	Minoo Masani	minoo-masani	resolved	letter	letter
1948-Letter_from_Mr_Minoo_Masani_19-01-1965.pdf	1948	1965-01-19	1965		from	Minoo Masani	minoo-masani	resolved	letter	letter
1949-Letter_from_Mr_Minoo_Masani_18-01-1965.pdf	1949	1965-01-18	1965		from	Minoo Masani	minoo-masani	resolved	letter	letter
195-The_Challenge_Of_The_Chinese_Bomb-II.pdf	195									
1950-Letter_to_Mr_Minoo_Masani_08-01-1965.pdf	1950	1965-01-08	1965		to	Minoo Masani	minoo-masani	resolved	letter	letter
1951-Telegram_to_Mr_Minoo_Masani.pdf	1951				to	Minoo Masani	minoo-masani	resolved	telegram	telegram
1952-Letter_from_Mr_Minoo_Masani_15-12-1964.pdf	1952	1964-12-15	1964		from	Minoo Masani	minoo-masani	resolved	letter	letter
1953-Letter_to_Mr_Minoo_Masani_14-12-1964.pdf	1953	1964-12-14	1964		to	Minoo Masani	minoo-masani	resolved	letter	letter
1954-Letter_to_Mr_Minoo_Masani_14-12-1964.pdf	1954	1964-12-14	1964		to	Minoo Masani	minoo-masani	resolved	letter	letter
1955-Speech_of_PK_Deo_in_Lok_Sabha_04-12-1964.pdf	1955	1964-12-04	1964						speech	speech
1956-Letter_from_Kapur_Singh_26-11-1964.pdf	1956	1964-11-26	1964		from	Kapur Singh		unresolved	letter	letter
1957-Swatantra_Party_Circular_18-11-1964.pdf	1957	1964-11-18	1964						circular	circular
1958-Letter_to_Mr_Minoo_Masani_23-11-1964.pdf	1958	1964-11-23	1964		to	Minoo Masani	minoo-masani	resolved	letter	letter
1959-Letter_to_Mr_Minoo_Masani_17-11-1964.pdf	1959	1964-11-17	1964		to	Minoo Masani	minoo-masani	resolved	letter	letter
196-Masani_Pines_For_Army_Takeover-Z_Magazine.pdf	196									
1960-Letter_to_Sardar_Swaran_Singh_07-11-1964.pdf	1960	1964-11-07	1964		to	Swaran Singh		unresolved	letter	letter
1961-Letter_to_Sardar_Swaran_Singh_17-11-1964.pdf	1961	1964-11-17	1964		to	Swaran Singh		unresolved	letter	letter
1962-Letter_to_Rama_Swarup_19-08-1964.pdf	1962	1964-08-19	1964		to	Rama Swarup		unresolved	letter	letter
1963-Letter_to_AP_Jain_12-11-1964.pdf	1963	1964-11-12	1964		to	AP Jain		unresolved	letter	letter
1964-Letter_to_Mr_Minoo_Masani_30-10-1964.pdf	1964	1964-10-30	1964		to	Minoo Masani	minoo-masani	resolved	letter	letter
1965-Letter_to_AP_Jain_27-10-1964.pdf	1965	1964-10-27	1964		to	AP Jain		unresolved	letter	letter
1966-Letter_to_Mr_Minoo_Masani_23-10-1964.pdf	1966	1964-10-23	1964		to	Minoo Masani	minoo-masani	resolved	letter	letter
1967-Letter_from_N_Dandekar_03-10-1964.pdf	1967	1964-10-03	1964		from	N Dandekar	n-dandekar	resolved	letter	letter
1968-Letter_to_Mr_Minoo_Masani_01-10-1964.pdf	1968	1964-10-01	1964		to	Minoo Masani	minoo-masani	resolved	letter	letter
1969-Letter_from_Mr_Minoo_Masani_25-09-1964.pdf	1969	1964-09-25	1964		from	Minoo Masani	minoo-masani	resolved	letter	letter
197-He_Speaks_For_Indias_Conscience.pdf	197									
1970-Letter_to_Yashpal_Singh_22-09-1964.pdf	1970	1964-09-22	1964		to	Yashpal Singh		unresolved	letter	letter
1971-Letter_from_Mr_Minoo_Masani_25-09-1964.pdf	1971	1964-09-25	1964		from	Minoo Masani	minoo-masani	resolved	letter	letter
1972-Letter_to_Yashpal_Singh_22-09-1964.pdf	1972	1964-09-22	1964		to	Yashpal Singh		unresolved	letter	letter
1973-Letter_to_Mr_Minoo_Masani_16-09-1964.pdf	1973	1964-09-16	1964		to	Minoo Masani	minoo-masani	resolved	letter	letter
1974-Telegram_from_Mr_Minoo_Masani_05-09-1964.pdf	1974	1964-09-05	1964		from	Minoo Masani	minoo-masani	resolved	telegram	telegram
1975-Letter_to_AP_Jain_02-09-1964.pdf	1975	1964-09-02	1964		to	AP Jain		unresolved	letter	letter
1976-Letter_from_Mr_Minoo_Masani_01-09-1964.pdf	1976	1964-09-01	1964		from	Minoo Masani	minoo-masani	resolved	letter	letter
1977-Letter_from_Mr_Minoo_Masani_25-08-1964.pdf	1977	1964-08-25	1964		from	Minoo Masani	minoo-masani	resolved	letter	letter
1978-Letter_to_AP_Jain_21-08-1964.pdf	1978	1964-08-21	1964		to	AP Jain		unresolved	letter	letter
1979-Letter_to_Mr_Minoo_Masani_19-08-1964.pdf	1979	1964-08-19	1964		to	Minoo Masani	minoo-masani	resolved	letter	letter
198-Summary_of_Mr_Masanis_Speech_19-08-1963.pdf	198	1963-08-19	1963						speech	speech
1980-Swatantra_Party_Circular_17-08-1964.pdf	1980	1964-08-17	1964						circular	circular
1981-Meeting_of_Parliamentary_Group_06-09-1964.pdf	1981	1964-09-06	1964							
1982-Letter_to_Mr_Minoo_Masani_24-08-1964.pdf	1982	1964-08-24	1964		to	Minoo Masani	minoo-masani	resolved	letter	letter
1983-Letter_to_Mr_Minoo_Masani_20-08-1964.pdf	1983	1964-08-20	1964		to	Minoo Masani	minoo-masani	resolved	letter	letter
1984-Letter_to_AP_Jain_20-08-1964.pdf	1984	1964-08-20	1964		to	AP Jain		unresolved	letter	letter
1985-Letter_to_Mr_Minoo_Masani_29-07-1964.pdf	1985	1964-07-29	1964		to	Minoo Masani	minoo-masani	resolved	letter	letter
1986-Letter_to_Mr_Minoo_Masani_13-07-1964.pdf	1986	1964-07-13	1964		to	Minoo Masani	minoo-masani	resolved	letter	letter
1987-letter_from_AP_Jain_08-07-1964.pdf	1987	1964-07-08	1964		from	AP Jain		unresolved	letter	letter
1988-Letter_to_AP_Jain_04-07-1964.pdf	1988	1964-07-04	1964		to	AP Jain		unresolved	letter	letter
1989-Letter_to_Mr_Minoo_Masani_27-06-1964.pdf	1989	1964-06-27	1964		to	Minoo Masani	minoo-masani	resolved	letter	letter
199-The_Dilemma_of_The_Liberal.pdf	199									
1990-Letter_from_Mr_Minoo_Masani_24-06-1964.pdf	1990	1964-06-24	1964		from	Minoo Masani	minoo-masani	resolved	letter	letter
1991-Letter_to_AP_Jain_17-06-1964.pdf	1991	1964-06-17	1964		to	AP Jain		unresolved	letter	letter
1992-Letter_to_Mr_Minoo_Masani_13-06-1964.pdf	1992	1964-06-13	1964		to	Minoo Masani	minoo-masani	resolved	letter	letter
1993-A_Brief_But_Tragic_Session-The_Hindu_11-06-1964.pdf	1993	1964-06-11	1964							
1994-letter_from_AP_Jain_09-06-1964.pdf	1994	1964-06-09	1964		from	AP Jain		unresolved	letter	letter
1995-Letter_to_Babubhai_Vaidya_13-06-1964.pdf	1995	1964-06-13	1964		to	Babubhai Vaidya		unresolved	letter	letter
1996-Letter_to_Mr_Minoo_Masani_25-05-1964.pdf	1996	1964-05-25	1964		to	Minoo Masani	minoo-masani	resolved	letter	letter
1997-Letter_to_NG_Ranga_01-06-1964.pdf	1997	1964-06-01	1964		to	NG Ranga		unresolved	letter	letter
1998-Letter_from_HH_Maharaja_PK_Deo_01-06-1964.pdf	1998	1964-06-01	1964		from	HH Maharaja PK Deo		unresolved	letter	letter
1999-Letter_About_Swatantra_Party_Bills_03-05-1964.pdf	1999	1964-05-03	1964						letter	letter
2-Letter_to_Mr_Minoo_Masani_07-04-1971.pdf	2	1971-04-07	1971		to	Minoo Masani	minoo-masani	resolved	letter	letter
20-Letter_to_Mr_Bhikshu_Jannadas_26-03-1971.pdf	20	1971-03-26	1971		to	Bhikshu Jannadas		unresolved	letter	letter
200-UPASI_Annual_Conference-The_Planters_Chronicle.pdf	200									
2000-Letter_from_Mr_Minoo_Masani_01-05-1964.pdf	2000	1964-05-01	1964		from	Minoo Masani	minoo-masani	resolved	letter	letter
2001-Lok_Sabha_Bulletin-Part_II_29-04-1964.pdf	2001	1964-04-29	1964						bulletin	periodical_issue
2002-Lok_Sabha_Bulletin-Part_II_29-04-1964.pdf	2002	1964-04-29	1964						bulletin	periodical_issue
2003-The_Facts_Regarding_the_Nomination_21-04-1964.pdf	2003	1964-04-21	1964							
2004-Letter_to_Mr_Minoo_Masani_28-03-1964.pdf	2004	1964-03-28	1964		to	Minoo Masani	minoo-masani	resolved	letter	letter
2005-Statement_Showing_Arrears_of_Contribution_01-03-1964.pdf	2005	1964-03-01	1964						press_note	press_note
2006-Letter_from_Secretary_of_Mr_Minoo_Masani_06-04-1964.pdf	2006	1964-04-06	1964		from	Secretary of Mr Minoo Masani		not_a_person	letter	letter
2007-Letter_from_Mr_Minoo_Masani_31-03-1964.pdf	2007	1964-03-31	1964		from	Minoo Masani	minoo-masani	resolved	letter	letter
2008-Letter_from_Mr_Minoo_Masani_28-03-1964.pdf	2008	1964-03-28	1964		from	Minoo Masani	minoo-masani	resolved	letter	letter
2009-Letter_to_Mr_Minoo_Masani_23-03-1964.pdf	2009	1964-03-23	1964		to	Minoo Masani	minoo-masani	resolved	letter	letter
201-The_Four_Horse-Traders_Of_The_Indian_Apocalypse-The_Daily_Telegraph_24-09-1979.pdf	201	1979-09-24	1979							
2010-Letter_from_Mr_Minoo_Masani_17-03-1964.pdf	2010	1964-03-17	1964		from	Minoo Masani	minoo-masani	resolved	letter	letter
2011-Letter_from_Mr_Minoo_Masani_11-03-1964.pdf	2011	1964-03-11	1964		from	Minoo Masani	minoo-masani	resolved	letter	letter
2012-A_Meeting_of_the_Executive-Committee_of_the_Swatantra_Party_10-03-1964.pdf	2012	1964-03-10	1964							
2013-Ministry_of_Education.pdf	2013									
2014-Letter_to_Mr_Minoo_Masani_03-03-1964.pdf	2014	1964-03-03	1964		to	Minoo Masani	minoo-masani	resolved	letter	letter
2015-Constitution_of_Sanyukt_Sadachar_Samiti.pdf	2015									
2016-Summary_Record_of_the_Meeting_of_the_Samyukta_Sadachar_Samiti_24-02-1964.pdf	2016	1964-02-24	1964							
2017-Summary_Record_of_the_Proceedings_of_the_Meeting_26-02-1964.pdf	2017	1964-02-26	1964							
2018-Ministry_of_Home_Affairs.pdf	2018									
2019-Constitution_of_Sanyukt_Sadachar_Samiti.pdf	2019									
202-For_Favour_of_Publication_30-07-1963.pdf	202	1963-07-30	1963							
2020-Sanyukt_Sadachar_Samiti_Pledge.pdf	2020									
2021-Letter_from_Mr_Minoo_Masani_03-03-1964.pdf	2021	1964-03-03	1964		from	Minoo Masani	minoo-masani	resolved	letter	letter
2022-Letter_to_Mr_Minoo_Masani_21-02-1964.pdf	2022	1964-02-21	1964		to	Minoo Masani	minoo-masani	resolved	letter	letter
2023-Letter_to_AP_Jain_02-03-1964.pdf	2023	1964-03-02	1964		to	AP Jain		unresolved	letter	letter
2024-Letter_to_Mr_Minoo_Masani_29-02-1964.pdf	2024	1964-02-29	1964		to	Minoo Masani	minoo-masani	resolved	letter	letter
2025-Swatantra_Party_Circular_29-02-1964.pdf	2025	1964-02-29	1964						circular	circular
2026-Letter_to_PK_Deo_21-02-1964.pdf	2026	1964-02-21	1964		to	PK Deo		unresolved	letter	letter
2027-Letter_from_Mr_Minoo_Masani_20-02-1964.pdf	2027	1964-02-20	1964		from	Minoo Masani	minoo-masani	resolved	letter	letter
2028-Swatantra_Party_Circular_19-02-1964.pdf	2028	1964-02-19	1964						circular	circular
2029-Letter_from_Mr_Minoo_Masani.pdf	2029				from	Minoo Masani	minoo-masani	resolved	letter	letter
203-The_Time_to_Fight-Now_or_Never_28-07-1963.pdf	203	1963-07-28	1963							
2030-Letter_to_AP_Jain_21-01-1964.pdf	2030	1964-01-21	1964		to	AP Jain		unresolved	letter	letter
2031-Letter_from_Mr_Minoo_Masani_17-01-1964.pdf	2031	1964-01-17	1964		from	Minoo Masani	minoo-masani	resolved	letter	letter
2032-Telegram_from_Mr_Minoo_Masani_23-12-1963.pdf	2032	1963-12-23	1963		from	Minoo Masani	minoo-masani	resolved	telegram	telegram
2033-Swatantra_Party_Circular_06-12-1963.pdf	2033	1963-12-06	1963						circular	circular
2034-Telegram_from_Mr_Minoo_Masani_30-11-1963.pdf	2034	1963-11-30	1963		from	Minoo Masani	minoo-masani	resolved	telegram	telegram
2035-Letter_from_Mr_Minoo_Masani_27-11-1963.pdf	2035	1963-11-27	1963		from	Minoo Masani	minoo-masani	resolved	letter	letter
2036-Letter_to_NG_Ranga_16-11-1963.pdf	2036	1963-11-16	1963		to	NG Ranga		unresolved	letter	letter
2037-Letter_to_Mr_Minoo_Masani_06-11-1963.pdf	2037	1963-11-06	1963		to	Minoo Masani	minoo-masani	resolved	letter	letter
2038-Letter_to_AP_Jain_05-11-1963.pdf	2038	1963-11-05	1963		to	AP Jain		unresolved	letter	letter
2039-Letter_from_Mr_Minoo_Masani_22-08-1963.pdf	2039	1963-08-22	1963		from	Minoo Masani	minoo-masani	resolved	letter	letter
204-For_Favour_of_Publication_30-07-1963.pdf	204	1963-07-30	1963							
2040-Telegram_to_Mr_Minoo_Masani.pdf	2040				to	Minoo Masani	minoo-masani	resolved	telegram	telegram
2041-Letter_from_Mr_Minoo_Masani_16-08-1963.pdf	2041	1963-08-16	1963		from	Minoo Masani	minoo-masani	resolved	letter	letter
2042-Telegram_to_Mr_Minoo_Masani_13-08-1963.pdf	2042	1963-08-13	1963		to	Minoo Masani	minoo-masani	resolved	telegram	telegram
2043-Letter_to_Mr_Minoo_Masani_09-08-1963.pdf	2043	1963-08-09	1963		to	Minoo Masani	minoo-masani	resolved	letter	letter
2044-Letter_to_AP_Jain_07-08-1963.pdf	2044	1963-08-07	1963		to	AP Jain		unresolved	letter	letter
2045-Letter_from_Mr_Minoo_Masani_07-08-1963.pdf	2045	1963-08-07	1963		from	Minoo Masani	minoo-masani	resolved	letter	letter
2046-Letter_from_Mr_Minoo_Masani_07-08-1963.pdf	2046	1963-08-07	1963		from	Minoo Masani	minoo-masani	resolved	letter	letter
2047-Letter_from_Mr_Minoo_Masani_06-08-1963.pdf	2047	1963-08-06	1963		from	Minoo Masani	minoo-masani	resolved	letter	letter
2048-Letter_to_Mr_Minoo_Masani_05-08-1963.pdf	2048	1963-08-05	1963		to	Minoo Masani	minoo-masani	resolved	letter	letter
2049-Letter_to_Mr_Minoo_Masani_03-08-1963.pdf	2049	1963-08-03	1963		to	Minoo Masani	minoo-masani	resolved	letter	letter
205-The_Role_of_an_Opposition_Party_in_India_22-07-1963.pdf	205	1963-07-22	1963							
2050-Letter_to_Mr_Minoo_Masani_31-07-1963.pdf	2050	1963-07-31	1963		to	Minoo Masani	minoo-masani	resolved	letter	letter
2051-The_Common_Wealth_Club_of_India.pdf	2051									
2052-Letter_to_Mr_Minoo_Masani_27-07-1963.pdf	2052	1963-07-27	1963		to	Minoo Masani	minoo-masani	resolved	letter	letter
2053-Letter_to_AP_Jain_25-07-1963.pdf	2053	1963-07-25	1963		to	AP Jain		unresolved	letter	letter
2054-Letter_to_AP_Jain_24-07-1963.pdf	2054	1963-07-24	1963		to	AP Jain		unresolved	letter	letter
2055-Letter_to_Mr_Minoo_Masani_19-07-1963.pdf	2055	1963-07-19	1963		to	Minoo Masani	minoo-masani	resolved	letter	letter
2056-Swatantra_Party_Circular_29-06-1963.pdf	2056	1963-06-29	1963						circular	circular
2057-Letter_to_Mr_Minoo_Masani_26-06-1963.pdf	2057	1963-06-26	1963		to	Minoo Masani	minoo-masani	resolved	letter	letter
2058-Emergency_Must_Stay_Says_Munshi-The_Hindustan_Times_26-06-1963.pdf	2058	1963-06-26	1963							
2059-Letter_to_AP_Jain_18-06-1963.pdf	2059	1963-06-18	1963		to	AP Jain		unresolved	letter	letter
206-Article_sent_to_Industrial_and_Engineering_18-06-1963.pdf	206	1963-06-18	1963							
2060-Letter_to_Mr_Minoo_Masani_15-06-1963.pdf	2060	1963-06-15	1963		to	Minoo Masani	minoo-masani	resolved	letter	letter
2061-Letter_to_AP_Jain_12-06-1963.pdf	2061	1963-06-12	1963		to	AP Jain		unresolved	letter	letter
2062-Letter_to_Mr_Minoo_Masani_08-06-1963.pdf	2062	1963-06-08	1963		to	Minoo Masani	minoo-masani	resolved	letter	letter
2063-Letter_to_Mr_Minoo_Masani_07-06-1963.pdf	2063	1963-06-07	1963		to	Minoo Masani	minoo-masani	resolved	letter	letter
2064-Letter_to_Mr_Minoo_Masani_10-06-1963.pdf	2064	1963-06-10	1963		to	Minoo Masani	minoo-masani	resolved	letter	letter
2065-The_Conceot_of_the_Public_Good.pdf	2065									
2066-Workers_Participation_in_Management_by_Mr_Minoo_Masani.pdf	2066									
2067-Indias_Spriraling_Price_Line-MR_Pai.pdf	2067									
2068-What_is_the_Rupee.pdf	2068									
2069-Value_of_the_Rupee.pdf	2069									
207-For_Favour_of_Publication_14-07-1963.pdf	207	1963-07-14	1963							
2070-Is_World_Comparision_Valid.pdf	2070									
2071-Price_Rise_in_India_Cannot_be_Compared_With_the_Price_Elsewhere_in_the_World_for_the_Following_Reasons.pdf	2071									
2072-Whereas_in_India.pdf	2072									
2073-Aggravating_Factors.pdf	2073									
2074-Centralised_Comprehensive_Planning.pdf	2074									
2075-The_Natural_Order_of_Economic_Growth.pdf	2075									
2076-Under_the_Centralised_Comprehensive_Planning.pdf	2076									
2077-Centralised_Comprehensive_Planning_has_Another_Characterstic.pdf	2077									
2078-Profits_of_the_Public_Sector_and_Government_Undertakings.pdf	2078									
2079-Return_on_State_Investments.pdf	2079									
208-Mr_Masanis_Speech_At_Sundarbai_Hall.pdf	208								speech	speech
2080-The_Amount_Invested_in_Public_Sector_Undertakings.pdf	2080									
2081-Short_Term_Causes.pdf	2081									
2082-State_Takeover_of_Wholesale_Wheat_Trade_in_April_1973.pdf	2082	1973-04	1973							
2083-Demonetisation.pdf	2083									
2084-Black_Money.pdf	2084									
2085-Nationalisation_the_third_Suggested_Remedy.pdf	2085									
2086-Consumer_Resistance.pdf	2086									
2087-The_Real_Answer_to_the_Problem_of_Inflation.pdf	2087									
2088-The_Public_Sector-Consolidation_of.pdf	2088									
2089-Foundation_of_Economic_Growth_Savings.pdf	2089									
209-For_Favour_of_Publication_04-06-1963.pdf	209	1963-06-04	1963							
2090-Tax_Reduction.pdf	2090									
2091-Inflation.pdf	2091									
2092-Meeting_of_Swatantra_Party_24-01-1977.pdf	2092	1977-01-24	1977							
2093-Letter_from_SV_Raju_28-01-1977.pdf	2093	1977-01-28	1977		from	SV Raju	s-v-raju	resolved	letter	letter
2094-Letter_to_SV_Raju_05-01-1977.pdf	2094	1977-01-05	1977		to	SV Raju	s-v-raju	resolved	letter	letter
2095-Letter_from_SV_Raju_20-01-1977.pdf	2095	1977-01-20	1977		from	SV Raju	s-v-raju	resolved	letter	letter
2096-Telegram_Receipt.pdf	2096								telegram	telegram
2097-Letter_from_SV_Raju_20-01-1977.pdf	2097	1977-01-20	1977		from	SV Raju	s-v-raju	resolved	letter	letter
2098-Telegram_to_S_V_Raju_19-01-1977.pdf	2098	1977-01-19	1977		to	S V Raju	s-v-raju	resolved	telegram	telegram
2099-Letter_from_SV_Raju_10-01-1977.pdf	2099	1977-01-10	1977		from	SV Raju	s-v-raju	resolved	letter	letter
21-Letter_to_Mr_Minoo_Masani_23-03-1971.pdf	21	1971-03-23	1971		to	Minoo Masani	minoo-masani	resolved	letter	letter
210-Remarks_of_Mr_Minoo_Masani_at_a_Public_Meeting_11-04-1963.pdf	210	1963-04-11	1963							
2100-Letter_to_SV_Raju_06-01-1977.pdf	2100	1977-01-06	1977		to	SV Raju	s-v-raju	resolved	letter	letter
2101-Letter_from_SV_Raju_10-01-1977.pdf	2101	1977-01-10	1977		from	SV Raju	s-v-raju	resolved	letter	letter
2102-Letter_to_SV_Raju_03-01-1977.pdf	2102	1977-01-03	1977		to	SV Raju	s-v-raju	resolved	letter	letter
2103-Letter_from_SV_Raju_28-12-1976.pdf	2103	1976-12-28	1976		from	SV Raju	s-v-raju	resolved	letter	letter
2104-Letter_from_SV_Raju_29-12-1976.pdf	2104	1976-12-29	1976		from	SV Raju	s-v-raju	resolved	letter	letter
2105-Letter_to_SV_Raju_15-12-1976.pdf	2105	1976-12-15	1976		to	SV Raju	s-v-raju	resolved	letter	letter
2106-Letter_from_SV_Raju_08-12-1976.pdf	2106	1976-12-08	1976		from	SV Raju	s-v-raju	resolved	letter	letter
2107-Letter_from_SV_Raju.pdf	2107				from	SV Raju	s-v-raju	resolved	letter	letter
2108-Letter_to_SV_Raju_04-12-1976.pdf	2108	1976-12-04	1976		to	SV Raju	s-v-raju	resolved	letter	letter
2109-Letter_from_VS_Srikumar_26-11-1976.pdf	2109	1976-11-26	1976		from	VS Srikumar		unresolved	letter	letter
211-Address_By_The_Chief_Guest.pdf	211								speech	speech
2110-Letter_to_SV_Raju_22-11-1976.pdf	2110	1976-11-22	1976		to	SV Raju	s-v-raju	resolved	letter	letter
2111-Letter_to_SV_Raju_30-11-1976.pdf	2111	1976-11-30	1976		to	SV Raju	s-v-raju	resolved	letter	letter
2112-Criminal_Appeal_No-414_1976.pdf	2112	1976	1976							
2113-Letter_from_SV_Raju_31-03-1976.pdf	2113	1976-03-31	1976		from	SV Raju	s-v-raju	resolved	letter	letter
2114-Letter_from_SV_Raju_12-11-1976.pdf	2114	1976-11-12	1976		from	SV Raju	s-v-raju	resolved	letter	letter
2115-Letter_from_SV_Raju_10-11-1976.pdf	2115	1976-11-10	1976		from	SV Raju	s-v-raju	resolved	letter	letter
2116-Letter_to_SV_Raju_04-11-1976.pdf	2116	1976-11-04	1976		to	SV Raju	s-v-raju	resolved	letter	letter
2117-Letter_to_SV_Raju_27-10-1976.pdf	2117	1976-10-27	1976		to	SV Raju	s-v-raju	resolved	letter	letter
2118-A_Tired_Document_from_Tired_Men-Freedom_First.pdf	2118									
2119-Draft_Policy_Statement_for_the_Janata_Party.pdf	2119								press_note	press_note
212-A_Lethal_Budget-Freedom_First-April-1963.pdf	212	1963-04	1963							
2120-Swatantra_Says_No_Mandate-Statesman_28-10-1976.pdf	2120	1976-10-28	1976							
2121-Letter_from_SV_Raju_01-10-1976.pdf	2121	1976-10-01	1976		from	SV Raju	s-v-raju	resolved	letter	letter
2122-Letter_from_VS_Srikumar_17-09-1976.pdf	2122	1976-09-17	1976		from	VS Srikumar		unresolved	letter	letter
2123-Letter_to_SV_Raju_14-09-1976.pdf	2123	1976-09-14	1976		to	SV Raju	s-v-raju	resolved	letter	letter
2124-Letter_to_SV_Raju_26-08-1976.pdf	2124	1976-08-26	1976		to	SV Raju	s-v-raju	resolved	letter	letter
2125-Letter_to_SV_Raju_14-08-1976.pdf	2125	1976-08-14	1976		to	SV Raju	s-v-raju	resolved	letter	letter
2126-Letter_to_SV_Raju_22-07-1976.pdf	2126	1976-07-22	1976		to	SV Raju	s-v-raju	resolved	letter	letter
2127-Letter_to_SV_Raju_04-07-1976.pdf	2127	1976-07-04	1976		to	SV Raju	s-v-raju	resolved	letter	letter
2128-Meeting_of_the_National_Executive_of_the_Swatantra_Party_29-06-1976.pdf	2128	1976-06-29	1976							
2129-Letter_to_SV_Raju_02-07-1976.pdf	2129	1976-07-02	1976		to	SV Raju	s-v-raju	resolved	letter	letter
213-Mr_Masanis_Speech_At_Sundarbai_Hall_25-03-1963.pdf	213	1963-03-25	1963						speech	speech
2130-Swatantra_to_Keep_off-The_Indian_Express_29-06-1976.pdf	2130	1976-06-29	1976						press_note	press_note
2131-Swatantra_Terms_for_Merger-Times_of_India_29-06-1976.pdf	2131	1976-06-29	1976							
2132-Letter_to_SV_Raju_26-06-1976.pdf	2132	1976-06-26	1976		to	SV Raju	s-v-raju	resolved	letter	letter
2133-Resolution_on_the_Formation_of_the_New_Party.pdf	2133								resolution	resolution
2134-Letters_from_bhanu_Pratap_Singh_25-06-1976.pdf	2134	1976-06-25	1976		from	bhanu Pratap Singh	bhanu-pratap-singh	resolved	letter	letter
2135-Letter_to_SV_Raju_09-06-1976.pdf	2135	1976-06-09	1976		to	SV Raju	s-v-raju	resolved	letter	letter
2136-Letter_from_SV_Raju_08-06-1976.pdf	2136	1976-06-08	1976		from	SV Raju	s-v-raju	resolved	letter	letter
2137-Letter_to_SV_Raju_24-05-1976.pdf	2137	1976-05-24	1976		to	SV Raju	s-v-raju	resolved	letter	letter
2138-Letter_to_SV_Raju_19-05-1976.pdf	2138	1976-05-19	1976		to	SV Raju	s-v-raju	resolved	letter	letter
2139-Letter_to_SV_Raju_07-05-1976.pdf	2139	1976-05-07	1976		to	SV Raju	s-v-raju	resolved	letter	letter
214-For_Favour_of_Publication_16-03-1963.pdf	214	1963-03-16	1963							
2140-Letter_from_VS_Srikumar_21-01-1976.pdf	2140	1976-01-21	1976		from	VS Srikumar		unresolved	letter	letter
2141-Meeting_of_the_National_Executive_and_the_National_General_Council_29-11-1975.pdf	2141	1975-11-29	1975							
2142-Swatantra_Party_Circular_11-02-1976.pdf	2142	1976-02-11	1976						circular	circular
2143-Meeting_of_the_Members_of_the_Congress_21-03-1976.pdf	2143	1976-03-21	1976							
2144-Letter_to_Jayaprakash.pdf	2144				to	Jayaprakash		unresolved	letter	letter
2145-Receipt_of_Donation_No-127_02-12-1975.pdf	2145	1975-12-02	1975							
2146-Letter_to_SV_Raju_01-12-1975.pdf	2146	1975-12-01	1975		to	SV Raju	s-v-raju	resolved	letter	letter
2147-Letter_to_SV_Raju_27-11-1975.pdf	2147	1975-11-27	1975		to	SV Raju	s-v-raju	resolved	letter	letter
2148-Statement_Given_by_Girish_Munshi.pdf	2148								press_note	press_note
2149-Letter_to_SV_Raju_11-06-1975.pdf	2149	1975-06-11	1975		to	SV Raju	s-v-raju	resolved	letter	letter
215-The_Budget-A_Victory_For_Communist_China.pdf	215									
2150-Letter_to_SV_Raju_07-06-1975.pdf	2150	1975-06-07	1975		to	SV Raju	s-v-raju	resolved	letter	letter
2151-Letter_to_Mr_Girish_Munshi_22-05-1975.pdf	2151	1975-05-22	1975		to	Girish Munshi		unresolved	letter	letter
2152-Letter_to_SV_Raju.pdf	2152				to	SV Raju	s-v-raju	resolved	letter	letter
2153-Receipt_of_Donation_No-141_20-05-1975.pdf	2153	1975-05-20	1975							
2154-Letter_to_SV_Raju_12-05-1975.pdf	2154	1975-05-12	1975		to	SV Raju	s-v-raju	resolved	letter	letter
2155-Letter_from_VS_Srikumar_26-04-1975.pdf	2155	1975-04-26	1975		from	VS Srikumar		unresolved	letter	letter
2156-Letter_to_Radhakrishna_07-04-1975.pdf	2156	1975-04-07	1975		to	Radhakrishna		unresolved	letter	letter
2157-Letter_to_Mr_Girish_Munshi_19-04-1975.pdf	2157	1975-04-19	1975		to	Girish Munshi		unresolved	letter	letter
2158-letter_from_Mr_Girish_Munshi_01-05-1975.pdf	2158	1975-05-01	1975		from	Girish Munshi		unresolved	letter	letter
2159-Minutes_of_the_Meeting_of_the_National_Executive_of_the_Swatantra_Party_09-04-1975.pdf	2159	1975-04-09	1975						minutes	minutes
216-For_Favour_of_Publication_08-03-1963.pdf	216	1963-03-08	1963							
2160-Letter_to_SV_Raju_05-04-1975.pdf	2160	1975-04-05	1975		to	SV Raju	s-v-raju	resolved	letter	letter
2161-Letter_to_SV_Raju_31-03-1975.pdf	2161	1975-03-31	1975		to	SV Raju	s-v-raju	resolved	letter	letter
2162-Letter_to_SV_Raju_31-03-1975.pdf	2162	1975-03-31	1975		to	SV Raju	s-v-raju	resolved	letter	letter
2163-Letter_to_SV_Raju_30-03-1975.pdf	2163	1975-03-30	1975		to	SV Raju	s-v-raju	resolved	letter	letter
2164-Receipt_of_Donation_No-107_29-03-1975.pdf	2164	1975-03-29	1975							
2165-Letter_to_SV_Raju_28-03-1975.pdf	2165	1975-03-28	1975		to	SV Raju	s-v-raju	resolved	letter	letter
2166-Letter_to_SV_Raju_19-03-1975.pdf	2166	1975-03-19	1975		to	SV Raju	s-v-raju	resolved	letter	letter
2167-Letter_to_SV_Raju_25-03-1975.pdf	2167	1975-03-25	1975		to	SV Raju	s-v-raju	resolved	letter	letter
2168-Letter_to_SV_Raju_04-03-1975.pdf	2168	1975-03-04	1975		to	SV Raju	s-v-raju	resolved	letter	letter
2169-National_Headquarters_Circular_no.pdf	2169								circular	circular
217-For_Favour_of_Publication_22-01-1963.pdf	217	1963-01-22	1963							
2170-Letter_from_SV_Raju_28-02-1975.pdf	2170	1975-02-28	1975		from	SV Raju	s-v-raju	resolved	letter	letter
2171-Letter_from_SV_Raju_18-02-1975.pdf	2171	1975-02-18	1975		from	SV Raju	s-v-raju	resolved	letter	letter
2172-Letter_to_SV_Raju_24-02-1975.pdf	2172	1975-02-24	1975		to	SV Raju	s-v-raju	resolved	letter	letter
2173-Letter_to_SV_Raju_16-02-1975.pdf	2173	1975-02-16	1975		to	SV Raju	s-v-raju	resolved	letter	letter
2174-Letter_to_SV_Raju_05-02-1975.pdf	2174	1975-02-05	1975		to	SV Raju	s-v-raju	resolved	letter	letter
2175-Letter_to_SV_Raju_16-01-1975.pdf	2175	1975-01-16	1975		to	SV Raju	s-v-raju	resolved	letter	letter
2176-Letter_to_SV_Raju_16-01-1975.pdf	2176	1975-01-16	1975		to	SV Raju	s-v-raju	resolved	letter	letter
2177-Letter_to_SV_Raju_15-01-1975.pdf	2177	1975-01-15	1975		to	SV Raju	s-v-raju	resolved	letter	letter
2178-Letter_to_Piloo_Mody_15-01-1975.pdf	2178	1975-01-15	1975		to	Piloo Mody	piloo-mody	resolved	letter	letter
2179-Letter_to_SV_Raju_13-01-1975.pdf	2179	1975-01-13	1975		to	SV Raju	s-v-raju	resolved	letter	letter
218-Speech_of_Mr_Minoo_Masani_21-01-1963.pdf	218	1963-01-21	1963						speech	speech
2180-Letter_from_SV_Raju_10-01-1975.pdf	2180	1975-01-10	1975		from	SV Raju	s-v-raju	resolved	letter	letter
2181-Letter_from_VS_Srikumar_08-01-1974.pdf	2181	1974-01-08	1974		from	VS Srikumar		unresolved	letter	letter
2182-letter_from_Mr_Girish_Munshi_04-01-1975.pdf	2182	1975-01-04	1975		from	Girish Munshi		unresolved	letter	letter
2183-Letter_to_SV_Raju_01-01-1975.pdf	2183	1975-01-01	1975		to	SV Raju	s-v-raju	resolved	letter	letter
2184-Letter_from_SV_Raju_14-03-1974.pdf	2184	1974-03-14	1974		from	SV Raju	s-v-raju	resolved	letter	letter
2185-Letter_from_SV_Raju_14-03-1974.pdf	2185	1974-03-14	1974		from	SV Raju	s-v-raju	resolved	letter	letter
2186-Letter_to_Ganapaiah_04-03-1974.pdf	2186	1974-03-04	1974		to	Ganapaiah		unresolved	letter	letter
2187-Letter_from_SV_Raju_14-03-1974.pdf	2187	1974-03-14	1974		from	SV Raju	s-v-raju	resolved	letter	letter
2188-Letter_from_Mr_Minoo_Masani_13-03-1973.pdf	2188	1973-03-13	1973		from	Minoo Masani	minoo-masani	resolved	letter	letter
2189-Letter_from_Mr_Minoo_Masani_15-03-1973.pdf	2189	1973-03-15	1973		from	Minoo Masani	minoo-masani	resolved	letter	letter
219-For_Favour_of_Publication_21-01-1963.pdf	219	1963-01-21	1963							
2190-Letter_to_Mr_Minoo_Masani_08-03-1973.pdf	2190	1973-03-08	1973		to	Minoo Masani	minoo-masani	resolved	letter	letter
2191-Minutes_of_the_Meeting_of_the_National_Executive_07-10-1972.pdf	2191	1972-10-07	1972						minutes	minutes
2192-Letter_from_Mr_Minoo_Masani_23-10-1972.pdf	2192	1972-10-23	1972		from	Minoo Masani	minoo-masani	resolved	letter	letter
2193-Minutes_of_the_Fourth_Meeting_of_the_General_Council_25-06-1972.pdf	2193	1972-06-25	1972						minutes	minutes
2194-Letter_from_Mr_Minoo_Masani_13-06-1972.pdf	2194	1972-06-13	1972		from	Minoo Masani	minoo-masani	resolved	letter	letter
2195-Letter_to_Mr_Minoo_Masani_02-04-1972.pdf	2195	1972-04-02	1972		to	Minoo Masani	minoo-masani	resolved	letter	letter
2196-Letter_from_Mr_Minoo_Masani_23-05-1972.pdf	2196	1972-05-23	1972		from	Minoo Masani	minoo-masani	resolved	letter	letter
2197-Letter_to_Mr_Minoo_Masani_17-05-1972.pdf	2197	1972-05-17	1972		to	Minoo Masani	minoo-masani	resolved	letter	letter
2198-Letter_from_Mr_Minoo_Masani_23-05-1972.pdf	2198	1972-05-23	1972		from	Minoo Masani	minoo-masani	resolved	letter	letter
2199-Letter_to_Mr_Minoo_Masani_20-05-1972.pdf	2199	1972-05-20	1972		to	Minoo Masani	minoo-masani	resolved	letter	letter
22-Letter_to_Mr_Minoo_Masani_25-03-1971.pdf	22	1971-03-25	1971		to	Minoo Masani	minoo-masani	resolved	letter	letter
220-Time_to_Fight-Now_or_Never_28-11-1962.pdf	220	1962-11-28	1962							
2200-Letter_from_Mr_Minoo_Masani_23-05-1972.pdf	2200	1972-05-23	1972		from	Minoo Masani	minoo-masani	resolved	letter	letter
2201-Letter_to_Mr_Minoo_Masani_17-05-1972.pdf	2201	1972-05-17	1972		to	Minoo Masani	minoo-masani	resolved	letter	letter
2202-Letter_from_Mr_Minoo_Masani_18-05-1972.pdf	2202	1972-05-18	1972		from	Minoo Masani	minoo-masani	resolved	letter	letter
2203-Letter_to_Mr_Minoo_Masani_15-05-1972.pdf	2203	1972-05-15	1972		to	Minoo Masani	minoo-masani	resolved	letter	letter
2204-Letter_from_Mr_Minoo_Masani_21-03-1972.pdf	2204	1972-03-21	1972		from	Minoo Masani	minoo-masani	resolved	letter	letter
2205-Letter_to_Mr_Minoo_Masani_17-03-1972.pdf	2205	1972-03-17	1972		to	Minoo Masani	minoo-masani	resolved	letter	letter
2206-Letter_to_Dhyan_S_Makhija_29-11-1971.pdf	2206	1971-11-29	1971		to	Dhyan S Makhija		unresolved	letter	letter
2207-Letter_to_Mr_Minoo_Masani_20-11-1971.pdf	2207	1971-11-20	1971		to	Minoo Masani	minoo-masani	resolved	letter	letter
2208-Letter_from_Mr_Minoo_Masani_02-11-1971.pdf	2208	1971-11-02	1971		from	Minoo Masani	minoo-masani	resolved	letter	letter
2209-The_Draft_Election_Manifesto_of_the_Swatantra_Party_March-1960.pdf	2209	1960-03	1960						manifesto	occasional_paper
221-India_The_Aftermath-New_Outlook_15-01-1963.pdf	221	1963-01-15	1963							
2210-The_Draft_Election_Manifesto_of_the_Swatantra_Party_March-1960.pdf	2210	1960-03	1960						manifesto	occasional_paper
2211-The_Draft_Election_Manifesto_of_the_Swatantra_Party.pdf	2211								manifesto	occasional_paper
2212-Letter_from_Mr_Minoo_Masani_28-10-1971.pdf	2212	1971-10-28	1971		from	Minoo Masani	minoo-masani	resolved	letter	letter
2213-Letter_to_Mr_Minoo_Masani_15-10-1971.pdf	2213	1971-10-15	1971		to	Minoo Masani	minoo-masani	resolved	letter	letter
2214-Meeting_of_the_Mysore_State_Excutive_Committee_19-09-1971.pdf	2214	1971-09-19	1971							
2215-Letter_to_N_K_Ganapaiah_26-10-1971.pdf	2215	1971-10-26	1971		to	N K Ganapaiah		unresolved	letter	letter
2216-Letter_from_Mr_Minoo_Masani_02-08-1971.pdf	2216	1971-08-02	1971		from	Minoo Masani	minoo-masani	resolved	letter	letter
2217-Letter_from_Mr_Minoo_Masani_02-08-1971.pdf	2217	1971-08-02	1971		from	Minoo Masani	minoo-masani	resolved	letter	letter
2218-Letter_to_Mr_Minoo_Masani_03-06-1971.pdf	2218	1971-06-03	1971		to	Minoo Masani	minoo-masani	resolved	letter	letter
2219-Letter_from_Mr_Minoo_Masani_07-05-1971.pdf	2219	1971-05-07	1971		from	Minoo Masani	minoo-masani	resolved	letter	letter
222-A_Democracy_At_War_22-11-1962.pdf	222	1962-11-22	1962							
2220-Letter_from_Mr_Minoo_Masani_21-04-1971.pdf	2220	1971-04-21	1971		from	Minoo Masani	minoo-masani	resolved	letter	letter
2221-Letter_from_Mr_Minoo_Masani_21-04-1971.pdf	2221	1971-04-21	1971		from	Minoo Masani	minoo-masani	resolved	letter	letter
2222-Letter_to_Mr_Minoo_Masani_14-04-1971.pdf	2222	1971-04-14	1971		to	Minoo Masani	minoo-masani	resolved	letter	letter
2223-Letter_from_Mr_Minoo_Masani_15-04-1971.pdf	2223	1971-04-15	1971		from	Minoo Masani	minoo-masani	resolved	letter	letter
2224-Letter_to_Mr_Minoo_Masani_03-04-1971.pdf	2224	1971-04-03	1971		to	Minoo Masani	minoo-masani	resolved	letter	letter
2225-Letter_to_Mr_Minoo_Masani_12-04-1971.pdf	2225	1971-04-12	1971		to	Minoo Masani	minoo-masani	resolved	letter	letter
2226-Letter_to_Mr_Minoo_Masani_23-10-1971.pdf	2226	1971-10-23	1971		to	Minoo Masani	minoo-masani	resolved	letter	letter
2227-Lok_Sabha_Poll_Picture_At_A_Glance-1952-71-Times_Of_India_31-03-1971.pdf	2227	1971-03-31	1971							
2228-Letter_to_Mr_Maharaja_Natwarsingh_05-11-1971.pdf	2228	1971-11-05	1971		to	Maharaja Natwarsingh		unresolved	letter	letter
2229-Jan_Sangh_and_Muslim_Politics-january-March-1971.pdf	2229	1971-03	1971							
223-Annexure-B.pdf	223									
2230-Hindu_Chauvinism-Study_In_Growth-January-March-1970.pdf	2230	1970-03	1970							
2231-Masani_Flays_Partys_Role_In_Orissa-Times_Of_India_15-04-1973.pdf	2231	1973-04-15	1973							
2232-The_Swatantra_Convention-Statesman_17-04-1973.pdf	2232	1973-04-17	1973						souvenir	edited_volume
2233-Swatantras_Capers-Times_Of_India.pdf	2233									
2234-Singh_Deo_Slams_Back_At_Masani_18-04-1973.pdf	2234	1973-04-18	1973							
2235-Singh_Deo_Defends_Ties_With_Biju_Patnaik-Hindustan_Times_19-04-1973.pdf	2235	1973-04-19	1973							
2236-Singh_Deo_Lashes_Out_At_Masani-Times_Of_India_19-04-1973.pdf	2236	1973-04-19	1973							
2237-Not_Holding_The_Reins_Of_Govt_But_Dispelling_The_Congress_Socialist_Miasma_must_Be_sRatantra_Role_22-01-1973.pdf	2237	1973-01-22	1973							
2238-Fall_Out_From_The_Swatantra_National_Convention_23-04-1973.pdf	2238	1973-04-23	1973						souvenir	edited_volume
2239-Swatantra_Asks_Centre_To_End_All_Controls_16-04-1973.pdf	2239	1973-04-16	1973							
224-For_Favour_of_Publication_06-11-1962.pdf	224	1962-11-06	1962							
2240-Masani_Sees_Stranglehold-Indian_Express_16-04-1973.pdf	2240	1973-04-16	1973						press_note	press_note
2241-Split_AP_Demands_Swatantra_Party-Times_Of_India_16-04-1973.pdf	2241	1973-04-16	1973							
2242-Tide_In_Favour_Of_Swatantra-Piloo-Times_Of_India_15-04-1973.pdf	2242	1973-04-15	1973							
2243-Need_To_Resurrect_Swatantra_Party_Stressed_At_Session-Statesman_15-04-1973.pdf	2243	1973-04-15	1973							
2244-Swatantra_Shift_To_Radicalism-Indian_Express_15-04-1973.pdf	2244	1973-04-15	1973						press_note	press_note
2245-Swatantra_Can_Form_Govt_In_1976-Piloo_Mody-Hindustan_Times_15-04-1973.pdf	2245	1973-04-15	1973							
2246-Swatantra_Party_Men_Urged_To_Aim_High_&_Work_Hard-Statesman_14-04-1973.pdf	2246	1973-04-14	1973							
2247-Writ_Puts_Govt_In_Tight_Spot_17-09-1987.pdf	2247	1987-09-17	1987							
2248-Challenging_A_Monopoly.pdf	2248									
2249-Television_Sans_Vision-The_Sunday_Free_Press_Journal_13-09-1987.pdf	2249	1987-09-13	1987						press_note	press_note
225-Annexure-A-Statement_on_the_Current_Emergency.pdf	225								press_note	press_note
2250-Bengal_Withdraws_From_AIR_TV_Panels-Times_Of_India_15-09-1987.pdf	2250	1987-09-15	1987							
2251-Monopoly_On_AIR_&_TV_Challenged-The_Statesman_11-09-1987.pdf	2251	1987-09-11	1987							
2252-Petition_Against_Govt_Monopoly_In_Broadcasting-The_Hindustan_Times_10-09-1987.pdf	2252	1987-09-10	1987							
2253-Monopoly_On_AIR_&_TV_Challenged-The_Statesman_11-09-1987.pdf	2253	1987-09-11	1987							
2254-Doordarshan-Denying_The_Peoples_Right_To_Know-Freedom_First-April-1987.pdf	2254	1987-04	1987							
2255-SC_Directive_On_AIR_TV_Autonomy_Plea-Indian_Express_29-04-1987.pdf	2255	1987-04-29	1987						press_note	press_note
2256-Writ_Puts_Govt_In_Tight_Spot-The_Afternoon_Despatch_&_Courier_17-09-1987.pdf	2256	1987-09-17	1987							
2257-Doordarshan_In_Wrong-The_Times_Of_India_16-09-1987.pdf	2257	1987-09-16	1987							
2258-IOA_Blasts_Doordarshan-Times_Of_India_16-09-1987.pdf	2258	1987-09-16	1987							
2259-Govt_Monopoly_Over_Radio_TV_Illegal-Indian_Express_11-09-1987.pdf	2259	1987-09-11	1987						press_note	press_note
226-Speech_of_Mr_Minoo_Masani_31-10-1962.pdf	226	1962-10-31	1962						speech	speech
2260-Monopoly_Over_Radio_TV_Illegal-Indian_Express_10-09-1987.pdf	2260	1987-09-10	1987						press_note	press_note
2261-Writ_Puts_Govt_In_Tight_Spot-The_Afternoon_Despatch_&_Courier_17-09-1987.pdf	2261	1987-09-17	1987							
2262-The_High_Court_Of_Judicature_At_Bombay_Civil_Jurisdication_Writ_Petition_No-2955.pdf	2262		2955	year_out_of_range						
2263-Get_Out_Soonest.pdf	2263									
2264-Who_Owns_The_Air-Express_Magazine_11-10-1987.pdf	2264	1987-10-11	1987						press_note	press_note
2265-Radio_Not_Second_Channel_Can_Help_States_03-10-1987.pdf	2265	1987-10-03	1987							
2266-Challenging_A_Monopoly_06-10-1987.pdf	2266	1987-10-06	1987							
2267-Patwardhan_Files_Writ_Plea_Against_Doordarshan-Indian_Express_24-08-1987.pdf	2267	1987-08-24	1987						press_note	press_note
2268-SC_Directive_On_AIR_TV_Autonomy_Plea-Indian_Express_29-04-1987.pdf	2268	1987-04-29	1987						press_note	press_note
2269-Letter_to_Mr_Minoo_Masani_13-11-1987.pdf	2269	1987-11-13	1987		to	Minoo Masani	minoo-masani	resolved	letter	letter
227-For_Favour_of_Publication_31-10-1962.pdf	227	1962-10-31	1962							
2270-Letter_to_Mr_K_S_Venkateshwaran_27-11-1987.pdf	2270	1987-11-27	1987		to	K S Venkateshwaran		unresolved	letter	letter
2271-Letter_to_Mr_Naoroz_Seervai_08-04-1987.pdf	2271	1987-04-08	1987		to	Naoroz Seervai		unresolved	letter	letter
2272-The_High_Court_Of_Judicature_At_Bombay_Civil_Jurisdication_Writ_Petition_No-2955.pdf	2272		2955	year_out_of_range						
2273-Doordarshan_A_Study_Of_Its_News_In_English_31-01-1987.pdf	2273	1987-01-31	1987							
2274-Too_Much_Projection_Of_Ministers.pdf	2274									
2275-Subpression_And_Censorship_Of_Inconvenient_News.pdf	2275								press_note	press_note
2276-Loaded_and_Distorted_News.pdf	2276									
2277-The_Fundamental_Rights_Under_The_Constitution_And_The_Supreme_Court.pdf	2277									
2278-The_Critical_Moment.pdf	2278									
2279-Swatantra_Party_Constitution_14-04-1973.pdf	2279	1973-04-14	1973							
228-Swatantra_Answer_to_Chinese_Communist_Challenge.pdf	228									
2280-Telegram-Dissolution_Of_Swatantra_Party_14-04-1973.pdf	2280	1973-04-14	1973						telegram	telegram
2281-Resolution_For_Consideration_By_The_National_Convention_Of_Swatantra_Party_04-08-1974.pdf	2281	1974-08-04	1974						resolution	resolution
2282-Resolution_On_National_Convention_Swatantra_Party_04-08-1974.pdf	2282	1974-08-04	1974						resolution	resolution
2283-In_The_Bombay_City_Civil_Court_At_Bombay.pdf	2283									
2284-Letter_to_Mr_G_K_Munshi_06-05-1975.pdf	2284	1975-05-06	1975		to	G K Munshi		unresolved	letter	letter
2285-Rent_and_Electricity_Charges_For_The_Month_Dec-1975_15-01-1976.pdf	2285	1976-01-15	1976							
2286-Rent_and_Electricity_Charges_For_The_Month_Nov-1975_17-12-1975.pdf	2286	1975-12-17	1975							
2287-Rent_and_Electricity_Charges_For_The_Month_Oct-1975_17-11-1975.pdf	2287	1975-11-17	1975							
2288-Rent_and_Electricity_Charges_For_The_Month_Sep-1975_11-10-1975.pdf	2288	1975-10-11	1975							
2289-Rent_and_Electricity_Charges_For_The_Month_Aug-1975_19-09-1975.pdf	2289	1975-09-19	1975							
229-Speech_of_Mr_Minoo_Masani_25-09-1962.pdf	229	1962-09-25	1962						speech	speech
2290-Rent_and_Electricity_Charges_For_The_Month_July-1975_11-08-1975.pdf	2290	1975-08-11	1975							
2291-Rent_and_Electricity_Charges_For_The_Month_June-1975_23-07-1975.pdf	2291	1975-07-23	1975							
2292-Rent_and_Electricity_Charges_For_The_Month_May-1975_20-06-1975.pdf	2292	1975-06-20	1975							
2293-Rent_and_Electricity_Charges_For_The_Month_Apr-1975_20-05-1975.pdf	2293	1975-05-20	1975							
2294-Letter_to_Mr_V_P_Bhatia_14-05-1975.pdf	2294	1975-05-14	1975		to	V P Bhatia		unresolved	letter	letter
2295-Letter_to_Mr_Girish_22-04-1975.pdf	2295	1975-04-22	1975		to	Girish		unresolved	letter	letter
2296-Letter_to_Mr_V_P_Bhatia_14-05-1975.pdf	2296	1975-05-14	1975		to	V P Bhatia		unresolved	letter	letter
2297-Letter_to_Swatantra_Party_06-05-1975.pdf	2297	1975-05-06	1975		to	Swatantra Party		not_a_person	letter	letter
2298-Letter_to_Mr_Piloo_Mody_06-05-1975.pdf	2298	1975-05-06	1975		to	Piloo Mody	piloo-mody	resolved	letter	letter
2299-Rent_and_Electricity_Charges_For_The_Month_Mar-1975_11-04-1975.pdf	2299	1975-04-11	1975							
23-Letter_to_A_E_Gunawardena_25-03-1971.pdf	23	1971-03-25	1971		to	A E Gunawardena		unresolved	letter	letter
230-For_Favour_of_Publication_25-10-1962.pdf	230	1962-10-25	1962							
2300-Rent_and_Electricity_Charges_For_The_Month_Feb-1975_13-03-1975.pdf	2300	1975-03-13	1975							
2301-Letter_to_Mr_V_P_Bhatia_22-02-1975.pdf	2301	1975-02-22	1975		to	V P Bhatia		unresolved	letter	letter
2302-Letter_to_Mr_Piloo_Mody_22-02-1975.pdf	2302	1975-02-22	1975		to	Piloo Mody	piloo-mody	resolved	letter	letter
2303-Rent_and_Electricity_Charges_For_The_Month_Jan-1975_15-02-1975.pdf	2303	1975-02-15	1975							
2304-Letter_to_Mr_Girish_Munshi_23-01-1975.pdf	2304	1975-01-23	1975		to	Girish Munshi		unresolved	letter	letter
2305-Letter_to_Mr_Girish_Munshi_23-01-1975.pdf	2305	1975-01-23	1975		to	Girish Munshi		unresolved	letter	letter
2306-Letter_to_Mr_Piloo_Mody_29-01-1975.pdf	2306	1975-01-29	1975		to	Piloo Mody	piloo-mody	resolved	letter	letter
2307-Rent_and_Electricity_Charges_For_The_Month_Dec-1974_16-01-1975.pdf	2307	1975-01-16	1975							
2308-Letter_to_Mr_V_P_Bhatia_26-12-1974.pdf	2308	1974-12-26	1974		to	V P Bhatia		unresolved	letter	letter
2309-Rent_and_Electricity_Charges_For_The_Month_Nov-1974_16-12-1974.pdf	2309	1974-12-16	1974							
231-Speech_of_Mr_Minoo_Masani-Defence_Against_China.pdf	231								speech	speech
2310-Rent_and_Electricity_Charges_For_The_Month_Oct-1974_26-11-1974.pdf	2310	1974-11-26	1974							
2311-Rent_and_Electricity_Charges_For_The_Month_Sep-1974_30-10-1974.pdf	2311	1974-10-30	1974							
2312-Morals_By_Legislation-The_Illustrated_Weekly_Of_India_15-08-1954.pdf	2312	1954-08-15	1954							
2313-Freedoms_We_May_Lose-Times_Weekly_15-11-1954.pdf	2313	1954-11-15	1954							
2314-Morals_By_Legislation.pdf	2314									
2315-JPs_Programme_For_December_69.pdf	2315								manifesto	occasional_paper
2316-Letter_to_Mr_Minoo_Masani_16-11-1969.pdf	2316	1969-11-16	1969		to	Minoo Masani	minoo-masani	resolved	letter	letter
2317-Masani_Welcomes_Mrs_Gandhi_Offer_To_End_Controls-Statesman_10-10-1969.pdf	2317	1969-10-10	1969							
2318-What_Stirred_Us-Himmat_10-10-1969.pdf	2318	1969-10-10	1969							
2319-Masani_Lauds_Indira_Stand_On_Controls-Indian_Express_09-10-1969.pdf	2319	1969-10-09	1969						press_note	press_note
232-JP-Through_Thirty_Years-Birthday_Celebration.pdf	232									
2320-Masani_Welcomes_PMs_Offer_To_Lift_Controls-Times_Of_India_09-10-1969.pdf	2320	1969-10-09	1969							
2321-Challenge_To_Industry-Hindustan_Times_09-10-1969.pdf	2321	1969-10-09	1969							
2322-Controls_Indiras_Conditional_Offer-Economic_Times_06-10-1969.pdf	2322	1969-10-06	1969							
2323-Anti_Social_Elements_Must_Not_Get_Bank_Credit-PM-Times_Of_India_06-10-1969.pdf	2323	1969-10-06	1969							
2324-Controls_On_Rational_Basis_PM_Asserts-Indian_Express_06-10-1969.pdf	2324	1969-10-06	1969						press_note	press_note
2325-Prosperity_Long_Way_Off-PM-Indian_Express.pdf	2325								press_note	press_note
2326-Search_For_New_Image-The_Economic_Times_11-09-1969.pdf	2326	1969-09-11	1969							
2327-Business_Initiative-The_Economic_Times_07-09-1969.pdf	2327	1969-09-07	1969							
2328-Swatantra_Party_Statement_Of_Principles_01-08-1959.pdf	2328	1959-08-01	1959						manifesto	occasional_paper
2329-Sharad_Joshi_MP_Rajya_Sabha-Bio_Data.pdf	2329									
233-JP-Through_Thirty_Years-Birthday_Celebration.pdf	233									
2330-With_Best_Compliments_From_Forum_Of_Free_Enterprise.pdf	2330									
2331-For_Favour_Of_Publication_14-05-1959.pdf	2331	1959-05-14	1959							
2332-Swatantra_Party_Minutes_of_Meeting_13-02-1965.pdf	2332	1965-02-13	1965						minutes	minutes
2333-Happy_New_Year_Greatings_Card_to_Minoo_Masani_01-01-1991.pdf	2333	1991-01-01	1991		to	Minoo Masani	minoo-masani	resolved		
2334-Letter_to_Mr_Minoo_Masani_26-11-1989.pdf	2334	1989-11-26	1989		to	Minoo Masani	minoo-masani	resolved	letter	letter
2335-Letter_to_President_Mr_R_Venkataraman_21-11-1989.pdf	2335	1989-11-21	1989		to	President Mr R Venkataraman		not_a_person	letter	letter
2336-Letter_to_Mr_Minoo_Masani_14-10-1989.pdf	2336	1989-10-14	1989		to	Minoo Masani	minoo-masani	resolved	letter	letter
2337-Letter_to_President_Mr_R_Venkataraman_04-10-1989.pdf	2337	1989-10-04	1989		to	President Mr R Venkataraman		not_a_person	letter	letter
2338-Letter_to_President_Mr_R_Venkataraman_09-09-1987.pdf	2338	1987-09-09	1987		to	President Mr R Venkataraman		not_a_person	letter	letter
2339-Letter_to_Mr_Minoo_Masani_27-08-1987.pdf	2339	1987-08-27	1987		to	Minoo Masani	minoo-masani	resolved	letter	letter
234-Letter_to_Mr_Minoo_Masani_28-09-1962.pdf	234	1962-09-28	1962		to	Minoo Masani	minoo-masani	resolved	letter	letter
2340-Letter_to_President_Mr_R_Venkataraman_05-08-1987.pdf	2340	1987-08-05	1987		to	President Mr R Venkataraman		not_a_person	letter	letter
2341-Heresies_About_The_Constitution-The_Times_Of_India_06-05-1987.pdf	2341	1987-05-06	1987							
2342-Roots_Of_President-PM_Clash.pdf	2342									
2343-Roots_Of_President-PM_Clash-Times_Of_India_29-03-1987.pdf	2343	1987-03-29	1987							
2344-National_Govt_Not_Utopain_Say_Proposers.pdf	2344									
2345-National_Govt_Not_Utopain_29-10-1987.pdf	2345	1987-10-29	1987							
2346-Letters-National_Govt-The_Times_Of_India_27-10-1987.pdf	2346	1987-10-27	1987						letter	letter
2347-Letter_to_Regional_Transport_Officer_29-08-1989.pdf	2347	1989-08-29	1989		to	Regional Transport Officer		not_a_person	letter	letter
2348-Letter_to_Regional_Transport_Officer_16-01-1989.pdf	2348	1989-01-16	1989		to	Regional Transport Officer		not_a_person	letter	letter
2349-Letter_to_Regional_Transport_Officer_Regarding_Jeep_No-MRZ8939_08-09-1988.pdf	2349	1988-09-08	1988		to	Regional Transport Officer Regarding Jeep No-MRZ8939		not_a_person	letter	letter
235-Government_Economic_Policies_25-08-1962.pdf	235	1962-08-25	1962							
2350-Letter_to_Regional_Transport_Officer_Regarding_Jeep_No-MRZ8939_09-12-1986.pdf	2350	1986-12-09	1986		to	Regional Transport Officer Regarding Jeep No-MRZ8939		not_a_person	letter	letter
2351-Letter_to_Regional_Transport_Officer_Regarding_Jeep_No-MRZ8939_05-09-1986.pdf	2351	1986-09-05	1986		to	Regional Transport Officer Regarding Jeep No-MRZ8939		not_a_person	letter	letter
2352-Letter_to_Regional_Transport_Officer_Regarding_Jeep_No-MRA4024_09-03-1985.pdf	2352	1985-03-09	1985		to	Regional Transport Officer Regarding Jeep No-MRA4024		not_a_person	letter	letter
2353-Letter_to_Regional_Transport_Officer_Regarding_Jeep_No-MRA4024_28-02-1985.pdf	2353	1985-02-28	1985		to	Regional Transport Officer Regarding Jeep No-MRA4024		not_a_person	letter	letter
2354-Letter_to_Regional_Transport_Officer_Regarding_Jeep_No-MRA4093_28-12-1984.pdf	2354	1984-12-28	1984		to	Regional Transport Officer Regarding Jeep No-MRA4093		not_a_person	letter	letter
2355-Letter_to_Regional_Transport_Officer_Regarding_Jeep_No-MRA4024_17-10-1984.pdf	2355	1984-10-17	1984		to	Regional Transport Officer Regarding Jeep No-MRA4024		not_a_person	letter	letter
2356-Letter_to_Regional_Transport_Officer_Regarding_Jeep_No-MRA4024_04-12-1983.pdf	2356	1983-12-04	1983		to	Regional Transport Officer Regarding Jeep No-MRA4024		not_a_person	letter	letter
2357-Traffic_Offence_Notice_To_Mr_Minoo_Masani.pdf	2357								circular	circular
2358-Letter_to_The_Deputy_Commissioner_Of_Police_30-03-1982.pdf	2358	1982-03-30	1982		to	The Deputy Commissioner Of Police		unresolved	letter	letter
2359-Letter_to_The_Deputy_Commissioner_Of_Police_19-03-1980.pdf	2359	1980-03-19	1980		to	The Deputy Commissioner Of Police		unresolved	letter	letter
236-Publication_for_What_1962_Elections_Teach_About_1967_12-08-1962.pdf	236	1962-08-12	1962							
2360-Letter_to_Shri_Ghasirambabu_Majhi_07-12-1979.pdf	2360	1979-12-07	1979		to	Ghasirambabu Majhi		unresolved	letter	letter
2361-Letter_to_Mr_P_K_Deo_07-12-1979.pdf	2361	1979-12-07	1979		to	P K Deo		unresolved	letter	letter
2362-Letter_to_Mr_S_V_Raju_22-11-1979.pdf	2362	1979-11-22	1979		to	S V Raju	s-v-raju	resolved	letter	letter
2363-Letter_to_Regional_Transport_Officer_12-11-1979.pdf	2363	1979-11-12	1979		to	Regional Transport Officer		not_a_person	letter	letter
2364-Letter_to_Mr_P_K_Deo_09-11-1979.pdf	2364	1979-11-09	1979		to	P K Deo		unresolved	letter	letter
2365-Traffic_Offence_Notice_To_Mr_Minoo_Masani.pdf	2365								circular	circular
2366-Letter_to_The_Collector_Of_Bombay_09-19-1979.pdf	2366		1979	bad_day_month	to	The Collector Of Bombay		not_a_person	letter	letter
2367-Arrears_Of_Municipal_Tax_In_Respect_Of_Vehicle_MRA4096_08-02-1977.pdf	2367	1977-02-08	1977							
2368-Letter_to_Regional_Transport_Officer_Regarding_Jeep_No-MRA4024_08-02-1977.pdf	2368	1977-02-08	1977		to	Regional Transport Officer Regarding Jeep No-MRA4024		not_a_person	letter	letter
2369-Letter_to_Regional_Transport_Officer_Regarding_Jeep_No-MRA4092_&_MRA4093_04-02-1977.pdf	2369	1977-02-04	1977		to	Regional Transport Officer Regarding Jeep No-MRA4092 & MRA4093		not_a_person	letter	letter
237-The_1962_Elections-Lessons_For_1967-The_Illustrated_Weekly_of_India_12-08-1962.pdf	237	1962-08-12	1962							
2370-Letter_to_Regional_Transport_Officer_23-11-1976.pdf	2370	1976-11-23	1976		to	Regional Transport Officer		not_a_person	letter	letter
2371-Letter_to_Regional_Transport_Officer_18-03-1976.pdf	2371	1976-03-18	1976		to	Regional Transport Officer		not_a_person	letter	letter
2372-Letter_to_Regional_Transport_Officer_17-03-1976.pdf	2372	1976-03-17	1976		to	Regional Transport Officer		not_a_person	letter	letter
2373-Letter_to_Mr_V_P_Bhatia_17-03-1976.pdf	2373	1976-03-17	1976		to	V P Bhatia		unresolved	letter	letter
2374-Letter_From_Associated_Cement_Companies_11-03-1976.pdf	2374	1976-03-11	1976		from	Associated Cement Companies		unresolved	letter	letter
2375-Letter_to_Regional_Transport_Officer_01-07-1975.pdf	2375	1975-07-01	1975		to	Regional Transport Officer		not_a_person	letter	letter
2376-Letter_to_Mr_Minoo_Masani_20-03-1975.pdf	2376	1975-03-20	1975		to	Minoo Masani	minoo-masani	resolved	letter	letter
2377-Letter_to_Mr_V_P_Bhatia_20-03-1975.pdf	2377	1975-03-20	1975		to	V P Bhatia		unresolved	letter	letter
2378-Letter_to_Mr_P_J_Deshmukh_13-03-1975.pdf	2378	1975-03-13	1975		to	P J Deshmukh		unresolved	letter	letter
2379-Letter_to_Mr_Minoo_Masani_07-03-1975.pdf	2379	1975-03-07	1975		to	Minoo Masani	minoo-masani	resolved	letter	letter
238-For_Favour_of_Publication_26-06-1962.pdf	238	1962-06-26	1962							
2380-Letter_From_Mr_V_P_Bhatia_06-03-1975.pdf	2380	1975-03-06	1975		from	V P Bhatia		unresolved	letter	letter
2381-Letter_to_Mr_Lingappa_05-03-1975.pdf	2381	1975-03-05	1975		to	Lingappa		unresolved	letter	letter
2382-Letter_to_Mr_N_W_Sawant_04-03-1975.pdf	2382	1975-03-04	1975		to	N W Sawant		unresolved	letter	letter
2383-Letter_to_Mr_V_P_Bhatia_06-02-1975.pdf	2383	1975-02-06	1975		to	V P Bhatia		unresolved	letter	letter
2384-Letter_to_The_Collector_Of_Bombay_05-02-1975.pdf	2384	1975-02-05	1975		to	The Collector Of Bombay		not_a_person	letter	letter
2385-Letter_to_The_Collector_Of_Bombay_13-12-1974.pdf	2385	1974-12-13	1974		to	The Collector Of Bombay		not_a_person	letter	letter
2386-Letter_to_Mr_Minoo_Masani_08-01-1975.pdf	2386	1975-01-08	1975		to	Minoo Masani	minoo-masani	resolved	letter	letter
2387-Letter_to_Mr_V_P_Bhatia_19-12-1974.pdf	2387	1974-12-19	1974		to	V P Bhatia		unresolved	letter	letter
2388-Letter_to_Mr_S_V_Raju_17-12-1974.pdf	2388	1974-12-17	1974		to	S V Raju	s-v-raju	resolved	letter	letter
2389-Swatantra_Party_Resolution_For_National_Convention_04-08-1974.pdf	2389	1974-08-04	1974						resolution	resolution
239-Pitfalls_At_The_Poll_10-06-1962.pdf	239	1962-06-10	1962							
2390-Swatantra_Party_Resolution_1_and_2_29-08-1974.pdf	2390	1974-08-29	1974						resolution	resolution
2391-Letter_to_The_Collector_Of_Bombay_13-12-1974.pdf	2391	1974-12-13	1974		to	The Collector Of Bombay		not_a_person	letter	letter
2392-Letter_to_The_Collector_Of_Bombay_25-11-1974.pdf	2392	1974-11-25	1974		to	The Collector Of Bombay		not_a_person	letter	letter
2393-Letter_to_The_Collector_Of_Bombay_12-08-1974.pdf	2393	1974-08-12	1974		to	The Collector Of Bombay		not_a_person	letter	letter
2394-Letter_to_Mr_Shiv_Prasad_04-01-1988.pdf	2394	1988-01-04	1988		to	Shiv Prasad		unresolved	letter	letter
2395-Letter_to_The_Collector_Of_Bombay_01-07-1987.pdf	2395	1987-07-01	1987		to	The Collector Of Bombay		not_a_person	letter	letter
2396-Letter_to_Mr_Minoo_Masani_10-12-1987.pdf	2396	1987-12-10	1987		to	Minoo Masani	minoo-masani	resolved	letter	letter
2397-Letter_to_Mr_K_K_Shah_12-11-1970.pdf	2397	1970-11-12	1970		to	K K Shah		unresolved	letter	letter
2398-Letter_to_Mr_A_P_Sinha_29-04-1987.pdf	2398	1987-04-29	1987		to	A P Sinha		unresolved	letter	letter
2399-Letter_to_Mr_Minoo_Masani_06-04-1987.pdf	2399	1987-04-06	1987		to	Minoo Masani	minoo-masani	resolved	letter	letter
24-A-Letter_to_Mr_Minoo_Masani_15-03-1971.pdf	24	1971-03-15	1971		to	Minoo Masani	minoo-masani	resolved	letter	letter
24-Letter_to_Sardar_Gian_Singh_Rarewala_24-03-1971.pdf	24	1971-03-24	1971		to	Gian Singh Rarewala		unresolved	letter	letter
240-For_Favour_of_Publication_07-06-1962.pdf	240	1962-06-07	1962							
2400-Letter_to_Mr_A_P_Sinha_24-03-1987.pdf	2400	1987-03-24	1987		to	A P Sinha		unresolved	letter	letter
2401-Letter_to_Mr_Minoo_Masani_18-03-1987.pdf	2401	1987-03-18	1987		to	Minoo Masani	minoo-masani	resolved	letter	letter
2402-Letter_to_Mr_A_P_Sinha_17-03-1987.pdf	2402	1987-03-17	1987		to	A P Sinha		unresolved	letter	letter
2403-Letter_to_Mr_A_P_Sinha_10-03-1987.pdf	2403	1987-03-10	1987		to	A P Sinha		unresolved	letter	letter
2404-Letter_to_Mr_Minoo_Masani_27-02-1987.pdf	2404	1987-02-27	1987		to	Minoo Masani	minoo-masani	resolved	letter	letter
2405-Letter_to_Mr_A_P_Sinha_23-02-1987.pdf	2405	1987-02-23	1987		to	A P Sinha		unresolved	letter	letter
2406-Letter_to_Regional_Transport_Officer_06-05-1985.pdf	2406	1985-05-06	1985		to	Regional Transport Officer		not_a_person	letter	letter
2407-Letter_to_Regional_Transport_Officer_Regarding_Jeep_No-MRG2347_13-02-1985.pdf	2407	1985-02-13	1985		to	Regional Transport Officer Regarding Jeep No-MRG2347		not_a_person	letter	letter
2408-Letter_to_Mr_Minoo_Masani_05-11-1984.pdf	2408	1984-11-05	1984		to	Minoo Masani	minoo-masani	resolved	letter	letter
2409-Letter_to_Regional_Transport_Officer_22-11-1976.pdf	2409	1976-11-22	1976		to	Regional Transport Officer		not_a_person	letter	letter
241-For_Favour_of_Publication_26-07-1962.pdf	241	1962-07-26	1962							
2410-Letter_to_Mr_S_R_Tracy_29-03-1976.pdf	2410	1976-03-29	1976		to	S R Tracy		unresolved	letter	letter
2411-Letter_to_Regional_Transport_Officer_07-02-1984.pdf	2411	1984-02-07	1984		to	Regional Transport Officer		not_a_person	letter	letter
2412-Letter_to_Mr_S_R_Tracy_29-03-1976.pdf	2412	1976-03-29	1976		to	S R Tracy		unresolved	letter	letter
2413-Letter_to_The_Deputy_Commissioner_Of_Police_02-07-1975.pdf	2413	1975-07-02	1975		to	The Deputy Commissioner Of Police		unresolved	letter	letter
2414-Letter_to_Mr_V_P_Bhatia_02-07-1975.pdf	2414	1975-07-02	1975		to	V P Bhatia		unresolved	letter	letter
2415-Traffic_Offence_Notice_To_Mr_Minoo_Masani.pdf	2415								circular	circular
2416-Letter_to_Mr_Minoo_Masani_15-03-1975.pdf	2416	1975-03-15	1975		to	Minoo Masani	minoo-masani	resolved	letter	letter
2417-Letter_to_Mr_N_W_Sawant_11-03-1975.pdf	2417	1975-03-11	1975		to	N W Sawant		unresolved	letter	letter
2418-Letter_to_The_Collector_Of_Bombay_12-08-1974.pdf	2418	1974-08-12	1974		to	The Collector Of Bombay		not_a_person	letter	letter
2419-Copies_Of_Correspondence_Relating_To_Jeep_No-MRG2347.pdf	2419									
242-Thou_Shalt_Not_Travel.pdf	242									
2420-Letter_to_The_Collector_Of_Bombay_12-08-1974.pdf	2420	1974-08-12	1974		to	The Collector Of Bombay		not_a_person	letter	letter
2421-Letter_to_Regional_Transport_Officer_17-11-1970.pdf	2421	1970-11-17	1970		to	Regional Transport Officer		not_a_person	letter	letter
2422-Letter_to_The_Collector_Of_Bombay_12-08-1974.pdf	2422	1974-08-12	1974		to	The Collector Of Bombay		not_a_person	letter	letter
2423-Letter_to_The_Collector_Of_Bombay_13-12-1974.pdf	2423	1974-12-13	1974		to	The Collector Of Bombay		not_a_person	letter	letter
2424-Letter_to_Mr_V_P_Bhatia_13-12-1974.pdf	2424	1974-12-13	1974		to	V P Bhatia		unresolved	letter	letter
2425-Letter_to_Mr_Minoo_Masani_08-01-1975.pdf	2425	1975-01-08	1975		to	Minoo Masani	minoo-masani	resolved	letter	letter
2426-Letter_From_Associated_Cement_Companies_11-03-1975.pdf	2426	1975-03-11	1975		from	Associated Cement Companies		unresolved	letter	letter
2427-Letter_to_Regional_Transport_Officer_29-03-1976.pdf	2427	1976-03-29	1976		to	Regional Transport Officer		not_a_person	letter	letter
2428-Letter_to_Mr_Minoo_Masani_18-11-1976.pdf	2428	1976-11-18	1976		to	Minoo Masani	minoo-masani	resolved	letter	letter
2429-Letter_to_Regional_Transport_Officer_07-02-1985.pdf	2429	1985-02-07	1985		to	Regional Transport Officer		not_a_person	letter	letter
243-Party_Politics_In_India.pdf	243									
2430-Letter_to_Mr_Minoo_Masani_05-11-1985.pdf	2430	1985-11-05	1985		to	Minoo Masani	minoo-masani	resolved	letter	letter
2431-Letter_to_Regional_Transport_Officer_Regarding_Jeep_No-MRG2347_13-02-1985.pdf	2431	1985-02-13	1985		to	Regional Transport Officer Regarding Jeep No-MRG2347		not_a_person	letter	letter
2432-Letter_to_Regional_Transport_Officer_Regarding_Jeep_No-MRG2347_06-05-1985.pdf	2432	1985-05-06	1985		to	Regional Transport Officer Regarding Jeep No-MRG2347		not_a_person	letter	letter
2433-Letter_to_Regional_Transport_Officer_18-02-1986.pdf	2433	1986-02-18	1986		to	Regional Transport Officer		not_a_person	letter	letter
2434-Letter_to_Mr_Minoo_Masani_18-11-1976.pdf	2434	1976-11-18	1976		to	Minoo Masani	minoo-masani	resolved	letter	letter
2435-Letter_to_Regional_Transport_Officer_07-02-1985.pdf	2435	1985-02-07	1985		to	Regional Transport Officer		not_a_person	letter	letter
2436-Letter_to_Mr_Minoo_Masani_05-11-1985.pdf	2436	1985-11-05	1985		to	Minoo Masani	minoo-masani	resolved	letter	letter
2437-Letter_to_Regional_Transport_Officer_22-11-1976.pdf	2437	1976-11-22	1976		to	Regional Transport Officer		not_a_person	letter	letter
2438-Letter_to_Regional_Transport_Officer_Regarding_Jeep_No-MRG2347_13-02-1985.pdf	2438	1985-02-13	1985		to	Regional Transport Officer Regarding Jeep No-MRG2347		not_a_person	letter	letter
2439-Letter_to_Regional_Transport_Officer_Regarding_Jeep_No-MRG2347_06-05-1985.pdf	2439	1985-05-06	1985		to	Regional Transport Officer Regarding Jeep No-MRG2347		not_a_person	letter	letter
244-JP_Appeal_To_Business_Management.pdf	244									
2440-Letter_to_Regional_Transport_Officer_18-02-1986.pdf	2440	1986-02-18	1986		to	Regional Transport Officer		not_a_person	letter	letter
2441-Copies_Of_Correspondence_Relating_To_Jeep_No-MRG2347.pdf	2441									
2442-Letter_to_Mr_S_R_Tracy_29-03-1976.pdf	2442	1976-03-29	1976		to	S R Tracy		unresolved	letter	letter
2443-Notice_To_Mr_Minoo_Masani_18-11-1976.pdf	2443	1976-11-18	1976						circular	circular
2444-Letter_to_Regional_Transport_Officer_07-02-1985.pdf	2444	1985-02-07	1985		to	Regional Transport Officer		not_a_person	letter	letter
2445-Notice_To_Mr_Minoo_Masani_05-11-1985.pdf	2445	1985-11-05	1985						circular	circular
2446-Letter_to_Regional_Transport_Officer_22-11-1976.pdf	2446	1976-11-22	1976		to	Regional Transport Officer		not_a_person	letter	letter
2447-Letter_to_Regional_Transport_Officer_Regarding_Jeep_No-MRG2347_13-02-1985.pdf	2447	1985-02-13	1985		to	Regional Transport Officer Regarding Jeep No-MRG2347		not_a_person	letter	letter
2448-Letter_to_Regional_Transport_Officer_Regarding_Jeep_No-MRG2347_06-05-1985.pdf	2448	1985-05-06	1985		to	Regional Transport Officer Regarding Jeep No-MRG2347		not_a_person	letter	letter
2449-Letter_to_Regional_Transport_Officer_18-02-1986.pdf	2449	1986-02-18	1986		to	Regional Transport Officer		not_a_person	letter	letter
245-A_Second_Innings_For_Indira_Gandhi_19-01-1980.pdf	245	1980-01-19	1980							
2450-Letter_to_Regional_Transport_Officer_29-03-1976.pdf	2450	1976-03-29	1976		to	Regional Transport Officer		not_a_person	letter	letter
2451-Notice_To_Mr_Minoo_Masani_18-11-1976.pdf	2451	1976-11-18	1976						circular	circular
2452-Letter_to_Regional_Transport_Officer_07-02-1985.pdf	2452	1985-02-07	1985		to	Regional Transport Officer		not_a_person	letter	letter
2453-Letter_to_Mr_Minoo_Masani_05-11-1985.pdf	2453	1985-11-05	1985		to	Minoo Masani	minoo-masani	resolved	letter	letter
2454-Letter_to_Regional_Transport_Officer_22-11-1976.pdf	2454	1976-11-22	1976		to	Regional Transport Officer		not_a_person	letter	letter
2455-Letter_to_Regional_Transport_Officer_Regarding_Jeep_No-MRG2347_13-02-1985.pdf	2455	1985-02-13	1985		to	Regional Transport Officer Regarding Jeep No-MRG2347		not_a_person	letter	letter
2456-Letter_to_Regional_Transport_Officer_18-02-1986.pdf	2456	1986-02-18	1986		to	Regional Transport Officer		not_a_person	letter	letter
2457-Letter_to_Mr_A_P_Sinha.pdf	2457				to	A P Sinha		unresolved	letter	letter
2458-Copies_Of_Correspondence_Relating_To_Jeep_No-MRG2347.pdf	2458									
2459-Letter_to_Mr_A_P_Sinha.pdf	2459				to	A P Sinha		unresolved	letter	letter
246-Homage_To_JP_By_Minoo_Masani_14-10-1979.pdf	246	1979-10-14	1979							
2460-Swatantra_Party_Vehicle_No_MRG2347.pdf	2460									
2461-A_New_Political_Party_Comes.pdf	2461									
2462-Swatantra_In_Parliament.pdf	2462									
2463-Letter_to_Parmanand_Kejriwal_25-04-1977.pdf	2463	1977-04-25	1977		to	Parmanand Kejriwal		unresolved	letter	letter
2464-Letter_from_VS_Srikumar_25-04-1977.pdf	2464	1977-04-25	1977		from	VS Srikumar		unresolved	letter	letter
2465-Letter_from_VS_Srikumar_21-04-1977.pdf	2465	1977-04-21	1977		from	VS Srikumar		unresolved	letter	letter
2466-List_of_Swatantra_MPS_1971.pdf	2466	1971	1971							
2467-Letter_to_SV_Raju_25-04-1977.pdf	2467	1977-04-25	1977		to	SV Raju	s-v-raju	resolved	letter	letter
2468-Meeting_of_the_National_Executive_17-04-1977.pdf	2468	1977-04-17	1977							
2469-Minutes_of_the_Meeting_of_the_Maharashtra_State_Council_27-04-1977.pdf	2469	1977-04-27	1977						minutes	minutes
247-The_Four_Horse-Traders_Of_The_Indian_Apocalypse_24-03-1979.pdf	247	1979-03-24	1979							
2470-Draft_Minutes_of_the_State_Council_Meeting_of_the_Swatantra_Party_06-07-1974.pdf	2470	1974-07-06	1974						minutes	minutes
2471-Minutes_of_the_State_Council_Meeting_of_the_Swatantra_Party_27-04-1974.pdf	2471	1974-04-27	1974						minutes	minutes
2472-Meeting_of_the_Joint_Meeting_of_the_Bombay_&_Maharashtra_Regional_Councils_15-09-1973.pdf	2472	1973-09-15	1973							
2473-Minutes_of_the_National_Excutive_Committee_09-04-1975.pdf	2473	1975-04-09	1975						minutes	minutes
2474-Minutes_of_the_Executive_Committee_24-02-1975.pdf	2474	1975-02-24	1975						minutes	minutes
2475-Minutes_of_the_Executive_Committee_01-02-1975.pdf	2475	1975-02-01	1975						minutes	minutes
2476-Draft_Minutes_of_the_Meeting_of_the_National_Executive_of_the_Swatantra_Party_22-01-1975.pdf	2476	1975-01-22	1975						minutes	minutes
2477-Swatantra_Party_Minutes_of_Meeting_21-12-1974.pdf	2477	1974-12-21	1974						minutes	minutes
2478-Swatantra_Party_Minutes_of_Meeting_05-12-1974.pdf	2478	1974-12-05	1974						minutes	minutes
2479-Swatantra_Party_Minutes_of_Meeting_30-11-1974.pdf	2479	1974-11-30	1974						minutes	minutes
248-A_Stude_Stuf_to_Gentlemen_07-12-1979.pdf	248	1979-12-07	1979							
2480-Swatantra_Party_Minutes_of_Meeting_19-11-1974.pdf	2480	1974-11-19	1974						minutes	minutes
2481-Swatantra_Party_Minutes_of_Meeting_28-10-1974.pdf	2481	1974-10-28	1974						minutes	minutes
2482-Swatantra_Party_Minutes_of_Meeting_12-10-1974.pdf	2482	1974-10-12	1974						minutes	minutes
2483-Swatantra_Party_Minutes_of_Meeting_17-08-1974.pdf	2483	1974-08-17	1974						minutes	minutes
2484-Swatantra_Party_Minutes_of_Meeting_15-07-1974.pdf	2484	1974-07-15	1974						minutes	minutes
2485-Swatantra_Party_Minutes_of_Meeting_27-04-1974.pdf	2485	1974-04-27	1974						minutes	minutes
2486-Swatantra_Party_Minutes_of_Meeting_16-03-1974.pdf	2486	1974-03-16	1974						minutes	minutes
2487-Swatantra_Party_Minutes_of_Meeting_09-02-1974.pdf	2487	1974-02-09	1974						minutes	minutes
2488-Swatantra_Party_Minutes_of_Meeting_29-01-1974.pdf	2488	1974-01-29	1974						minutes	minutes
2489-Swatantra_Party_Minutes_of_Meeting_19-01-1974.pdf	2489	1974-01-19	1974						minutes	minutes
249-Two_Styles_Of_Leadership.pdf	249									
2490-Swatantra_Party_Minutes_of_Meeting_12-12-1973.pdf	2490	1973-12-12	1973						minutes	minutes
2491-Swatantra_Party_Minutes_of_Meeting_16-12-1973.pdf	2491	1973-12-16	1973						minutes	minutes
2492-Swatantra_Party_Minutes_of_Meeting_25-11-1973.pdf	2492	1973-11-25	1973						minutes	minutes
2493-Swatantra_Party_Minutes_of_Meeting_02-11-1973.pdf	2493	1973-11-02	1973						minutes	minutes
2494-Swatantra_Party_Minutes_of_Meeting_19-11-1973.pdf	2494	1973-11-19	1973						minutes	minutes
2495-Swatantra_Party_Minutes_of_Meeting_11-11-1973.pdf	2495	1973-11-11	1973						minutes	minutes
2496-Swatantra_Party_Minutes_of_Meeting_05-10-1970.pdf	2496	1970-10-05	1970						minutes	minutes
2497-Swatantra_Party_Minutes_of_Meeting_23-09-1970.pdf	2497	1970-09-23	1970						minutes	minutes
2498-Swatantra_Party_Minutes_of_Meeting_09-09-1970.pdf	2498	1970-09-09	1970						minutes	minutes
2499-Swatantra_Party_Minutes_of_Meeting_15-07-1970.pdf	2499	1970-07-15	1970						minutes	minutes
25-Letter_to_Ms_Kusum_Kumari_Joshi_24-03-1971.pdf	25	1971-03-24	1971		to	Kusum Kumari Joshi		unresolved	letter	letter
250-Mr_Carter_is_not_an_Unpopular_President_31-10-1979.pdf	250	1979-10-31	1979							
2500-The_Presidents_Report_on_Political_Developments_21-07-1970.pdf	2500	1970-07-21	1970						report	occasional_paper
2501-Letter_from_Mr_Minoo_Masani_02-04-1971.pdf	2501	1971-04-02	1971		from	Minoo Masani	minoo-masani	resolved	letter	letter
2502-Committee_to_Review_Party_Policies.pdf	2502									
2503-Swatantra_Party_Minutes_of_Meeting_04-08-1974.pdf	2503	1974-08-04	1974						minutes	minutes
2504-Swatantra_Party_General_Secretarys_Letter_No-316_25-06-1974.pdf	2504	1974-06-25	1974						letter	letter
2505-Swatantra_Party_Minutes_of_Meeting_09-06-1974.pdf	2505	1974-06-09	1974						minutes	minutes
2506-Draft_Statement_of_Policy.pdf	2506								press_note	press_note
2507-Letter_to_Mr_Minoo_Masani_12-06-1974.pdf	2507	1974-06-12	1974		to	Minoo Masani	minoo-masani	resolved	letter	letter
2508-Copy_of_Press_Statement_08-07-1974.pdf	2508	1974-07-08	1974						press_note	press_note
2509-Letter_from_Piloo_Mody_16-06-1974.pdf	2509	1974-06-16	1974		from	Piloo Mody	piloo-mody	resolved	letter	letter
251-Mr_Minoo_Masanis_Speech_15-10-1975.pdf	251	1975-10-15	1975						speech	speech
2510-Letter_to_Babu_Joseph_25-09-1974.pdf	2510	1974-09-25	1974		to	Babu Joseph		unresolved	letter	letter
2511-Letter_to_K_C_Joseph.pdf	2511				to	K C Joseph		unresolved	letter	letter
2512-Rajajis_Tour_Programme_Nov-1963.pdf	2512	1963-11	1963						manifesto	occasional_paper
2513-Letter_from_Dr_Cooper_05-04-1972.pdf	2513	1972-04-05	1972		from	Cooper		unresolved	letter	letter
2514-Correspondence_Between_Mr_N_Dandeker_and_Mr_Vinod_B_Sheth.pdf	2514									
2515-Correspondence_Between_Dr_R_C_Cooper_Rajaji.pdf	2515									
2516-Letter_to_R_C_Cooper_14-03-1972.pdf	2516	1972-03-14	1972		to	R C Cooper		unresolved	letter	letter
2517-Copy_of_Resolution_Adopted_by_the_State_Council_of_the_Swatantra_party_06-07-1974.pdf	2517	1974-07-06	1974						resolution	resolution
2518-All_India_Poll_Board.pdf	2518									
2519-Memoradum_09-04-1972.pdf	2519	1972-04-09	1972						memo	circular
252-Inernational_Seminar_on_Social_Responsibility_26-10-1979.pdf	252	1979-10-26	1979							
2520-Letter_from_G_Latchanna_22-03-1972.pdf	2520	1972-03-22	1972		from	G Latchanna		unresolved	letter	letter
2521-General_Seceratary_s_letter_no_320_20-08-1974.pdf	2521	1974-08-20	1974						letter	letter
2522-High_Court_Petition_No_14_of_1995_12-01-1995.pdf	2522	1995-01-12	1995							
2523-High_Court_Petition_No_14_of_1995_15-02-1996.pdf	2523	1996-02-15	1996							
2524-High_Court_Petition_No_14_of_1994_13-12-1995.pdf	2524	1995-12-13	1995							
2525-Meeting_of_Organising_Committee_14-11-1960.pdf	2525	1960-11-14	1960							
2526-Report_of_the_Swatantra_Partys_Activities_15-11-1960.pdf	2526	1960-11-15	1960						report	occasional_paper
2527-Meeting_of_Organising_Committee_18-08-1960.pdf	2527	1960-08-18	1960							
2528-Meeting_of_Organising_Committee_29-06-1960.pdf	2528	1960-06-29	1960							
2529-Meeting_of_Organising_Committee_02-06-1960.pdf	2529	1960-06-02	1960							
253-Mr_Minoo_Masanis_Speech.pdf	253								speech	speech
2530-Meeting_of_Organising_Committee_08-01-1960.pdf	2530	1960-01-08	1960							
2531-Swatantra_Party_Notice_28-12-1959.pdf	2531	1959-12-28	1959						circular	circular
2532-Draft_02-12-1959.pdf	2532	1959-12-02	1959							
2533-Draft_for_Private_Discussion.pdf	2533									
2534-Draft_for_Private_Discussion.pdf	2534									
2535-Swatantra_Newsletter_No-02_24-11-1959.pdf	2535	1959-11-24	1959						letter	letter
2536-Meeting_of_Organising_Committee_13-11-1959.pdf	2536	1959-11-13	1959							
2537-Swatantra_Party_Notice_09-11-1959.pdf	2537	1959-11-09	1959						circular	circular
2538-Meeting_of_Organising_Committee_29-10-1959.pdf	2538	1959-10-29	1959							
2539-Notes_of_Discussions_with_K_M_Munshi_31-10-1959.pdf	2539	1959-10-31	1959							
254-In_the_Present_Political_Context-The_Liberals_Dilemma.pdf	254									
2540-Agenda.pdf	2540								agenda	circular
2541-Swatantra_Party_Notice_15-10-1959.pdf	2541	1959-10-15	1959						circular	circular
2542-Meeting_of_Organising_Committee_09-10-1959.pdf	2542	1959-10-09	1959							
2543-Letter_from_Victor_Paran_08-10-1959.pdf	2543	1959-10-08	1959		from	Victor Paran		unresolved	letter	letter
2544-Swatantra_Party_Minutes_of_Meeting_07-10-1959.pdf	2544	1959-10-07	1959						minutes	minutes
2545-Meeting_of_Organising_Committee_24-09-1959.pdf	2545	1959-09-24	1959							
2546-Agenda.pdf	2546								agenda	circular
2547-Meeting_of_Organising_Committee_03-09-1959.pdf	2547	1959-09-03	1959							
2548-Swatantra_Party_Notice_14-08-1959.pdf	2548	1959-08-14	1959						circular	circular
2549-Letter_from_R_Hateria_09-07-1959.pdf	2549	1959-07-09	1959		from	R Hateria		unresolved	letter	letter
255-Mr_Minoo_Masanis_Remarks_86th_Annual_General_Meeting.pdf	255									
2550-Swatantra_Party_Minutes_of_Meeting_05-07-1959.pdf	2550	1959-07-05	1959						minutes	minutes
2551-Letter_from_R_Hateria_29-06-1959.pdf	2551	1959-06-29	1959		from	R Hateria		unresolved	letter	letter
2552-Fifth_Party_Elections_15-10-1973.pdf	2552	1973-10-15	1973							
2553-Swatantra_Party_Minutes_of_Meeting_05-05-1973.pdf	2553	1973-05-05	1973						minutes	minutes
2554-Swatantra_Party_Minutes_of_Meeting_25-01-1973.pdf	2554	1973-01-25	1973						minutes	minutes
2555-Swatantra_Party_Minutes_of_Meeting_17-01-1973.pdf	2555	1973-01-17	1973						minutes	minutes
2556-Swatantra_Party_Notice_22-01-1973.pdf	2556	1973-01-22	1973						circular	circular
2557-Swatantra_Party_Minutes_of_Meeting_13-11-1972.pdf	2557	1972-11-13	1972						minutes	minutes
2558-Swatantra_Party_Notice_11-01-1973.pdf	2558	1973-01-11	1973						circular	circular
2559-Swatantra_Party_Minutes_of_Meeting_13-11-1972.pdf	2559	1972-11-13	1972						minutes	minutes
256-Mr_Minoo_Masanis_Speech-What_Next.pdf	256								speech	speech
2560-Swatantra_Party_Notice_11-01-1973.pdf	2560	1973-01-11	1973						circular	circular
2561-Letter_to_Dr_R_C_Cooper_15-11-1972.pdf	2561	1972-11-15	1972		to	R C Cooper		unresolved	letter	letter
2562-Letter_to_N_Dandekar_20-11-1972.pdf	2562	1972-11-20	1972		to	N Dandekar	n-dandekar	resolved	letter	letter
2563-Letter_from_R_V_Murthy_16-08-1972.pdf	2563	1972-08-16	1972		from	R V Murthy		unresolved	letter	letter
2564-Letter_to_K_H_Subramaniam_18-11-1972.pdf	2564	1972-11-18	1972		to	K H Subramaniam		unresolved	letter	letter
2565-Letter_to_Madhu_Mehta_26-05-1972.pdf	2565	1972-05-26	1972		to	Madhu Mehta		unresolved	letter	letter
2566-Letter_to_Mrs_Sarla_Datar_18-11-1972.pdf	2566	1972-11-18	1972		to	Sarla Datar		unresolved	letter	letter
2567-Letter_to_Mrs_Sarla_Datar_02-06-1972.pdf	2567	1972-06-02	1972		to	Sarla Datar		unresolved	letter	letter
2568-Swatantra_Party_Notice_&_Agenda_01-11-1972.pdf	2568	1972-11-01	1972						circular	circular
2569-Letter_to_Maryam_18-09-1972.pdf	2569	1972-09-18	1972		to	Maryam		unresolved	letter	letter
257-Some_Recollections_of_Sardar_Patel.pdf	257									
2570-Swatantra_Party_Notice_&_Agenda_05-08-1972.pdf	2570	1972-08-05	1972						circular	circular
2571-Swatantra_Party_Notice_&_Agenda_05-08-1972.pdf	2571	1972-08-05	1972						circular	circular
2572-Swatantra_Party_Minutes_of_Meeting_09-06-1972.pdf	2572	1972-06-09	1972						minutes	minutes
2573-Swatantra_Party_Minutes_of_Meeting_24-04-1972.pdf	2573	1972-04-24	1972						minutes	minutes
2574-Swatantra_Party_Notice_&_Agenda_31-05-1972.pdf	2574	1972-05-31	1972						circular	circular
2575-Swatantra_Party_Notice_&_Agenda_18-04-1972.pdf	2575	1972-04-18	1972						circular	circular
2576-Swatantra_Party_Minutes_of_Meeting_12-01-1972.pdf	2576	1972-01-12	1972						minutes	minutes
2577-Swatantra_Party_Minutes_of_Meeting_24-11-1971.pdf	2577	1971-11-24	1971						minutes	minutes
2578-Swatantra_Party_Notice_&_Agenda_13-11-1971.pdf	2578	1971-11-13	1971						circular	circular
2579-Letter_from_Shantilal_L_Thar_29-11-1971.pdf	2579	1971-11-29	1971		from	Shantilal L Thar		unresolved	letter	letter
258-The_Janata_Believes_in_a_Policy_of_benign_neglect.pdf	258									
2580-Swatantra_Party_Notice_&_Agenda_13-11-1971.pdf	2580	1971-11-13	1971						circular	circular
2581-Swatantra_Party_Notice_&_Agenda_13-11-1971.pdf	2581	1971-11-13	1971						circular	circular
2582-Letter_from_Shantilal_L_Thar_17-11-1971.pdf	2582	1971-11-17	1971		from	Shantilal L Thar		unresolved	letter	letter
2583-Letter_to_the_President_of_Swatantra_Party_09-11-1971.pdf	2583	1971-11-09	1971		to	the President of Swatantra Party		not_a_person	letter	letter
2584-Additional_Agenda.pdf	2584								agenda	circular
2585-Swatantra_Party_Notice_&_Agenda_13-11-1971.pdf	2585	1971-11-13	1971						circular	circular
2586-Swatantra_Party_Minutes_of_Meeting_22-10-1971.pdf	2586	1971-10-22	1971						minutes	minutes
2587-Swatantra_Party_Notice_&_Agenda_11-10-1971.pdf	2587	1971-10-11	1971						circular	circular
2588-The_Special_Meeting_of_the_Executive_Committee_29-10-1971.pdf	2588	1971-10-29	1971							
2589-Draft_of_Election_Manifesto.pdf	2589								manifesto	occasional_paper
259-India-Problems_With_The_Sixth_Five-Year_Plan-Asian_Affairs.pdf	259									
2590-Letter_to_R_V_Murthy_28-10-1971.pdf	2590	1971-10-28	1971		to	R V Murthy		unresolved	letter	letter
2591-Swatantra_Party_Minutes_of_Meeting_26-10-1971.pdf	2591	1971-10-26	1971						minutes	minutes
2592-Swatantra_Party_Notice_23-10-1971.pdf	2592	1971-10-23	1971						circular	circular
2593-Letter_from_Shantilal_L_Thar_26-10-1971.pdf	2593	1971-10-26	1971		from	Shantilal L Thar		unresolved	letter	letter
2594-Letter_to_Lalchand_Hirachand_06-10-1971.pdf	2594	1971-10-06	1971		to	Lalchand Hirachand		unresolved	letter	letter
2595-Letter_to_F_C_Cama_14-10-1971.pdf	2595	1971-10-14	1971		to	F C Cama		unresolved	letter	letter
2596-Swatantra_Party_Notice_23-10-1971.pdf	2596	1971-10-23	1971						circular	circular
2597-Swatantra_Party_Minutes_of_Meeting_30-09-1971.pdf	2597	1971-09-30	1971						minutes	minutes
2598-Swatantra_Party_Notice_27-09-1971.pdf	2598	1971-09-27	1971						circular	circular
2599-Swatantra_Party_Minutes_of_Meeting_04-08-1971.pdf	2599	1971-08-04	1971						minutes	minutes
26-Letter_to_Mr_NV_Norar.pdf	26				to	NV Norar		unresolved	letter	letter
260-Interview_Of_Mr_Minoo_Masani_08-08-1978.pdf	260	1978-08-08	1978							
2600-Letter_to_V_S_Srikumar_27-06-1975.pdf	2600	1975-06-27	1975		to	V S Srikumar		unresolved	letter	letter
2601-Telegram_to_Mr_Girish_Munshi_25-06-1975.pdf	2601	1975-06-25	1975		to	Girish Munshi		unresolved	telegram	telegram
2602-Telegram_to_Mr_Girish_Munshi_20-06-1975.pdf	2602	1975-06-20	1975		to	Girish Munshi		unresolved	telegram	telegram
2603-Letter_to_Mr_Girish_Munshi_09-06-1975.pdf	2603	1975-06-09	1975		to	Girish Munshi		unresolved	letter	letter
2604-Letter_to_Mr_V_S_Srikumar_10-06-1975.pdf	2604	1975-06-10	1975		to	V S Srikumar		unresolved	letter	letter
2605-Letter_to_Mr_P_Narayan_07-06-1975.pdf	2605	1975-06-07	1975		to	P Narayan		unresolved	letter	letter
2606-Letter_to_Mr_S_Ramabhadran_10-06-1975.pdf	2606	1975-06-10	1975		to	S Ramabhadran		unresolved	letter	letter
2607-Letter_to_Mr_V_S_Srikumar_09-06-1975.pdf	2607	1975-06-09	1975		to	V S Srikumar		unresolved	letter	letter
2608-Letter_to_Mr_V_S_Srikumar_07-06-1975.pdf	2608	1975-06-07	1975		to	V S Srikumar		unresolved	letter	letter
2609-Letter_to_Mr_V_S_Srikumar_05-06-1975.pdf	2609	1975-06-05	1975		to	V S Srikumar		unresolved	letter	letter
261-Mr_Minoo_Masanis_Speech_30-03-1979.pdf	261	1979-03-30	1979						speech	speech
2610-Letter_to_Mr_P_Narayan_03-06-1975.pdf	2610	1975-06-03	1975		to	P Narayan		unresolved	letter	letter
2611-Swatantra_Party_National_Convention_01-05-1975.pdf	2611	1975-05-01	1975						souvenir	edited_volume
2612-Letter_to_Mr_Girish_Munshi_26-05-1975.pdf	2612	1975-05-26	1975		to	Girish Munshi		unresolved	letter	letter
2613-Letter_to_Mr_Girish_Munshi_22-05-1975.pdf	2613	1975-05-22	1975		to	Girish Munshi		unresolved	letter	letter
2614-Letter_to_Mr_P_Narayan.pdf	2614				to	P Narayan		unresolved	letter	letter
2615-Letter_to_Mr_D_N_Patodia_22-05-1975.pdf	2615	1975-05-22	1975		to	D N Patodia		unresolved	letter	letter
2616-Letter_to_Mr_V_S_Srikumar_20-05-1975.pdf	2616	1975-05-20	1975		to	V S Srikumar		unresolved	letter	letter
2617-Letter_to_Mr_V_S_Srikumar_20-05-1975.pdf	2617	1975-05-20	1975		to	V S Srikumar		unresolved	letter	letter
2618-Letter_to_Mr_Girish_Munshi_12-05-1975.pdf	2618	1975-05-12	1975		to	Girish Munshi		unresolved	letter	letter
2619-Letter_to_Col_H_R_Pasricha_20-05-1975.pdf	2619	1975-05-20	1975		to	H R Pasricha		unresolved	letter	letter
262-Are_We_Fit_For_Democracy.pdf	262									
2620-Letter_to_Mr_Girish_Munshi_02-05-1975.pdf	2620	1975-05-02	1975		to	Girish Munshi		unresolved	letter	letter
2621-Letter_to_Mr_M_R_Arya_20-05-1975.pdf	2621	1975-05-20	1975		to	M R Arya		unresolved	letter	letter
2622-Letter_to_Mr_V_S_Srikumar_21-05-1975.pdf	2622	1975-05-21	1975		to	V S Srikumar		unresolved	letter	letter
2623-Letter_to_Mr_P_Narayan_12-05-1975.pdf	2623	1975-05-12	1975		to	P Narayan		unresolved	letter	letter
2624-Letter_to_Mr_V_S_Srikumar_12-05-1975.pdf	2624	1975-05-12	1975		to	V S Srikumar		unresolved	letter	letter
2625-Letter_to_Mr_V_S_Srikumar_09-05-1975.pdf	2625	1975-05-09	1975		to	V S Srikumar		unresolved	letter	letter
2626-Letter_to_Mr_Doraisamy_Nadar_09-05-1975.pdf	2626	1975-05-09	1975		to	Doraisamy Nadar		unresolved	letter	letter
2627-Statement_of_Swatantra_Party_09-12-1978.pdf	2627	1978-12-09	1978						press_note	press_note
2628-Letter_to_Mr_R_N_Singh_Deo_10-02-1970.pdf	2628	1970-02-10	1970		to	R N Singh Deo		unresolved	letter	letter
2629-Letter_to_Mr_Minoo_Masani_09-02-1970.pdf	2629	1970-02-09	1970		to	Minoo Masani	minoo-masani	resolved	letter	letter
263-Mr_Minoo_Masani_Interviewed_By-India_Today_20-07-1978.pdf	263	1978-07-20	1978							
2630-Letter_to_Mr_R_N_Singh_Deo_05-02-1970.pdf	2630	1970-02-05	1970		to	R N Singh Deo		unresolved	letter	letter
2631-Letter_to_Mr_Minoo_Masani_06-01-1970.pdf	2631	1970-01-06	1970		to	Minoo Masani	minoo-masani	resolved	letter	letter
2632-Letter_to_Mr_Minoo_Masani_30-08-1969.pdf	2632	1969-08-30	1969		to	Minoo Masani	minoo-masani	resolved	letter	letter
2633-Letter_to_Mr_Minoo_Masani_17-11-1968.pdf	2633	1968-11-17	1968		to	Minoo Masani	minoo-masani	resolved	letter	letter
2634-Letter_to_Mr_R_N_Singh_Deo_19-11-1968.pdf	2634	1968-11-19	1968		to	R N Singh Deo		unresolved	letter	letter
2635-Letter_to_Mr_R_N_Singh_Deo_14-11-1968.pdf	2635	1968-11-14	1968		to	R N Singh Deo		unresolved	letter	letter
2636-Letter_to_Mr_R_N_Singh_Deo_06-11-1968.pdf	2636	1968-11-06	1968		to	R N Singh Deo		unresolved	letter	letter
2637-India_Under_An_UNESCO_Exchange_Program.pdf	2637									
2638-Letter_to_Galbraith_13-05-1968.pdf	2638	1968-05-13	1968		to	Galbraith		unresolved	letter	letter
2639-Letter_to_Mr_R_B_Mishra_16-08-1968.pdf	2639	1968-08-16	1968		to	R B Mishra		unresolved	letter	letter
264-Mr_Minoo_Masani_Interviewed_By-Sunday_Magazine.pdf	264									
2640-Letter_to_Mr_R_N_Singh_Deo_02-18-1968.pdf	2640		1968	bad_day_month	to	R N Singh Deo		unresolved	letter	letter
2641-Letter_to_Mr_Minoo_Masani_29-07-1968.pdf	2641	1968-07-29	1968		to	Minoo Masani	minoo-masani	resolved	letter	letter
2642-Letter_to_Mr_R_N_Singh_Deo_24-07-1968.pdf	2642	1968-07-24	1968		to	R N Singh Deo		unresolved	letter	letter
2643-Letter_to_Mr_Harihar_Patel_20-06-1968.pdf	2643	1968-06-20	1968		to	Harihar Patel		unresolved	letter	letter
2644-Nationalisation_Of_Text_Book_27-05-1965.pdf	2644	1965-05-27	1965							
2645-Letter_to_Mr_S_Mahapatra_20-06-1968.pdf	2645	1968-06-20	1968		to	S Mahapatra		unresolved	letter	letter
2646-Letter_to_Mr_S_Mahapatra.pdf	2646				to	S Mahapatra		unresolved	letter	letter
2647-Speech_of_Mr_Minoo_Masani_In_Lok_Sabha_20-11-1967.pdf	2647	1967-11-20	1967						speech	speech
2648-Letter_to_Mr_R_B_Mishra_13-06-1968.pdf	2648	1968-06-13	1968		to	R B Mishra		unresolved	letter	letter
2649-Letter_to_Mr_Minoo_Masani_28-05-1968.pdf	2649	1968-05-28	1968		to	Minoo Masani	minoo-masani	resolved	letter	letter
265-An_Open_Letter_to_Finance_Minister.pdf	265				to	Finance Minister		unresolved	letter	letter
2650-Letter_to_Mr_Harihar_Patel_30-05-1968.pdf	2650	1968-05-30	1968		to	Harihar Patel		unresolved	letter	letter
2651-Govt_Of_Orissa_Public_Relations_Advisor.pdf	2651									
2652-Letter_to_Mr_Minoo_Masani_16-05-1968.pdf	2652	1968-05-16	1968		to	Minoo Masani	minoo-masani	resolved	letter	letter
2653-Letter_to_Mr_Minoo_Masani_16-05-1968.pdf	2653	1968-05-16	1968		to	Minoo Masani	minoo-masani	resolved	letter	letter
2654-Letter_to_Mr_R_N_Singh_Deo_07-05-1968.pdf	2654	1968-05-07	1968		to	R N Singh Deo		unresolved	letter	letter
2655-Letter_to_Prof_Raj_Krishna_07-05-1968.pdf	2655	1968-05-07	1968		to	Raj Krishna		unresolved	letter	letter
2656-Letter_to_Mr_N_Dandekar_25-04-1968.pdf	2656	1968-04-25	1968		to	N Dandekar	n-dandekar	resolved	letter	letter
2657-Letter_to_Mr_Volckmann_10-04-1968.pdf	2657	1968-04-10	1968		to	Volckmann		unresolved	letter	letter
2658-Letter_to_Mr_R_N_Singh_Deo_03-04-1968.pdf	2658	1968-04-03	1968		to	R N Singh Deo		unresolved	letter	letter
2659-Letter_to_Mr_Minoo_Masani.pdf	2659				to	Minoo Masani	minoo-masani	resolved	letter	letter
266-A_Dangerous_Proposal-The_Economic_Times_24-04-1978.pdf	266	1978-04-24	1978							
2660-Letter_to_Mr_R_B_Mishra_30-03-1968.pdf	2660	1968-03-30	1968		to	R B Mishra		unresolved	letter	letter
2661-Letter_to_Mr_R_F_S_Talyarkhan_28-03-1968.pdf	2661	1968-03-28	1968		to	R F S Talyarkhan		unresolved	letter	letter
2662-Letter_to_Mr_Minoo_Masani_22-03-1968.pdf	2662	1968-03-22	1968		to	Minoo Masani	minoo-masani	resolved	letter	letter
2663-Letter_to_Mr_Minoo_Masani_21-03-1968.pdf	2663	1968-03-21	1968		to	Minoo Masani	minoo-masani	resolved	letter	letter
2664-Letter_to_Mr_Minoo_Masani_21-03-1968.pdf	2664	1968-03-21	1968		to	Minoo Masani	minoo-masani	resolved	letter	letter
2665-Letter_to_Mr_R_N_Singh_Deo_14-03-1968.pdf	2665	1968-03-14	1968		to	R N Singh Deo		unresolved	letter	letter
2666-Note_on_Public_Relation.pdf	2666									
2667-Letter_to_Mr_R_B_Mishra_13-03-1968.pdf	2667	1968-03-13	1968		to	R B Mishra		unresolved	letter	letter
2668-Letter_to_Mr_R_N_Singh_Deo_11-03-1968.pdf	2668	1968-03-11	1968		to	R N Singh Deo		unresolved	letter	letter
2669-Letter_to_Mr_Minoo_Masani.pdf	2669				to	Minoo Masani	minoo-masani	resolved	letter	letter
267-The_Parsee_In_Public_Life.pdf	267									
2670-Letter_to_Mr_I_S_Bhargava_09-03-1968.pdf	2670	1968-03-09	1968		to	I S Bhargava		unresolved	letter	letter
2671-Letter_to_Mr_Minoo_Masani_02-03-1968.pdf	2671	1968-03-02	1968		to	Minoo Masani	minoo-masani	resolved	letter	letter
2672-Letter_to_Prof_Raj_Krishna_29-02-1968.pdf	2672	1968-02-29	1968		to	Raj Krishna		unresolved	letter	letter
2673-Letter_to_Dr_K_L_Rao_29-02-1968.pdf	2673	1968-02-29	1968		to	K L Rao		unresolved	letter	letter
2674-Letter_to_Mr_Minoo_Masani_25-02-1968.pdf	2674	1968-02-25	1968		to	Minoo Masani	minoo-masani	resolved	letter	letter
2675-Letter_to_Mr_Minoo_Masani_26-02-1968.pdf	2675	1968-02-26	1968		to	Minoo Masani	minoo-masani	resolved	letter	letter
2676-Letter_to_Mr_Minoo_Masani_29-02-1968.pdf	2676	1968-02-29	1968		to	Minoo Masani	minoo-masani	resolved	letter	letter
2677-Press_Conference_Addressed_By_Mr_Minoo_Masani_25-02-1968.pdf	2677	1968-02-25	1968						press_note	press_note
2678-Letter_to_Mr_Minoo_Masani_13-02-1968.pdf	2678	1968-02-13	1968		to	Minoo Masani	minoo-masani	resolved	letter	letter
2679-Letter_to_Mr_Minoo_Masani_09-02-1968.pdf	2679	1968-02-09	1968		to	Minoo Masani	minoo-masani	resolved	letter	letter
268-An_Open_Letter_to_Finance_Minister-Set_the_People_Free.pdf	268				to	Finance Minister-Set the People Free		unresolved	letter	letter
2680-Letter_to_Mr_R_N_Singh_Deo_06-02-1968.pdf	2680	1968-02-06	1968		to	R N Singh Deo		unresolved	letter	letter
2681-Letter_to_Mr_Minoo_Masani_01-02-1968.pdf	2681	1968-02-01	1968		to	Minoo Masani	minoo-masani	resolved	letter	letter
2682-Letter_to_Mr_R_N_Singh_Deo_02-02-1968.pdf	2682	1968-02-02	1968		to	R N Singh Deo		unresolved	letter	letter
2683-Telegram_to_Mr_Minoo_Masani.pdf	2683				to	Minoo Masani	minoo-masani	resolved	telegram	telegram
2684-Letter_to_Mr_R_N_Singh_Deo_31-01-1968.pdf	2684	1968-01-31	1968		to	R N Singh Deo		unresolved	letter	letter
2685-Letter_to_Mr_R_N_Singh_Deo_24-01-1968.pdf	2685	1968-01-24	1968		to	R N Singh Deo		unresolved	letter	letter
2686-Letter_to_Mr_Minoo_Masani_16-01-1968.pdf	2686	1968-01-16	1968		to	Minoo Masani	minoo-masani	resolved	letter	letter
2687-Letter_to_Mr_Minoo_Masani_13-12-1967.pdf	2687	1967-12-13	1967		to	Minoo Masani	minoo-masani	resolved	letter	letter
2688-Letter_to_Mr_Minoo_Masani_01-12-1967.pdf	2688	1967-12-01	1967		to	Minoo Masani	minoo-masani	resolved	letter	letter
2689-Letter_to_Mr_J_R_D_Tata_23-11-1967.pdf	2689	1967-11-23	1967		to	J R D Tata	jrd-tata	resolved	letter	letter
269-Tio_Drink_Or_Not_To_Drink-The_Illustrated_Weekly_Of_India_27-11-1977.pdf	269	1977-11-27	1977							
2690-Letter_to_Col_L_Sawhny_23-11-1967.pdf	2690	1967-11-23	1967		to	L Sawhny		unresolved	letter	letter
2691-Letter_to_Mr_Minoo_Masani_09-11-1967.pdf	2691	1967-11-09	1967		to	Minoo Masani	minoo-masani	resolved	letter	letter
2692-Letter_to_Mr_Harihar_Patel_25-08-1967.pdf	2692	1967-08-25	1967		to	Harihar Patel		unresolved	letter	letter
2693-Letter_to_Mr_Minoo_Masani_07-08-1967.pdf	2693	1967-08-07	1967		to	Minoo Masani	minoo-masani	resolved	letter	letter
2694-Letter_to_Mr_R_N_Singh_Deo_09-08-1967.pdf	2694	1967-08-09	1967		to	R N Singh Deo		unresolved	letter	letter
2695-Telegram_to_Mr_Minoo_Masani_30-07-1967.pdf	2695	1967-07-30	1967		to	Minoo Masani	minoo-masani	resolved	telegram	telegram
2696-Letter_to_Mr_Minoo_Masani_31-07-1967.pdf	2696	1967-07-31	1967		to	Minoo Masani	minoo-masani	resolved	letter	letter
2697-Telegram_to_Mr_Minoo_Masani_22-07-1967.pdf	2697	1967-07-22	1967		to	Minoo Masani	minoo-masani	resolved	telegram	telegram
2698-Telegram_to_Mr_Minoo_Masani_22-07-1967.pdf	2698	1967-07-22	1967		to	Minoo Masani	minoo-masani	resolved	telegram	telegram
2699-Letter_to_Mr_C_Rajagopalchari_26-07-1967.pdf	2699	1967-07-26	1967		to	C Rajagopalchari		unresolved	letter	letter
27-Letter_to_Mr_S_T_Sanghavi_23-03-1971.pdf	27	1971-03-23	1971		to	S T Sanghavi		unresolved	letter	letter
270-Terrorism_On_The_Home_Front-Indian_Express_02-01-1978.pdf	270	1978-01-02	1978						press_note	press_note
2700-Letter_to_The_Editor-The_Times_Of_India_21-07-1967.pdf	2700	1967-07-21	1967		to	The Editor-The Times Of India		not_a_person	letter	letter
2701-Letter_to_Mr_R_S_Lodha_03-07-1967.pdf	2701	1967-07-03	1967		to	R S Lodha		unresolved	letter	letter
2702-Letter_to_Mr_R_N_Singh_Deo_26-07-1967.pdf	2702	1967-07-26	1967		to	R N Singh Deo		unresolved	letter	letter
2703-Letter_to_Mr_Minoo_Masani_26-07-1967.pdf	2703	1967-07-26	1967		to	Minoo Masani	minoo-masani	resolved	letter	letter
2704-Letter_to_Mr_C_H_Bhabha_14-06-1967.pdf	2704	1967-06-14	1967		to	C H Bhabha		unresolved	letter	letter
2705-Letter_to_Mr_C_H_Bhabha_06-06-1967.pdf	2705	1967-06-06	1967		to	C H Bhabha		unresolved	letter	letter
2706-Letter_to_Mr_C_H_Bhabha_30-05-1967.pdf	2706	1967-05-30	1967		to	C H Bhabha		unresolved	letter	letter
2707-Letter_to_Mr_R_N_Singh_Deo_30-05-1967.pdf	2707	1967-05-30	1967		to	R N Singh Deo		unresolved	letter	letter
2708-Letter_to_Mr_Minoo_Masani_10-05-1967.pdf	2708	1967-05-10	1967		to	Minoo Masani	minoo-masani	resolved	letter	letter
2709-We_Will_Keep_Out_Of_Blocs-Masani-Sunday_Standard_21-03-1971.pdf	2709	1971-03-21	1971							
271-Indias_Second_Revolution-Asian_Affairs_22-03-1977.pdf	271	1977-03-22	1977							
2710-Swatantra_Against_Bloc_Or_Front_In_Parliament-Times_Of_India_21-03-1971.pdf	2710	1971-03-21	1971							
2711-JS_Cong_Worked_To_Defeat_Me-Bharat_Joti_21-03-1971.pdf	2711	1971-03-21	1971							
2712-We_Will_Keep_Out_Of_Blocs-Masani-Sunday_Standard_21-03-1971.pdf	2712	1971-03-21	1971							
2713-Swatantra_Against_Bloc_In_Parliament-Hindustan_Times_21-03-1971.pdf	2713	1971-03-21	1971							
2714-Swatantra_Will_Not_Join_Any_Bloc-Statesman_21-03-1971.pdf	2714	1971-03-21	1971							
2715-Swatantra_MP_To_Function_As_Independent_Opposition-Hindu_21-03-1971.pdf	2715	1971-03-21	1971							
2716-Swatantra_Not_To_Join_Any_Bloc-Statesman_21-03-1971.pdf	2716	1971-03-21	1971							
2717-Swatantra_Against_Bloc_In_Parliament-Hindustan_Times_21-03-1971.pdf	2717	1971-03-21	1971							
2718-Swatantra_MPs_Not_To_Join_Any_Bloc-National_Herlad_21-03-1971.pdf	2718	1971-03-21	1971							
2719-Masani_Against_Bloc_In_Parliament-Pataoit_21-03-1971.pdf	2719	1971-03-21	1971							
272-The_42nd_Amendment_Must_Go-Indian_Express_01-11-1977.pdf	272	1977-11-01	1977						press_note	press_note
2720-Swatantra_Against_Bloc_Or_Front_In_Parliament-Times_Of_India_21-03-1971.pdf	2720	1971-03-21	1971							
2721-Swatantra_Not_To_Join_Any_Bloc-Statesman_21-03-1971.pdf	2721	1971-03-21	1971							
2722-Swatantra_Not_To_Join_Any_Bloc-Statesman_21-03-1971.pdf	2722	1971-03-21	1971							
2723-Statement_Adopted_By_The_Central_Parliamentary_Board_Of_Swatantra_Party_20-03-1971.pdf	2723	1971-03-20	1971						press_note	press_note
2724-Letter_Form_Mr_Minoo_Masani_01-11-1967.pdf	2724	1967-11-01	1967						letter	letter
2725-Masani_To_Give_Up_Party_Post-Hindustan_Times_03-11-1967.pdf	2725	1967-11-03	1967							
2726-Masani_Wants_To_Quit_Party_Post-Times_Of_India_03-11-1967.pdf	2726	1967-11-03	1967							
2727-Relieve_Me_Masani_Tells_Party-Indian_Express_03-11-1967.pdf	2727	1967-11-03	1967						press_note	press_note
2728-Masani_Asks_To_Relieve_Him_From_His_Post-Assam_Tribune_04-11-1967.pdf	2728	1967-11-04	1967							
2729-Masani_Wishes_To_Give_Up_Party_Post-Free_Press_Journal_04-11-1967.pdf	2729	1967-11-04	1967						press_note	press_note
273-Indians_Speak_Up-Readers_Digest_01-12-1977.pdf	273	1977-12-01	1977							
2730-For_Favour_Of_Publication_02-11-1967.pdf	2730	1967-11-02	1967							
2731-Letter_to_Mr_Minoo_Masani_18-11-1967.pdf	2731	1967-11-18	1967		to	Minoo Masani	minoo-masani	resolved	letter	letter
2732-Letter_to_Mr_Minoo_Masani.pdf	2732				to	Minoo Masani	minoo-masani	resolved	letter	letter
2733-Letter_to_Mr_Minoo_Masani_16-11-1967.pdf	2733	1967-11-16	1967		to	Minoo Masani	minoo-masani	resolved	letter	letter
2734-Letter_to_Mr_Minoo_Masani_16-11-1967.pdf	2734	1967-11-16	1967		to	Minoo Masani	minoo-masani	resolved	letter	letter
2735-Letter_to_Mr_Homi_Modi_15-11-1967.pdf	2735	1967-11-15	1967		to	Homi Modi		unresolved	letter	letter
2736-Letter_to_Mr_Minoo_Masani_13-11-1967.pdf	2736	1967-11-13	1967		to	Minoo Masani	minoo-masani	resolved	letter	letter
2737-Letter_to_Mr_Minoo_Masani_11-11-1967.pdf	2737	1967-11-11	1967		to	Minoo Masani	minoo-masani	resolved	letter	letter
2738-Letter_to_Mr_Minoo_Masani_10-11-1967.pdf	2738	1967-11-10	1967		to	Minoo Masani	minoo-masani	resolved	letter	letter
2739-Letter_to_Mr_Minoo_Masani_10-11-1967.pdf	2739	1967-11-10	1967		to	Minoo Masani	minoo-masani	resolved	letter	letter
274-Dual_Character_Of_An_Emerging_Group.pdf	274									
2740-Letter_to_Mr_Minoo_Masani_09-11-1967.pdf	2740	1967-11-09	1967		to	Minoo Masani	minoo-masani	resolved	letter	letter
2741-Letter_to_Mr_Minoo_Masani_08-11-1967.pdf	2741	1967-11-08	1967		to	Minoo Masani	minoo-masani	resolved	letter	letter
2742-Letter_to_Mr_Minoo_Masani_08-11-1967.pdf	2742	1967-11-08	1967		to	Minoo Masani	minoo-masani	resolved	letter	letter
2743-Letter_to_Mr_C_Rajagopalchari_07-11-1967.pdf	2743	1967-11-07	1967		to	C Rajagopalchari		unresolved	letter	letter
2744-Letter_to_Mr_Minoo_Masani_06-11-1967.pdf	2744	1967-11-06	1967		to	Minoo Masani	minoo-masani	resolved	letter	letter
2745-Letter_to_Mr_Minoo_Masani_05-11-1967.pdf	2745	1967-11-05	1967		to	Minoo Masani	minoo-masani	resolved	letter	letter
2746-Letter_to_Mr_Minoo_Masani_04-11-1967.pdf	2746	1967-11-04	1967		to	Minoo Masani	minoo-masani	resolved	letter	letter
2747-Letter_to_Mr_Minoo_Masani_04-11-1967.pdf	2747	1967-11-04	1967		to	Minoo Masani	minoo-masani	resolved	letter	letter
2748-Letter_to_Mr_C_Rajagopalchari_15-10-1967.pdf	2748	1967-10-15	1967		to	C Rajagopalchari		unresolved	letter	letter
2749-Letter_to_Mr_Minoo_Masani_02-11-1967.pdf	2749	1967-11-02	1967		to	Minoo Masani	minoo-masani	resolved	letter	letter
275-Letter_From_India-JP_Testament.pdf	275				from	India-JP Testament		unresolved	letter	letter
2750-Letter_to_Mr_C_Rajagopalchari_02-11-1967.pdf	2750	1967-11-02	1967		to	C Rajagopalchari		unresolved	letter	letter
2751-Letter_to_Mr_N_G_Ranga_02-11-1967.pdf	2751	1967-11-02	1967		to	N G Ranga		unresolved	letter	letter
2752-Letter_to_Mr_Minoo_Masani_01-11-1967.pdf	2752	1967-11-01	1967		to	Minoo Masani	minoo-masani	resolved	letter	letter
2753-Crisis_Brewing_In_Bombay_Swatantra.pdf	2753									
2754-Future_Of_Swatantra-Times_Of_India_17-07-1974.pdf	2754	1974-07-17	1974							
2755-Suit_Against_Swatantra_Wind-up-Indian_Express_30-07-1974.pdf	2755	1974-07-30	1974						press_note	press_note
2756-Masani-Mody_Clash_At_Merger_Meet_06-08-1974.pdf	2756	1974-08-06	1974							
2757-Swatantra_Party_Heading_For_Split_06-08-1974.pdf	2757	1974-08-06	1974							
2758-Swatantra_Heading_For_Split_Over_Merger_06-08-1974.pdf	2758	1974-08-06	1974							
2759-Swatantra_Split-Indian_Express.pdf	2759								press_note	press_note
276-JP_s_Last_Will_And_Testament-The_Illustrated_Weekly_Of_India_17-09-1977.pdf	276	1977-09-17	1977							
2760-Swatantra_Dissolution_Not_Possible-Indian_Express_20-08-1974.pdf	2760	1974-08-20	1974						press_note	press_note
2761-New_Life_For_Swatantra-Indian_Express_09-12-1974.pdf	2761	1974-12-09	1974						press_note	press_note
2762-Ror_Over_Star-Indian_Express_03-01-1975.pdf	2762	1975-01-03	1975						press_note	press_note
2763-Swatantra_to_Function_As_Before-Times_Of_India_09-12-1974.pdf	2763	1974-12-09	1974							
2764-BLD_Symbol-Indian_Express_15-01-1975.pdf	2764	1975-01-15	1975						press_note	press_note
2765-BLD_Poll_Symbol_In_Due_Course-Indian_Express_05-01-1975.pdf	2765	1975-01-05	1975						press_note	press_note
2766-Swatantra_MLAs_Writ_Admited_14-02-1975.pdf	2766	1975-02-14	1975							
2767-Letter_From_Mr_P_K_Deo_22-05-1962.pdf	2767	1962-05-22	1962		from	P K Deo		unresolved	letter	letter
2768-Letter_to_Mr_Minoo_Masani_23-05-1962.pdf	2768	1962-05-23	1962		to	Minoo Masani	minoo-masani	resolved	letter	letter
2769-Minuits_Of_Lok_Sabha_and_Rajya_Sabha_Meeting_13-05-1962.pdf	2769	1962-05-13	1962							
277-Tomorrow_Belongs_to_You.pdf	277									
2770-Lok_Sabha_Speeches-Hindustan_Times_11-05-1962.pdf	2770	1962-05-11	1962						speech	speech
2771-Plea_For_Relief_To_Handloom_Industry-Indian_Express_11-05-1962.pdf	2771	1962-05-11	1962						press_note	press_note
2772-Speech_Of_Shri_Narendra_Singh_Mahida_10-05-1962.pdf	2772	1962-05-10	1962						speech	speech
2773-Letter_to_Mr_Minoo_Masani_10-05-1962.pdf	2773	1962-05-10	1962		to	Minoo Masani	minoo-masani	resolved	letter	letter
2774-Speech_Of_Mr_Bula_Singh_In_Lok_Sabha_08-05-1962.pdf	2774	1962-05-08	1962						speech	speech
2775-Letter_to_Mr_Minoo_Masani_08-05-1962.pdf	2775	1962-05-08	1962		to	Minoo Masani	minoo-masani	resolved	letter	letter
2776-Letter_to_Mr_Minoo_Masani_07-05-1962.pdf	2776	1962-05-07	1962		to	Minoo Masani	minoo-masani	resolved	letter	letter
2777-Letter_to_Mr_N_G_Ranga_07-05-1962.pdf	2777	1962-05-07	1962		to	N G Ranga		unresolved	letter	letter
2778-Business_Advisory_Panel_Formed-Indian_Express_01-05-1962.pdf	2778	1962-05-01	1962						press_note	press_note
2779-Letter_to_Mr_Narendra_Singh_Mahida_30-04-1962.pdf	2779	1962-04-30	1962		to	Narendra Singh Mahida		unresolved	letter	letter
278-Extracts_From_The_Books-Excellence.pdf	278									
2780-Letter_to_Gayatri_Devi_30-04-1962.pdf	2780	1962-04-30	1962		to	Gayatri Devi		unresolved	letter	letter
2781-Letter_to_Mr_Minoo_Masani_02-05-1962.pdf	2781	1962-05-02	1962		to	Minoo Masani	minoo-masani	resolved	letter	letter
2782-Letter_to_Mr_Minoo_Masani_25-04-1962.pdf	2782	1962-04-25	1962		to	Minoo Masani	minoo-masani	resolved	letter	letter
2783-Letter_to_Mr_Narendra_Singh_Mahida_24-04-1962.pdf	2783	1962-04-24	1962		to	Narendra Singh Mahida		unresolved	letter	letter
2784-Letter_to_Mr_Minoo_Masani_24-04-1962.pdf	2784	1962-04-24	1962		to	Minoo Masani	minoo-masani	resolved	letter	letter
2785-Letter_to_Mr_Minoo_Masani_23-03-1962.pdf	2785	1962-03-23	1962		to	Minoo Masani	minoo-masani	resolved	letter	letter
2786-Letter_to_Mr_Minoo_Masani_21-04-1962.pdf	2786	1962-04-21	1962		to	Minoo Masani	minoo-masani	resolved	letter	letter
2787-Letter_to_Mr_Minoo_Masani_20-04-1962.pdf	2787	1962-04-20	1962		to	Minoo Masani	minoo-masani	resolved	letter	letter
2788-Letter_to_Mr_Minoo_Masani_19-04-1962.pdf	2788	1962-04-19	1962		to	Minoo Masani	minoo-masani	resolved	letter	letter
2789-Letter_to_Mr_Minoo_Masani_19-04-1962.pdf	2789	1962-04-19	1962		to	Minoo Masani	minoo-masani	resolved	letter	letter
279-Newsletter_of_the_Leslie_Sawhny_Programme.pdf	279								letter	letter
2790-Letter_to_Mr_Dahyabhi_Patel_19-04-1962.pdf	2790	1962-04-19	1962		to	Dahyabhi Patel		unresolved	letter	letter
2791-Letter_to_Raja_Raghavendra_Pratap_Singh_19-04-1962.pdf	2791	1962-04-19	1962		to	Raghavendra Pratap Singh		unresolved	letter	letter
2792-Letter_to_Mr_Narendra_Singh_Mahida_19-04-1962.pdf	2792	1962-04-19	1962		to	Narendra Singh Mahida		unresolved	letter	letter
2793-Letter_to_Mr_Narendra_Singh_Mahida_19-04-1962.pdf	2793	1962-04-19	1962		to	Narendra Singh Mahida		unresolved	letter	letter
2794-Letter_to_Mr_P_K_Patnaik_18-04-1962.pdf	2794	1962-04-18	1962		to	P K Patnaik		unresolved	letter	letter
2795-Minutes_of_the_Joint_Meeting_of_Rajya_Sabha_and_Lok_Sabha_15-04-1962.pdf	2795	1962-04-15	1962						minutes	minutes
2796-Minutes_of_the_Joint_Meeting_of_Rajya_Sabha_and_Lok_Sabha_15-04-1962.pdf	2796	1962-04-15	1962						minutes	minutes
2797-Minutes_of_Meeting_of_Lok_Sabha_and_Rajya_Sabha_16-04-1962.pdf	2797	1962-04-16	1962						minutes	minutes
2798-Letter_from_Dahyabhai_Vallabhbhai_Patel_17-04-1962.pdf	2798	1962-04-17	1962		from	Dahyabhai Vallabhbhai Patel		unresolved	letter	letter
2799-Swatantra_Party_to_Back_Dr_Husains_Candidature-Indian_Nation_17-04-1962.pdf	2799	1962-04-17	1962							
28-Letter_to_Mr_Minoo_Masani_12-03-1971.pdf	28	1971-03-12	1971		to	Minoo Masani	minoo-masani	resolved	letter	letter
280-The_Constitution-Twenty_Five_Years_Later.pdf	280									
2800-Letter_to_Mr_Minoo_Masani_15-04-1962.pdf	2800	1962-04-15	1962		to	Minoo Masani	minoo-masani	resolved	letter	letter
2801-Swatantra_Party_Memo_26-04-1962.pdf	2801	1962-04-26	1962						memo	circular
2802-Letter_to_Mr_Minoo_Masani_11-04-1962.pdf	2802	1962-04-11	1962		to	Minoo Masani	minoo-masani	resolved	letter	letter
2803-Letter_to_M_S_Aney_11-04-1962.pdf	2803	1962-04-11	1962		to	M S Aney		unresolved	letter	letter
2804-Letter_from_M_S_Aney_29-03-1962.pdf	2804	1962-03-29	1962		from	M S Aney		unresolved	letter	letter
2805-Letter_from_S_V_Raju_10-04-1962.pdf	2805	1962-04-10	1962		from	S V Raju	s-v-raju	resolved	letter	letter
2806-Letter_from_Mr_Minoo_Masani_02-04-1962.pdf	2806	1962-04-02	1962		from	Minoo Masani	minoo-masani	resolved	letter	letter
2807-Congress_Strength_in_Rajya_Sabha_Dwindles-Times_of_India_31-03-1962.pdf	2807	1962-03-31	1962							
2808-Letter_from_Basant_Singh_30-03-1962.pdf	2808	1962-03-30	1962		from	Basant Singh		unresolved	letter	letter
2809-Letter_from_Mr_Minoo_Masani_28-03-1962.pdf	2809	1962-03-28	1962		from	Minoo Masani	minoo-masani	resolved	letter	letter
281-The_Miles_of_History.pdf	281									
2810-Letter_to_NG_Ranga_26-03-1962.pdf	2810	1962-03-26	1962		to	NG Ranga		unresolved	letter	letter
2811-Letter_to_Mr_Minoo_Masani_26-03-1962.pdf	2811	1962-03-26	1962		to	Minoo Masani	minoo-masani	resolved	letter	letter
2812-Letter_to_M_S_Aney_26-03-1962.pdf	2812	1962-03-26	1962		to	M S Aney		unresolved	letter	letter
2813-Letter_to_C_Rajagopalachari_24-03-1962.pdf	2813	1962-03-24	1962		to	C Rajagopalachari	c-rajagopalachari	resolved	letter	letter
2814-Letter_to_M_S_Aney_26-03-1962.pdf	2814	1962-03-26	1962		to	M S Aney		unresolved	letter	letter
2815-Letter_to_M_S_Aney_26-03-1962.pdf	2815	1962-03-26	1962		to	M S Aney		unresolved	letter	letter
2816-Letter_to_M_S_Aney.pdf	2816				to	M S Aney		unresolved	letter	letter
2817-Letter_to_Mr_Minoo_Masani_24-03-1962.pdf	2817	1962-03-24	1962		to	Minoo Masani	minoo-masani	resolved	letter	letter
2818-Letter_to_Mr_Minoo_Masani_23-03-1962.pdf	2818	1962-03-23	1962		to	Minoo Masani	minoo-masani	resolved	letter	letter
2819-Letter_to_Mr_Minoo_Masani_24-03-1962.pdf	2819	1962-03-24	1962		to	Minoo Masani	minoo-masani	resolved	letter	letter
282-The_Presidents_Power_15-05-1975.pdf	282	1975-05-15	1975							
2820-Letter_to_C_Rajagopalachari_17-03-1962.pdf	2820	1962-03-17	1962		to	C Rajagopalachari	c-rajagopalachari	resolved	letter	letter
2821-Aneys_Reported_Move_to_Join_Swatantra_12-03-1962.pdf	2821	1962-03-12	1962						report	occasional_paper
2822-Rajasthan_Legislative_Swatantra_Leader-Indian_Nation_11-03-1962.pdf	2822	1962-03-11	1962							
2823-Swatantra_Party_Convention_18-03-1962.pdf	2823	1962-03-18	1962						souvenir	edited_volume
2824-Welcome_End_19-03-1962.pdf	2824	1962-03-19	1962							
2825-Letter_to_C_Rajagopalachari_08-03-1962.pdf	2825	1962-03-08	1962		to	C Rajagopalachari	c-rajagopalachari	resolved	letter	letter
2826-P-SP_Swatantra_Search_for_Lok_Sabha_Party_Chiefs-Free_Press_Journal_08-03-1962.pdf	2826	1962-03-08	1962						press_note	press_note
2827-Letter_to_U_Muthuramalinga_Thevar.pdf	2827				to	U Muthuramalinga Thevar		unresolved	letter	letter
2828-For_Favour_of_Publication_20-04-1961.pdf	2828	1961-04-20	1961							
2829-Letter_About_Demands_for_Ministry_of_Transport_&_Communications_05-04-1961.pdf	2829	1961-04-05	1961						letter	letter
283-Mr_Minoo_Masani_Opinion.pdf	283									
2830-List_of_Swatantra_Members_in_Parliament.pdf	2830									
2831-Letter_from_Mr_Minoo_Masani_10-01-1961.pdf	2831	1961-01-10	1961		from	Minoo Masani	minoo-masani	resolved	letter	letter
2832-Letter_from_Mr_Minoo_Masani_02-12-1960.pdf	2832	1960-12-02	1960		from	Minoo Masani	minoo-masani	resolved	letter	letter
2833-Swatantra_Party_Minutes_of_Meeting_30-08-1960.pdf	2833	1960-08-30	1960						minutes	minutes
2834-Letter_About_Discussion_on_the_Third_Plan_22-08-1960.pdf	2834	1960-08-22	1960						letter	letter
2835-Substitute_Motion_to_the_Motion_to_be_Moved_by_of_Planning_17-08-1960.pdf	2835	1960-08-17	1960							
2836-Letter_from_Mr_Minoo_Masani_17-08-1960.pdf	2836	1960-08-17	1960		from	Minoo Masani	minoo-masani	resolved	letter	letter
2837-Letter_to_Mr_Minoo_Masani_13-08-1960.pdf	2837	1960-08-13	1960		to	Minoo Masani	minoo-masani	resolved	letter	letter
2838-Committee_Present_Position_with_Suggestion.pdf	2838									
2839-Meeting_of_the_Democratic_Group_in_the_Rajya_Sabha_11-04-1960.pdf	2839	1960-04-11	1960							
284-A_Founding_Fathers_Review_03-04-1975.pdf	284	1975-04-03	1975							
2840-Letter_to_the_Editor_16-02-1960.pdf	2840	1960-02-16	1960		to	the Editor		not_a_person	letter	letter
2841-Letter_to_Mr_Minoo_Masani_09-02-1960.pdf	2841	1960-02-09	1960		to	Minoo Masani	minoo-masani	resolved	letter	letter
2842-For_Favour_of_Publication_25-12-1959.pdf	2842	1959-12-25	1959							
2843-Letter_from_Mr_Minoo_Masani_22-12-1959.pdf	2843	1959-12-22	1959		from	Minoo Masani	minoo-masani	resolved	letter	letter
2844-Resolution_of_the_General_Council_of_the_Swatantra_Party_22-12-1959.pdf	2844	1959-12-22	1959						resolution	resolution
2845-Meeting_of_the_Members_of_the_Swatantra_Party_22-12-1959.pdf	2845	1959-12-22	1959							
2846-Letter_to_Mr_Minoo_Masani_02-04-1965.pdf	2846	1965-04-02	1965		to	Minoo Masani	minoo-masani	resolved	letter	letter
2847-Letter_to_Mr_Minoo_Masani_05-11-1963.pdf	2847	1963-11-05	1963		to	Minoo Masani	minoo-masani	resolved	letter	letter
2848-Letter_to_Mr_Minoo_Masani_01-01-1966.pdf	2848	1966-01-01	1966		to	Minoo Masani	minoo-masani	resolved	letter	letter
2849-Letter_to_Mr_Minoo_Masani_29-10-1963.pdf	2849	1963-10-29	1963		to	Minoo Masani	minoo-masani	resolved	letter	letter
285-The_Electoral_System_and_The_Need_For_Reform.pdf	285									
2850-Letter_from_Mr_Minoo_Masani_31-10-1963.pdf	2850	1963-10-31	1963		from	Minoo Masani	minoo-masani	resolved	letter	letter
2851-Letter_to_C_Rajagopalachari_02-11-1963.pdf	2851	1963-11-02	1963		to	C Rajagopalachari	c-rajagopalachari	resolved	letter	letter
2852-Letter_to_Mr_Girish_Munshi_01-11-1963.pdf	2852	1963-11-01	1963		to	Girish Munshi		unresolved	letter	letter
2853-Letter_to_C_Rajagopalachari_07-11-1963.pdf	2853	1963-11-07	1963		to	C Rajagopalachari	c-rajagopalachari	resolved	letter	letter
2854-Letter_to_A_P_Jain_29-03-1963.pdf	2854	1963-03-29	1963		to	A P Jain		unresolved	letter	letter
2855-Reducing_Profits_Artificially.pdf	2855									
2856-Motion_by_Shri_Jawaharlal_Nehru_Regarding_Third_Five_Year_Plan_19-08-1961.pdf	2856	1961-08-19	1961							
2857-Motion_by_Shri_Jawaharlal_Nehru_Regarding_Third_Five_Year_Plan_21-08-1961.pdf	2857	1961-08-21	1961							
2858-Revised_List_of_Business_24-08-1961.pdf	2858	1961-08-24	1961							
2859-Letter_to_Mr_Minoo_Masani_12-03-1963.pdf	2859	1963-03-12	1963		to	Minoo Masani	minoo-masani	resolved	letter	letter
286-Impact_Of_Democracy_On_Industrial_Efficiency_And_Progress.pdf	286									
2860-Letter_from_Dahyabhai_Vallabhbhai_Patel_11-03-1963.pdf	2860	1963-03-11	1963		from	Dahyabhai Vallabhbhai Patel		unresolved	letter	letter
2861-Letter_to_Mr_Minoo_Masani_21-02-1963.pdf	2861	1963-02-21	1963		to	Minoo Masani	minoo-masani	resolved	letter	letter
2862-Motion_on_Address_by_the_President.pdf	2862								speech	speech
2863-Letter_to_Mr_Minoo_Masani_19-02-1963.pdf	2863	1963-02-19	1963		to	Minoo Masani	minoo-masani	resolved	letter	letter
2864-Swatantra_Party_Minutes_of_Meeting_19-02-1963.pdf	2864	1963-02-19	1963						minutes	minutes
2865-Letter_to_C_Rajagopalachari_25-01-1963.pdf	2865	1963-01-25	1963		to	C Rajagopalachari	c-rajagopalachari	resolved	letter	letter
2866-Letter_to_Mr_Minoo_Masani_22-01-1963.pdf	2866	1963-01-22	1963		to	Minoo Masani	minoo-masani	resolved	letter	letter
2867-Letter_to_A_P_Jain_18-02-1963.pdf	2867	1963-02-18	1963		to	A P Jain		unresolved	letter	letter
2868-Session_Very_Memorable_Lok_Sabha_Adjourns-Times_of_India_12-12-1962.pdf	2868	1962-12-12	1962						memo	circular
2869-Letter_to_Mr_Minoo_Masani_03-12-1962.pdf	2869	1962-12-03	1962		to	Minoo Masani	minoo-masani	resolved	letter	letter
287-Publicatin_for_Reform_Or_Revolution_30-01-1971.pdf	287	1971-01-30	1971							
2870-Letter_to_Mr_Minoo_Masani_20-11-1962.pdf	2870	1962-11-20	1962		to	Minoo Masani	minoo-masani	resolved	letter	letter
2871-Letter_to_Satya_Narayan_Sinha_19-11-1962.pdf	2871	1962-11-19	1962		to	Satya Narayan Sinha		unresolved	letter	letter
2872-Diffence_of_India_Bill-1962_16-02-1962.pdf	2872	1962-02-16	1962							
2873-Diffence_of_India_Bill-1962.pdf	2873	1962	1962							
2874-Letter_to_Mr_Minoo_Masani_17-11-1962.pdf	2874	1962-11-17	1962		to	Minoo Masani	minoo-masani	resolved	letter	letter
2875-Letter_to_N_G_Ranga_12-11-1962.pdf	2875	1962-11-12	1962		to	N G Ranga		unresolved	letter	letter
2876-Letter_to_N_G_Ranga_15-11-1962.pdf	2876	1962-11-15	1962		to	N G Ranga		unresolved	letter	letter
2877-letter_from_A_P_Jain_14-11-1962.pdf	2877	1962-11-14	1962		from	A P Jain		unresolved	letter	letter
2878-Letter_to_Mr_Minoo_Masani_13-11-1962.pdf	2878	1962-11-13	1962		to	Minoo Masani	minoo-masani	resolved	letter	letter
2879-Letter_to_Mr_Minoo_Masani_22-10-1962.pdf	2879	1962-10-22	1962		to	Minoo Masani	minoo-masani	resolved	letter	letter
288-Impact_Of_Democracy_On_Industrial_Efficiency_And_Progress-Swarajya_Annual_Number.pdf	288									
2880-Letter_to_A_P_Jain_01-10-1962.pdf	2880	1962-10-01	1962		to	A P Jain		unresolved	letter	letter
2881-letter_from_A_P_Jain_18-09-1962.pdf	2881	1962-09-18	1962		from	A P Jain		unresolved	letter	letter
2882-Statement_of_Monthly_Contribution_and_the_Balance_03-09-1962.pdf	2882	1962-09-03	1962						press_note	press_note
2883-Letter_to_Narendra_Singh_Mahida_04-09-1962.pdf	2883	1962-09-04	1962		to	Narendra Singh Mahida		unresolved	letter	letter
2884-Letter_from_Mr_Minoo_Masani_17-08-1962.pdf	2884	1962-08-17	1962		from	Minoo Masani	minoo-masani	resolved	letter	letter
2885-Letter_from_Mr_Minoo_Masani_16-08-1962.pdf	2885	1962-08-16	1962		from	Minoo Masani	minoo-masani	resolved	letter	letter
2886-Letter_from_Mr_Minoo_Masani_16-08-1962.pdf	2886	1962-08-16	1962		from	Minoo Masani	minoo-masani	resolved	letter	letter
2887-Letter_to_Mr_Minoo_Masani_10-08-1962.pdf	2887	1962-08-10	1962		to	Minoo Masani	minoo-masani	resolved	letter	letter
2888-Letter_to_Mr_Minoo_Masani_07-08-1962.pdf	2888	1962-08-07	1962		to	Minoo Masani	minoo-masani	resolved	letter	letter
2889-Letter_to_Mr_Minoo_Masani_07-08-1962.pdf	2889	1962-08-07	1962		to	Minoo Masani	minoo-masani	resolved	letter	letter
289-Road_to_Democracy-Reform_or_Revolution_30-01-1971.pdf	289	1971-01-30	1971							
2890-Letter_to_Dahyabhai_V_Patel_04-08-1962.pdf	2890	1962-08-04	1962		to	Dahyabhai V Patel		unresolved	letter	letter
2891-Desais_Statement_in_Lok_Sabha_on_Monday-Times_of_India_04-08-1962.pdf	2891	1962-08-04	1962						press_note	press_note
2892-Letter_from_Mr_Minoo_Masani_04-08-1962.pdf	2892	1962-08-04	1962		from	Minoo Masani	minoo-masani	resolved	letter	letter
2893-Letter_from_Mr_Minoo_Masani_04-08-1962.pdf	2893	1962-08-04	1962		from	Minoo Masani	minoo-masani	resolved	letter	letter
2894-Letter_from_Mr_Minoo_Masani_04-08-1962.pdf	2894	1962-08-04	1962		from	Minoo Masani	minoo-masani	resolved	letter	letter
2895-Letter_from_Mr_Minoo_Masani_03-04-1962.pdf	2895	1962-04-03	1962		from	Minoo Masani	minoo-masani	resolved	letter	letter
2896-Letter_from_Mr_Minoo_Masani_03-04-1962.pdf	2896	1962-04-03	1962		from	Minoo Masani	minoo-masani	resolved	letter	letter
2897-Letter_from_Mr_Minoo_Masani_03-04-1962.pdf	2897	1962-04-03	1962		from	Minoo Masani	minoo-masani	resolved	letter	letter
2898-Letter_from_Mr_Minoo_Masani_03-04-1962.pdf	2898	1962-04-03	1962		from	Minoo Masani	minoo-masani	resolved	letter	letter
2899-Letter_to_Jawaharlal_Nehru_02-08-1962.pdf	2899	1962-08-02	1962		to	Jawaharlal Nehru	jawaharlal-nehru	resolved	letter	letter
29-Letter_to_Mr_Shantilal_K_Devmurari_23-03-1971.pdf	29	1971-03-23	1971		to	Shantilal K Devmurari		unresolved	letter	letter
290-Publicatin_for_Reform_Or_Revolution_30-01-1971.pdf	290	1971-01-30	1971							
2900-Digest_of_Press_Comments_on_the_Partys_Performance_in_the_Lok_Sabha_27-06-1962.pdf	2900	1962-06-27	1962						press_note	press_note
2901-Letter_to_Mr_Minoo_Masani_09-07-1962.pdf	2901	1962-07-09	1962		to	Minoo Masani	minoo-masani	resolved	letter	letter
2902-Letter_from_John_Deng_28-06-1962.pdf	2902	1962-06-28	1962		from	John Deng		unresolved	letter	letter
2903-Non-Official_Motions_for_Parliament_Session-Hindustan_Times_27-07-1962.pdf	2903	1962-07-27	1962							
2904-Short_Report_On_the_Working_of_the_Swatantra_Party_16-04-1962.pdf	2904	1962-04-16	1962						report	occasional_paper
2905-Letter_to_Mr_Minoo_Masani_23-06-1962.pdf	2905	1962-06-23	1962		to	Minoo Masani	minoo-masani	resolved	letter	letter
2906-Letter_to_Mr_Minoo_Masani_13-06-1962.pdf	2906	1962-06-13	1962		to	Minoo Masani	minoo-masani	resolved	letter	letter
2907-Letter_to_Dahyabhai_V_Patel_12-06-1962.pdf	2907	1962-06-12	1962		to	Dahyabhai V Patel		unresolved	letter	letter
2908-Letter_to_Mr_Minoo_Masani_03-06-1962.pdf	2908	1962-06-03	1962		to	Minoo Masani	minoo-masani	resolved	letter	letter
2909-Letter_to_Mr_Minoo_Masani_02-06-1962.pdf	2909	1962-06-02	1962		to	Minoo Masani	minoo-masani	resolved	letter	letter
291-The_Present_Crisis-A_Way_Out_by_Kritidev_Desai.pdf	291									
2910-Letter_to_Dahyabhai_V_Patel_01-06-1962.pdf	2910	1962-06-01	1962		to	Dahyabhai V Patel		unresolved	letter	letter
2911-Letter_from_Mr_Minoo_Masani_30-05-1962.pdf	2911	1962-05-30	1962		from	Minoo Masani	minoo-masani	resolved	letter	letter
2912-Letter_to_Narendra_Singh_Mahida_29-05-1962.pdf	2912	1962-05-29	1962		to	Narendra Singh Mahida		unresolved	letter	letter
2913-Letter_to_Mr_Minoo_Masani_28-05-1962.pdf	2913	1962-05-28	1962		to	Minoo Masani	minoo-masani	resolved	letter	letter
2914-Letter_to_Wahidur_Rahman_28-05-1962.pdf	2914	1962-05-28	1962		to	Wahidur Rahman		unresolved	letter	letter
2915-Parliament_Panels-Sunday_Standard_27-05-1962.pdf	2915	1962-05-27	1962							
2916-Rajajis_Tour_Programme_Nov-1963.pdf	2916	1963-11	1963						manifesto	occasional_paper
2917-Swatantra_Party_Preparatory_Convention_01-08-1959.pdf	2917	1959-08-01	1959						souvenir	edited_volume
2918-The_Reformist.pdf	2918									
2919-Equilty_in_a_Global_Society.pdf	2919									
292-For_Favour_of_Publication_21-05-1971.pdf	292	1971-05-21	1971							
2920-Mahatma_Gandhi_and_Dalit_Problem_28-09-2008.pdf	2920	2008-09-28	2008							
2921-Letter_to_S_V_Raju_19-05-2006.pdf	2921	2006-05-19	2006		to	S V Raju	s-v-raju	resolved	letter	letter
2922-Dominance_with_a_Diflerence-Strains_and_Challenges.pdf	2922									
2923-Dandekar_was_Top_Civil_Servent-Times_of_India_06-11-1980.pdf	2923	1980-11-06	1980							
2924-Letter_to_Mr_Minoo_Masani_30-07-1973.pdf	2924	1973-07-30	1973		to	Minoo Masani	minoo-masani	resolved	letter	letter
2925-The_Opposition-Problems_and_Prospects_20-10-1973.pdf	2925	1973-10-20	1973							
2926-The_Congress_in_the_Saddle.pdf	2926									
2927-Looking_After_The_Tribe.pdf	2927									
2928-The_Wisest_Man_in_India-Aspects_of_C_Rajagopalachari.pdf	2928									
2929-C_Rajagopalachari_Pictures_During_Madras_Visit_in_1955.pdf	2929	1955	1955							
293-About_Jayprakash_Narayan-The_Illustrated_Weekly_Of_India_19-05-1974.pdf	293	1974-05-19	1974							
2930-Lok_Sabha_Elections-Voting_Trends.pdf	2930									
2931-Contents.pdf	2931									
2932-Swatantra_Party_General_Circular_No-40_02-04-1971.pdf	2932	1971-04-02	1971						circular	circular
2933-The_Presidents_Report_on_Political_Developments_21-07-1970.pdf	2933	1970-07-21	1970						report	occasional_paper
2934-General_Elections_to_the_Lok_Sabha-1971_Swatantra_Performance.pdf	2934									
2935-Letter_from_Mr_Minoo_Masani_02-04-1971.pdf	2935	1971-04-02	1971		from	Minoo Masani	minoo-masani	resolved	letter	letter
2936-Letter_to_R_C_Cooper_22-03-1971.pdf	2936	1971-03-22	1971		to	R C Cooper		unresolved	letter	letter
2937-Future_of_the_Swatantra_Party.pdf	2937									
2938-National_Headquarters_Note_on_Organisation.pdf	2938									
2939-Swatantra_Party_General_Council_17-04-1971.pdf	2939	1971-04-17	1971							
294-Statement_of_Mr_Minoo_Masani_For_Publication.pdf	294								press_note	press_note
2940-A_Programme_of_Action_for_the_Swatantra_Party.pdf	2940								manifesto	occasional_paper
2941-Letter_to_N_K_Ganapaiah_28-03-1971.pdf	2941	1971-03-28	1971		to	N K Ganapaiah		unresolved	letter	letter
2942-Swatantra_Party_General_Council_17-04-1971.pdf	2942	1971-04-17	1971							
2943-A_Note_on_the_Future_of_Swatantra_Party.pdf	2943									
2944-Comments_and_Suggestions_by_Mr_K_N_Taneja.pdf	2944									
2945-Toppling-An_Indecent_Act_11-04-1970.pdf	2945	1970-04-11	1970							
2946-Extract_from_Mr_M_R_Masani_Speech_in_Lok_Sabha_28-07-1970.pdf	2946	1970-07-28	1970						speech	speech
2947-Correspondence_Between_Dr_R_C_Cooper_Rajaji_and_Others_Regarding_the_Swatantra_Party_and_Its_Future_28-03-1970.pdf	2947	1970-03-28	1970							
2948-Social_Justice_Vs_Socialism.pdf	2948									
2949-Letter_from_Mr_G_Latchanna_22-03-1972.pdf	2949	1972-03-22	1972		from	G Latchanna		unresolved	letter	letter
295-Interview_With_Mr_Minoo_Masani-Z_Magazine-Mar-1974.pdf	295	1974-03	1974							
2950-Resolutions_Adopted_by_the_Joint_Meeting_of_Executive_Committee_19-03-1972.pdf	2950	1972-03-19	1972						resolution	resolution
2951-Letter_to_R_C_Cooper_01-04-1972.pdf	2951	1972-04-01	1972		to	R C Cooper		unresolved	letter	letter
2952-Historical_Prespective_09-04-1972.pdf	2952	1972-04-09	1972							
2953-Swatantra_Party_Justice-2_09-04-1972.pdf	2953	1972-04-09	1972							
2954-General_Council_Circular_No_48_21-03-1972.pdf	2954	1972-03-21	1972						circular	circular
2955-National_Executive_Circular_no_103_21-03-1972.pdf	2955	1972-03-21	1972						circular	circular
2956-Letter_from_H_M_Patel_22-03-1972.pdf	2956	1972-03-22	1972		from	H M Patel	h-m-patel	resolved	letter	letter
2957-Letter_to_R_C_Cooper_04-04-1972.pdf	2957	1972-04-04	1972		to	R C Cooper		unresolved	letter	letter
2958-Letter_to_H_M_Patel_05-04-1972.pdf	2958	1972-04-05	1972		to	H M Patel	h-m-patel	resolved	letter	letter
2959-Letter_to_H_M_Patel_28-03-1972.pdf	2959	1972-03-28	1972		to	H M Patel	h-m-patel	resolved	letter	letter
296-Interview_With_Mr_Minoo_Masani_For_Publication.pdf	296									
2960-Letter_to_R_C_Cooper_30-03-1972.pdf	2960	1972-03-30	1972		to	R C Cooper		unresolved	letter	letter
2961-Letter_to_R_C_Cooper_06-04-1972.pdf	2961	1972-04-06	1972		to	R C Cooper		unresolved	letter	letter
2962-Letter_to_C_Rajagopalachari_04-04-1972.pdf	2962	1972-04-04	1972		to	C Rajagopalachari	c-rajagopalachari	resolved	letter	letter
2963-Letter_from_C_Rajagopalachari_01-04-1972.pdf	2963	1972-04-01	1972		from	C Rajagopalachari	c-rajagopalachari	resolved	letter	letter
2964-India_Has_Drifted_into_Communism.pdf	2964									
2965-Letter_to_R_C_Cooper_30-03-1972.pdf	2965	1972-03-30	1972		to	R C Cooper		unresolved	letter	letter
2966-All_India_Poll_Board.pdf	2966									
2967-Letter_to_R_C_Cooper_14-03-1972.pdf	2967	1972-03-14	1972		to	R C Cooper		unresolved	letter	letter
2968-Letter_to_N_G_Ranga_18-11-1970.pdf	2968	1970-11-18	1970		to	N G Ranga		unresolved	letter	letter
2969-Letter_to_Mr_Minoo_Masani_17-11-1970.pdf	2969	1970-11-17	1970		to	Minoo Masani	minoo-masani	resolved	letter	letter
297-Brezhney_Came_He_Saw_But_Did_He_Conquer.pdf	297									
2970-Swatantra_Party_Circular_09-11-1970.pdf	2970	1970-11-09	1970						circular	circular
2971-Letter_to_A_P_Jain_02-11-1970.pdf	2971	1970-11-02	1970		to	A P Jain		unresolved	letter	letter
2972-Letter_to_Mr_Minoo_Masani_30-10-1970.pdf	2972	1970-10-30	1970		to	Minoo Masani	minoo-masani	resolved	letter	letter
2973-Letter_to_Mr_Minoo_Masani_06-10-1970.pdf	2973	1970-10-06	1970		to	Minoo Masani	minoo-masani	resolved	letter	letter
2974-Letter_to_Piloo_Mody_15-09-1970.pdf	2974	1970-09-15	1970		to	Piloo Mody	piloo-mody	resolved	letter	letter
2975-Revised_Draft_Amandments_to_the_Motion_on_the_Fourth_Five_Year_Plan.pdf	2975									
2976-Swatantra_Party_Notice_25-08-1970.pdf	2976	1970-08-25	1970						circular	circular
2977-Letter_to_Mr_Minoo_Masani_11-08-1970.pdf	2977	1970-08-11	1970		to	Minoo Masani	minoo-masani	resolved	letter	letter
2978-Letter_to_Mr_Minoo_Masani_14-08-1970.pdf	2978	1970-08-14	1970		to	Minoo Masani	minoo-masani	resolved	letter	letter
2979-Letter_to_Mr_Minoo_Masani_08-08-1970.pdf	2979	1970-08-08	1970		to	Minoo Masani	minoo-masani	resolved	letter	letter
298-Is_India_A_Soviet_Ally.pdf	298									
2980-Letter_to_N_G_Ranga_28-07-1970.pdf	2980	1970-07-28	1970		to	N G Ranga		unresolved	letter	letter
2981-Letter_to_A_P_Jain_14-07-1970.pdf	2981	1970-07-14	1970		to	A P Jain		unresolved	letter	letter
2982-Swatantra_Party_Circular_11-05-1970.pdf	2982	1970-05-11	1970						circular	circular
2983-Letter_to_R_K_Amin_05-05-1970.pdf	2983	1970-05-05	1970		to	R K Amin	r-k-amin	resolved	letter	letter
2984-Letter_to_Mr_Minoo_Masani_21-04-1970.pdf	2984	1970-04-21	1970		to	Minoo Masani	minoo-masani	resolved	letter	letter
2985-Letter_to_N_G_Ranga_21-04-1970.pdf	2985	1970-04-21	1970		to	N G Ranga		unresolved	letter	letter
2986-Letter_to_K_Raghuramaiah_20-03-1970.pdf	2986	1970-03-20	1970		to	K Raghuramaiah		unresolved	letter	letter
2987-Letter_to_N_G_Ranga_09-03-1970.pdf	2987	1970-03-09	1970		to	N G Ranga		unresolved	letter	letter
2988-Letter_to_Mr_Chacko_01-03-1970.pdf	2988	1970-03-01	1970		to	Chacko		unresolved	letter	letter
2989-Kerala_Land_Reforms_Act_As_Amended_by_Act_35_of_1969.pdf	2989	1969	1969							
299-Una_Nuova_Speranza.pdf	299									
2990-Letter_to_Mr_Minoo_Masani_10-02-1970.pdf	2990	1970-02-10	1970		to	Minoo Masani	minoo-masani	resolved	letter	letter
2991-Letter_to_Mr_Minoo_Masani_24-12-1969.pdf	2991	1969-12-24	1969		to	Minoo Masani	minoo-masani	resolved	letter	letter
2992-Letter_to_A_P_Jain_17-12-1969.pdf	2992	1969-12-17	1969		to	A P Jain		unresolved	letter	letter
2993-Letter_to_A_P_Jain_17-12-1969.pdf	2993	1969-12-17	1969		to	A P Jain		unresolved	letter	letter
2994-Swatantra_Party_Notice_10-12-1969.pdf	2994	1969-12-10	1969						circular	circular
2995-Swatantra_Party_Notice_03-12-1969.pdf	2995	1969-12-03	1969						circular	circular
2996-Swatantra_Party_Receipt_08-11-1969.pdf	2996	1969-11-08	1969							
2997-Proposed_Speakers_for_the_Business_Commensing.pdf	2997									
2998-Letter_to_Mr_Minoo_Masani_18-11-1969.pdf	2998	1969-11-18	1969		to	Minoo Masani	minoo-masani	resolved	letter	letter
2999-Letter_from_N_G_Ranga_05-11-1969.pdf	2999	1969-11-05	1969		from	N G Ranga		unresolved	letter	letter
3-Letter_to_Mr_Sri_Prakash_21-04-1971.pdf	3	1971-04-21	1971		to	Sri Prakash		unresolved	letter	letter
30-Letter_to_Mr_Shantilal_K_Devmurari_15-03-1971.pdf	30	1971-03-15	1971		to	Shantilal K Devmurari		unresolved	letter	letter
300-Swatantra_Newsletter_No-2_24-11-1959.pdf	300	1959-11-24	1959						letter	letter
3000-Letter_to_Mr_Minoo_Masani_07-11-1969.pdf	3000	1969-11-07	1969		to	Minoo Masani	minoo-masani	resolved	letter	letter
3001-Letter_to_Mr_Minoo_Masani_11-10-1969.pdf	3001	1969-10-11	1969		to	Minoo Masani	minoo-masani	resolved	letter	letter
3002-Funeral_procession_and_Condolence_Meeting.pdf	3002									
3003-Best_Complments_of_Dahyabhai_V_Patel.pdf	3003									
3004-Letter_to_AP_Jain_15-10-1969.pdf	3004	1969-10-15	1969		to	AP Jain		unresolved	letter	letter
3005-Letter_to_AP_Jain_09-10-1969.pdf	3005	1969-10-09	1969		to	AP Jain		unresolved	letter	letter
3006-For_Favour_of_Publication_08-10-1969.pdf	3006	1969-10-08	1969							
3007-Letter_to_Mr_Minoo_Masani_26-09-1969.pdf	3007	1969-09-26	1969		to	Minoo Masani	minoo-masani	resolved	letter	letter
3008-Letter_to_Mr_Minoo_Masani_22-09-1969.pdf	3008	1969-09-22	1969		to	Minoo Masani	minoo-masani	resolved	letter	letter
3009-Letter_from_Mr_Minoo_Masani_25-09-1969.pdf	3009	1969-09-25	1969		from	Minoo Masani	minoo-masani	resolved	letter	letter
301-Swatantra_Newsletter_No-3_January-1960.pdf	301	1960-01	1960						letter	letter
3010-Letter_from_Mr_Minoo_Masani_25-09-1969.pdf	3010	1969-09-25	1969		from	Minoo Masani	minoo-masani	resolved	letter	letter
3011-Letter_to_Pujaya_C_Rajagopalachari_24-09-1969.pdf	3011	1969-09-24	1969		to	Pujaya C Rajagopalachari		unresolved	letter	letter
3012-Letter_to_Mrs_indira_Gandhi_16-09-1969.pdf	3012	1969-09-16	1969		to	indira Gandhi	indira-gandhi	resolved	letter	letter
3013-Letter_to_Mr_Minoo_Masani_20-09-1969.pdf	3013	1969-09-20	1969		to	Minoo Masani	minoo-masani	resolved	letter	letter
3014-Letter_to_Mr_Minoo_Masani_19-09-1969.pdf	3014	1969-09-19	1969		to	Minoo Masani	minoo-masani	resolved	letter	letter
3015-Letter_to_N_G_Ranga_18-09-1969.pdf	3015	1969-09-18	1969		to	N G Ranga		unresolved	letter	letter
3016-Letter_to_Sardarni_Nirlep_Kaur_19-09-1969.pdf	3016	1969-09-19	1969		to	Sardarni Nirlep Kaur		unresolved	letter	letter
3017-Letter_to_Mr_Minoo_Masani_19-09-1969.pdf	3017	1969-09-19	1969		to	Minoo Masani	minoo-masani	resolved	letter	letter
3018-Letter_to_Mr_Minoo_Masani_18-09-1699.pdf	3018		1699	year_out_of_range	to	Minoo Masani	minoo-masani	resolved	letter	letter
3019-Letter_to_N_G_Ranga_18-09-1969.pdf	3019	1969-09-18	1969		to	N G Ranga		unresolved	letter	letter
302-Swatantra_Newsletter_No-4_February-1960.pdf	302	1960-02	1960						letter	letter
3020-For_Favour_of_Publication_17-09-1969.pdf	3020	1969-09-17	1969							
3021-For_Favour_of_Publication_16-09-1969.pdf	3021	1969-09-16	1969							
3022-Letter_to_Indira_Gandhi_15-09-1969.pdf	3022	1969-09-15	1969		to	Indira Gandhi	indira-gandhi	resolved	letter	letter
3023-Letter_to_N_G_Ranga_15-09-1969.pdf	3023	1969-09-15	1969		to	N G Ranga		unresolved	letter	letter
3024-Letter_to_Mr_Minoo_Masani_13-09-1969.pdf	3024	1969-09-13	1969		to	Minoo Masani	minoo-masani	resolved	letter	letter
3025-Letter_to_N_G_Ranga_13-09-1969.pdf	3025	1969-09-13	1969		to	N G Ranga		unresolved	letter	letter
3026-Letter_to_N_G_Ranga_10-09-1969.pdf	3026	1969-09-10	1969		to	N G Ranga		unresolved	letter	letter
3027-Letter_to_Mr_Minoo_Masani_09-09-1969.pdf	3027	1969-09-09	1969		to	Minoo Masani	minoo-masani	resolved	letter	letter
3028-Letter_to_A_P_Jain_08-09-1969.pdf	3028	1969-09-08	1969		to	A P Jain		unresolved	letter	letter
3029-Best_Complments_of_Dahyabhai_V_Patel.pdf	3029									
303-Swatantra_Newsletter_No-5_March-1960.pdf	303	1960-03	1960						letter	letter
3030-Reciept_of_Swatantra_Party_Parliamentary_Group_26-08-1969.pdf	3030	1969-08-26	1969							
3031-Member_of_parliament.pdf	3031									
3032-Letter_to_N_G_Ranga_20-08-1969.pdf	3032	1969-08-20	1969		to	N G Ranga		unresolved	letter	letter
3033-Letter_to_N_G_Ranga_12-08-1969.pdf	3033	1969-08-12	1969		to	N G Ranga		unresolved	letter	letter
3034-Letter_to_N_G_Ranga_11-08-1969.pdf	3034	1969-08-11	1969		to	N G Ranga		unresolved	letter	letter
3035-Letter_to_Mr_Minoo_Masani_07-07-1969.pdf	3035	1969-07-07	1969		to	Minoo Masani	minoo-masani	resolved	letter	letter
3036-Letter_to_R_C_Cooper_04-07-1969.pdf	3036	1969-07-04	1969		to	R C Cooper		unresolved	letter	letter
3037-Letter_to_R_C_Cooper_23-05-1969.pdf	3037	1969-05-23	1969		to	R C Cooper		unresolved	letter	letter
3038-Swatantra_Party_Letter.pdf	3038								letter	letter
3039-The_New_Class_19-05-1969.pdf	3039	1969-05-19	1969							
304-Swatantra_Newsletter_No-6_April-May-1960.pdf	304	1960-05	1960						letter	letter
3040-The_New_Class-Editorial_in_Ststesmen_19-05-1969.pdf	3040	1969-05-19	1969							
3041-For_Favour_of_Publication_20-06-1969.pdf	3041	1969-06-20	1969							
3042-Membership_of_Consultative_Comittee_25-05-1969.pdf	3042	1969-05-25	1969							
3043-List_of_Members_of_Lok_Sabha.pdf	3043									
3044-Members_who_have_Expressed_Three_Financial_Comittee.pdf	3044								press_note	press_note
3045-Letter_to_A_P_Jain_24-04-1969.pdf	3045	1969-04-24	1969		to	A P Jain		unresolved	letter	letter
3046-Letter_to_N_G_Ranga_22-04-1969.pdf	3046	1969-04-22	1969		to	N G Ranga		unresolved	letter	letter
3047-Letter_to_Mr_Minoo_Masani_05-04-1969.pdf	3047	1969-04-05	1969		to	Minoo Masani	minoo-masani	resolved	letter	letter
3048-Letter_from_M_C_Chagla_01-04-1969.pdf	3048	1969-04-01	1969		from	M C Chagla	m-c-chagla	resolved	letter	letter
3049-Parliamentary_Group_of_Tibet.pdf	3049									
305-Swatantra_Newsletter_No-7_June-1960.pdf	305	1960-06	1960						letter	letter
3050-Letter_to_N_G_Ranga_05-04-1969.pdf	3050	1969-04-05	1969		to	N G Ranga		unresolved	letter	letter
3051-Letter_to_Mr_Minoo_Masani_31-03-1969.pdf	3051	1969-03-31	1969		to	Minoo Masani	minoo-masani	resolved	letter	letter
3052-Letter_to_Triguna_Son_24-03-1969.pdf	3052	1969-03-24	1969		to	Triguna Son		unresolved	letter	letter
3053-Letter_to_Mr_Minoo_Masani_10-03-1969.pdf	3053	1969-03-10	1969		to	Minoo Masani	minoo-masani	resolved	letter	letter
3054-Letter_to_Mr_Minoo_Masani_08-03-1969.pdf	3054	1969-03-08	1969		to	Minoo Masani	minoo-masani	resolved	letter	letter
3055-Letter_from_CC_Desai_05-03-1969.pdf	3055	1969-03-05	1969		from	CC Desai		unresolved	letter	letter
3056-Letter_to_N_G_Ranga_25-02-1969.pdf	3056	1969-02-25	1969		to	N G Ranga		unresolved	letter	letter
3057-Swatanra_Party_Minutes_of_Meeting.pdf	3057								minutes	minutes
3058-Letter_to_N_G_Ranga_25-02-1969.pdf	3058	1969-02-25	1969		to	N G Ranga		unresolved	letter	letter
3059-Letter_to_Mr_Minoo_Masani_10-01-1969.pdf	3059	1969-01-10	1969		to	Minoo Masani	minoo-masani	resolved	letter	letter
306-Swatantra_Newsletter_No-8_July-1960.pdf	306	1960-07	1960						letter	letter
3060-Letter_from_CC_Desai_30-11-1968.pdf	3060	1968-11-30	1968		from	CC Desai		unresolved	letter	letter
3061-Letter_to_Mr_Minoo_Masani_07-11-1968.pdf	3061	1968-11-07	1968		to	Minoo Masani	minoo-masani	resolved	letter	letter
3062-Letter_to_J_Mohammed_Imam_23-10-1968.pdf	3062	1968-10-23	1968		to	J Mohammed Imam		unresolved	letter	letter
3063-Swatanra_Party_Minutes_of_Meeting_03-10-1968.pdf	3063	1968-10-03	1968						minutes	minutes
3064-Letter_to_R_J_Amin_18-09-1968.pdf	3064	1968-09-18	1968		to	R J Amin		unresolved	letter	letter
3065-Letter_to_N_Dandeker_16-09-1698.pdf	3065		1698	year_out_of_range	to	N Dandeker		unresolved	letter	letter
3066-Letter_from_N_Dandeker_13-09-1968.pdf	3066	1968-09-13	1968		from	N Dandeker		unresolved	letter	letter
3067-Letter_to_Mr_Minoo_Masani_30-08-1968.pdf	3067	1968-08-30	1968		to	Minoo Masani	minoo-masani	resolved	letter	letter
3068-Letter_from_Mr_Minoo_Masani_16-08-1968.pdf	3068	1968-08-16	1968		from	Minoo Masani	minoo-masani	resolved	letter	letter
3069-Letter_to_A_P_Jain_14-08-1960.pdf	3069	1960-08-14	1960		to	A P Jain		unresolved	letter	letter
307-Swatantra_Newsletter_No-9_August-1960.pdf	307	1960-08	1960						letter	letter
3070-Telegram_to_Mr_Minoo_Masani_13-08-1968.pdf	3070	1968-08-13	1968		to	Minoo Masani	minoo-masani	resolved	telegram	telegram
3071-Letter_to_N_G_Ranga_13-08-1968.pdf	3071	1968-08-13	1968		to	N G Ranga		unresolved	letter	letter
3072-Letter_to_Mr_Minoo_Masani_13-08-1969.pdf	3072	1969-08-13	1969		to	Minoo Masani	minoo-masani	resolved	letter	letter
3073-Telegram_to_Mr_Minoo_Masani_13-08-1969.pdf	3073	1969-08-13	1969		to	Minoo Masani	minoo-masani	resolved	telegram	telegram
3074-Telegram_to_Mr_Minoo_Masani_16-08-1968.pdf	3074	1968-08-16	1968		to	Minoo Masani	minoo-masani	resolved	telegram	telegram
3075-Letter_to_Dahyabhai_V_Patel_25-07-1967.pdf	3075	1967-07-25	1967		to	Dahyabhai V Patel		unresolved	letter	letter
3076-Letter_to_N_Dandeker_24-07-1968.pdf	3076	1968-07-24	1968		to	N Dandeker		unresolved	letter	letter
3077-Letter_to_N_G_Ranga_24-07-1968.pdf	3077	1968-07-24	1968		to	N G Ranga		unresolved	letter	letter
3078-Telegram_to_Mr_Minoo_Masani_16-07-1968.pdf	3078	1968-07-16	1968		to	Minoo Masani	minoo-masani	resolved	telegram	telegram
3079-Telegram_to_Mr_Minoo_Masani_16-07-1968.pdf	3079	1968-07-16	1968		to	Minoo Masani	minoo-masani	resolved	telegram	telegram
308-Swatantra_Newsletter_No-10_September-1960.pdf	308	1960-09	1960						letter	letter
3080-Letter_to_Mr_Minoo_Masani_18-07-1968.pdf	3080	1968-07-18	1968		to	Minoo Masani	minoo-masani	resolved	letter	letter
3081-Letter_to_N_Dandeker_15-07-1968.pdf	3081	1968-07-15	1968		to	N Dandeker		unresolved	letter	letter
3082-Letter_to_Mr_Minoo_Masani_13-07-1968.pdf	3082	1968-07-13	1968		to	Minoo Masani	minoo-masani	resolved	letter	letter
3083-Letter_to_A_P_Jain_11-07-1968.pdf	3083	1968-07-11	1968		to	A P Jain		unresolved	letter	letter
3084-Letter_to_Mr_Minoo_Masani_10-07-1968.pdf	3084	1968-07-10	1968		to	Minoo Masani	minoo-masani	resolved	letter	letter
3085-Letter_to_Mr_Minoo_Masani_09-07-1968.pdf	3085	1968-07-09	1968		to	Minoo Masani	minoo-masani	resolved	letter	letter
3086-Letter_to_N_Dandeker_03-07-1968.pdf	3086	1968-07-03	1968		to	N Dandeker		unresolved	letter	letter
3087-Letter_to_C_C_Desai_13-06-1968.pdf	3087	1968-06-13	1968		to	C C Desai		unresolved	letter	letter
3088-Letter_to_A_P_Jain_16-05-1968.pdf	3088	1968-05-16	1968		to	A P Jain		unresolved	letter	letter
3089-Swatantra_Party_Circular_03-05-1968.pdf	3089	1968-05-03	1968						circular	circular
309-Swatantra_Newsletter_No-12_November-1960.pdf	309	1960-11	1960						letter	letter
3090-Attension_of_All_members_of_Party_03-04-1967.pdf	3090	1967-04-03	1967							
3091-The_First_Meeting_of_New_Executive_Committee_01-05-1968.pdf	3091	1968-05-01	1968							
3092-Sub-Committee_of_Three_Members.pdf	3092									
3093-Letter_to_N_G_Ranga_26-04-1968.pdf	3093	1968-04-26	1968		to	N G Ranga		unresolved	letter	letter
3094-Letter_from_CC_Desai_11-04-1968.pdf	3094	1968-04-11	1968		from	CC Desai		unresolved	letter	letter
3095-Dates_and_Procedures_of_Party_Election_11-04-1968.pdf	3095	1968-04-11	1968							
3096-Letter_from_CC_Desai_29-02-1968.pdf	3096	1968-02-29	1968		from	CC Desai		unresolved	letter	letter
3097-Letter_to_S_V_Raju_27-05-1975.pdf	3097	1975-05-27	1975		to	S V Raju	s-v-raju	resolved	letter	letter
3098-Letter_to_S_V_Raju_28-05-1975.pdf	3098	1975-05-28	1975		to	S V Raju	s-v-raju	resolved	letter	letter
3099-Letter_to_H_R_Pasricha_21-05-1975.pdf	3099	1975-05-21	1975		to	H R Pasricha		unresolved	letter	letter
31-Letter_to_Mr_Bhikhubhai_Patel_23-03-1971.pdf	31	1971-03-23	1971		to	Bhikhubhai Patel		unresolved	letter	letter
310-Swatantra_Newsletter_No-13_December-1960.pdf	310	1960-12	1960						letter	letter
3100-Letter_from_S_V_Raju_09-05-1975.pdf	3100	1975-05-09	1975		from	S V Raju	s-v-raju	resolved	letter	letter
3101-Letter_from_S_V_Raju_02-05-1975.pdf	3101	1975-05-02	1975		from	S V Raju	s-v-raju	resolved	letter	letter
3102-Letter_to_Budhi_Prakash_12-03-1975.pdf	3102	1975-03-12	1975		to	Budhi Prakash		unresolved	letter	letter
3103-Letter_to_I_S_Bhargava_12-03-1975.pdf	3103	1975-03-12	1975		to	I S Bhargava		unresolved	letter	letter
3104-Letter_to_G_K_Sunderem_12-03-1975.pdf	3104	1975-03-12	1975		to	G K Sunderem		unresolved	letter	letter
3105-Letter_to_G_K_Sunderem_25-02-1975.pdf	3105	1975-02-25	1975		to	G K Sunderem		unresolved	letter	letter
3106-Shaka_Sharvana.pdf	3106									
3107-Letter_to_R_R_Singh_Deo_24-02-1975.pdf	3107	1975-02-24	1975		to	R R Singh Deo		unresolved	letter	letter
3108-Letter_to_M_R_Arya_24-02-1975.pdf	3108	1975-02-24	1975		to	M R Arya		unresolved	letter	letter
3109-Letter_to_H_R_Pasricha_24-02-1975.pdf	3109	1975-02-24	1975		to	H R Pasricha		unresolved	letter	letter
311-Swatantra_Newsletter_No-23_June-1962.pdf	311	1962-06	1962						letter	letter
3110-Letter_to_I_S_Bhargava_18-02-1975.pdf	3110	1975-02-18	1975		to	I S Bhargava		unresolved	letter	letter
3111-Letter_to_V_S_Srikumar_18-02-1975.pdf	3111	1975-02-18	1975		to	V S Srikumar		unresolved	letter	letter
3112-Letter_from_V_S_Srikumar_11-02-1975.pdf	3112	1975-02-11	1975		from	V S Srikumar		unresolved	letter	letter
3113-Letter_to_Hargovind_D_Takkar_18-02-1975.pdf	3113	1975-02-18	1975		to	Hargovind D Takkar		unresolved	letter	letter
3114-Letter_to_G_K_Sunderem_08-02-1975.pdf	3114	1975-02-08	1975		to	G K Sunderem		unresolved	letter	letter
3115-Letter_to_S_V_Raju_08-02-1975.pdf	3115	1975-02-08	1975		to	S V Raju	s-v-raju	resolved	letter	letter
3116-Swatantra_Party_Minutes_of_Meeting_04-08-1974.pdf	3116	1974-08-04	1974						minutes	minutes
3117-Swatantra_Party_Minutes_of_Meeting_12-04-1973.pdf	3117	1973-04-12	1973						minutes	minutes
3118-A_Man_for_All_Seasons.pdf	3118									
3119-Letter_to_S_V_Raju_10-07-1985.pdf	3119	1985-07-10	1985		to	S V Raju	s-v-raju	resolved	letter	letter
312-Swatantra_Newsletter_No-24_July-1962.pdf	312	1962-07	1962						letter	letter
3120-Letter_to_S_V_Raju_25-06-1985.pdf	3120	1985-06-25	1985		to	S V Raju	s-v-raju	resolved	letter	letter
3121-Letter_from_C_L_Rao_24-06-1985.pdf	3121	1985-06-24	1985		from	C L Rao		unresolved	letter	letter
3122-Letter_to_C_L_Rao_18-06-1985.pdf	3122	1985-06-18	1985		to	C L Rao		unresolved	letter	letter
3123-Letter_to_N_K_Ganapiah_18-06-1985.pdf	3123	1985-06-18	1985		to	N K Ganapiah		unresolved	letter	letter
3124-Letter_to_S_V_Raju_03-06-1985.pdf	3124	1985-06-03	1985		to	S V Raju	s-v-raju	resolved	letter	letter
3125-Letter_to_Harihar_patel_28-05-1985.pdf	3125	1985-05-28	1985		to	Harihar patel		unresolved	letter	letter
3126-Letter_to_S_V_Raju_06-05-1985.pdf	3126	1985-05-06	1985		to	S V Raju	s-v-raju	resolved	letter	letter
3127-Letter_to_S_V_Raju_10-04-1985.pdf	3127	1985-04-10	1985		to	S V Raju	s-v-raju	resolved	letter	letter
3128-Letter_to_S_V_Raju_10-04-1985.pdf	3128	1985-04-10	1985		to	S V Raju	s-v-raju	resolved	letter	letter
3129-Letter_to_S_V_Raju_01-04-1985.pdf	3129	1985-04-01	1985		to	S V Raju	s-v-raju	resolved	letter	letter
313-Swatantra_Newsletter_No-25_August-1962.pdf	313	1962-08	1962						letter	letter
3130-Letter_from_S_V_Raju_28-03-1985.pdf	3130	1985-03-28	1985		from	S V Raju	s-v-raju	resolved	letter	letter
3131-Letter_to_S_V_Raju_27-03-1985.pdf	3131	1985-03-27	1985		to	S V Raju	s-v-raju	resolved	letter	letter
3132-Letter_to_S_V_Raju_23-03-1995.pdf	3132	1995-03-23	1995		to	S V Raju	s-v-raju	resolved	letter	letter
3133-Letter_to_Harihar_patel_21-03-1985.pdf	3133	1985-03-21	1985		to	Harihar patel		unresolved	letter	letter
3134-Letter_to_Maharaja_P_K_Deo_21-03-1985.pdf	3134	1985-03-21	1985		to	Maharaja P K Deo		unresolved	letter	letter
3135-Letter_to_Madhu_Mehta_21-03-1985.pdf	3135	1985-03-21	1985		to	Madhu Mehta		unresolved	letter	letter
3136-Letter_to_Ghasiram_Majhi_21-03-1985.pdf	3136	1985-03-21	1985		to	Ghasiram Majhi		unresolved	letter	letter
3137-Letter_to_Rajabhallav_Mishra_19-03-1985.pdf	3137	1985-03-19	1985		to	Rajabhallav Mishra		unresolved	letter	letter
3138-Letter_to_Rajmata_Gayatri_Devi_19-03-1985.pdf	3138	1985-03-19	1985		to	Rajmata Gayatri Devi		unresolved	letter	letter
3139-Letter_to_S_V_Raju_11-03-1985.pdf	3139	1985-03-11	1985		to	S V Raju	s-v-raju	resolved	letter	letter
314-Swatantra_Newsletter_No-27_October-1962.pdf	314	1962-10	1962						letter	letter
3140-Letter_to_P_S_Sridhara_Murthy_19-03-1985.pdf	3140	1985-03-19	1985		to	P S Sridhara Murthy		unresolved	letter	letter
3141-Letter_to_V_S_Srikumar_18-03-1985.pdf	3141	1985-03-18	1985		to	V S Srikumar		unresolved	letter	letter
3142-Letter_to_S_V_Raju_17-03-1985.pdf	3142	1985-03-17	1985		to	S V Raju	s-v-raju	resolved	letter	letter
3143-Letter_to_S_V_Raju_17-03-1985.pdf	3143	1985-03-17	1985		to	S V Raju	s-v-raju	resolved	letter	letter
3144-Letter_to_S_V_Raju_15-03-1985.pdf	3144	1985-03-15	1985		to	S V Raju	s-v-raju	resolved	letter	letter
3145-Letter_to_S_V_Raju_15-03-1985.pdf	3145	1985-03-15	1985		to	S V Raju	s-v-raju	resolved	letter	letter
3146-Letter_to_S_V_Raju_15-03-1985.pdf	3146	1985-03-15	1985		to	S V Raju	s-v-raju	resolved	letter	letter
3147-Letter_to_N_K_Ganapiah_11-03-1985.pdf	3147	1985-03-11	1985		to	N K Ganapiah		unresolved	letter	letter
3148-Letter_to_Babu_Joseph_11-03-1985.pdf	3148	1985-03-11	1985		to	Babu Joseph		unresolved	letter	letter
3149-Letter_to_S_V_Raju_08-03-1985.pdf	3149	1985-03-08	1985		to	S V Raju	s-v-raju	resolved	letter	letter
315-Swatantra_Newsletter_No-29_December-1962.pdf	315	1962-12	1962						letter	letter
3150-Letter_to_S_V_Raju_04-03-1985.pdf	3150	1985-03-04	1985		to	S V Raju	s-v-raju	resolved	letter	letter
3151-Letter_to_S_V_Raju_04-03-1985.pdf	3151	1985-03-04	1985		to	S V Raju	s-v-raju	resolved	letter	letter
3152-Letter_to_S_V_Raju_03-03-1985.pdf	3152	1985-03-03	1985		to	S V Raju	s-v-raju	resolved	letter	letter
3153-Letter_to_S_V_Raju_02-03-1985.pdf	3153	1985-03-02	1985		to	S V Raju	s-v-raju	resolved	letter	letter
3154-Letter_to_S_V_Raju_02-03-1985.pdf	3154	1985-03-02	1985		to	S V Raju	s-v-raju	resolved	letter	letter
3155-Letter_to_S_V_Raju_02-03-1985.pdf	3155	1985-03-02	1985		to	S V Raju	s-v-raju	resolved	letter	letter
3156-Letter_to_S_V_Raju_22-02-1985.pdf	3156	1985-02-22	1985		to	S V Raju	s-v-raju	resolved	letter	letter
3157-Letter_to_S_V_Raju_22-02-1985.pdf	3157	1985-02-22	1985		to	S V Raju	s-v-raju	resolved	letter	letter
3158-Letter_to_S_V_Raju_26-02-1985.pdf	3158	1985-02-26	1985		to	S V Raju	s-v-raju	resolved	letter	letter
3159-Letter_to_S_V_Raju_25-02-1985.pdf	3159	1985-02-25	1985		to	S V Raju	s-v-raju	resolved	letter	letter
316-Swatantra_Newsletter_No-30_January-1963.pdf	316	1963-01	1963						letter	letter
3160-Letter_to_S_V_Raju_25-02-1985.pdf	3160	1985-02-25	1985		to	S V Raju	s-v-raju	resolved	letter	letter
3161-Letter_to_S_V_Raju_23-02-1985.pdf	3161	1985-02-23	1985		to	S V Raju	s-v-raju	resolved	letter	letter
3162-Letter_to_S_V_Raju_20-02-1985.pdf	3162	1985-02-20	1985		to	S V Raju	s-v-raju	resolved	letter	letter
3163-Welldone_Copy_Center_Cash_Memo_22-02-1985.pdf	3163	1985-02-22	1985						memo	circular
3164-Welldone_Copy_Center_Cash_Memo_18-02-1985.pdf	3164	1985-02-18	1985						memo	circular
3165-Letter_from_S_V_Raju.pdf	3165				from	S V Raju	s-v-raju	resolved	letter	letter
3166-List_of_Person_to_Whom_Mr_Raju_Letter_has_been_Sent.pdf	3166								letter	letter
3167-Statement_of_Principles_02-08-1959.pdf	3167	1959-08-02	1959						manifesto	occasional_paper
3168-Letter_to_G_M_Gopal_Krishna_05-12-1973.pdf	3168	1973-12-05	1973		to	G M Gopal Krishna		unresolved	letter	letter
3169-Letter_to_V_T_Sreenivasan_29-11-1973.pdf	3169	1973-11-29	1973		to	V T Sreenivasan		unresolved	letter	letter
317-Swatantra_Newsletter_No-31_February-1963.pdf	317	1963-02	1963						letter	letter
3170-Letter_to_T_Sadasivan_15-11-1973.pdf	3170	1973-11-15	1973		to	T Sadasivan		unresolved	letter	letter
3171-Letter_to_G_M_Gopal_Krishna_06-11-1973.pdf	3171	1973-11-06	1973		to	G M Gopal Krishna		unresolved	letter	letter
3172-Letter_to_Harold_Sehmautz_17-10-1973.pdf	3172	1973-10-17	1973		to	Harold Sehmautz		unresolved	letter	letter
3173-Letter_from_S_V_Raju_16-06-1973.pdf	3173	1973-06-16	1973		from	S V Raju	s-v-raju	resolved	letter	letter
3174-Letter_to_V_T_Sreenivasan_31-12-1973.pdf	3174	1973-12-31	1973		to	V T Sreenivasan		unresolved	letter	letter
3175-Regarding_Income_Tax_Deduction.pdf	3175									
3176-Letter_to_S_V_Raju_10-09-1962.pdf	3176	1962-09-10	1962		to	S V Raju	s-v-raju	resolved	letter	letter
3177-Letter_to_Piloo_Mody_18-03-1974.pdf	3177	1974-03-18	1974		to	Piloo Mody	piloo-mody	resolved	letter	letter
3178-Letter_to_V_S_Srikumar_27-06-1973.pdf	3178	1973-06-27	1973		to	V S Srikumar		unresolved	letter	letter
3179-Letter_to_Harihar_patel_22-06-1973.pdf	3179	1973-06-22	1973		to	Harihar patel		unresolved	letter	letter
318-Swatantra_Newsletter_No-32_March-1963.pdf	318	1963-03	1963						letter	letter
3180-Letter_to_Harihar_patel_22-06-193.pdf	3180				to	Harihar patel 22-06-193		unresolved	letter	letter
3181-Letter_to_S_V_Raju_12-06-1973.pdf	3181	1973-06-12	1973		to	S V Raju	s-v-raju	resolved	letter	letter
3182-Letter_to_V_T_Sreenivasan_31-05-1973.pdf	3182	1973-05-31	1973		to	V T Sreenivasan		unresolved	letter	letter
3183-Letter_to_S_V_Raju_25-03-1973.pdf	3183	1973-03-25	1973		to	S V Raju	s-v-raju	resolved	letter	letter
3184-This_is_an_extract_from_Tribikrams_personal_lettet_to_me.pdf	3184									
3185-Letter_to_S_V_Raju_30-01-1973.pdf	3185	1973-01-30	1973		to	S V Raju	s-v-raju	resolved	letter	letter
3186-Letter_from_Executive_Swatantra_Party_25-01-1972.pdf	3186	1972-01-25	1972		from	Executive Swatantra Party		unresolved	letter	letter
3187-Letter_to_Dilip_Chitre_10-01-1973.pdf	3187	1973-01-10	1973		to	Dilip Chitre		unresolved	letter	letter
3188-Letter_to_S_V_Raju_03-02-1972.pdf	3188	1972-02-03	1972		to	S V Raju	s-v-raju	resolved	letter	letter
3189-Letter_to_S_V_Raju_31-12-1971.pdf	3189	1971-12-31	1971		to	S V Raju	s-v-raju	resolved	letter	letter
319-Swatantra_Newsletter_No-34_May-1963.pdf	319	1963-05	1963						letter	letter
3190-Letter_to_V_T_Sreenivasan_31-12-1971.pdf	3190	1971-12-31	1971		to	V T Sreenivasan		unresolved	letter	letter
3191-Letter_to_V_T_Sreenivasan_20-12-1971.pdf	3191	1971-12-20	1971		to	V T Sreenivasan		unresolved	letter	letter
3192-Letter_from_V_T_Sreenivasan_07-11-1971.pdf	3192	1971-11-07	1971		from	V T Sreenivasan		unresolved	letter	letter
3193-Letter_to_S_V_Raju_30-04-1971.pdf	3193	1971-04-30	1971		to	S V Raju	s-v-raju	resolved	letter	letter
3194-Letter_to_S_V_Raju_03-11-1971.pdf	3194	1971-11-03	1971		to	S V Raju	s-v-raju	resolved	letter	letter
3195-Letter_to_Egg_Head_02-11-1971.pdf	3195	1971-11-02	1971		to	Egg Head		unresolved	letter	letter
3196-Letter_to_S_V_Raju_26-11-1971.pdf	3196	1971-11-26	1971		to	S V Raju	s-v-raju	resolved	letter	letter
3197-Letter_to_S_V_Raju_21-10-1971.pdf	3197	1971-10-21	1971		to	S V Raju	s-v-raju	resolved	letter	letter
3198-Letter_to_V_T_Sreenivasan_09-11-1971.pdf	3198	1971-11-09	1971		to	V T Sreenivasan		unresolved	letter	letter
3199-Letter_to_Tribikram_Tripathy_06-09-1971.pdf	3199	1971-09-06	1971		to	Tribikram Tripathy		unresolved	letter	letter
32-Letter_to_Mr_Bhikhubhai_Patel_19-03-1971.pdf	32	1971-03-19	1971		to	Bhikhubhai Patel		unresolved	letter	letter
320-Swatantra_Newsletter_No-35_June-July-1963.pdf	320	1963-07	1963						letter	letter
3200-Letter_to_S_V_Raju_02-09-1971.pdf	3200	1971-09-02	1971		to	S V Raju	s-v-raju	resolved	letter	letter
3201-Letter_to_Howard_Erdman_29-06-1971.pdf	3201	1971-06-29	1971		to	Howard Erdman		unresolved	letter	letter
3202-Letter_to_S_V_Raju_28-06-1971.pdf	3202	1971-06-28	1971		to	S V Raju	s-v-raju	resolved	letter	letter
3203-Letter_from_S_V_Raju_15-06-1971.pdf	3203	1971-06-15	1971		from	S V Raju	s-v-raju	resolved	letter	letter
3204-Letter_to_S_V_Raju_14-06-1971.pdf	3204	1971-06-14	1971		to	S V Raju	s-v-raju	resolved	letter	letter
3205-Letter_to_C_R_Irani_07-06-1971.pdf	3205	1971-06-07	1971		to	C R Irani		unresolved	letter	letter
3206-Letter_to_S_V_Raju_15-05-1971.pdf	3206	1971-05-15	1971		to	S V Raju	s-v-raju	resolved	letter	letter
3207-Letter_from_R_C_Cooper_05-04-1971.pdf	3207	1971-04-05	1971		from	R C Cooper		unresolved	letter	letter
3208-Letter_to_Babubhai_P_Vaidya.pdf	3208				to	Babubhai P Vaidya		unresolved	letter	letter
3209-Letter_to_Girish_Munshi_29-04-1977.pdf	3209	1977-04-29	1977		to	Girish Munshi		unresolved	letter	letter
321-Swatantra_Newsletter_No-37_September-1963.pdf	321	1963-09	1963						letter	letter
3210-Letter_to_Girish_Munshi_18-04-1977.pdf	3210	1977-04-18	1977		to	Girish Munshi		unresolved	letter	letter
3211-Letter_to_Girish_Munshi_15-04-1977.pdf	3211	1977-04-15	1977		to	Girish Munshi		unresolved	letter	letter
3212-Letter_from_Girish_K_Munshi_15-04-1977.pdf	3212	1977-04-15	1977		from	Girish K Munshi		unresolved	letter	letter
3213-Letter_to_S_V_Raju_11-04-1977.pdf	3213	1977-04-11	1977		to	S V Raju	s-v-raju	resolved	letter	letter
3214-Letter_to_Mr_Minoo_Masani_08-04-1977.pdf	3214	1977-04-08	1977		to	Minoo Masani	minoo-masani	resolved	letter	letter
3215-Letter_to_Mr_Minoo_Masani_07-04-1977.pdf	3215	1977-04-07	1977		to	Minoo Masani	minoo-masani	resolved	letter	letter
3216-Letter_to_S_V_Raju_04-04-1977.pdf	3216	1977-04-04	1977		to	S V Raju	s-v-raju	resolved	letter	letter
3217-Letter_to_Mr_Minoo_Masani_01-04-1977.pdf	3217	1977-04-01	1977		to	Minoo Masani	minoo-masani	resolved	letter	letter
3218-Letter_to_Mr_Minoo_Masani_01-04-1977.pdf	3218	1977-04-01	1977		to	Minoo Masani	minoo-masani	resolved	letter	letter
3219-Letter_from_Girish_K_Munshi_30-03-1977.pdf	3219	1977-03-30	1977		from	Girish K Munshi		unresolved	letter	letter
322-Swatantra_Newsletter_No-38_October-1963.pdf	322	1963-10	1963						letter	letter
3220-Letter_to_Girish_K_Munshi_22-03-1977.pdf	3220	1977-03-22	1977		to	Girish K Munshi		unresolved	letter	letter
3221-Letter_from_Girish_K_Munshi_08-03-1977.pdf	3221	1977-03-08	1977		from	Girish K Munshi		unresolved	letter	letter
3222-Letter_from_Girish_K_Munshi_03-03-1977.pdf	3222	1977-03-03	1977		from	Girish K Munshi		unresolved	letter	letter
3223-Letter_from_S_V_Raju_05-03-1977.pdf	3223	1977-03-05	1977		from	S V Raju	s-v-raju	resolved	letter	letter
3224-Letter_to_Girish_K_Munshi_06-03-1976.pdf	3224	1976-03-06	1976		to	Girish K Munshi		unresolved	letter	letter
3225-Letter_to_S_V_Raju_28-06-1975.pdf	3225	1975-06-28	1975		to	S V Raju	s-v-raju	resolved	letter	letter
3226-Letter_to_Girish_K_Munshi_26-06-1975.pdf	3226	1975-06-26	1975		to	Girish K Munshi		unresolved	letter	letter
3227-Letter_to_S_V_Raju_14-06-1975.pdf	3227	1975-06-14	1975		to	S V Raju	s-v-raju	resolved	letter	letter
3228-Letter_from_S_V_Raju_13-06-1975.pdf	3228	1975-06-13	1975		from	S V Raju	s-v-raju	resolved	letter	letter
3229-Letter_from_S_V_Raju_23-12-1974.pdf	3229	1974-12-23	1974		from	S V Raju	s-v-raju	resolved	letter	letter
323-Swatantra_Newsletter_No-39_November-1963.pdf	323	1963-11	1963						letter	letter
3230-Letter_from_S_V_Raju_17-12-1974.pdf	3230	1974-12-17	1974		from	S V Raju	s-v-raju	resolved	letter	letter
3231-Letter_from_S_V_Raju_11-12-1974.pdf	3231	1974-12-11	1974		from	S V Raju	s-v-raju	resolved	letter	letter
3232-Letter_to_S_V_Raju_03-07-1974.pdf	3232	1974-07-03	1974		to	S V Raju	s-v-raju	resolved	letter	letter
3233-Letter_from_S_V_Raju_01-07-1974.pdf	3233	1974-07-01	1974		from	S V Raju	s-v-raju	resolved	letter	letter
3234-Letter_to_S_V_Raju_27-06-1974.pdf	3234	1974-06-27	1974		to	S V Raju	s-v-raju	resolved	letter	letter
3235-Letter_to_Girish_K_Munshi_22-06-1974.pdf	3235	1974-06-22	1974		to	Girish K Munshi		unresolved	letter	letter
3236-Letter_to_S_V_Raju_07-06-1974.pdf	3236	1974-06-07	1974		to	S V Raju	s-v-raju	resolved	letter	letter
3237-Letter_to_Girish_K_Munshi_05-06-1974.pdf	3237	1974-06-05	1974		to	Girish K Munshi		unresolved	letter	letter
3238-Letter_from_V_S_Srikumar_26-04-1975.pdf	3238	1975-04-26	1975		from	V S Srikumar		unresolved	letter	letter
3239-Letter_from_V_S_Srikumar_28-01-1975.pdf	3239	1975-01-28	1975		from	V S Srikumar		unresolved	letter	letter
324-Swatantra_Newsletter_No-40_December-1963.pdf	324	1963-12	1963						letter	letter
3240-Letter_to_Thiru_H_K_Ghazi_21-01-1975.pdf	3240	1975-01-21	1975		to	Thiru H K Ghazi		unresolved	letter	letter
3241-Letter_from_V_S_Srikumar_02-01-1975.pdf	3241	1975-01-02	1975		from	V S Srikumar		unresolved	letter	letter
3242-Letter_from_V_S_Srikumar_02-01-1975.pdf	3242	1975-01-02	1975		from	V S Srikumar		unresolved	letter	letter
3243-Letter_to_Girish_K_Munshi_08-01-1975.pdf	3243	1975-01-08	1975		to	Girish K Munshi		unresolved	letter	letter
3244-Letter_from_Girish_K_Munshi_02-01-1976.pdf	3244	1976-01-02	1976		from	Girish K Munshi		unresolved	letter	letter
3245-Resolutions_of_Swatantra_Party_08-12-1974.pdf	3245	1974-12-08	1974						resolution	resolution
3246-Letter_from_Girish_K_Munshi_31-12-1974.pdf	3246	1974-12-31	1974		from	Girish K Munshi		unresolved	letter	letter
3247-Letter_to_V_S_Srikumar_07-01-1975.pdf	3247	1975-01-07	1975		to	V S Srikumar		unresolved	letter	letter
3248-Letter_to_C_Rajagopalachari_13-02-1963.pdf	3248	1963-02-13	1963		to	C Rajagopalachari	c-rajagopalachari	resolved	letter	letter
3249-Letter_to_Mr_Minoo_Masani_03-02-1963.pdf	3249	1963-02-03	1963		to	Minoo Masani	minoo-masani	resolved	letter	letter
325-Swatantra_Newsletter_No-41_January-February-1964.pdf	325	1964-02	1964						letter	letter
3250-Letter_to_N_G_Ranga_02-01-1963.pdf	3250	1963-01-02	1963		to	N G Ranga		unresolved	letter	letter
3251-Letter_to_C_Rajagopalachari_02-02-1963.pdf	3251	1963-02-02	1963		to	C Rajagopalachari	c-rajagopalachari	resolved	letter	letter
3252-Letter_to_K_M_Munshi_27-01-1963.pdf	3252	1963-01-27	1963		to	K M Munshi	k-m-munshi	resolved	letter	letter
3253-Letter_to_Mr_Minoo_Masani_26-01-1963.pdf	3253	1963-01-26	1963		to	Minoo Masani	minoo-masani	resolved	letter	letter
3254-Letter_to_Mr_Minoo_Masani_08-01-1963.pdf	3254	1963-01-08	1963		to	Minoo Masani	minoo-masani	resolved	letter	letter
3255-Letter_to_C_Rajagopalachari_25-01-1963.pdf	3255	1963-01-25	1963		to	C Rajagopalachari	c-rajagopalachari	resolved	letter	letter
3256-Letter_to_N_G_Ranga_21-01-1963.pdf	3256	1963-01-21	1963		to	N G Ranga		unresolved	letter	letter
3257-Letter_to_S_K_D_Paliwal_21-01-1963.pdf	3257	1963-01-21	1963		to	S K D Paliwal		unresolved	letter	letter
3258-Draft_Report_of_the_Organisation.pdf	3258								report	occasional_paper
3259-Letter_to_C_Rajagopalachari_16-01-1963.pdf	3259	1963-01-16	1963		to	C Rajagopalachari	c-rajagopalachari	resolved	letter	letter
326-Swatantra_Newsletter_No-42_March-1964.pdf	326	1964-03	1964						letter	letter
3260-Letter_to_Girish_K_Munshi_14-01-1968.pdf	3260	1968-01-14	1968		to	Girish K Munshi		unresolved	letter	letter
3261-Letter_to_C_Rajagopalachari_14-01-1963.pdf	3261	1963-01-14	1963		to	C Rajagopalachari	c-rajagopalachari	resolved	letter	letter
3262-Minutes_of_Meeting.pdf	3262								minutes	minutes
3263-Draft_Items_for_Agenda_of_General_Council_of_Meetings.pdf	3263								agenda	circular
3264-Letter_to_kamakhya_Narain_Singh_02-01-1963.pdf	3264	1963-01-02	1963		to	kamakhya Narain Singh		unresolved	letter	letter
3265-Letter_to_C_Rajagopalachari_03-12-1962.pdf	3265	1962-12-03	1962		to	C Rajagopalachari	c-rajagopalachari	resolved	letter	letter
3266-Letter_to_Mr_Minoo_Masani_03-12-1962.pdf	3266	1962-12-03	1962		to	Minoo Masani	minoo-masani	resolved	letter	letter
3267-Letter_to_C_Rajagopalachari_01-12-1962.pdf	3267	1962-12-01	1962		to	C Rajagopalachari	c-rajagopalachari	resolved	letter	letter
3268-Swatantra_Party_Minutes_of_Meeting.pdf	3268								minutes	minutes
3269-Letter_to_Jagat_Kishore_Parsad_Narain_Singh_16-08-1962.pdf	3269	1962-08-16	1962		to	Jagat Kishore Parsad Narain Singh		unresolved	letter	letter
327-Swatantra_Newsletter_No-43_April-May-1964.pdf	327	1964-05	1964						letter	letter
3270-Letter_to_N_G_Ranga.pdf	3270				to	N G Ranga		unresolved	letter	letter
3271-Letter_to_Mr_Minoo_Masani_14-08-1962.pdf	3271	1962-08-14	1962		to	Minoo Masani	minoo-masani	resolved	letter	letter
3272-Letter_to_Mr_Minoo_Masani_13-08-1962.pdf	3272	1962-08-13	1962		to	Minoo Masani	minoo-masani	resolved	letter	letter
3273-Letter_to_C_Rajagopalachari_12-08-1962.pdf	3273	1962-08-12	1962		to	C Rajagopalachari	c-rajagopalachari	resolved	letter	letter
3274-Letter_to_Mr_Minoo_Masani_11-08-1962.pdf	3274	1962-08-11	1962		to	Minoo Masani	minoo-masani	resolved	letter	letter
3275-Letter_to_C_Rajagopalachari_11-08-1962.pdf	3275	1962-08-11	1962		to	C Rajagopalachari	c-rajagopalachari	resolved	letter	letter
3276-Letter_to_Mr_Minoo_Masani_10-08-1962.pdf	3276	1962-08-10	1962		to	Minoo Masani	minoo-masani	resolved	letter	letter
3277-Letter_to_C_Rajagopalachari_10-08-1962.pdf	3277	1962-08-10	1962		to	C Rajagopalachari	c-rajagopalachari	resolved	letter	letter
3278-Letter_to_C_Rajagopalachari_09-08-1962.pdf	3278	1962-08-09	1962		to	C Rajagopalachari	c-rajagopalachari	resolved	letter	letter
3279-Letter_to_C_Rajagopalachari_09-08-1962.pdf	3279	1962-08-09	1962		to	C Rajagopalachari	c-rajagopalachari	resolved	letter	letter
328-Swatantra_Newsletter_No-44_June-1964.pdf	328	1964-06	1964						letter	letter
3280-Letter_to_Mr_Minoo_Masani_07-08-1962.pdf	3280	1962-08-07	1962		to	Minoo Masani	minoo-masani	resolved	letter	letter
3281-Letter_to_S_V_Raju_07-08-1962.pdf	3281	1962-08-07	1962		to	S V Raju	s-v-raju	resolved	letter	letter
3282-Letter_to_C_Rajagopalachari_06-08-1962.pdf	3282	1962-08-06	1962		to	C Rajagopalachari	c-rajagopalachari	resolved	letter	letter
3283-Letter_to_C_Rajagopalachari_08-01-1962.pdf	3283	1962-01-08	1962		to	C Rajagopalachari	c-rajagopalachari	resolved	letter	letter
3284-Swatantra_Party_Minutes_of_Meeting_21-12-1961.pdf	3284	1961-12-21	1961						minutes	minutes
3285-Letter_to_Mr_Minoo_Masani_23-12-1961.pdf	3285	1961-12-23	1961		to	Minoo Masani	minoo-masani	resolved	letter	letter
3286-Letter_to_C_Rajagopalachari_14-11-1961.pdf	3286	1961-11-14	1961		to	C Rajagopalachari	c-rajagopalachari	resolved	letter	letter
3287-Letter_from_Mr_Minoo_Masani_14-11-1961.pdf	3287	1961-11-14	1961		from	Minoo Masani	minoo-masani	resolved	letter	letter
3288-Letter_to_Jagat_Kishore_Parsad_Narain_Singh_14-11-1961.pdf	3288	1961-11-14	1961		to	Jagat Kishore Parsad Narain Singh		unresolved	letter	letter
3289-Letter_to_C_Rajagopalachari_11-11-1961.pdf	3289	1961-11-11	1961		to	C Rajagopalachari	c-rajagopalachari	resolved	letter	letter
329-Swatantra_Newsletter_No-45_August-September-1964.pdf	329	1964-09	1964						letter	letter
3290-Letter_to_C_Rajagopalachari_26-09-1961.pdf	3290	1961-09-26	1961		to	C Rajagopalachari	c-rajagopalachari	resolved	letter	letter
3291-Letter_to_Mr_Minoo_Masani.pdf	3291				to	Minoo Masani	minoo-masani	resolved	letter	letter
3292-Letter_to_Mr_Minoo_Masani_18-09-1961.pdf	3292	1961-09-18	1961		to	Minoo Masani	minoo-masani	resolved	letter	letter
3293-General_Secertarys_note_on_Bihar_09-05-1961.pdf	3293	1961-05-09	1961							
3294-Detail_of_payment_made_in_respect_of_Bihar.pdf	3294									
3295-Swatantra_Party_Constitution_12-12-1966.pdf	3295	1966-12-12	1966							
3296-Letter_from_the_Officer_in_the_Overdraft_Department_26-11-1964.pdf	3296	1964-11-26	1964		from	the Officer in the Overdraft Department		unresolved	letter	letter
3297-Letter_to_N_G_Ranga_15-11-1964.pdf	3297	1964-11-15	1964		to	N G Ranga		unresolved	letter	letter
3298-No_of_some_of_the_jeeps_Seized_by_the_Bank.pdf	3298									
3299-Mr_Bhalla_of_New_India_Insurance_Company.pdf	3299									
33-Letter_to_Mr_Kanti_Bora_23-03-1971.pdf	33	1971-03-23	1971		to	Kanti Bora		unresolved	letter	letter
330-Swatantra_Newsletter_No-47_October-November-1964.pdf	330	1964-11	1964						letter	letter
3300-Letter_to_Hansotia_01-06-1964.pdf	3300	1964-06-01	1964		to	Hansotia		unresolved	letter	letter
3301-Letter_from_Parmanad_Kejriwal_29-05-1964.pdf	3301	1964-05-29	1964		from	Parmanad Kejriwal		unresolved	letter	letter
3302-Major_Mohan_Roy_Kindly_handed_15_recipt.pdf	3302									
3303-Letter_to_Mr_Minoo_Masani_17-04-1964.pdf	3303	1964-04-17	1964		to	Minoo Masani	minoo-masani	resolved	letter	letter
3304-Letter_to_Homi_Mody_26-01-1964.pdf	3304	1964-01-26	1964		to	Homi Mody		unresolved	letter	letter
3305-Letter_to_C_Rajagopalachari_12-01-1964.pdf	3305	1964-01-12	1964		to	C Rajagopalachari	c-rajagopalachari	resolved	letter	letter
3306-Letter_to_Girish_K_Munshi_10-01-1964.pdf	3306	1964-01-10	1964		to	Girish K Munshi		unresolved	letter	letter
3307-Letter_to_C_Rajagopalachari_09-01-1964.pdf	3307	1964-01-09	1964		to	C Rajagopalachari	c-rajagopalachari	resolved	letter	letter
3308-Letter_to_N_G_Ranga_26-12-1963.pdf	3308	1963-12-26	1963		to	N G Ranga		unresolved	letter	letter
3309-Letter_to_Mr_Minoo_Masani_24-12-1963.pdf	3309	1963-12-24	1963		to	Minoo Masani	minoo-masani	resolved	letter	letter
331-Swatantra_Newsletter_No-49_January-February-1965.pdf	331	1965-02	1965						letter	letter
3310-Jeep_Credit_Affair_29-10-1963.pdf	3310	1963-10-29	1963							
3311-Swatantra_Party_Cash_Memo.pdf	3311								memo	circular
3312-Swatantra_Party_Cash_Memo.pdf	3312								memo	circular
3313-Swatantra_Party_Cash_Memo.pdf	3313								memo	circular
3314-Swatantra_Party_Cash_Memo.pdf	3314								memo	circular
3315-Letter_to_S_V_Raju_20-09-1963.pdf	3315	1963-09-20	1963		to	S V Raju	s-v-raju	resolved	letter	letter
3316-Swatantra_Party_Minutes_of_Meeting_03-08-1969.pdf	3316	1969-08-03	1969						minutes	minutes
3317-Letter_to_C_Rajagopalachari_27-07-1963.pdf	3317	1963-07-27	1963		to	C Rajagopalachari	c-rajagopalachari	resolved	letter	letter
3318-Letter_to_K_M_Munshi_20-03-1963.pdf	3318	1963-03-20	1963		to	K M Munshi	k-m-munshi	resolved	letter	letter
3319-Letter_to_K_M_Munshi_20-03-1963.pdf	3319	1963-03-20	1963		to	K M Munshi	k-m-munshi	resolved	letter	letter
332-Swatantra_Newsletter_No-48_December-1964.pdf	332	1964-12	1964						letter	letter
3320-Note_on_Jeep_Credit_17-04-1963.pdf	3320	1963-04-17	1963							
3321-Letter_to_K_M_Munshi_20-03-1963.pdf	3321	1963-03-20	1963		to	K M Munshi	k-m-munshi	resolved	letter	letter
3322-Position_Regarding_Bihar_Jeep_Credit_14-03-1962.pdf	3322	1962-03-14	1962							
3323-Memorandum_05-10-1962.pdf	3323	1962-10-05	1962						memo	circular
3324-Letter_to_Bateshwar_Prasad_Singh_09-10-1962.pdf	3324	1962-10-09	1962		to	Bateshwar Prasad Singh		unresolved	letter	letter
3325-Memorandum_from_Cental_Bank_of_India_14-09-1962.pdf	3325	1962-09-14	1962		from	Cental Bank of India		unresolved	memo	circular
3326-Letter_to_Mr_Minoo_Masani_03-09-1962.pdf	3326	1962-09-03	1962		to	Minoo Masani	minoo-masani	resolved	letter	letter
3327-Letter_to_Mr_Minoo_Masani_14-08-1962.pdf	3327	1962-08-14	1962		to	Minoo Masani	minoo-masani	resolved	letter	letter
3328-Memorandum_11-08-1962.pdf	3328	1962-08-11	1962						memo	circular
3329-Letter_to_S_V_Raju_08-08-1962.pdf	3329	1962-08-08	1962		to	S V Raju	s-v-raju	resolved	letter	letter
333-Swatantra_Newsletter_No-50_March-1965.pdf	333	1965-03	1965						letter	letter
3330-Memorandum.pdf	3330								memo	circular
3331-Letter_to_Mr_Minoo_Masani_27-07-1962.pdf	3331	1962-07-27	1962		to	Minoo Masani	minoo-masani	resolved	letter	letter
3332-Jeep_Credit_Arragement_17-07-1962.pdf	3332	1962-07-17	1962							
3333-Memorandum_of_Agreement.pdf	3333								memo	circular
3334-Letter_to_Basant_Narain_Singh_09-07-1962.pdf	3334	1962-07-09	1962		to	Basant Narain Singh		unresolved	letter	letter
3335-Letter_from_Mr_Minoo_Masani_08-07-1962.pdf	3335	1962-07-08	1962		from	Minoo Masani	minoo-masani	resolved	letter	letter
3336-Regarding_Overdraft_Treatment_23-06-1962.pdf	3336	1962-06-23	1962							
3337-Memorandum_16-06-1962.pdf	3337	1962-06-16	1962						memo	circular
3338-Memorandum_28-04-1962.pdf	3338	1962-04-28	1962						memo	circular
3339-Letter_to_kamakhya_Narain_Singh_31-05-1962.pdf	3339	1962-05-31	1962		to	kamakhya Narain Singh		unresolved	letter	letter
334-Swatantra_Newsletter_No-51_April-May-1965.pdf	334	1965-05	1965						letter	letter
3340-Letter_to_kamakhya_Narain_Singh_19-04-1962.pdf	3340	1962-04-19	1962		to	kamakhya Narain Singh		unresolved	letter	letter
3341-Letter_to_N_G_Ranga_19-03-1962.pdf	3341	1962-03-19	1962		to	N G Ranga		unresolved	letter	letter
3342-Memorandum_13-03-1962.pdf	3342	1962-03-13	1962						memo	circular
3343-Account_of_Bihar_Contribution_and_Jeep_Credit_05-03-1962.pdf	3343	1962-03-05	1962							
3344-Memorandum_08-02-1962.pdf	3344	1962-02-08	1962						memo	circular
3345-Memorandum_25-01-1962.pdf	3345	1962-01-25	1962						memo	circular
3346-Major_Mohan_Roy_Kindly_handed_15_recipt.pdf	3346									
3347-Telegram_to_Mr_Minoo_Masani_15-01-1962.pdf	3347	1962-01-15	1962		to	Minoo Masani	minoo-masani	resolved	telegram	telegram
3348-Telegram_to_Raju_surajyam_21-01-1962.pdf	3348	1962-01-21	1962		to	Raju surajyam		unresolved	telegram	telegram
3349-Telegram_to_Raja_Ramgarh_10-01-1962.pdf	3349	1962-01-10	1962		to	Ramgarh		unresolved	telegram	telegram
335-Swatantra_Newsletter_No-52_June-1965.pdf	335	1965-06	1965						letter	letter
3350-Telegram_to_Raja_Ramgarh_10-01-1962.pdf	3350	1962-01-10	1962		to	Ramgarh		unresolved	telegram	telegram
3351-Telegram_to_Mr_Minoo_Masani_16-01-1962.pdf	3351	1962-01-16	1962		to	Minoo Masani	minoo-masani	resolved	telegram	telegram
3352-Telegram_to_Mr_Minoo_Masani.pdf	3352				to	Minoo Masani	minoo-masani	resolved	telegram	telegram
3353-Telegram_of_Swatantra_Party.pdf	3353								telegram	telegram
3354-Telegram_of_Swatantra_Party.pdf	3354								telegram	telegram
3355-Telegram_to_Raja_Ramgarh_12-01-1962.pdf	3355	1962-01-12	1962		to	Ramgarh		unresolved	telegram	telegram
3356-Letter_to_kamakhya_Narain_Singh_12-01-1962.pdf	3356	1962-01-12	1962		to	kamakhya Narain Singh		unresolved	letter	letter
3357-Swatantra_Party_Minutes_of_Meeting_04-01-1962.pdf	3357	1962-01-04	1962						minutes	minutes
3358-Extract_from_Draft_Minutes_05-01-1962.pdf	3358	1962-01-05	1962						minutes	minutes
3359-Telegram_to_Mr_Minoo_Masani_11-01-1962.pdf	3359	1962-01-11	1962		to	Minoo Masani	minoo-masani	resolved	telegram	telegram
336-Swatantra_Newsletter_No-53_July-August-1965.pdf	336	1965-08	1965						letter	letter
3360-Letter_to_C_Rajagopalachari_11-01-1962.pdf	3360	1962-01-11	1962		to	C Rajagopalachari	c-rajagopalachari	resolved	letter	letter
3361-Letter_to_Mr_Minoo_Masani_10-01-1962.pdf	3361	1962-01-10	1962		to	Minoo Masani	minoo-masani	resolved	letter	letter
3362-Letter_to_Raja_Ramgarh_10-01-1962.pdf	3362	1962-01-10	1962		to	Ramgarh		unresolved	letter	letter
3363-Letter_to_C_Rajagopalachari_08-01-1962.pdf	3363	1962-01-08	1962		to	C Rajagopalachari	c-rajagopalachari	resolved	letter	letter
3364-Memorandum_of_Agreement.pdf	3364								memo	circular
3365-Allotment_of_new_Jesps_04-01-1962.pdf	3365	1962-01-04	1962							
3366-Letter_to_Mr_Minoo_Masani_31-12-1961.pdf	3366	1961-12-31	1961		to	Minoo Masani	minoo-masani	resolved	letter	letter
3367-Jeep_Credit_to_Ramgarh_30-10-1961.pdf	3367	1961-10-30	1961							
3368-Point_to_be_noted_for_Four_Lakh_Credit.pdf	3368									
3369-Letter_to_Ramgarh_29-12-1961.pdf	3369	1961-12-29	1961		to	Ramgarh		unresolved	letter	letter
337-Swatantra_Newsletter_No-54_September-1965.pdf	337	1965-09	1965						letter	letter
3370-Letter_to_K_M_Munshi_26-12-1961.pdf	3370	1961-12-26	1961		to	K M Munshi	k-m-munshi	resolved	letter	letter
3371-Letter_to_kamakhya_Narain_Singh_26-12-1961.pdf	3371	1961-12-26	1961		to	kamakhya Narain Singh		unresolved	letter	letter
3372-Letter_to_C_Rajagopalachari.pdf	3372				to	C Rajagopalachari	c-rajagopalachari	resolved	letter	letter
3373-Telegram_to_Mr_Minoo_Masani.pdf	3373				to	Minoo Masani	minoo-masani	resolved	telegram	telegram
3374-Telegram_to_Mr_Minoo_Masani_25-12-1961.pdf	3374	1961-12-25	1961		to	Minoo Masani	minoo-masani	resolved	telegram	telegram
3375-Memorandum_21-12-1961.pdf	3375	1961-12-21	1961						memo	circular
3376-Reduction_of_the_Amount.pdf	3376									
3377-Letter_to_kamakhya_Narain_Singh_21-11-1961.pdf	3377	1961-11-21	1961		to	kamakhya Narain Singh		unresolved	letter	letter
3378-A_Third_Installment_of_Rs20000.pdf	3378									
3379-Memorandum_18-11-1961.pdf	3379	1961-11-18	1961						memo	circular
338-Swatantra_Newsletter_No-55_October-November-1965.pdf	338	1965-11	1965						letter	letter
3380-Letter_to_kamakhya_Narain_Singh_25-10-1961.pdf	3380	1961-10-25	1961		to	kamakhya Narain Singh		unresolved	letter	letter
3381-Letter_to_kamakhya_Narain_Singh_25-10-1961.pdf	3381	1961-10-25	1961		to	kamakhya Narain Singh		unresolved	letter	letter
3382-Letter_to_Mr_Minoo_Masani_30-09-1961.pdf	3382	1961-09-30	1961		to	Minoo Masani	minoo-masani	resolved	letter	letter
3383-Second_Installment_of_Rs20000.pdf	3383									
3384-Letter_from_S_V_Raju_18-10-1961.pdf	3384	1961-10-18	1961		from	S V Raju	s-v-raju	resolved	letter	letter
3385-Letter_from_Mr_Minoo_Masani_04-10-1961.pdf	3385	1961-10-04	1961		from	Minoo Masani	minoo-masani	resolved	letter	letter
3386-General_Secertarys_note_on_ReBihar_Finances_13-05-1961.pdf	3386	1961-05-13	1961							
3387-Letter_to_Mr_Minoo_Masani_27-09-1961.pdf	3387	1961-09-27	1961		to	Minoo Masani	minoo-masani	resolved	letter	letter
3388-Outlining_the_Arrangement_26-09-1961.pdf	3388	1961-09-26	1961							
3389-Letter_to_kamakhya_Narain_Singh_25-08-1961.pdf	3389	1961-08-25	1961		to	kamakhya Narain Singh		unresolved	letter	letter
339-Swatantra_Newsletter_No-56_January-February-1966.pdf	339	1966-02	1966						letter	letter
3390-Letter_to_Mr_Minoo_Masani_19-08-1961.pdf	3390	1961-08-19	1961		to	Minoo Masani	minoo-masani	resolved	letter	letter
3391-Emergent_Meeting_of_the_Working_Committee_17-08-1961.pdf	3391	1961-08-17	1961							
3392-Letter_to_Mr_Minoo_Masani_18-08-1961.pdf	3392	1961-08-18	1961		to	Minoo Masani	minoo-masani	resolved	letter	letter
3393-Letter_to_Mr_Minoo_Masani_18-08-1961.pdf	3393	1961-08-18	1961		to	Minoo Masani	minoo-masani	resolved	letter	letter
3394-Letter_from_K_N_Singh_04-08-1961.pdf	3394	1961-08-04	1961		from	K N Singh		unresolved	letter	letter
3395-Letter_from_K_N_Singh_02-08-1961.pdf	3395	1961-08-02	1961		from	K N Singh		unresolved	letter	letter
3396-Meeting_with_Mr_Mani_02-08-1961.pdf	3396	1961-08-02	1961							
3397-Letter_to_Raja_Ramgarh_28-07-1961.pdf	3397	1961-07-28	1961		to	Ramgarh		unresolved	letter	letter
3398-Letter_to_kamakhya_Narain_Singh_24-07-1961.pdf	3398	1961-07-24	1961		to	kamakhya Narain Singh		unresolved	letter	letter
3399-Letter_to_N_G_Ranga_23-07-1961.pdf	3399	1961-07-23	1961		to	N G Ranga		unresolved	letter	letter
34-Letter_to_Mr_S_R_Mohan_Das_23-03-1971.pdf	34	1971-03-23	1971		to	S R Mohan Das		unresolved	letter	letter
340-Swatantra_Newsletter_No-57_March-April-1966.pdf	340	1966-04	1966						letter	letter
3400-Letter_to_Mr_Minoo_Masani_14-07-1961.pdf	3400	1961-07-14	1961		to	Minoo Masani	minoo-masani	resolved	letter	letter
3401-Letter_to_kamakhya_Narain_Singh_20-06-1961.pdf	3401	1961-06-20	1961		to	kamakhya Narain Singh		unresolved	letter	letter
3402-Letter_to_Mr_Minoo_Masani_10-06-1961.pdf	3402	1961-06-10	1961		to	Minoo Masani	minoo-masani	resolved	letter	letter
3403-Letter_to_Mr_Minoo_Masani_10-06-1961.pdf	3403	1961-06-10	1961		to	Minoo Masani	minoo-masani	resolved	letter	letter
3404-Letter_to_kamakhya_Narain_Singh_18-05-1961.pdf	3404	1961-05-18	1961		to	kamakhya Narain Singh		unresolved	letter	letter
3405-Letter_to_kamakhya_Narain_Singh_15-05-1964.pdf	3405	1964-05-15	1964		to	kamakhya Narain Singh		unresolved	letter	letter
3406-Copies_of_Correspondance.pdf	3406									
3407-Plaint_Under_or_7_Role_IC_PC.pdf	3407									
3408-Plaint_Under_or_7_Role_IC_PC.pdf	3408									
3409-Letter_to_Paramchand_Kejriwal_11-04-1975.pdf	3409	1975-04-11	1975		to	Paramchand Kejriwal		unresolved	letter	letter
341-Swatantra_Newsletter_No-58_May-1966.pdf	341	1966-05	1966						letter	letter
3410-Letter_to_Shelat_17-01-1975.pdf	3410	1975-01-17	1975		to	Shelat		unresolved	letter	letter
3411-In_the_Bombay_City_Civil_Court_at_Bombay.pdf	3411									
3412-Resolution_for_National_Convention_04-08-1974.pdf	3412	1974-08-04	1974						resolution	resolution
3413-National_Headquarter_Circular_no_160_29-08-1974.pdf	3413	1974-08-29	1974						circular	circular
3414-General_Secretarys_Letter_no_320_20-08-1974.pdf	3414	1974-08-20	1974						letter	letter
3415-Letter_from_Girish_K_Munshi_31-12-1974.pdf	3415	1974-12-31	1974		from	Girish K Munshi		unresolved	letter	letter
3416-Letter_from_Girish_K_Munshi_02-01-1975.pdf	3416	1975-01-02	1975		from	Girish K Munshi		unresolved	letter	letter
3417-Letter_to_Girish_K_Munshi_08-01-1975.pdf	3417	1975-01-08	1975		to	Girish K Munshi		unresolved	letter	letter
3418-Resolution_of_the_Swatantra_party_08-12-1974.pdf	3418	1974-12-08	1974						resolution	resolution
3419-Letter_from_V_S_Srikumar_02-01-1975.pdf	3419	1975-01-02	1975		from	V S Srikumar		unresolved	letter	letter
342-Swatantra_Newsletter_No-59_June-1966.pdf	342	1966-06	1966						letter	letter
3420-Swatantra_Party_Constitution_14-04-1973.pdf	3420	1973-04-14	1973							
3421-Draft.pdf	3421									
3422-Letter_to_C_Rajagopalachari_20-06-1970.pdf	3422	1970-06-20	1970		to	C Rajagopalachari	c-rajagopalachari	resolved	letter	letter
3423-Letter_to_Mr_Minoo_Masani_27-06-1970.pdf	3423	1970-06-27	1970		to	Minoo Masani	minoo-masani	resolved	letter	letter
3424-Letter_to_C_Rajagopalachari_26-06-1970.pdf	3424	1970-06-26	1970		to	C Rajagopalachari	c-rajagopalachari	resolved	letter	letter
3425-Letter_to_C_Rajagopalachari_26-06-1970.pdf	3425	1970-06-26	1970		to	C Rajagopalachari	c-rajagopalachari	resolved	letter	letter
3426-Letter_to_Mr_Minoo_Masani_04-07-1970.pdf	3426	1970-07-04	1970		to	Minoo Masani	minoo-masani	resolved	letter	letter
3427-Letter_to_Mr_Minoo_Masani_23-06-1970.pdf	3427	1970-06-23	1970		to	Minoo Masani	minoo-masani	resolved	letter	letter
3428-Letter_to_C_Rajagopalachari_19-06-1970.pdf	3428	1970-06-19	1970		to	C Rajagopalachari	c-rajagopalachari	resolved	letter	letter
3429-Letter_to_Atal_Bihari_Bajpayee_19-06-1970.pdf	3429	1970-06-19	1970		to	Atal Bihari Bajpayee		unresolved	letter	letter
343-Swatantra_Newsletter_No-60_July-1966.pdf	343	1966-07	1966						letter	letter
3430-Letter_to_Morarji_Desai_19-06-1970.pdf	3430	1970-06-19	1970		to	Morarji Desai	morarji-desai	resolved	letter	letter
3431-Letter_to_Mr_Minoo_Masani_02-06-1970.pdf	3431	1970-06-02	1970		to	Minoo Masani	minoo-masani	resolved	letter	letter
3432-Letter_to_Mr_Minoo_Masani_03-06-1970.pdf	3432	1970-06-03	1970		to	Minoo Masani	minoo-masani	resolved	letter	letter
3433-Letter_to_Mr_Minoo_Masani_04-06-1970.pdf	3433	1970-06-04	1970		to	Minoo Masani	minoo-masani	resolved	letter	letter
3434-Letter_from_Swatantra_party.pdf	3434				from	Swatantra party		not_a_person	letter	letter
3435-Letter_to_Atal_Bihari_Bajpayee_29-05-1970.pdf	3435	1970-05-29	1970		to	Atal Bihari Bajpayee		unresolved	letter	letter
3436-Letter_to_Ashok_Mehta_29-05-1970.pdf	3436	1970-05-29	1970		to	Ashok Mehta		unresolved	letter	letter
3437-Letter_to_C_Rajagopalachari_29-05-1970.pdf	3437	1970-05-29	1970		to	C Rajagopalachari	c-rajagopalachari	resolved	letter	letter
3438-Letter_to_C_Rajagopalachari_29-05-1970.pdf	3438	1970-05-29	1970		to	C Rajagopalachari	c-rajagopalachari	resolved	letter	letter
3439-Jantar_Mantar-Hindustan_Times.pdf	3439									
344-Swatantra_Newsletter_No-64_February-July-1968.pdf	344	1968-07	1968						letter	letter
3440-Birth_Pangs_of_Socialist_Unity-Sunday_Standard_13-06-1971.pdf	3440	1971-06-13	1971							
3441-National_Press_on_the_Stand.pdf	3441								press_note	press_note
3442-Delhi_This_Week_Shuttling_Leaders-March_of_the_Nation_16-01-1971.pdf	3442	1971-01-16	1971							
3443-Rough_Weather-The_Biltz_16-01-1971.pdf	3443	1971-01-16	1971							
3444-Ethics_of_Electoral_Pacts-March_of_the_Nation_16-01-1971.pdf	3444	1971-01-16	1971							
3445-Unprincipled_Electoral_Adjustments-March_of_the_Nations_16-01-1971.pdf	3445	1971-01-16	1971							
3446-Mera_Naam_Joker_Fronts_Crack_Up-The_Biltz_08-01-1971.pdf	3446	1971-01-08	1971							
3447-Report_that_Raj_Narain_Showed_a_shoe_to_Masani-The_Biltz_09-01-1971.pdf	3447	1971-01-09	1971						report	occasional_paper
3448-Swatantra_may_still_join_Alliance-Hindustan_Times_08-01-1971.pdf	3448	1971-01-08	1971							
3449-Minimum_Programme_Overramphasised-Hindustan_Times_01-01-1971.pdf	3449	1971-01-01	1971						manifesto	occasional_paper
345-Swatantra_Newsletter_No-65_August-December-1968.pdf	345	1968-12	1968						letter	letter
3450-Swatantra_Thrawts_Alliance_Bids_06-01-1971.pdf	3450	1971-01-06	1971							
3451-Masani_Meets_Morarji-Times_of_India_06-01-1971.pdf	3451	1971-01-06	1971							
3452-Swatantra_Will_Come-Nijalingappa-Indian_Express_06-01-1971.pdf	3452	1971-01-06	1971						press_note	press_note
3453-Swatantra_Sure_to_Join_front-Times_of_India_06-01-1971.pdf	3453	1971-01-06	1971							
3454-Dramma_Over_Alliance_Without_Soul-The_Financial_Express_06-01-1971.pdf	3454	1971-01-06	1971						press_note	press_note
3455-Nijalingappas_Appeal_to_Swatantra_Party-The_Hindu_06-01-1971.pdf	3455	1971-01-06	1971							
3456-Liyame_Sure_Swatantra_Will_join_Front-The_Times_of_India_05-01-1971.pdf	3456	1971-01-05	1971							
3457-Alliance_Party_will_prepare_common_lists-The_Hindustan_Times_05-01-1971.pdf	3457	1971-01-05	1971							
3458-Morarji_sees_no_hitch_Alliance_Govt-The_India_n_Express_05-01-1971.pdf	3458	1971-01-05	1971						press_note	press_note
3459-New_Twists_to_measure_parties_Prospects-Statesmen_05-01-1971.pdf	3459	1971-01-05	1971							
346-Swatantra_Newsletter_No-66_January-February-1969.pdf	346	1969-02	1969						letter	letter
3460-New_Twists_to_poll_Prospects_of_Major_parties-Statesmen_05-01-1971.pdf	3460	1971-01-05	1971							
3461-BKD_Spurns_Alliance-The_Indian_Express_05-01-1971.pdf	3461	1971-01-05	1971						press_note	press_note
3462-Problem_Will_be_Solved_Say_CR-The_Statesmen_05-01-1971.pdf	3462	1971-01-05	1971							
3463-Gujrat_Cong_list_on_Saturday-The_Times_of_India_05-01-1971.pdf	3463	1971-01-05	1971							
3464-Old_Congressmen_hopeful_of_Swatantra_Return_05-01-1971.pdf	3464	1971-01-05	1971							
3465-The_Democratic_Front-The_Statesmen_05-01-1971.pdf	3465	1971-01-05	1971							
3466-The_Indian_Express_04-01-1971.pdf	3466	1971-01-04	1971						press_note	press_note
3467-Masani_Attacks_Cong_leaders_04-01-1971.pdf	3467	1971-01-04	1971							
3468-Grand_Alliance_is_Still_Born-The_Patriot.pdf	3468									
3469-Grand_Alliance_Collapse-National_herald_04-01-1971.pdf	3469	1971-01-04	1971							
347-Swatantra_Newsletter_No-67_March-1969.pdf	347	1969-03	1969						letter	letter
3470-Cong_JS_and_SSP_form_united_Front_03-01-1971.pdf	3470	1971-01-03	1971							
3471-Swatantra_keep_out_of_Alliance-The_Hindustan_Times_04-01-1971.pdf	3471	1971-01-04	1971							
3472-High_Drama-National_Herald_01-01-1971.pdf	3472	1971-01-01	1971							
3473-Mutilated_Front_Swatantra_keeps_out-The_Economic_Times_04-01-1971.pdf	3473	1971-01-04	1971							
3474-Urgently_Need_Alternative-The_Indian_Express_04-01-1971.pdf	3474	1971-01-04	1971						press_note	press_note
3475-SSP_Day_Long_Efforts_pay.pdf	3475									
3476-National_Press_on_the_Stand.pdf	3476								press_note	press_note
3477-The_Democratic_Front_Pladges_03-01-1971.pdf	3477	1971-01-03	1971							
3478-Central_Parliamentary_Board_Appointed_by_National_Executive_20-12-1969.pdf	3478	1969-12-20	1969							
3479-For_Favour_of_Publication_03-12-1969.pdf	3479	1969-12-03	1969							
348-Swatantra_Newsletter_No-68_April-May-1969.pdf	348	1969-05	1969						letter	letter
3480-Swatantra_Members_of_Parliament.pdf	3480									
3481-Swatantra_Members_of_Parliament_07-05-1968.pdf	3481	1968-05-07	1968							
3482-Swatantra_Party_Office_Bearers_and_Members_of_the_National_Executive.pdf	3482									
3483-Central_Parliamentary_Board_1967-69.pdf	3483									
3484-List_of_Office_Bearers_and_Members_1967-69.pdf	3484									
3485-Number_of_General_Council.pdf	3485									
3486-Presidents_and_General_Secretarion_of_State_Units_1967.pdf	3486	1967	1967							
3487-Swatantra_Members_of_Parliament_Lok_Sabha.pdf	3487									
3488-Swatantra_Party_National_Executive.pdf	3488									
3489-Rajkot_Address.pdf	3489								speech	speech
349-Swatantra_Newsletter_No-70_October-December-1969.pdf	349	1969-12	1969						letter	letter
3490-List_of_Swatantra_MLA_&_MLC.pdf	3490									
3491-CPB.pdf	3491									
3492-List_of_Office_Bearers_and_Members_1967-69.pdf	3492									
3493-Central_Parliamentary_Board.pdf	3493									
3494-Election_of_National_Executive.pdf	3494									
3495-Swatantra_Party_Executive_Committee_and_Councils_1967-1969.pdf	3495	1969	1969							
3496-Members_Coopted_to_the_General_Council.pdf	3496									
3497-List_of_Newspaper_and_Periodicals.pdf	3497									
3498-Office_Bearers_and_Members_of_National_Executive.pdf	3498									
3499-Presidents_and_General_Secretaries_of_State_Units_1964.pdf	3499	1964	1964							
35-Letter_to_Mr_Minoo_Masani_20-03-1971.pdf	35	1971-03-20	1971		to	Minoo Masani	minoo-masani	resolved	letter	letter
350-Swatantra_Newsletter_No-71_January-1970.pdf	350	1970-01	1970						letter	letter
3500-Members_of_General_Council_1964.pdf	3500	1964	1964							
3501-List_Of_Invitees_To_Press_Conferences.pdf	3501								press_note	press_note
3502-Swatantra_Party_Periodicals.pdf	3502									
3503-List_Of_News_Agencies_In_Delhi.pdf	3503									
3504-Mailing_List_Of_Dailies_And_Weeklies_Of_The_Indian_Express.pdf	3504								press_note	press_note
3505-Press_Representatatives_Accredited_To_Govt_Of_India.pdf	3505								press_note	press_note
3506-The_Foreign_Correspondents_Association_Of_India.pdf	3506									
3507-Not_United_Enough-Indian_Express_05-01-1971.pdf	3507	1971-01-05	1971						press_note	press_note
3508-Emerging_Alignments-The_Hindustan_Times_05-01-1971.pdf	3508	1971-01-05	1971							
3509-Swatantra_Newsletter_No-76_October-December-1970.pdf	3509	1970-12	1970						letter	letter
351-Swatantra_Newsletter_No-73_April-May-1970.pdf	351	1970-05	1970						letter	letter
3510-Rajaji-Some_Recollection_Over_Four_Decades.pdf	3510									
3511-The_Basis_Of_An_Alliance-The_Statesman_25-01-1971.pdf	3511	1971-01-25	1971							
3512-Indias_Momentous_Development_Of_Past_Half_Years.pdf	3512									
3513-Poll_Result_In_Respective-The_Truth_About_Mrs_Gandhis_Majority.pdf	3513									
3514-Mid-Term_Poll_1971-Indian_Express_22-03-1971.pdf	3514	1971-03-22	1971						press_note	press_note
3515-The_National_Decision_20-03-1971.pdf	3515	1971-03-20	1971							
3516-The_National_Decision_20-03-1971.pdf	3516	1971-03-20	1971							
3517-Save_Democracy-Statesman_16-03-1971.pdf	3517	1971-03-16	1971							
3518-Behind_The_Sweeping-The_Economic_Times_12-03-1971.pdf	3518	1971-03-12	1971							
3519-Hatao_Call_Not_Ours-Indian_Express_12-03-1971.pdf	3519	1971-03-12	1971						press_note	press_note
352-Swatantra_Newsletter_No-74_June-July-1970.pdf	352	1970-07	1970						letter	letter
3520-Decisive_Vote_Of_Confidence_In_Indira-Times_Of_India_12-03-1971.pdf	3520	1971-03-12	1971							
3521-Decisive_Vote_Of_Confidence-Hindu_12-03-1971.pdf	3521	1971-03-12	1971							
3522-As_Mrs_Gandhi_Smiles-Himmat_15-01-1971.pdf	3522	1971-01-15	1971							
3523-Not_My_Baby_Says_Masani-Statesman_11-01-1971.pdf	3523	1971-01-11	1971							
3524-Cong_Programme_Is_Swatantra_Manifesto-Hindustan_Times_10-01-1971.pdf	3524	1971-01-10	1971						manifesto	occasional_paper
3525-Swatantra_To_Adopt_AICC_Resolution_As_Menifesto-Statesman_10-01-1971.pdf	3525	1971-01-10	1971						resolution	resolution
3526-Swatantra_Party_Accepts_Congress_Programme-Hindu_10-01-1971.pdf	3526	1971-01-10	1971						manifesto	occasional_paper
3527-Politics_Of_Compulsion-Sunday_Standard_10-01-1971.pdf	3527	1971-01-10	1971							
3528-Better_Late_Than_Never-Statesman_10-01-1971.pdf	3528	1971-01-10	1971							
3529-Better_Late_Than_Never-Statesman_10-01-1971.pdf	3529	1971-01-10	1971							
353-Swatantra_Newsletter_No-75_August-September-1970.pdf	353	1970-09	1970						letter	letter
3530-Image_Of_United_Opposition_Vital_For_Its_Success-The_Current_09-01-1971.pdf	3530	1971-01-09	1971							
3531-Swatantra_Joins_Opposition_Front-Hindustan_Times_09-01-1971.pdf	3531	1971-01-09	1971							
3532-Swatantra_Joins_Alliance-Times_OF_India_09-01-1971.pdf	3532	1971-01-09	1971							
3533-Swatantra_to_Join_3-Party_Alliance-Hindu_09-01-1971.pdf	3533	1971-01-09	1971							
3534-Swatantra_to_Join_Old_Congress_Front-Indian_Express_09-01-1971.pdf	3534	1971-01-09	1971						press_note	press_note
3535-Letter_to_Mr_N_Dandekar_22-09-1967.pdf	3535	1967-09-22	1967		to	N Dandekar	n-dandekar	resolved	letter	letter
3536-Statements_Of_Accounts.pdf	3536								press_note	press_note
3537-Letter_to_Mr_C_Rai_10-02-1966.pdf	3537	1966-02-10	1966		to	C Rai		unresolved	letter	letter
3538-Contribution_To_The_Swatantra_Party_For_The_General_Election_Of_1962.pdf	3538	1962	1962							
3539-Contribution_To_The_Swatantra_Party_For_The_General_Election_Of_1962.pdf	3539	1962	1962							
354-Swatantra_Newsletter_No-76_October-December-1970.pdf	354	1970-12	1970						letter	letter
3540-Letter_to_Mr_C_Rai_10-02-1966.pdf	3540	1966-02-10	1966		to	C Rai		unresolved	letter	letter
3541-Contribution_To_The_Swatantra_Party_For_The_General_Election_Of_1962.pdf	3541	1962	1962							
3542-Letter_to_Mr_S_V_Raju_09-02-1966.pdf	3542	1966-02-09	1966		to	S V Raju	s-v-raju	resolved	letter	letter
3543-Advertisement_Revenue_Through_Swatantra_Souvenir-1961.pdf	3543	1961	1961						souvenir	edited_volume
3544-Advertisement_Revenue_Through_Swatantra_Souvenir-1961.pdf	3544	1961	1961						souvenir	edited_volume
3545-List_Of_Business_Houses_&_Industries_In_Bombay_City.pdf	3545									
3546-Letter_to_Mr_N_Dandekar_07-07-1965.pdf	3546	1965-07-07	1965		to	N Dandekar	n-dandekar	resolved	letter	letter
3547-List_Of_Business_Houses_&_Industries_In_Bombay_City.pdf	3547									
3548-List_Of_Business_Houses_In_Bombay_City.pdf	3548									
3549-List_Of_Industries_In_Bombay_City.pdf	3549									
355-Swatantra_Newsletter_No-77_August-1973.pdf	355	1973-08	1973						letter	letter
3550-Letter_To_MS_Walchand_&_Co_Pvt_Ltd_21-08-1964.pdf	3550	1964-08-21	1964		to	Walchand & Co Pvt Ltd		unresolved	letter	letter
3551-Letter_to_Mr_Minoo_Masani.pdf	3551				to	Minoo Masani	minoo-masani	resolved	letter	letter
3552-Letter_to_General_Secretary_Swatantra_Party_18-08-1964.pdf	3552	1964-08-18	1964		to	General Secretary Swatantra Party		unresolved	letter	letter
3553-Letter_to_Mr_Charat_Ram_08-02-1964.pdf	3553	1964-02-08	1964		to	Charat Ram		unresolved	letter	letter
3554-Letter_to_Mr_Minoo_Masani_04-02-1964.pdf	3554	1964-02-04	1964		to	Minoo Masani	minoo-masani	resolved	letter	letter
3555-Letter_to_Mr_Jimmy_Mehta_13-11-1963.pdf	3555	1963-11-13	1963		to	Jimmy Mehta		unresolved	letter	letter
3556-Letter_to_MS_M_L_Dahanukar_&_Co_Pvt_Ltd_13-11-1963.pdf	3556	1963-11-13	1963		to	M L Dahanukar & Co Pvt Ltd		unresolved	letter	letter
3557-Letter_To_Swatantra_Party_09-11-1963.pdf	3557	1963-11-09	1963		to	Swatantra Party		not_a_person	letter	letter
3558-Letter_to_MS_Khatau_Makanji_Spg_&_Wvg_Co_Ltd_18-03-1963.pdf	3558	1963-03-18	1963		to	Khatau Makanji Spg & Wvg Co Ltd		unresolved	letter	letter
3559-Letter_to_Mr_Prabhu_V_Mehta_17-09-1963.pdf	3559	1963-09-17	1963		to	Prabhu V Mehta		unresolved	letter	letter
356-Constitution-Bharatiya_Kranti_Dal.pdf	356									
3560-Letter_to_Mr_Minoo_Masani_16-08-1963.pdf	3560	1963-08-16	1963		to	Minoo Masani	minoo-masani	resolved	letter	letter
3561-MS_Khatau_Makanji_Spg_&_Wvg_Co_Ltd_Memo_07-08-1963.pdf	3561	1963-08-07	1963						memo	circular
3562-List_Of_Business_Houses_&_Industries_In_Bombay_City.pdf	3562									
3563-Lok_Sabha_Question_No-115_Income-Tax_On_Income_Of_Political_Parties_17-08-1963.pdf	3563	1963-08-17	1963							
3564-Letter_to_Mr_K_J_Khambata_26-08-1963.pdf	3564	1963-08-26	1963		to	K J Khambata		unresolved	letter	letter
3565-Letter_to_Mr_Minoo_Masani_14-08-1963.pdf	3565	1963-08-14	1963		to	Minoo Masani	minoo-masani	resolved	letter	letter
3566-Letter_to_MS_M_L_Dahanukar_&_Co_Pvt_Ltd.pdf	3566				to	M L Dahanukar & Co Pvt Ltd		unresolved	letter	letter
3567-Letter_to_Khan_Bahadur_Framroze_Mehta_12-08-1963.pdf	3567	1963-08-12	1963		to	Khan Bahadur Framroze Mehta		unresolved	letter	letter
3568-Letter_to_MR_G_T_Kamdar_10-08-1963.pdf	3568	1963-08-10	1963		to	G T Kamdar		unresolved	letter	letter
3569-Letter_to_Mr_Minoo_Masani_08-08-1963.pdf	3569	1963-08-08	1963		to	Minoo Masani	minoo-masani	resolved	letter	letter
357-Election_Menifesto-Bharatiya_Kranti_Dal.pdf	357									
3570-Letter_to_Mr_Minoo_Masani_01-08-1963.pdf	3570	1963-08-01	1963		to	Minoo Masani	minoo-masani	resolved	letter	letter
3571-Letter_to_Mr_Minoo_Masani_31-07-1963.pdf	3571	1963-07-31	1963		to	Minoo Masani	minoo-masani	resolved	letter	letter
3572-List_Of_Member_Of_The_Millowners_Association_Bombay_Feb-1962.pdf	3572	1962-02	1962							
3573-Letter_to_Mr_D_P_Sethna_24-07-1963.pdf	3573	1963-07-24	1963		to	D P Sethna		unresolved	letter	letter
3574-Letter_to_Mr_Minoo_Masani_23-07-1963.pdf	3574	1963-07-23	1963		to	Minoo Masani	minoo-masani	resolved	letter	letter
3575-Letter_to_Mr_S_Khambata_16-07-1963.pdf	3575	1963-07-16	1963		to	S Khambata		unresolved	letter	letter
3576-Letter_From_Mr_S_V_Raju_15-07-1963.pdf	3576	1963-07-15	1963		from	S V Raju	s-v-raju	resolved	letter	letter
3577-Letter_to_Mr_Minoo_Masani_15-07-1963.pdf	3577	1963-07-15	1963		to	Minoo Masani	minoo-masani	resolved	letter	letter
3578-Speech_of_Mr_Minoo_Masani_17-04-1971.pdf	3578	1971-04-17	1971						speech	speech
3579-Swatantra_Party_General_Council_Circular_No-40_02-04-1971.pdf	3579	1971-04-02	1971						circular	circular
358-Bank_Nationalisation_and_Jana_Sanga.pdf	358									
3580-Letter_From_Mr_R_C_Cooper_22-03-1971.pdf	3580	1971-03-22	1971		from	R C Cooper		unresolved	letter	letter
3581-Future_Of_The_Swatantra_Party_By_Dr_R_C_Cooper.pdf	3581									
3582-Swatantra_Party_National_Headquarters_Note_On_Organisation.pdf	3582									
3583-Swatantra_Party_General_Council_17-04-1971.pdf	3583	1971-04-17	1971							
3584-A_Programme_Of_Action_For_the_swatantra_Party.pdf	3584								manifesto	occasional_paper
3585-Letter_to_Mr_N_K_Ganapaiah_28-03-1971.pdf	3585	1971-03-28	1971		to	N K Ganapaiah		unresolved	letter	letter
3586-Swatantra_Party_General_Council_17-04-1971.pdf	3586	1971-04-17	1971							
3587-A_Note_On_The_Future_Of_Swatantra_Party.pdf	3587									
3588-Comments_And_Suggestions_By_Mr_N_K_Taneja.pdf	3588									
3589-Swatantra_Party_Minuits_Of_Meeting_14-02-2000.pdf	3589	2000-02-14	2000							
359-Election_Menifesto-Swatantra_Party-1967.pdf	359	1967	1967							
3590-Swatantra_Party_Minuits_Of_Meeting_08-12-1999.pdf	3590	1999-12-08	1999							
3591-Swatantra_Party_Minuits_Of_Meeting_15-06-1999.pdf	3591	1999-06-15	1999							
3592-Swatantra_Party_Minuits_Of_Meeting_01-12-1998.pdf	3592	1998-12-01	1998							
3593-Swatantra_Party_Minuits_Of_Meeting_18-06-1998.pdf	3593	1998-06-18	1998							
3594-Swatantra_Party_Minuits_Of_Meeting_20-12-1997.pdf	3594	1997-12-20	1997							
3595-Swatantra_Party_Minuits_Of_Meeting_11-06-1997.pdf	3595	1997-06-11	1997							
3596-Swatantra_Party_Minuits_Of_Meeting_12-06-1996.pdf	3596	1996-06-12	1996							
3597-Swatantra_Party_Minuits_Of_Meeting_15-12-1995.pdf	3597	1995-12-15	1995							
3598-Swatantra_Party_Minuits_Of_Meeting_08-05-1995.pdf	3598	1995-05-08	1995							
3599-Swatantra_Party_Minuits_Of_Meeting_26-09-1994.pdf	3599	1994-09-26	1994							
36-Letter_to_Mr_K_V_Verma_23-03-1971.pdf	36	1971-03-23	1971		to	K V Verma		unresolved	letter	letter
360-Bharatiya_Kranti_Dal-Resolution.pdf	360								resolution	resolution
3600-Swatantra_Party_Minuits_Of_Meeting_07-07-1994.pdf	3600	1994-07-07	1994							
3601-Swatantra_Party_Minuits_Of_Meeting_16-11-1993.pdf	3601	1993-11-16	1993							
3602-Swatantra_Party_Minuits_Of_Meeting_07-07-1993.pdf	3602	1993-07-07	1993							
3603-Swatantra_Party_Minuits_Of_Meeting_23-07-1992.pdf	3603	1992-07-23	1992							
3604-Swatantra_Party_Minuits_Of_Meeting_14-06-1991.pdf	3604	1991-06-14	1991							
3605-Swatantra_Party_Minuits_Of_Meeting_21-08-1990.pdf	3605	1990-08-21	1990							
3606-Swatantra_Party_Minuits_Of_Meeting_30-07-1989.pdf	3606	1989-07-30	1989							
3607-Swatantra_Party_Minuits_Of_Meeting_22-06-1989.pdf	3607	1989-06-22	1989							
3608-Swatantra_Party_Minuits_Of_Meeting_13-02-1989.pdf	3608	1989-02-13	1989							
3609-Swatantra_Party_Minuits_Of_Meeting_31-10-1988.pdf	3609	1988-10-31	1988							
361-Swarajya_No-48_31-05-1969.pdf	361	1969-05-31	1969							
3610-Swatantra_Party_Minuits_Of_Meeting_28-10-1987.pdf	3610	1987-10-28	1987							
3611-Swatantra_Party_Minuits_Of_Meeting_08-12-1986.pdf	3611	1986-12-08	1986							
3612-Swatantra_Party_Minuits_Of_Meeting_24-10-1986.pdf	3612	1986-10-24	1986							
3613-Swatantra_Party_Minuits_Of_Meeting_31-03-1986.pdf	3613	1986-03-31	1986							
3614-Swatantra_Party_Minuits_Of_Meeting_26-03-1985.pdf	3614	1985-03-26	1985							
3615-Swatantra_Party_Minuits_Of_Meeting_31-08-1981.pdf	3615	1981-08-31	1981							
3616-Swatantra_Party_Minuits_Of_Meeting_06-04-1981.pdf	3616	1981-04-06	1981							
3617-Swatantra_Party_Maharashtra_Income_&_Expenditure_31-12-1980.pdf	3617	1980-12-31	1980							
3618-Donations_&_Services_Charges_Recovered-1980.pdf	3618	1980	1980							
3619-Swatantra_Party_Minuits_Of_Meeting_27-01-1981.pdf	3619	1981-01-27	1981							
362-Confusion_Of_Merger_Moves-July-1969.pdf	362	1969-07	1969							
3620-Letter_to_Mr_Girish_Munshi_26-12-1980.pdf	3620	1980-12-26	1980		to	Girish Munshi		unresolved	letter	letter
3621-Swatantra_Party_Minuits_Of_Meeting_23-02-1979.pdf	3621	1979-02-23	1979							
3622-Swatantra_Party_Maharashtra_Income_&_Expenditure_28-02-1978.pdf	3622	1978-02-28	1978							
3623-Swatantra_Party_Maharashtra_Income_&_Expenditure_31-01-1979.pdf	3623	1979-01-31	1979							
3624-Swatantra_Party_Minuits_Of_Meeting_23-02-1979.pdf	3624	1979-02-23	1979							
3625-Swatantra_Party_Maharashtra_Income_&_Expenditure_31-01-1979.pdf	3625	1979-01-31	1979							
3626-Office_Bearers_&_Members_Of_The_Executive_Committee_Of_Swatantra_Party.pdf	3626									
3627-Letter_From_Mr_Girish_Munshi_06-02-1979.pdf	3627	1979-02-06	1979		from	Girish Munshi		unresolved	letter	letter
3628-Swatantra_Party_Minuits_Of_Meeting_10-02-1977.pdf	3628	1977-02-10	1977							
3629-Swatantra_Party_Minuits_Of_Meeting_10-02-1977.pdf	3629	1977-02-10	1977							
363-Changing_Circumstances_and_Bharatiya_Jana_Sangh.pdf	363									
3630-Rajaji-Gandhijis_Alter_Ego_31-12-1972.pdf	3630	1972-12-31	1972							
3631-Netaji_Rajaji_Left_Out_In_Time_Capsule-Times_Of_India_28-12-1973.pdf	3631	1973-12-28	1973							
3632-Postage_Stamp_On_Rajagopalchari-Pioneer_25-12-1973.pdf	3632	1973-12-25	1973							
3633-Rajaji-A_Men_of_Compassion-Indian_Express_24-12-1973.pdf	3633	1973-12-24	1973						press_note	press_note
3634-Monument_To_A_Historic_Meeting-Sunday_Standard_23-12-1973.pdf	3634	1973-12-23	1973							
3635-Homage_To_Rajaji-The_Hindu_23-12-1973.pdf	3635	1973-12-23	1973							
3636-Rajaji-A_Unique_Personality-Swarajya_03-03-1973.pdf	3636	1973-03-03	1973							
3637-Rajaji-Some_Reminiscences_25-02-1973.pdf	3637	1973-02-25	1973							
3638-Lok_Sabha_Pays_Rich_Tributes_To_Rajaji-Indian_Express.pdf	3638								press_note	press_note
3639-Handsome_Parliament_Tribute_To_Rajaji-Indian_Express_20-02-1973.pdf	3639	1973-02-20	1973						press_note	press_note
364-Is_The_Jan_SanghReally_Anti-Communist.pdf	364									
3640-Parliament_Pays_Rich_Tributes_To_Rajaji-Deccan_Chronicle_20-02-1973.pdf	3640	1973-02-20	1973							
3641-Rajaji-Moral_Sentinal_Of_India-Swarajya_10-02-1973.pdf	3641	1973-02-10	1973							
3642-First_Stone_Laid_For_Rajaji_Memorial-Indian_Express_17-02-1973.pdf	3642	1973-02-17	1973						press_note	press_note
3643-Memorial_For_Rajaji-Statesmen_16-02-1973.pdf	3643	1973-02-16	1973						memo	circular
3644-Rajaji_Opposed_Untouchability_Before_Gandhiji-Times_Of_India_14-02-1973.pdf	3644	1973-02-14	1973							
3645-Homage_To_C_R-The_Times_Of_India_13-02-1973.pdf	3645	1973-02-13	1973							
3646-Fair_And_Free_Elections_In_India_27-01-1973.pdf	3646	1973-01-27	1973							
3647-With_Mahatma_And_Rajaji_In_Calcutta-Tribune_26-01-1973.pdf	3647	1973-01-26	1973							
3648-Rajaji_Memorial-Hindustan_Times_23-01-1973.pdf	3648	1973-01-23	1973						memo	circular
3649-Rajaji-Some_Reminiscences-Indian_Nation_21-01-1973.pdf	3649	1973-01-21	1973							
365-Jan_Sangh_And_Communists.pdf	365									
3650-Committee_For_Rajaji_Foundation-The_Hindu_21-01-1973.pdf	3650	1973-01-21	1973							
3651-Steering_Panel_For_Rajaji_Foundation-Times_Of_India_21-01-1973.pdf	3651	1973-01-21	1973							
3652-Memorial_To_Rajaji-The_Economic_Times_15-01-1973.pdf	3652	1973-01-15	1973		to	Rajaji-The Economic Times		unresolved	memo	circular
3653-Tributes_Paid_to_Rajaji_As_Writer-Mail_14-01-1973.pdf	3653	1973-01-14	1973							
3654-Tributes_to_Rajaji_As_A_Writer-The_Hindu_13-01-1973.pdf	3654	1973-01-13	1973							
3655-A_Gem_Passes_Away_13-01-1973.pdf	3655	1973-01-13	1973							
3656-Rajaji-An_Assessment-Indian_Express_12-01-1973.pdf	3656	1973-01-12	1973						press_note	press_note
3657-Civic_Tribute_to_CR_Truman-Times_Of_India_09-01-1973.pdf	3657	1973-01-09	1973							
3658-CRs_Ashes_Immersed_In_The_Sangam-Times_Of_India_07-01-1973.pdf	3658	1973-01-07	1973							
3659-Rajajis_Ashes_Immersed_In_Sangam-The_Sunday_Standard_07-01-1973.pdf	3659	1973-01-07	1973							
366-Letter_to_Mr_Minoo_Masani_20-05-1969.pdf	366	1969-05-20	1969		to	Minoo Masani	minoo-masani	resolved	letter	letter
3660-Rajaji-Some_Untold_Stories-The_Statesman_07-01-1973.pdf	3660	1973-01-07	1973							
3661-Rajajis_Philosophy-The_Times_Of_india_07-01-1973.pdf	3661	1973-01-07	1973							
3662-Rajaji_&_The_Evil_Of_Trippling-The_Sunday_Statesman_06-01-1973.pdf	3662	1973-01-06	1973							
3663-CR-Current_06-01-1973.pdf	3663	1973-01-06	1973							
3664-India_Without_Rajaji-March_Of_The_Nation_06-01-1973.pdf	3664	1973-01-06	1973							
3665-Veteran_Rajaji-March_Of_The_Nation_06-01-1973.pdf	3665	1973-01-06	1973							
3666-Critique_India_Will_Miss_Him.pdf	3666									
3667-Tributes_to_Rajaji-Indian_Express_06-01-1973.pdf	3667	1973-01-06	1973						press_note	press_note
3668-Rich_Tributes_To_Rajaji-Times_Of_India_05-01-1973.pdf	3668	1973-01-05	1973							
3669-Party_Leaders_Homeage_To_Rajaji_05-01-1973.pdf	3669	1973-01-05	1973							
367-Jan_Sangh_Talks_Next_Week_On_Party_Orisis-Times_Of_India_10-09-1969.pdf	367	1969-09-10	1969						speech	speech
3670-Homeage_To_CR_at_City_Meeting-Times_Of_India_04-01-1973.pdf	3670	1973-01-04	1973							
3671-City_Forum_Mourns_CR-Indian_Express_04-01-1973.pdf	3671	1973-01-04	1973						press_note	press_note
3672-Socialist_Homeage_02-01-1973.pdf	3672	1973-01-02	1973							
3673-Memorial_For_Rajaji-Indian_Express_02-01-1973.pdf	3673	1973-01-02	1973						press_note	press_note
3674-Rajaji_The_Ideal_Patient-Indian_Express_01-01-1973.pdf	3674	1973-01-01	1973						press_note	press_note
3675-Memorial_To_Rajaji-Indian_Express_01-01-1973.pdf	3675	1973-01-01	1973		to	Rajaji-Indian Express		unresolved	press_note	press_note
3676-Kirk_Tribute_To_Rajaji-Indian_Express_01-01-1973.pdf	3676	1973-01-01	1973						press_note	press_note
3677-Rajajis_Death_Will_Not_Affect_Partys_Future-Indian_Express_28-12-1972.pdf	3677	1972-12-28	1972						press_note	press_note
3678-Rajaji_In_Hospital-Indian_Express_18-12-1972.pdf	3678	1972-12-18	1972						press_note	press_note
3679-C_Rajagopalchari-March_Of_The_Nation_30-12-1972.pdf	3679	1972-12-30	1972							
368-Division_In_The_Lok-Sabha_On_Social_Economic_Issues-1967-1968.pdf	368	1968	1968							
3680-Letter_from_N_Dandekar_18-08-1975.pdf	3680	1975-08-18	1975		from	N Dandekar	n-dandekar	resolved	letter	letter
3681-Letter_from_K_Ganesan_04-01-1975.pdf	3681	1975-01-04	1975		from	K Ganesan		unresolved	letter	letter
3682-Letter_from_Madhu_Mehta_21-07-1975.pdf	3682	1975-07-21	1975		from	Madhu Mehta		unresolved	letter	letter
3683-Letter_to_Mrs_N_Dandekar_28-07-1975.pdf	3683	1975-07-28	1975		to	N Dandekar	n-dandekar	resolved	letter	letter
3684-Swatantra_Party_General_Secretarys_Letter_No-320_20-08-1974.pdf	3684	1974-08-20	1974						letter	letter
3685-Exoerpts_of_the_Order_Passed_by_the_Election_Commission_03-01-1975.pdf	3685	1975-01-03	1975							
3686-Letter_from_Piloo_Mody_01-09-1974.pdf	3686	1974-09-01	1974		from	Piloo Mody	piloo-mody	resolved	letter	letter
3687-Draft_Statement_of_Policy.pdf	3687								press_note	press_note
3688-Resolutions_Passed_at_the_General_Council_Meeting_of_the_Swatantra_Party_09-06-1974.pdf	3688	1974-06-09	1974						resolution	resolution
3689-Letter_from_piloo_Mody_16-06-1974.pdf	3689	1974-06-16	1974		from	piloo Mody	piloo-mody	resolved	letter	letter
369-For_Favour_of_Publication.pdf	369									
3690-Swatantra_Party_General_Secretarys_Letter_No-317_01-07-1974.pdf	3690	1974-07-01	1974						letter	letter
3691-Letter_About_National_Convention_04-08-1974.pdf	3691	1974-08-04	1974						letter	letter
3692-Swatantra_Party_Minutes_of_Meeting_06-07-1974.pdf	3692	1974-07-06	1974						minutes	minutes
3693-For_Favour_of_Publication_08-07-1974.pdf	3693	1974-07-08	1974							
3694-Resolution_for_National_Convention_04-08-1974.pdf	3694	1974-08-04	1974						resolution	resolution
3695-letter_from_Mr_Girish_Munshi_12-08-1974.pdf	3695	1974-08-12	1974		from	Girish Munshi		unresolved	letter	letter
3696-Swatantra_Party_General_Secretarys_Letter_No-320_20-08-1974.pdf	3696	1974-08-20	1974						letter	letter
3697-letter_from_Mr_Girish_Munshi_20-08-1974.pdf	3697	1974-08-20	1974		from	Girish Munshi		unresolved	letter	letter
3698-letter_from_Mr_Girish_Munshi_23-08-1974.pdf	3698	1974-08-23	1974		from	Girish Munshi		unresolved	letter	letter
3699-letter_from_Mr_Girish_Munshi_23-08-1974.pdf	3699	1974-08-23	1974		from	Girish Munshi		unresolved	letter	letter
37-Letter_to_Mr_Minoo_Masani_14-03-1971.pdf	37	1971-03-14	1971		to	Minoo Masani	minoo-masani	resolved	letter	letter
370-Swatantra_Party_Manifesto.pdf	370								manifesto	occasional_paper
3700-Letter_from_P_K_S_Naraiyan_30-08-1974.pdf	3700	1974-08-30	1974		from	P K S Naraiyan		unresolved	letter	letter
3701-Letter_from_Piloo_Mody_01-09-1974.pdf	3701	1974-09-01	1974		from	Piloo Mody	piloo-mody	resolved	letter	letter
3702-letter_from_Mr_Girish_Munshi_23-08-1974.pdf	3702	1974-08-23	1974		from	Girish Munshi		unresolved	letter	letter
3703-letter_from_Mr_Girish_Munshi_28-08-1974.pdf	3703	1974-08-28	1974		from	Girish Munshi		unresolved	letter	letter
3704-Swatantra_Party_National_Headquarters_Circular_No-160_29-08-1974.pdf	3704	1974-08-29	1974						circular	circular
3705-Letter_to_R_C_Cooper_06-04-1972.pdf	3705	1972-04-06	1972		to	R C Cooper		unresolved	letter	letter
3706-Letter_from_K_Ganesan_11-09-1974.pdf	3706	1974-09-11	1974		from	K Ganesan		unresolved	letter	letter
3707-Letter_to_Piloo_Mody_15-01-1974.pdf	3707	1974-01-15	1974		to	Piloo Mody	piloo-mody	resolved	letter	letter
3708-Letter_to_Mr_Girish_Munshi_19-12-1974.pdf	3708	1974-12-19	1974		to	Girish Munshi		unresolved	letter	letter
3709-Letter_to_Piloo_Mody_06-12-1974.pdf	3709	1974-12-06	1974		to	Piloo Mody	piloo-mody	resolved	letter	letter
371-Meeting_of_Swatantra_Party_26-05-1969.pdf	371	1969-05-26	1969							
3710-Letter_to_S_V_Raju_30-07-1974.pdf	3710	1974-07-30	1974		to	S V Raju	s-v-raju	resolved	letter	letter
3711-Letter_from_Madhu_Mehta_18-04-1972.pdf	3711	1972-04-18	1972		from	Madhu Mehta		unresolved	letter	letter
3712-Office_Bearers_&_Members_of_the_Excutive_Committee_of_the_Swatantra_Party.pdf	3712									
3713-Index.pdf	3713									
3714-Draft_Statement_of_Policy.pdf	3714								press_note	press_note
3715-Index.pdf	3715									
3716-Resolution_Passed_by_the_Karnataka_Unit_of_the_Party_24-04-1974.pdf	3716	1974-04-24	1974						resolution	resolution
3717-Office_Bearers_&_Members_of_the_Excutive_Committee_of_the_Swatantra_Party.pdf	3717									
3718-Presidents_and_Secretaries_of_Primary_Units.pdf	3718									
3719-Resolution_Adopted_by_the_State_Council_of_Swatantra_Party_06-07-1974.pdf	3719	1974-07-06	1974						resolution	resolution
372-Letter_to_Mr_C_Rajagopalchari_13-06-1969.pdf	372	1969-06-13	1969		to	C Rajagopalchari		unresolved	letter	letter
3720-Resolutions_Passed_at_the_National_Excutive_Meeting_of_the_Swatantra_Party_06-04-1974.pdf	3720	1974-04-06	1974						resolution	resolution
3721-Role_of_Swatantra.pdf	3721									
3722-Swatantra_Party_Circular_17-04-1974.pdf	3722	1974-04-17	1974						circular	circular
3723-Swatantra_Party_Minutes_of_Meeting_27-04-1974.pdf	3723	1974-04-27	1974						minutes	minutes
3724-General_Council_Circular_No_55_13-05-1974.pdf	3724	1974-05-13	1974						circular	circular
3725-Resolutions_Passed_at_the_General_Council_Meeting_of_the_Swatantra_Party_09-06-1974.pdf	3725	1974-06-09	1974						resolution	resolution
3726-Swatantra_Party_Minutes_of_Meeting_09-06-1974.pdf	3726	1974-06-09	1974						minutes	minutes
3727-Letter_from_Piloo_Mody_16-06-1974.pdf	3727	1974-06-16	1974		from	Piloo Mody	piloo-mody	resolved	letter	letter
3728-Swatantra_Party_National_Executive_Circular_No-120_19-06-1974.pdf	3728	1974-06-19	1974						circular	circular
3729-Swatantra_Party_Circular_22-06-1974.pdf	3729	1974-06-22	1974						circular	circular
373-Letter_to_Mr_C_Rajagopalchari_13-06-1969.pdf	373	1969-06-13	1969		to	C Rajagopalchari		unresolved	letter	letter
3730-Swatantra_Party_General_Secretarys_Letter_No-317_01-07-1974.pdf	3730	1974-07-01	1974						letter	letter
3731-Letter_from_Mr_Minoo_Masani_02-07-1974.pdf	3731	1974-07-02	1974		from	Minoo Masani	minoo-masani	resolved	letter	letter
3732-Letter_to_Piloo_Mody_15-07-1974.pdf	3732	1974-07-15	1974		to	Piloo Mody	piloo-mody	resolved	letter	letter
3733-Letter_About_National_Convention_04-08-1974.pdf	3733	1974-08-04	1974						letter	letter
3734-Swatantra_Party_Minutes_of_Meeting_06-07-1974.pdf	3734	1974-07-06	1974						minutes	minutes
3735-Letter_from_Piloo_Mody_06-07-1974.pdf	3735	1974-07-06	1974		from	Piloo Mody	piloo-mody	resolved	letter	letter
3736-For_Favour_of_Publication_08-07-1974.pdf	3736	1974-07-08	1974							
3737-letter_from_Mr_Girish_Munshi_09-07-1974.pdf	3737	1974-07-09	1974		from	Girish Munshi		unresolved	letter	letter
3738-Letter_to_Mr_Girish_Munshi_11-07-1974.pdf	3738	1974-07-11	1974		to	Girish Munshi		unresolved	letter	letter
3739-Letter_to_Mr_Girish_Munshi_15-07-1974.pdf	3739	1974-07-15	1974		to	Girish Munshi		unresolved	letter	letter
374-Letter_to_Dr_R_C_Cooper_13-06-1969.pdf	374	1969-06-13	1969		to	R C Cooper		unresolved	letter	letter
3740-letter_from_Mr_Girish_Munshi_15-07-1974.pdf	3740	1974-07-15	1974		from	Girish Munshi		unresolved	letter	letter
3741-Notice_of_Resolution_to_be_Moved_at_the_Seventh_National_Convention_04-08-1974.pdf	3741	1974-08-04	1974						circular	circular
3742-Letter_to_Madhu_Mehta_16-07-1974.pdf	3742	1974-07-16	1974		to	Madhu Mehta		unresolved	letter	letter
3743-Letter_to_Madhu_Mehta_26-07-1974.pdf	3743	1974-07-26	1974		to	Madhu Mehta		unresolved	letter	letter
3744-Notice_of_Resolution_to_be_Moved_at_the_Seventh_National_Convention_04-08-1974.pdf	3744	1974-08-04	1974						circular	circular
3745-Draft_resolution_for_National_Convention_04-08-1974.pdf	3745	1974-08-04	1974						resolution	resolution
3746-Letter_to_Madhu_Mehta_07-08-1974.pdf	3746	1974-08-07	1974		to	Madhu Mehta		unresolved	letter	letter
3747-Letter_to_Sham_Lal_12-08-1974.pdf	3747	1974-08-12	1974		to	Sham Lal		unresolved	letter	letter
3748-letter_from_Mr_Girish_Munshi_12-08-1974.pdf	3748	1974-08-12	1974		from	Girish Munshi		unresolved	letter	letter
3749-Swatantra_Party_National_Executive_Circular_No-120A_20-08-1974.pdf	3749	1974-08-20	1974						circular	circular
375-Letter_to_Shri_Atal_Bihari_Vajpayee_09-06-1969.pdf	375	1969-06-09	1969		to	Atal Bihari Vajpayee	atal-bihari-vajpayee	resolved	letter	letter
3750-Swatantra_Party_General_Secretarys_Letter_No-320_20-08-1974.pdf	3750	1974-08-20	1974						letter	letter
3751-letter_from_Mr_Girish_Munshi_20-08-1974.pdf	3751	1974-08-20	1974		from	Girish Munshi		unresolved	letter	letter
3752-Sassion_J_David_&_Co_Ltd.pdf	3752									
3753-Telegram_to_Chief_Election_Commissioner_23-08-1974.pdf	3753	1974-08-23	1974		to	Chief Election Commissioner		unresolved	telegram	telegram
3754-letter_from_Mr_Girish_Munshi_23-08-1974.pdf	3754	1974-08-23	1974		from	Girish Munshi		unresolved	letter	letter
3755-Letter_to_V_P_Bhatia_23-08-1974.pdf	3755	1974-08-23	1974		to	V P Bhatia		unresolved	letter	letter
3756-letter_from_Mr_Girish_Munshi_23-08-1974.pdf	3756	1974-08-23	1974		from	Girish Munshi		unresolved	letter	letter
3757-Letter_to_Mr_Girish_Munshi_27-08-1974.pdf	3757	1974-08-27	1974		to	Girish Munshi		unresolved	letter	letter
3758-Letter_to_Mr_Girish_Munshi_27-08-1974.pdf	3758	1974-08-27	1974		to	Girish Munshi		unresolved	letter	letter
3759-letter_from_Mr_Girish_Munshi_28-08-1974.pdf	3759	1974-08-28	1974		from	Girish Munshi		unresolved	letter	letter
376-Letter_to_Prof_N_G_Ranga_01-06-1969.pdf	376	1969-06-01	1969		to	N G Ranga		unresolved	letter	letter
3760-Swatantra_Party_National_Headquarters_Circular_No-160_29-08-1974.pdf	3760	1974-08-29	1974						circular	circular
3761-Post_Card_to_Mr_Girish_Munshi.pdf	3761				to	Girish Munshi		unresolved		
3762-Letter_to_Mr_Girish_Munshi_16-09-1974.pdf	3762	1974-09-16	1974		to	Girish Munshi		unresolved	letter	letter
3763-Swatantra_Party_Minutes_of_Meeting_24-11-1968.pdf	3763	1968-11-24	1968						minutes	minutes
3764-Swatantra_Party_Minutes_of_Meeting_03-10-1968.pdf	3764	1968-10-03	1968						minutes	minutes
3765-Swatantra_Party_Minutes_of_Meeting_31-08-1968.pdf	3765	1968-08-31	1968						minutes	minutes
3766-Swatantra_Party_Minutes_of_Meeting_31-05-1968.pdf	3766	1968-05-31	1968						minutes	minutes
3767-Haryana_Mid_Term_Election_Results.pdf	3767									
3768-Letter_to_N_Dandeker_22-04-1968.pdf	3768	1968-04-22	1968		to	N Dandeker		unresolved	letter	letter
3769-Swatantra_Party_Minutes_of_Meeting_13-04-1968.pdf	3769	1968-04-13	1968						minutes	minutes
377-Bharatiya_Kranti_Dal_03-05-1969.pdf	377	1969-05-03	1969							
3770-Swatantra_Party_Minutes_of_Meeting_27-01-1968.pdf	3770	1968-01-27	1968						minutes	minutes
3771-Swatantra_Party_Minutes_of_Meeting_29-09-1967.pdf	3771	1967-09-29	1967						minutes	minutes
3772-Swatantra_Party_Minutes_of_Meeting_23-07-1967.pdf	3772	1967-07-23	1967						minutes	minutes
3773-Swatantra_Party_Minutes_of_Meeting_20-05-1967.pdf	3773	1967-05-20	1967						minutes	minutes
3774-Swatantra_Party_Minutes_of_Meeting_01-03-1967.pdf	3774	1967-03-01	1967						minutes	minutes
3775-Swatantra_Party_Minutes_of_Meeting_10-12-1966.pdf	3775	1966-12-10	1966						minutes	minutes
3776-Swatantra_Party_Candidates_to_the_Gujarat_State_Assembly.pdf	3776									
3777-Minutes_of_Meeting_Swatantra_Party_19-11-1966.pdf	3777	1966-11-19	1966						minutes	minutes
3778-Letter_to_C_Rajagopalachari_10-11-1966.pdf	3778	1966-11-10	1966		to	C Rajagopalachari	c-rajagopalachari	resolved	letter	letter
3779-Swatantra_Party_Minutes_of_Meeting_05-11-1966.pdf	3779	1966-11-05	1966						minutes	minutes
378-Press_Statement-Atal_Bihari_Vajpayee_29-05-1969.pdf	378	1969-05-29	1969						press_note	press_note
3780-Swatantra_Party_Minutes_of_Meeting_23-08-1966.pdf	3780	1966-08-23	1966						minutes	minutes
3781-A_Note_on_Devaluation_and_the_measure_by_which_it_should_be_followed.pdf	3781									
3782-Swatantra_Party_Minutes_of_Meeting_29-05-1966.pdf	3782	1966-05-29	1966						minutes	minutes
3783-Swatantra_Party_Minutes_of_Meeting_26-05-1966.pdf	3783	1966-05-26	1966						minutes	minutes
3784-Swatantra_Party_Minutes_of_Meeting_27-02-1966.pdf	3784	1966-02-27	1966						minutes	minutes
3785-Swatantra_Party_Minutes_of_Meeting_31-10-1966.pdf	3785	1966-10-31	1966						minutes	minutes
3786-Swatantra_Party_Minutes_of_Meeting_24-09-1965.pdf	3786	1965-09-24	1965						minutes	minutes
3787-Swatantra_Party_Minutes_of_Meeting_28-08-1965.pdf	3787	1965-08-28	1965						minutes	minutes
3788-Swatantra_Party_Minutes_of_Meeting_04-06-1965.pdf	3788	1965-06-04	1965						minutes	minutes
3789-Swatantra_Party_first_Meeting_of_the_Central_Parliamentary_Board_14-03-1965.pdf	3789	1965-03-14	1965							
379-Letter_to_Mr_C_Rajagopalchari_27-05-1969.pdf	379	1969-05-27	1969		to	C Rajagopalchari		unresolved	letter	letter
3790-Swatantra_Party_Minutes_of_Meeting_14-02-1965.pdf	3790	1965-02-14	1965						minutes	minutes
3791-Central_Parliamentary_Board_Circular_No-10_28-06-1966.pdf	3791	1966-06-28	1966						circular	circular
3792-General_Secretarys_Letter_no-126_23-06-1966.pdf	3792	1966-06-23	1966						letter	letter
3793-Central_Office_Circular_no-46_16-06-1966.pdf	3793	1966-06-16	1966						circular	circular
3794-General_Secretarys_Letter_no-125_16-06-1966.pdf	3794	1966-06-16	1966						letter	letter
3795-General_Secretarys_Letter_no-124_14-06-1966.pdf	3795	1966-06-14	1966						letter	letter
3796-General_Secretarys_Letter_no-123_06-06-1966.pdf	3796	1966-06-06	1966						letter	letter
3797-General_Secretarys_Letter_no-123_06-06-1966.pdf	3797	1966-06-06	1966						letter	letter
3798-General_Secretarys_Letter_no-121_04-06-1966.pdf	3798	1966-06-04	1966						letter	letter
3799-General_Secretarys_Letter_no-120_04-06-1966.pdf	3799	1966-06-04	1966						letter	letter
38-Letter_to_Dr_M_P_Verma_11-03-1971.pdf	38	1971-03-11	1971		to	M P Verma		unresolved	letter	letter
380-Swatantra_Party_Minutes_of_Meeting_10-12-1970.pdf	380	1970-12-10	1970						minutes	minutes
3800-Swatantra_party_Condolence.pdf	3800									
3801-Resolution_Adopted_by_the_General_Council_27-05-1966.pdf	3801	1966-05-27	1966						resolution	resolution
3802-Resolution_Adopted_by_the_General_Council_27-05-1966.pdf	3802	1966-05-27	1966						resolution	resolution
3803-Resolution_Adopted_by_the_General_Council_27-05-1966.pdf	3803	1966-05-27	1966						resolution	resolution
3804-Resolution_Adopted_by_the_General_Council_27-05-1966.pdf	3804	1966-05-27	1966						resolution	resolution
3805-Resolution_Adopted_by_the_General_Council_28-05-1966.pdf	3805	1966-05-28	1966						resolution	resolution
3806-Resolution_Adopted_by_the_General_Council_28-05-1966.pdf	3806	1966-05-28	1966						resolution	resolution
3807-Resolution_Adopted_by_the_General_Council_28-05-1966.pdf	3807	1966-05-28	1966						resolution	resolution
3808-Resolution_Adopted_by_the_General_Council_28-05-1966.pdf	3808	1966-05-28	1966						resolution	resolution
3809-Resolution_Adopted_by_the_General_Council_28-05-1966.pdf	3809	1966-05-28	1966						resolution	resolution
381-Swatantra_Party_Minutes_of_Meeting_05-12-1970.pdf	381	1970-12-05	1970						minutes	minutes
3810-Resolution_Adopted_by_the_General_Council_28-05-1966.pdf	3810	1966-05-28	1966						resolution	resolution
3811-Resolution_Adopted_by_the_General_Council_28-05-1966.pdf	3811	1966-05-28	1966						resolution	resolution
3812-Resolution_Adopted_by_the_General_Council_28-05-1966.pdf	3812	1966-05-28	1966						resolution	resolution
3813-Resolution_Adopted_by_the_General_Council_28-05-1966.pdf	3813	1966-05-28	1966						resolution	resolution
3814-Resolution_Adopted_by_the_General_Council_28-05-1966.pdf	3814	1966-05-28	1966						resolution	resolution
3815-General_Secretarys_Letter_no-119_04-06-1966.pdf	3815	1966-06-04	1966						letter	letter
3816-General_Secretarys_Letter_no-118_04-06-1966.pdf	3816	1966-06-04	1966						letter	letter
3817-General_Council_Circular_no-22_19-05-1966.pdf	3817	1966-05-19	1966						circular	circular
3818-The_Strategy_for_the_General_Elections.pdf	3818									
3819-National_Executive_Circular_no-10_17-05-1966.pdf	3819	1966-05-17	1966						circular	circular
382-Swatantra_Party_Minutes_of_Meeting_27-11-1970.pdf	382	1970-11-27	1970						minutes	minutes
3820-General_Secretarys_Letter_no-117_09-05-1966.pdf	3820	1966-05-09	1966						letter	letter
3821-National_Executive_Circular_no-9_06-05-1966.pdf	3821	1966-05-06	1966						circular	circular
3822-General_Council_Circular_no-21_25-04-1966.pdf	3822	1966-04-25	1966						circular	circular
3823-Central_Parliamentary_Board_no-9_20-04-1966.pdf	3823	1966-04-20	1966							
3824-National_Executive_Circular_no-8_20-04-1966.pdf	3824	1966-04-20	1966						circular	circular
3825-General_Council_Circular_no-21_20-04-1966.pdf	3825	1966-04-20	1966						circular	circular
3826-Details_Regarding_Reception_26-05-1966.pdf	3826	1966-05-26	1966							
3827-General_Secretarys_Letter_no-116_11-04-1966.pdf	3827	1966-04-11	1966						letter	letter
3828-General_Council_Circular_no-20_11-04-1966.pdf	3828	1966-04-11	1966						circular	circular
3829-Central_Parliamentary_Board_Circular_no-8_11-04-1966.pdf	3829	1966-04-11	1966						circular	circular
383-Swatantra_Party_Minutes_of_Meeting_10-11-1970.pdf	383	1970-11-10	1970						minutes	minutes
3830-National_Executive_Circular_no-7_11-04-1966.pdf	3830	1966-04-11	1966						circular	circular
3831-General_Secretarys_Letter_no-115_05-03-1966.pdf	3831	1966-03-05	1966						letter	letter
3832-National_Executive_Circular_no-5_17-02-1986.pdf	3832	1986-02-17	1986						circular	circular
3833-Letter_to_K_V_K_Sundaram_28-10-1965.pdf	3833	1965-10-28	1965		to	K V K Sundaram		unresolved	letter	letter
3834-Swatantra_Party_Manifesto.pdf	3834								manifesto	occasional_paper
3835-A_Bold_Move.pdf	3835									
3836-Central_Office_Circular_no-44_11-02-1966.pdf	3836	1966-02-11	1966						circular	circular
3837-A_hotel_recommendation_of_a_prospective_parliament.pdf	3837									
3838-A_model_quaterly_report_from_a_prospective_parliamentary_candidate.pdf	3838								report	occasional_paper
3839-Central_Office_Circular_no-43_10-02-1966.pdf	3839	1966-02-10	1966						circular	circular
384-Swatantra_Party_Minutes_of_Meeting_09-11-1970.pdf	384	1970-11-09	1970						minutes	minutes
3840-Central_Parliamentary_Board_Circular_no-7_08-02-1966.pdf	3840	1966-02-08	1966						circular	circular
3841-General_Secretarys_Letter_no-4_04-02-1966.pdf	3841	1966-02-04	1966						letter	letter
3842-General_Secretarys_Letter_no-114_02-02-1966.pdf	3842	1966-02-02	1966						letter	letter
3843-General_Secretarys_Letter_no-114_02-02-1966.pdf	3843	1966-02-02	1966						letter	letter
3844-Letter_from_S_V_Raju_29-01-1966.pdf	3844	1966-01-29	1966		from	S V Raju	s-v-raju	resolved	letter	letter
3845-General_Secretarys_Letter_Candidates_no-3_28-01-1966.pdf	3845	1966-01-28	1966						letter	letter
3846-Circular_Letter_to_Field_Organisation_no-3_28-01-1966.pdf	3846	1966-01-28	1966		to	Field Organisation no-3		unresolved	letter	letter
3847-Circular_Letter_to_Field_Organisation_no-2_27-01-1966.pdf	3847	1966-01-27	1966		to	Field Organisation no-2		unresolved	letter	letter
3848-General_Secretarys_Letter_Candidates_no-2_27-01-1966.pdf	3848	1966-01-27	1966						letter	letter
3849-Letter_from_Mr_Minoo_Masani_17-01-1966.pdf	3849	1966-01-17	1966		from	Minoo Masani	minoo-masani	resolved	letter	letter
385-Swatantra_Party_Minutes_of_Meeting_13-08-1970.pdf	385	1970-08-13	1970						minutes	minutes
3850-First_Meeting_of_the_Indian_Group_of_the_Liberal_International_30-12-1965.pdf	3850	1965-12-30	1965							
3851-General_Secretarys_Letter_no-112_30-12-1965.pdf	3851	1965-12-30	1965						letter	letter
3852-General_Secretarys_Letter_no-113_30-12-1965.pdf	3852	1965-12-30	1965						letter	letter
3853-Central_Parliamentary_Board_Subcommittee_Circular_no-8_65_30-12-1965.pdf	3853	1965-12-30	1965						circular	circular
3854-Central_Office_Circular_no-42_17-12-1965.pdf	3854	1965-12-17	1965						circular	circular
3855-Central_Parliamentary_Board_Subcommittee_Circular_no-7_65_24-11-1965.pdf	3855	1965-11-24	1965						circular	circular
3856-Central_Organising_Committee_Circular_no-29_18-11-1965.pdf	3856	1965-11-18	1965						circular	circular
3857-Central_Office_Circular_no-42_17-12-1965.pdf	3857	1965-12-17	1965						circular	circular
3858-General_Secretarys_Letter_no-110_15-11-1965.pdf	3858	1965-11-15	1965						letter	letter
3859-General_Secretarys_Letter_no-111_06-12-1965.pdf	3859	1965-12-06	1965						letter	letter
386-Swatantra_Party_Minutes_of_Meeting_31-07-1970.pdf	386	1970-07-31	1970						minutes	minutes
3860-Central_Office_Circular_no-41_10-11-1965.pdf	3860	1965-11-10	1965						circular	circular
3861-Swatantra_party_Circular_10-11-1965.pdf	3861	1965-11-10	1965						circular	circular
3862-Swatantra_Party_Central_Parliamentary_Board_31-10-1965.pdf	3862	1965-10-31	1965							
3863-Resolution_of_the_National_Executive_Swatantra_party_01-11-1965.pdf	3863	1965-11-01	1965						resolution	resolution
3864-Swatantra_party_Circular_26-10-1965.pdf	3864	1965-10-26	1965						circular	circular
3865-Swatantra_party_Circular_22-10-1965.pdf	3865	1965-10-22	1965						circular	circular
3866-National_Executive_Circular_no-3_1965_18-10-1965.pdf	3866	1965-10-18	1965						circular	circular
3867-Central_Parliamentary_Board_Circular_No-5_1965_18-10-1965.pdf	3867	1965-10-18	1965						circular	circular
3868-National_Executive_Circular_no-2_1965_24-09-1965.pdf	3868	1965-09-24	1965						circular	circular
3869-Central_Parliamentary_Board_Circular_no-4_65_24-09-1965.pdf	3869	1965-09-24	1965						circular	circular
387-Swatantra_Party_Minutes_of_Meeting_27-07-1970.pdf	387	1970-07-27	1970						minutes	minutes
3870-Circular_Letter_to_Prospective_Candidates_no-1_22-09-1965.pdf	3870	1965-09-22	1965		to	Prospective Candidates no-1		unresolved	letter	letter
3871-Swatantra_party_Circular_15-09-1965.pdf	3871	1965-09-15	1965						circular	circular
3872-Swatantra_party_Express_Delivery_18-08-1965.pdf	3872	1965-08-18	1965						press_note	press_note
3873-Central_parliamentary_subcommittee_Circular_no-5_65_09-08-1965.pdf	3873	1965-08-09	1965						circular	circular
3874-Central_parliamentary_subcommittee_Circular_no-4_65_02-08-1965.pdf	3874	1965-08-02	1965						circular	circular
3875-General_Secertarys_Letter_no-106_03-07-1965.pdf	3875	1965-07-03	1965						letter	letter
3876-Central_parliamentary_subcommittee_Circular_no-3_65_01-07-1965.pdf	3876	1965-07-01	1965						circular	circular
3877-Central_parliamentary_subcommittee_Circular_no-2_23-06-1965.pdf	3877	1965-06-23	1965						circular	circular
3878-Letter_to_Mr_Minoo_Masani_22-06-1965.pdf	3878	1965-06-22	1965		to	Minoo Masani	minoo-masani	resolved	letter	letter
3879-General_Secertarys_Letter_no-105_19-06-1970.pdf	3879	1970-06-19	1970						letter	letter
388-Swatantra_Party_Minutes_of_Meeting_05-05-1970.pdf	388	1970-05-05	1970						minutes	minutes
3880-General_Secertarys_Letter_no-104_14-06-1965.pdf	3880	1965-06-14	1965						letter	letter
3881-General_Secertarys_Letter_no-103_07-06-1965.pdf	3881	1965-06-07	1965						letter	letter
3882-Letter_from_S_V_Raju_13-05-1965.pdf	3882	1965-05-13	1965		from	S V Raju	s-v-raju	resolved	letter	letter
3883-Swatantra_Party_Minutes_of_Meeting_08-05-1965.pdf	3883	1965-05-08	1965						minutes	minutes
3884-General_Secertarys_Letter_no-102_22-04-1965.pdf	3884	1965-04-22	1965						letter	letter
3885-General_Secertarys_Letter_no-101_21-04-1965.pdf	3885	1965-04-21	1965						letter	letter
3886-General_Secertarys_Letter_no-100_19-04-1965.pdf	3886	1965-04-19	1965						letter	letter
3887-Letter_from_Mr_Minoo_Masani.pdf	3887				from	Minoo Masani	minoo-masani	resolved	letter	letter
3888-General_Secertarys_Letter_no-98_25-03-1965.pdf	3888	1965-03-25	1965						letter	letter
3889-General_Secertarys_Letter_no-99_25-03-1965.pdf	3889	1965-03-25	1965						letter	letter
389-Swatantra_Party_Minutes_of_Meeting_07-04-1970.pdf	389	1970-04-07	1970						minutes	minutes
3890-General_Secertarys_Letter_no-97_23-03-1965.pdf	3890	1965-03-23	1965						letter	letter
3891-Functioning_of_Organisers_in_Parliamentary_Constituencies.pdf	3891									
3892-General_Secertarys_Statement_of_Organisations.pdf	3892								press_note	press_note
3893-Procedure_reselection_of_parliamentary_constituencies_and_nomination_of_prospective_candidates.pdf	3893									
3894-General_Parliamentary_Subcommittee_Circular_no-1_65_19-03-1965.pdf	3894	1965-03-19	1965						circular	circular
3895-Procedure_regarding_by_election_to_the_Loksabha_and_RajyaSabha.pdf	3895									
3896-Procedure_reselection_of_Parliamentary_Constituencies.pdf	3896									
3897-Central_Office_Circular_no-36_05-03-1965.pdf	3897	1965-03-05	1965						circular	circular
3898-General_Secertarys_Letter_no-97_05-03-1965.pdf	3898	1965-03-05	1965						letter	letter
3899-Central_Parliamentary_Board_Circular_No-2_1965_03-03-1965.pdf	3899	1965-03-03	1965						circular	circular
39-Letter_to_Mr_Minoo_Masani_11-03-1971.pdf	39	1971-03-11	1971		to	Minoo Masani	minoo-masani	resolved	letter	letter
390-Swatantra_Party_Minutes_of_Meeting_02-04-1970.pdf	390	1970-04-02	1970						minutes	minutes
3900-General_Secertarys_Letter_no-95_02-03-1965.pdf	3900	1965-03-02	1965						letter	letter
3901-Central_Parliamentary_Board_Circular_No-1_1965_22-02-1965.pdf	3901	1965-02-22	1965						circular	circular
3902-Letter_to_Rajiv_Patel.pdf	3902				to	Rajiv Patel		unresolved	letter	letter
3903-Central_Parliamentary_Board_Circular_No-22_18-12-1967.pdf	3903	1967-12-18	1967						circular	circular
3904-Central_Office_Circular_no-89_16-12-1967.pdf	3904	1967-12-16	1967						circular	circular
3905-Letter_from_P_B_Meckoni_15-12-1967.pdf	3905	1967-12-15	1967		from	P B Meckoni		unresolved	letter	letter
3906-Central_Office_Circular_no-88_12-12-1967.pdf	3906	1967-12-12	1967						circular	circular
3907-Central_Office_Circular_no-65_06-12-1967.pdf	3907	1967-12-06	1967						circular	circular
3908-Central_Office_Circular_no-86_06-12-1967.pdf	3908	1967-12-06	1967						circular	circular
3909-Central_Office_Circular_no-87_06-12-1967.pdf	3909	1967-12-06	1967						circular	circular
391-Swatantra_Party_Minutes_of_Meeting_30-03-1970.pdf	391	1970-03-30	1970						minutes	minutes
3910-Swatantra_Party_Central_Parliamentary_Board-1967-69.pdf	3910									
3911-General_Secretarys_Letter_no-65_04-12-1697.pdf	3911		1697	year_out_of_range					letter	letter
3912-General_Secretarys_Letter_no-166_04-12-1967.pdf	3912	1967-12-04	1967						letter	letter
3913-Resolution_moved_by_Mr_Minoo_Masani.pdf	3913								resolution	resolution
3914-Resolution_moved_by_Mr_Minoo_Masani.pdf	3914								resolution	resolution
3915-Resolution_moved_by_Mr_Minoo_Masani.pdf	3915								resolution	resolution
3916-Contrediction_issue_by_Mr_R_N_Singh.pdf	3916									
3917-List_of_Office_Bearers_and_Members_1967-69.pdf	3917									
3918-Procedure_for_Election_of_Office_Bearers.pdf	3918									
3919-General_Secertarys_Letter_no-164_14-12-1967.pdf	3919	1967-12-14	1967						letter	letter
392-Swatantra_Party_Minutes_of_Meeting_25-03-1970.pdf	392	1970-03-25	1970						minutes	minutes
3920-For_Favour_of_Publication.pdf	3920									
3921-For_Favour_of_Publication.pdf	3921									
3922-For_Favour_of_Publication.pdf	3922									
3923-General_Council_Circular_no-24_26-10-1967.pdf	3923	1967-10-26	1967						circular	circular
3924-National_Executive_Circular_no-25_25-10-1967.pdf	3924	1967-10-25	1967						circular	circular
3925-Swatantra_Party_General_Council.pdf	3925									
3926-How_Swatantra_party_can_rule_the_Country.pdf	3926									
3927-General_Secertarys_Report_on_Party_Organisation_13-02-1965.pdf	3927	1965-02-13	1965						report	occasional_paper
3928-Central_Office_Circular_no-83_19-10-1667.pdf	3928		1667	year_out_of_range					circular	circular
3929-Central_Office_Circular_no-82_10-10-1967.pdf	3929	1967-10-10	1967						circular	circular
393-Swatantra_Party_Minutes_of_Meeting_10-03-1970.pdf	393	1970-03-10	1970						minutes	minutes
3930-Central_Office_Circular_no-81_17-10-1967.pdf	3930	1967-10-17	1967						circular	circular
3931-Central_Office_Circular_no-80_17-10-1967.pdf	3931	1967-10-17	1967						circular	circular
3932-General_Secertarys_Letter_no-14_16-10-1967.pdf	3932	1967-10-16	1967						letter	letter
3933-General_Secertarys_Letter_no-163_16-10-1967.pdf	3933	1967-10-16	1967						letter	letter
3934-General_Secertarys_Letter_no-14_16-10-1697.pdf	3934		1697	year_out_of_range					letter	letter
3935-National_Executive_Circular_no-24_06-10-1967.pdf	3935	1967-10-06	1967						circular	circular
3936-General_Secertarys_Letter_no-162_27-09-1967.pdf	3936	1967-09-27	1967						letter	letter
3937-Letter_to_N_Dandeker_15-09-1967.pdf	3937	1967-09-15	1967		to	N Dandeker		unresolved	letter	letter
3938-National_Executive_Circular_no-22E_13-09-1967.pdf	3938	1967-09-13	1967						circular	circular
3939-National_Executive_Circular_no-22D_09-09-1967.pdf	3939	1967-09-09	1967						circular	circular
394-Swatantra_Party_Minutes_of_Meeting_03-03-1970.pdf	394	1970-03-03	1970						minutes	minutes
3940-Letter_from_S_V_Raju_06-09-1967.pdf	3940	1967-09-06	1967		from	S V Raju	s-v-raju	resolved	letter	letter
3941-Letter_from_S_V_Raju_06-091967.pdf	3941				from	S V Raju 06-091967	s-v-raju	resolved	letter	letter
3942-National_Executive_Circular_no-22B_02-09-1967.pdf	3942	1967-09-02	1967						circular	circular
3943-National_Executive_Circular_no-22A_31-08-1967.pdf	3943	1967-08-31	1967						circular	circular
3944-National_Executive_Circular_no-23_31-08-1967.pdf	3944	1967-08-31	1967						circular	circular
3945-General_Parliamentary_Board_Circular_no-20_10-08-1967.pdf	3945	1967-08-10	1967						circular	circular
3946-General_Secertarys_Letter_no-161_08-08-1967.pdf	3946	1967-08-08	1967						letter	letter
3947-General_Secertarys_Letter_no-160_07-08-1967.pdf	3947	1967-08-07	1967						letter	letter
3948-Swatantra_Party-Our_party_Elections_02-08-1967.pdf	3948	1967-08-02	1967							
3949-General_Secertarys_Letter_no-69_07-07-1967.pdf	3949	1967-07-07	1967						letter	letter
395-Swatantra_Party_Minutes_of_Meeting_23-02-1970.pdf	395	1970-02-23	1970						minutes	minutes
3950-General_Secertarys_Letter_no-158_07-07-1967.pdf	3950	1967-07-07	1967						letter	letter
3951-Swatantra_party_Circular_04-07-1967.pdf	3951	1967-07-04	1967						circular	circular
3952-Swatantra_party_Circular_04-07-1967.pdf	3952	1967-07-04	1967						circular	circular
3953-General_Secertarys_Letter_no-157_28-06-1967.pdf	3953	1967-06-28	1967						letter	letter
3954-Letter_from_S_V_Raju_26-06-1967.pdf	3954	1967-06-26	1967		from	S V Raju	s-v-raju	resolved	letter	letter
3955-Letter_from_V_P_Bhatia_26-06-1967.pdf	3955	1967-06-26	1967		from	V P Bhatia		unresolved	letter	letter
3956-Compilments_of_Swatantra_party.pdf	3956									
3957-Letter_from_S_V_Raju_15-06-1967.pdf	3957	1967-06-15	1967		from	S V Raju	s-v-raju	resolved	letter	letter
3958-Letter_from_S_V_Raju_29-05-1967.pdf	3958	1967-05-29	1967		from	S V Raju	s-v-raju	resolved	letter	letter
3959-Letter_from_N_Dandekar_30-05-1967.pdf	3959	1967-05-30	1967		from	N Dandekar	n-dandekar	resolved	letter	letter
396-Swatantra_Party_Minutes_of_Meeting_02-03-1970.pdf	396	1970-03-02	1970						minutes	minutes
3960-General_Secertarys_Letter_no-156_30-05-1967.pdf	3960	1967-05-30	1967						letter	letter
3961-General_Secertarys_Letter_no-153_29-05-1967.pdf	3961	1967-05-29	1967						letter	letter
3962-General_Secertarys_Letter_no-154_29-05-1967.pdf	3962	1967-05-29	1967						letter	letter
3963-National_Executive_Circular_no-20_29-05-1967.pdf	3963	1967-05-29	1967						circular	circular
3964-General_Secertarys_Letter_no-155_29-05-1967.pdf	3964	1967-05-29	1967						letter	letter
3965-Central_Office_Circular_no-75_26-05-1967.pdf	3965	1967-05-26	1967						circular	circular
3966-Central_Office_Circular_no-36_26-05-1967.pdf	3966	1967-05-26	1967						circular	circular
3967-The_Indian_Cotton_Mills_Federation_19-10-1966.pdf	3967	1966-10-19	1966							
3968-Central_Parliamentary_Board_Circular_No-19_09-05-1967.pdf	3968	1967-05-09	1967						circular	circular
3969-National_Executive_Circular_no-19_09-05-1967.pdf	3969	1967-05-09	1967						circular	circular
397-Swatantra_Party_Minutes_of_Meeting_19-02-1970.pdf	397	1970-02-19	1970						minutes	minutes
3970-Letter_from_Mr_Minoo_Masani_04-05-1967.pdf	3970	1967-05-04	1967		from	Minoo Masani	minoo-masani	resolved	letter	letter
3971-For_Favour_of_Publication_03-05-1967.pdf	3971	1967-05-03	1967							
3972-General_Secertarys_Letter_no-13_26-04-1967.pdf	3972	1967-04-26	1967						letter	letter
3973-National_Executive_Circular_no-18_28-04-1967.pdf	3973	1967-04-28	1967						circular	circular
3974-Central_Parliamentary_Board_no-18_28-04-1967.pdf	3974	1967-04-28	1967							
3975-General_Secertarys_Letter_no-152_18-04-1967.pdf	3975	1967-04-18	1967						letter	letter
3976-Central_Office_Circular_no-74_17-04-1967.pdf	3976	1967-04-17	1967						circular	circular
3977-General_Secertarys_Letter_no-12_15-04-1967.pdf	3977	1967-04-15	1967						letter	letter
3978-General_Secertarys_Letter_no-151_15-04-1967.pdf	3978	1967-04-15	1967						letter	letter
3979-Central_Parliamentary_Board_Circular_No-23_12-04-1967.pdf	3979	1967-04-12	1967						circular	circular
398-Swatantra_Party_Minutes_of_Meeting_08-12-1969.pdf	398	1969-12-08	1969						minutes	minutes
3980-Central_Office_Circular_no-73_27-03-1967.pdf	3980	1967-03-27	1967						circular	circular
3981-General_Secertarys_Letter_no-150_25-03-1967.pdf	3981	1967-03-25	1967						letter	letter
3982-General_Secertarys_Letter_no-148_21-03-1967.pdf	3982	1967-03-21	1967						letter	letter
3983-General_Secertarys_Letter_no-149_21-03-1967.pdf	3983	1967-03-21	1967						letter	letter
3984-Central_Parliamentary_Board_Circular_No-17_08-03-1967.pdf	3984	1967-03-08	1967						circular	circular
3985-General_Secertarys_Letter_no-147_04-03-1967.pdf	3985	1967-03-04	1967						letter	letter
3986-General_Secertarys_Letter_no-146_03-03-1967.pdf	3986	1967-03-03	1967						letter	letter
3987-General_Secertarys_Letter_to_MP_no-11_23-03-1967.pdf	3987	1967-03-23	1967		to	MP no-11		unresolved	letter	letter
3988-National_Executive_Circular_no-17_03-03-1967.pdf	3988	1967-03-03	1967						circular	circular
3989-Central_Office_Circular_no-72_02-03-1967.pdf	3989	1967-03-02	1967						circular	circular
399-Swatantra_Party_Minutes_of_Meeting_04-12-1969.pdf	399	1969-12-04	1969						minutes	minutes
3990-Central_Office_Circular_no-65_25-01-1967.pdf	3990	1967-01-25	1967						circular	circular
3991-Central_Parliamentary_Board_Circular_No-15_19-01-1967.pdf	3991	1967-01-19	1967						circular	circular
3992-General_Secertarys_Letter_no-145_17-01-1967.pdf	3992	1967-01-17	1967						letter	letter
3993-Central_Office_Circular_no-63_16-01-1967.pdf	3993	1967-01-16	1967						circular	circular
3994-Authorisation_of_Priority_Important_on_Trunk_calls_06-01-1967.pdf	3994	1967-01-06	1967							
3995-General_Parliamentary_Board_Sub-committee_Circular_no-22_20-12-1966.pdf	3995	1966-12-20	1966						circular	circular
3996-Central_Office_Circular_no-60_31-12-1966.pdf	3996	1966-12-31	1966						circular	circular
3997-Letter_from_S_V_Raju_31-12-1966.pdf	3997	1966-12-31	1966		from	S V Raju	s-v-raju	resolved	letter	letter
3998-Central_Office_Circular_no-59_23-12-1966.pdf	3998	1966-12-23	1966						circular	circular
3999-Central_Office_Circular_no-56_17-12-1966.pdf	3999	1966-12-17	1966						circular	circular
4-Letter_to_Mr_Minoo_Masani_27-03-1971.pdf	4	1971-03-27	1971		to	Minoo Masani	minoo-masani	resolved	letter	letter
40-Mr_Minoo_Masanis_Defeat.pdf	40									
400-Swatantra_Party_Minutes_of_Meeting_04-12-1969.pdf	400	1969-12-04	1969						minutes	minutes
4000-Central_Parliamentary_Board_Subcommittee_Circular_no-21_19-12-1966.pdf	4000	1966-12-19	1966						circular	circular
4001-General_Secretarys_Letter_to_Prospective_Parliamentary_Candidates_no-9_30-11-1966.pdf	4001	1966-11-30	1966		to	Prospective Parliamentary Candidates no-9		unresolved	letter	letter
4002-Central_Parliamentary_Board_Circular_No-14_30-11-1966.pdf	4002	1966-11-30	1966						circular	circular
4003-National_Executive_Circular_no-16_30-11-1966.pdf	4003	1966-11-30	1966						circular	circular
4004-General_Council_Circular_no-23_30-11-1966.pdf	4004	1966-11-30	1966						circular	circular
4005-General_Secretarys_Letter_no-143_18-11-1966.pdf	4005	1966-11-18	1966						letter	letter
4006-General_Secretarys_Letter_no-142_16-11-1966.pdf	4006	1966-11-16	1966						letter	letter
4007-General_Secretarys_Letter_to_Prospective_Parliamentary_Candidates_no-9_26-10-1966.pdf	4007	1966-10-26	1966		to	Prospective Parliamentary Candidates no-9		unresolved	letter	letter
4008-Circular_Letter_to_Field_Organiser_no-7_24-10-1966.pdf	4008	1966-10-24	1966		to	Field Organiser no-7		unresolved	letter	letter
4009-National_Executive_Circular_no-15_22-10-1966.pdf	4009	1966-10-22	1966						circular	circular
401-Swatantra_Party_Minutes_of_Meeting_17-11-1969.pdf	401	1969-11-17	1969						minutes	minutes
4010-General_Secretarys_Letter_no-141_21-10-1966.pdf	4010	1966-10-21	1966						letter	letter
4011-National_Executive_Circular_no-14_18-10-1966.pdf	4011	1966-10-18	1966						circular	circular
4012-Central_Parliamentary_Board_Circular_No-13_18-10-1966.pdf	4012	1966-10-18	1966						circular	circular
4013-General_Secertarys_Letter_no-140_15-10-1966.pdf	4013	1966-10-15	1966						letter	letter
4014-General_Secertarys_Letter_no-139_14-10-1966.pdf	4014	1966-10-14	1966						letter	letter
4015-Central_Office_Circular_no-55_12-10-1966.pdf	4015	1966-10-12	1966						circular	circular
4016-General_Secertarys_Letter_no-138_10-10-1966.pdf	4016	1966-10-10	1966						letter	letter
4017-National_Executive_Circular_no-13_07-10-1966.pdf	4017	1966-10-07	1966						circular	circular
4018-Central_Parliamentary_Board_Circular_No-12_07-10-1966.pdf	4018	1966-10-07	1966						circular	circular
4019-National_Executive_Circular_no-12_30-09-1966.pdf	4019	1966-09-30	1966						circular	circular
402-Swatantra_Party_Minutes_of_Meeting_17-11-1969.pdf	402	1969-11-17	1969						minutes	minutes
4020-General_Secertarys_Letter_no-53_21-09-1966.pdf	4020	1966-09-21	1966						letter	letter
4021-General_Secertarys_Letter_no-136_14-09-1966.pdf	4021	1966-09-14	1966						letter	letter
4022-National_Executive_Circular_no-11_13-09-1966.pdf	4022	1966-09-13	1966						circular	circular
4023-General_Secertarys_Letter_no-135_09-09-1966.pdf	4023	1966-09-09	1966						letter	letter
4024-General_Secertarys_Letter_no-134_08-09-1966.pdf	4024	1966-09-08	1966						letter	letter
4025-General_Secertarys_Letter_no-133_31-08-1966.pdf	4025	1966-08-31	1966						letter	letter
4026-General_Secertarys_Letter_no-131_08-08-1966.pdf	4026	1966-08-08	1966						letter	letter
4027-Central_Office_Circular_no-51_18-08-1966.pdf	4027	1966-08-18	1966						circular	circular
4028-Central_Parliamentary_Board_Sub-committee_Circular_No-12_16-08-1966.pdf	4028	1966-08-16	1966						circular	circular
4029-General_Secertarys_Letter_no-132_09-08-1966.pdf	4029	1966-08-09	1966						letter	letter
403-Swatantra_Party_Minutes_of_Meeting_26-08-1969.pdf	403	1969-08-26	1969						minutes	minutes
4030-General_Secretarys_Letter_to_Field_organiser_no-6_05-08-1966.pdf	4030	1966-08-05	1966		to	Field organiser no-6		unresolved	letter	letter
4031-General_Secertarys_Letter_no-131_08-08-1966.pdf	4031	1966-08-08	1966						letter	letter
4032-General_Secertarys_Letter_no-130_06-08-1966.pdf	4032	1966-08-06	1966						letter	letter
4033-General_Secertarys_Letter_no-129_05-08-1966.pdf	4033	1966-08-05	1966						letter	letter
4034-General_Secertarys_Letter_no-128_05-08-1966.pdf	4034	1966-08-05	1966						letter	letter
4035-General_Secertarys_Letter_to_MF_no-10_03-08-1966.pdf	4035	1966-08-03	1966		to	MF no-10		unresolved	letter	letter
4036-Central_Office_Circular_no-50_30-07-1966.pdf	4036	1966-07-30	1966						circular	circular
4037-Parliamentary_Sub-committee_Circular_29-07-1966.pdf	4037	1966-07-29	1966						circular	circular
4038-Central_Office_Circular_no-49_25-07-1966.pdf	4038	1966-07-25	1966						circular	circular
4039-General_Secertarys_Letter_no-127_11-07-1966.pdf	4039	1966-07-11	1966						letter	letter
404-Swatantra_Party_Minutes_of_Meeting_26-08-1969.pdf	404	1969-08-26	1969						minutes	minutes
4040-Central_Parliamentary_Board_Circular_No-11_07-07-1966.pdf	4040	1966-07-07	1966						circular	circular
4041-A_Note_on_Devaluation.pdf	4041									
4042-For_Favour_of_Publication_15-06-1966.pdf	4042	1966-06-15	1966							
4043-Letter_to_Mr_Minoo_Masani_06-07-1966.pdf	4043	1966-07-06	1966		to	Minoo Masani	minoo-masani	resolved	letter	letter
4044-For_Favour_of_Publication_29-06-1966.pdf	4044	1966-06-29	1966							
4045-Letter_to_J_R_D_Tata_27-06-1966.pdf	4045	1966-06-27	1966		to	J R D Tata	jrd-tata	resolved	letter	letter
4046-A_Note_on_Devaluation.pdf	4046									
4047-Letter_to_L_K_Jha_27-06-1966.pdf	4047	1966-06-27	1966		to	L K Jha	l-k-jha	resolved	letter	letter
4048-Letter_to_Mr_Minoo_Masani_24-06-1966.pdf	4048	1966-06-24	1966		to	Minoo Masani	minoo-masani	resolved	letter	letter
4049-The_Conscience_of_free_Enterprises.pdf	4049									
405-Swatantra_Party_Minutes_of_Meeting_21-08-1969.pdf	405	1969-08-21	1969						minutes	minutes
4050-Letter_to_B_R_Shenoy_23-06-1966.pdf	4050	1966-06-23	1966		to	B R Shenoy	b-r-shenoy	resolved	letter	letter
4051-For_Favour_of_Publication_22-06-1966.pdf	4051	1966-06-22	1966							
4052-For_Favour_of_Publication_22-06-1966.pdf	4052	1966-06-22	1966							
4053-A_Note_on_Devaluation_and_the_Measures.pdf	4053									
4054-A_Note_on_Devaluation_and_the_Measures.pdf	4054									
4055-A_Note_on_Devaluation_and_the_Measures.pdf	4055									
4056-A_Note_on_Devaluation_and_the_Measures.pdf	4056									
4057-Telegram_to_Mr_Minoo_Masani_21-06-1966.pdf	4057	1966-06-21	1966		to	Minoo Masani	minoo-masani	resolved	telegram	telegram
4058-Letter_to_Mr_Minoo_Masani_20-06-1966.pdf	4058	1966-06-20	1966		to	Minoo Masani	minoo-masani	resolved	letter	letter
4059-Letter_to_Mr_Minoo_Masani_20-06-1966.pdf	4059	1966-06-20	1966		to	Minoo Masani	minoo-masani	resolved	letter	letter
406-Swatantra_Party_Minutes_of_Meeting_12-08-1969.pdf	406	1969-08-12	1969						minutes	minutes
4060-Letter_to_Mr_Minoo_Masani_19-06-1966.pdf	4060	1966-06-19	1966		to	Minoo Masani	minoo-masani	resolved	letter	letter
4061-Letter_to_Mr_Minoo_Masani.pdf	4061				to	Minoo Masani	minoo-masani	resolved	letter	letter
4062-Letter_from_S_V_Raju_17-06-1966.pdf	4062	1966-06-17	1966		from	S V Raju	s-v-raju	resolved	letter	letter
4063-Letter_from_C_rajagopalachari_16-06-1966.pdf	4063	1966-06-16	1966		from	C rajagopalachari	c-rajagopalachari	resolved	letter	letter
4064-Letter_to_C_Rajagopalachari_16-06-1966.pdf	4064	1966-06-16	1966		to	C Rajagopalachari	c-rajagopalachari	resolved	letter	letter
4065-Letter_to_A_P_Jain_16-06-1966.pdf	4065	1966-06-16	1966		to	A P Jain		unresolved	letter	letter
4066-Letter_to_N_G_Ranga_15-06-1966.pdf	4066	1966-06-15	1966		to	N G Ranga		unresolved	letter	letter
4067-Letter_to_A_P_Jain_15-06-1966.pdf	4067	1966-06-15	1966		to	A P Jain		unresolved	letter	letter
4068-Letter_to_A_P_Jain_15-06-1966.pdf	4068	1966-06-15	1966		to	A P Jain		unresolved	letter	letter
4069-Letter_to_Mr_Minoo_Masani.pdf	4069				to	Minoo Masani	minoo-masani	resolved	letter	letter
407-Swatantra_Party_Minutes_of_Meeting_12-08-1969.pdf	407	1969-08-12	1969						minutes	minutes
4070-Telegram_to_Mr_Minoo_Masani_12-16-1966.pdf	4070		1966	bad_day_month	to	Minoo Masani	minoo-masani	resolved	telegram	telegram
4071-Telegram_to_Mr_Minoo_Masani_12-06-1966.pdf	4071	1966-06-12	1966		to	Minoo Masani	minoo-masani	resolved	telegram	telegram
4072-Telegram_to_Smt_Indira_Gandhi_11-06-1966.pdf	4072	1966-06-11	1966		to	Indira Gandhi	indira-gandhi	resolved	telegram	telegram
4073-Telegram_to_Mr_Minoo_Masani_11-06-1966.pdf	4073	1966-06-11	1966		to	Minoo Masani	minoo-masani	resolved	telegram	telegram
4074-Letter_to_Mr_Minoo_Masani_11-06-1966.pdf	4074	1966-06-11	1966		to	Minoo Masani	minoo-masani	resolved	letter	letter
4075-Letter_to_Mr_Minoo_Masani_10-06-1966.pdf	4075	1966-06-10	1966		to	Minoo Masani	minoo-masani	resolved	letter	letter
4076-Letter_to_Mr_Minoo_Masani_10-06-1966.pdf	4076	1966-06-10	1966		to	Minoo Masani	minoo-masani	resolved	letter	letter
4077-Letter_to_A_P_Jain_08-06-1966.pdf	4077	1966-06-08	1966		to	A P Jain		unresolved	letter	letter
4078-Letter_to_Mr_Minoo_Masani_13-06-1966.pdf	4078	1966-06-13	1966		to	Minoo Masani	minoo-masani	resolved	letter	letter
4079-PM_to_meet_Opposition_group_MP-The_Hindustan_Times_07-06-1966.pdf	4079	1966-06-07	1966							
408-Swatantra_Party_Minutes_of_Meeting_05-08-1969.pdf	408	1969-08-05	1969						minutes	minutes
4080-Letter_to_Mr_Minoo_Masani_06-06-1966.pdf	4080	1966-06-06	1966		to	Minoo Masani	minoo-masani	resolved	letter	letter
4081-Telegram_to_Mr_Minoo_Masani_06-06-1966.pdf	4081	1966-06-06	1966		to	Minoo Masani	minoo-masani	resolved	telegram	telegram
4082-Letter_to_C_Rajagopalachari_16-06-1966.pdf	4082	1966-06-16	1966		to	C Rajagopalachari	c-rajagopalachari	resolved	letter	letter
4083-Letter_to_N_G_Ranga_06-06-1966.pdf	4083	1966-06-06	1966		to	N G Ranga		unresolved	letter	letter
4084-Letter_to_Smt_Indira_Gandhi_06-06-1966.pdf	4084	1966-06-06	1966		to	Indira Gandhi	indira-gandhi	resolved	letter	letter
4085-Letter_to_Smt_Indira_Gandhi_06-06-1966.pdf	4085	1966-06-06	1966		to	Indira Gandhi	indira-gandhi	resolved	letter	letter
4086-Telegram_to_Mr_Minoo_Masani_06-06-1966.pdf	4086	1966-06-06	1966		to	Minoo Masani	minoo-masani	resolved	telegram	telegram
4087-Devaluation.pdf	4087									
4088-Swatantra_party_office_Directory-1974-1976.pdf	4088	1976	1976							
4089-Letter_to_Mr_Minoo_Masani_23-11-1967.pdf	4089	1967-11-23	1967		to	Minoo Masani	minoo-masani	resolved	letter	letter
409-Swatantra_Party_Parliamentary_Office_Letter_30-07-1969.pdf	409	1969-07-30	1969						letter	letter
4090-Letter_to_C_C_Desai_22-11-1969.pdf	4090	1969-11-22	1969		to	C C Desai		unresolved	letter	letter
4091-Letter_to_S_V_Raju_18-11-1967.pdf	4091	1967-11-18	1967		to	S V Raju	s-v-raju	resolved	letter	letter
4092-Letter_to_S_V_Raju_15-11-1967.pdf	4092	1967-11-15	1967		to	S V Raju	s-v-raju	resolved	letter	letter
4093-Letter_to_Mr_Minoo_Masani_23-09-1967.pdf	4093	1967-09-23	1967		to	Minoo Masani	minoo-masani	resolved	letter	letter
4094-Letter_from_Mohan_Singh_02-10-1967.pdf	4094	1967-10-02	1967		from	Mohan Singh		unresolved	letter	letter
4095-A_Meeting_of_Executive_Committee_27-07-1971.pdf	4095	1971-07-27	1971							
4096-Views_on_Rajamannar_Committee_Report.pdf	4096								report	occasional_paper
4097-A_Meeting_of_Executive_Committee_22-06-1971.pdf	4097	1971-06-22	1971							
4098-A_Meeting_of_Executive_Committee_22-06-1971.pdf	4098	1971-06-22	1971							
4099-Letter_from_P_S_Koppiker_06-04-1971.pdf	4099	1971-04-06	1971		from	P S Koppiker		unresolved	letter	letter
41-Reasons_for_Mr_Minoo_Masani_Defeat.pdf	41									
410-Swatantra_Party_Parliamentary_Office_Letter_31-07-1969.pdf	410	1969-07-31	1969						letter	letter
4100-A_Meeting_of_Executive_Committee_25-03-1971.pdf	4100	1971-03-25	1971							
4101-Swatantra_party_notice_09-02-1971.pdf	4101	1971-02-09	1971						circular	circular
4102-Swatantra_party_notice_09-02-1970.pdf	4102	1970-02-09	1970						circular	circular
4103-Swatantra_party_notice_20-11-1970.pdf	4103	1970-11-20	1970						circular	circular
4104-Swatantra_party_notice_16-09-1970.pdf	4104	1970-09-16	1970						circular	circular
4105-Swatantra_party_notice_16-09-1970.pdf	4105	1970-09-16	1970						circular	circular
4106-Swatantra_party_notice_16-10-1970.pdf	4106	1970-10-16	1970						circular	circular
4107-Swatantra_Party_Minutes_of_Meeting_23-09-1970.pdf	4107	1970-09-23	1970						minutes	minutes
4108-Swatantra_party_notice_03-09-1970.pdf	4108	1970-09-03	1970						circular	circular
4109-Swatantra_party_notice_13-08-1970.pdf	4109	1970-08-13	1970						circular	circular
411-Swatantra_Party_Minutes_of_Meeting_30-07-1969.pdf	411	1969-07-30	1969						minutes	minutes
4110-Swatantra_party_notice_07-08-1970.pdf	4110	1970-08-07	1970						circular	circular
4111-Swatantra_party_notice_06-07-1970.pdf	4111	1970-07-06	1970						circular	circular
4112-Swatantra_Party_Minutes_of_Meeting_22-04-1970.pdf	4112	1970-04-22	1970						minutes	minutes
4113-Swatantra_party_notice_18-03-1970.pdf	4113	1970-03-18	1970						circular	circular
4114-Swatantra_party_notice_18-03-1970.pdf	4114	1970-03-18	1970						circular	circular
4115-Swatantra_Party_Minutes_of_Meeting_11-03-1970.pdf	4115	1970-03-11	1970						minutes	minutes
4116-Swatantra_party_notice_07-03-1970.pdf	4116	1970-03-07	1970						circular	circular
4117-Swatantra_party_notice_15-01-1970.pdf	4117	1970-01-15	1970						circular	circular
4118-Letter_from_K_S_Srinivasan_18-12-1969.pdf	4118	1969-12-18	1969		from	K S Srinivasan		unresolved	letter	letter
4119-Mrm_Notes.pdf	4119									
412-Swatantra_Party_Minutes_of_Meeting_30-07-1969.pdf	412	1969-07-30	1969						minutes	minutes
4120-Report_of_Benaras_Seminar.pdf	4120								report	occasional_paper
4121-India_Revolutionary_06-12-1959.pdf	4121	1959-12-06	1959							
4122-Swatantra_Party_Minutes_of_Meeting_05-12-1959.pdf	4122	1959-12-05	1959						minutes	minutes
4123-Development_planning_is_Question_31-12-1959.pdf	4123	1959-12-31	1959							
4124-Asia_Future_19-12-1959.pdf	4124	1959-12-19	1959							
4125-JPS_Advocate_four_tier_state_set_up_29-12-1959.pdf	4125	1959-12-29	1959							
4126-Parliamentary_system_of_govt_unsited_to_India_29-12-1959.pdf	4126	1959-12-29	1959							
4127-Industrialization_at_District_Level_29-12-1959.pdf	4127	1959-12-29	1959							
4128-Dependence_on_Govt_Machinery-The_Times_of_India_29-12-1959.pdf	4128	1959-12-29	1959							
4129-Democratic_Path_to_Prosperity_29-12-1959.pdf	4129	1959-12-29	1959							
413-Swatantra_Party_Minutes_of_Meeting_22-07-1969.pdf	413	1969-07-22	1969						minutes	minutes
4130-Needs_to_Strengthen_roots_of_Democracy_29-12-1959.pdf	4130	1959-12-29	1959							
4131-Fertilizers_for_more_food.pdf	4131									
4132-Limitations_of_JP_Thesis.pdf	4132									
4133-Alternative_to_Democratic_Outlined_03-07-1959.pdf	4133	1959-07-03	1959							
4134-An_Alternative_to_Democracy.pdf	4134									
4135-JP_Confers_with_pak_president-The_Hindustan_Times_15-12-1959.pdf	4135	1959-12-15	1959							
4136-Western_system_not_suited_to_Asia_15-12-1959.pdf	4136	1959-12-15	1959							
4137-Revival_of_Basic_Democracies_16-12-1959.pdf	4137	1959-12-16	1959							
4138-Letter_to_Rekha_Rajdopal_24-01-1996.pdf	4138	1996-01-24	1996		to	Rekha Rajdopal		unresolved	letter	letter
4139-Bombay_Advocate_Cricket_Associatios_12-10-1993.pdf	4139	1993-10-12	1993							
414-Swatantra_Party_Minutes_of_Meeting_25-05-1969.pdf	414	1969-05-25	1969						minutes	minutes
4140-Letter_from_Padmakar_D_Kamerkar.pdf	4140				from	Padmakar D Kamerkar		unresolved	letter	letter
4141-Letter_from_Padmakar_D_Kamerkar.pdf	4141				from	Padmakar D Kamerkar		unresolved	letter	letter
4142-Letter_from_Padmakar_D_Kamerkar.pdf	4142				from	Padmakar D Kamerkar		unresolved	letter	letter
4143-Letter_to_J_Venkiteswaran.pdf	4143				to	J Venkiteswaran		unresolved	letter	letter
4144-Letter_from_J_Venkitesweran_30-08-1994.pdf	4144	1994-08-30	1994		from	J Venkitesweran		unresolved	letter	letter
4145-Letter_to_the_L_R_Sampath.pdf	4145				to	the L R Sampath		unresolved	letter	letter
4146-Registration_of_political_parties_under_section_29A_12-08-1989.pdf	4146	1989-08-12	1989							
4147-In_the_High_Court_of_judicature_at_Bombay.pdf	4147									
4148-Letter_to_Rajiv_Patel_10-01-1995.pdf	4148	1995-01-10	1995		to	Rajiv Patel		unresolved	letter	letter
4149-In_the_High_Court_of_judicature_at_Bombay.pdf	4149									
415-Swatantra_Party_Minutes_of_Meeting_06-05-1969.pdf	415	1969-05-06	1969						minutes	minutes
4150-In_the_High_Court_of_judicature_at_Bombay.pdf	4150									
4151-Swatantra_party_Maharashtra_28-06-1994.pdf	4151	1994-06-28	1994							
4152-Times_of_India-For_Parties_Listing_17-06-1989.pdf	4152	1989-06-17	1989							
4153-Letter_to_R_Sampath_01-08-1989.pdf	4153	1989-08-01	1989		to	R Sampath		unresolved	letter	letter
4154-Secretariat_of_Election_Commission_of_India_14-09-1994.pdf	4154	1994-09-14	1994							
4155-Letter_to_Rajiv_Patil_10-01-1995.pdf	4155	1995-01-10	1995		to	Rajiv Patil		unresolved	letter	letter
4156-For_Favour_of_Publication_12-01-1995.pdf	4156	1995-01-12	1995							
4157-For_Favour_of_Publication_12-01-1995.pdf	4157	1995-01-12	1995							
4158-Letter_to_Mohan_Singh_04-06-1999.pdf	4158	1999-06-04	1999		to	Mohan Singh		unresolved	letter	letter
4159-Letter_to_S_V_Raju_04-07-1997.pdf	4159	1997-07-04	1997		to	S V Raju	s-v-raju	resolved	letter	letter
416-Swatantra_Party_Minutes_of_Meeting_30-04-1969.pdf	416	1969-04-30	1969						minutes	minutes
4160-Letter_to_S_V_Raju_04-07-1997.pdf	4160	1997-07-04	1997		to	S V Raju	s-v-raju	resolved	letter	letter
4161-In_the_High_Court_of_judicature_at_Rajasthan-1996.pdf	4161	1996	1996							
4162-In_the_High_Court_of_judicature_at_Bombay.pdf	4162									
4163-Rajasthan_high_court_today_admitted_a_high_petition.pdf	4163									
4164-In_the_High_Court_of_judicature_at_Rajasthan-1996.pdf	4164	1996	1996							
4165-Economic_Development_and_State_Autonomy-The_Hindu_24-03-1973.pdf	4165	1973-03-24	1973							
4166-Tamilnadu_C_M_Determined_to_Fight_for_Autonomy_28-04-1974.pdf	4166	1974-04-28	1974							
4167-Indira_Plea_gross_blackmail-The_Indian_Express_13-02-1974.pdf	4167	1974-02-13	1974						press_note	press_note
4168-Inter-State_disputes_and_the_Constitution-The_Indian_Express_26-02-1974.pdf	4168	1974-02-26	1974						press_note	press_note
4169-Letter_to_Jayaprakash_Naryan_29-01-1974.pdf	4169	1974-01-29	1974		to	Jayaprakash Naryan		unresolved	letter	letter
417-Swatantra_Party_Minutes_of_Meeting_18-04-1969.pdf	417	1969-04-18	1969						minutes	minutes
4170-Sezhiyan_Maran_Report_A_Dissappointing_Documents-The_Statesman_13-01-1974.pdf	4170	1974-01-13	1974						report	occasional_paper
4171-Unity_lies_in_strong_states-DMK_Panel-The_Indian_Express_10-01-1974.pdf	4171	1974-01-10	1974						press_note	press_note
4172-Letter_to_Jayaprakash_Naryan_20-12-1973.pdf	4172	1973-12-20	1973		to	Jayaprakash Naryan		unresolved	letter	letter
4173-JP_to_Convene_talks_on_state_Autonomy_28-12-1973.pdf	4173	1973-12-28	1973						speech	speech
4174-Pm_twisting_issue_says_Patnaik_25-12-1973.pdf	4174	1973-12-25	1973							
4175-Letter_to_Mr_Minoo_Masani_20-02-1964.pdf	4175	1964-02-20	1964		to	Minoo Masani	minoo-masani	resolved	letter	letter
4176-Letter_to_Mr_Minoo_Masani_20-02-1964.pdf	4176	1964-02-20	1964		to	Minoo Masani	minoo-masani	resolved	letter	letter
4177-Letter_to_C_Rajagopalachari_15-02-1964.pdf	4177	1964-02-15	1964		to	C Rajagopalachari	c-rajagopalachari	resolved	letter	letter
4178-Letter_to_Mr_Minoo_Masani_05-08-1950.pdf	4178	1950-08-05	1950		to	Minoo Masani	minoo-masani	resolved	letter	letter
4179-Letter_from_S_V_Raju_18-02-1964.pdf	4179	1964-02-18	1964		from	S V Raju	s-v-raju	resolved	letter	letter
418-Swatantra_Party_Minutes_of_Meeting_16-04-1969.pdf	418	1969-04-16	1969						minutes	minutes
4180-For_Favour_of_Publication_18-02-1964.pdf	4180	1964-02-18	1964							
4181-Letter_to_A_G_Noorani_13-02-1964.pdf	4181	1964-02-13	1964		to	A G Noorani		unresolved	letter	letter
4182-Letter_to_C_Rajagopalachari_06-02-1964.pdf	4182	1964-02-06	1964		to	C Rajagopalachari	c-rajagopalachari	resolved	letter	letter
4183-Letter_to_N_G_Ranga_12-06-1964.pdf	4183	1964-06-12	1964		to	N G Ranga		unresolved	letter	letter
4184-Letter_to_C_Rajagopalachari_25-01-1964.pdf	4184	1964-01-25	1964		to	C Rajagopalachari	c-rajagopalachari	resolved	letter	letter
4185-Letter_to_N_G_Ranga_25-01-1964.pdf	4185	1964-01-25	1964		to	N G Ranga		unresolved	letter	letter
4186-Letter_to_C_Rajagopalachari_24-01-1964.pdf	4186	1964-01-24	1964		to	C Rajagopalachari	c-rajagopalachari	resolved	letter	letter
4187-Letter_to_C_Rajagopalachari_23-01-1964.pdf	4187	1964-01-23	1964		to	C Rajagopalachari	c-rajagopalachari	resolved	letter	letter
4188-Letter_to_Mr_Minoo_Masani_20-01-1964.pdf	4188	1964-01-20	1964		to	Minoo Masani	minoo-masani	resolved	letter	letter
4189-Letter_to_N_G_Ranga_29-01-1964.pdf	4189	1964-01-29	1964		to	N G Ranga		unresolved	letter	letter
419-Swatantra_Party_Minutes_of_Meeting_16-04-1969.pdf	419	1969-04-16	1969						minutes	minutes
4190-Letter_to_Mr_Minoo_Masani_19-01-1964.pdf	4190	1964-01-19	1964		to	Minoo Masani	minoo-masani	resolved	letter	letter
4191-Letter_to_Mr_Minoo_Masani_19-01-1964.pdf	4191	1964-01-19	1964		to	Minoo Masani	minoo-masani	resolved	letter	letter
4192-Letter_to_V_T_Sreenivasan_19-01-1964.pdf	4192	1964-01-19	1964		to	V T Sreenivasan		unresolved	letter	letter
4193-Letter_to_Mr_Minoo_Masani_17-01-1964.pdf	4193	1964-01-17	1964		to	Minoo Masani	minoo-masani	resolved	letter	letter
4194-Letter_to_C_Rajagopalachari_17-01-1964.pdf	4194	1964-01-17	1964		to	C Rajagopalachari	c-rajagopalachari	resolved	letter	letter
4195-Letter_to_C_Rajagopalachari_17-01-1964.pdf	4195	1964-01-17	1964		to	C Rajagopalachari	c-rajagopalachari	resolved	letter	letter
4196-Letter_to_C_Rajagopalachari_16-01-1964.pdf	4196	1964-01-16	1964		to	C Rajagopalachari	c-rajagopalachari	resolved	letter	letter
4197-Letter_to_K_M_Munshi_15-01-1964.pdf	4197	1964-01-15	1964		to	K M Munshi	k-m-munshi	resolved	letter	letter
4198-Letter_to_Mr_Minoo_Masani_12-01-1964.pdf	4198	1964-01-12	1964		to	Minoo Masani	minoo-masani	resolved	letter	letter
4199-Letter_to_C_Rajagopalachari_12-01-1964.pdf	4199	1964-01-12	1964		to	C Rajagopalachari	c-rajagopalachari	resolved	letter	letter
42-Letter_to_Mr_Suresh_Pratap_Singh_23-03-1971.pdf	42	1971-03-23	1971		to	Suresh Pratap Singh		unresolved	letter	letter
420-Swatantra_Party_Minutes_of_Meeting_16-04-1969.pdf	420	1969-04-16	1969						minutes	minutes
4200-Letter_to_Mr_Minoo_Masani_08-01-1964.pdf	4200	1964-01-08	1964		to	Minoo Masani	minoo-masani	resolved	letter	letter
4201-Letter_to_C_Rajagopalachari_06-01-1964.pdf	4201	1964-01-06	1964		to	C Rajagopalachari	c-rajagopalachari	resolved	letter	letter
4202-Letter_to_Mr_Minoo_Masani_08-01-1964.pdf	4202	1964-01-08	1964		to	Minoo Masani	minoo-masani	resolved	letter	letter
4203-Letter_to_Mr_Minoo_Masani_11-01-1964.pdf	4203	1964-01-11	1964		to	Minoo Masani	minoo-masani	resolved	letter	letter
4204-Letter_to_C_Rajagopalachari_06-01-1964.pdf	4204	1964-01-06	1964		to	C Rajagopalachari	c-rajagopalachari	resolved	letter	letter
4205-Letter_to_Mr_Minoo_Masani_02-01-1964.pdf	4205	1964-01-02	1964		to	Minoo Masani	minoo-masani	resolved	letter	letter
4206-Letter_to_C_Rajagopalachari_27-12-1963.pdf	4206	1963-12-27	1963		to	C Rajagopalachari	c-rajagopalachari	resolved	letter	letter
4207-Letter_to_C_Rajagopalachari_21-12-1963.pdf	4207	1963-12-21	1963		to	C Rajagopalachari	c-rajagopalachari	resolved	letter	letter
4208-Letter_to_C_Rajagopalachari_20-12-1963.pdf	4208	1963-12-20	1963		to	C Rajagopalachari	c-rajagopalachari	resolved	letter	letter
4209-Letter_to_Mr_Minoo_Masani_20-12-1963.pdf	4209	1963-12-20	1963		to	Minoo Masani	minoo-masani	resolved	letter	letter
421-Swatantra_Party_Minutes_of_Meeting_11-04-1969.pdf	421	1969-04-11	1969						minutes	minutes
4210-Letter_to_Mr_Minoo_Masani_16-12-1963.pdf	4210	1963-12-16	1963		to	Minoo Masani	minoo-masani	resolved	letter	letter
4211-Letter_to_Mr_Minoo_Masani_13-12-1963.pdf	4211	1963-12-13	1963		to	Minoo Masani	minoo-masani	resolved	letter	letter
4212-Letter_to_C_Rajagopalachari_10-12-1963.pdf	4212	1963-12-10	1963		to	C Rajagopalachari	c-rajagopalachari	resolved	letter	letter
4213-Letter_to_Mr_Minoo_Masani_07-12-1963.pdf	4213	1963-12-07	1963		to	Minoo Masani	minoo-masani	resolved	letter	letter
4214-Letter_to_Abdul_Ganidhar_18-11-1963.pdf	4214	1963-11-18	1963		to	Abdul Ganidhar		unresolved	letter	letter
4215-Letter_to_C_Rajagopalachari_15-11-1963.pdf	4215	1963-11-15	1963		to	C Rajagopalachari	c-rajagopalachari	resolved	letter	letter
4216-Letter_to_Mr_Minoo_Masani_09-11-1963.pdf	4216	1963-11-09	1963		to	Minoo Masani	minoo-masani	resolved	letter	letter
4217-Letter_to_Mr_Minoo_Masani.pdf	4217				to	Minoo Masani	minoo-masani	resolved	letter	letter
4218-Letter_to_Mr_Minoo_Masani_08-11-1963.pdf	4218	1963-11-08	1963		to	Minoo Masani	minoo-masani	resolved	letter	letter
4219-Letter_to_Mr_Minoo_Masani_07-11-1963.pdf	4219	1963-11-07	1963		to	Minoo Masani	minoo-masani	resolved	letter	letter
422-For_Favour_of_Publication_11-04-1969.pdf	422	1969-04-11	1969							
4220-Letter_to_C_Rajagopalachari_03-10-1963.pdf	4220	1963-10-03	1963		to	C Rajagopalachari	c-rajagopalachari	resolved	letter	letter
4221-Letter_to_C_Rajagopalachari_21-02-1964.pdf	4221	1964-02-21	1964		to	C Rajagopalachari	c-rajagopalachari	resolved	letter	letter
4222-Letter_to_Mr_Minoo_Masani_19-16-1964.pdf	4222		1964	bad_day_month	to	Minoo Masani	minoo-masani	resolved	letter	letter
4223-Letter_to_Mr_Minoo_Masani_16-06-1964.pdf	4223	1964-06-16	1964		to	Minoo Masani	minoo-masani	resolved	letter	letter
4224-Decision_taken_at_the_meeting_of_Swatantra_party_24-01-1977.pdf	4224	1977-01-24	1977							
4225-Draft_Time_Table_for_Party_Election.pdf	4225									
4226-Letter_to_Mr_Minoo_Masani_19-06-1964.pdf	4226	1964-06-19	1964		to	Minoo Masani	minoo-masani	resolved	letter	letter
4227-Letter_to_Mr_Minoo_Masani_15-06-1964.pdf	4227	1964-06-15	1964		to	Minoo Masani	minoo-masani	resolved	letter	letter
4228-Swatantra_Party_Statement_of_Principles_02-08-1959.pdf	4228	1959-08-02	1959						manifesto	occasional_paper
4229-Time_for_Change.pdf	4229									
423-For_Favour_of_Publication_11-04-1969.pdf	423	1969-04-11	1969							
4230-Affadavit.pdf	4230									
4231-Letter_to_C_Rajagopalachari_15-06-1964.pdf	4231	1964-06-15	1964		to	C Rajagopalachari	c-rajagopalachari	resolved	letter	letter
4232-Letter_to_K_M_Munshi_21-06-1964.pdf	4232	1964-06-21	1964		to	K M Munshi	k-m-munshi	resolved	letter	letter
4233-Letter_to_Mr_Minoo_Masani_20-06-1964.pdf	4233	1964-06-20	1964		to	Minoo Masani	minoo-masani	resolved	letter	letter
4234-Letter_to_Mr_Minoo_Masani_20-06-1964.pdf	4234	1964-06-20	1964		to	Minoo Masani	minoo-masani	resolved	letter	letter
4235-Letter_to_C_Rajagopalachari_18-06-1964.pdf	4235	1964-06-18	1964		to	C Rajagopalachari	c-rajagopalachari	resolved	letter	letter
4236-Letter_to_N_G_Ranga_19-06-1964.pdf	4236	1964-06-19	1964		to	N G Ranga		unresolved	letter	letter
4237-Letter_to_N_G_Ranga_18-06-1964.pdf	4237	1964-06-18	1964		to	N G Ranga		unresolved	letter	letter
4238-Letter_to_C_Rajagopalachari_18-06-1964.pdf	4238	1964-06-18	1964		to	C Rajagopalachari	c-rajagopalachari	resolved	letter	letter
4239-Letter_to_C_Rajagopalachari.pdf	4239				to	C Rajagopalachari	c-rajagopalachari	resolved	letter	letter
424-Letter_to_Mr_Minoo_Masani_07-04-1969.pdf	424	1969-04-07	1969		to	Minoo Masani	minoo-masani	resolved	letter	letter
4240-Letter_to_N_G_Ranga_11-06-1964.pdf	4240	1964-06-11	1964		to	N G Ranga		unresolved	letter	letter
4241-Letter_to_N_G_Ranga_11-06-1964.pdf	4241	1964-06-11	1964		to	N G Ranga		unresolved	letter	letter
4242-Letter_to_Mr_Minoo_Masani_06-06-1964.pdf	4242	1964-06-06	1964		to	Minoo Masani	minoo-masani	resolved	letter	letter
4243-Letter_to_C_Rajagopalachari_02-06-1964.pdf	4243	1964-06-02	1964		to	C Rajagopalachari	c-rajagopalachari	resolved	letter	letter
4244-Letter_to_N_G_Ranga_06-06-1964.pdf	4244	1964-06-06	1964		to	N G Ranga		unresolved	letter	letter
4245-Letter_to_C_Rajagopalachari_05-06-1964.pdf	4245	1964-06-05	1964		to	C Rajagopalachari	c-rajagopalachari	resolved	letter	letter
4246-Letter_to_R_V_S_Mani_09-06-1964.pdf	4246	1964-06-09	1964		to	R V S Mani		unresolved	letter	letter
4247-Letter_to_C_Rajagopalachari_04-06-1964.pdf	4247	1964-06-04	1964		to	C Rajagopalachari	c-rajagopalachari	resolved	letter	letter
4248-Letter_to_C_Rajagopalachari.pdf	4248				to	C Rajagopalachari	c-rajagopalachari	resolved	letter	letter
4249-Letter_to_S_V_Raju.pdf	4249				to	S V Raju	s-v-raju	resolved	letter	letter
425-Swatantra_Party_Parliamentary_Office_Letter_07-04-1969.pdf	425	1969-04-07	1969						letter	letter
4250-Letter_to_Mr_C_Rajagopalachari_27-05-1964.pdf	4250	1964-05-27	1964		to	C Rajagopalachari	c-rajagopalachari	resolved	letter	letter
4251-Letter_to_S_P_Godrej_26-05-1964.pdf	4251	1964-05-26	1964		to	S P Godrej		unresolved	letter	letter
4252-Letter_to_Mr_Minoo_Masani_25-05-1964.pdf	4252	1964-05-25	1964		to	Minoo Masani	minoo-masani	resolved	letter	letter
4253-Letter_to_C_Rajagopalachari_22-05-1964.pdf	4253	1964-05-22	1964		to	C Rajagopalachari	c-rajagopalachari	resolved	letter	letter
4254-Letter_to_C_Rajagopalachari_25-05-1964.pdf	4254	1964-05-25	1964		to	C Rajagopalachari	c-rajagopalachari	resolved	letter	letter
4255-Letter_to_C_Rajagopalachari_25-05-1964.pdf	4255	1964-05-25	1964		to	C Rajagopalachari	c-rajagopalachari	resolved	letter	letter
4256-Letter_to_Mr_Minoo_Masani_26-05-1964.pdf	4256	1964-05-26	1964		to	Minoo Masani	minoo-masani	resolved	letter	letter
4257-Letter_to_Mr_Minoo_Masani_22-05-1964.pdf	4257	1964-05-22	1964		to	Minoo Masani	minoo-masani	resolved	letter	letter
4258-Letter_from_S_V_Raju_21-05-1964.pdf	4258	1964-05-21	1964		from	S V Raju	s-v-raju	resolved	letter	letter
4259-Letter_to_Mr_Minoo_Masani.pdf	4259				to	Minoo Masani	minoo-masani	resolved	letter	letter
426-Swatantra_Party_Minutes_of_Meeting_02-04-1969.pdf	426	1969-04-02	1969						minutes	minutes
4260-Extract_Letter_of_Sardar_Basant_20-05-1964.pdf	4260	1964-05-20	1964						letter	letter
4261-Swatantra_Party_Minutes_of_Meeting_16-02-1970.pdf	4261	1970-02-16	1970						minutes	minutes
4262-Swatantra_as_Elite_of_Politics.pdf	4262									
4263-Letter_to_Mr_Minoo_Masani_22-05-1964.pdf	4263	1964-05-22	1964		to	Minoo Masani	minoo-masani	resolved	letter	letter
4264-Letter_to_N_G_Ranga_20-05-1964.pdf	4264	1964-05-20	1964		to	N G Ranga		unresolved	letter	letter
4265-Letter_to_C_Rajagopalachari_20-05-1964.pdf	4265	1964-05-20	1964		to	C Rajagopalachari	c-rajagopalachari	resolved	letter	letter
4266-Letter_to_C_Rajagopalachari_19-05-1964.pdf	4266	1964-05-19	1964		to	C Rajagopalachari	c-rajagopalachari	resolved	letter	letter
4267-Letter_to_Fazel_Fazalbhoy_19-05-1964.pdf	4267	1964-05-19	1964		to	Fazel Fazalbhoy		unresolved	letter	letter
4268-Letter_to_P_J_Vyas_18-05-1964.pdf	4268	1964-05-18	1964		to	P J Vyas		unresolved	letter	letter
4269-Letter_to_C_Rajagopalachari_14-05-1964.pdf	4269	1964-05-14	1964		to	C Rajagopalachari	c-rajagopalachari	resolved	letter	letter
427-Swatantra_Party_Minutes_of_Meeting_31-03-1969.pdf	427	1969-03-31	1969						minutes	minutes
4270-Letter_to_C_Rajagopalachari_14-05-1964.pdf	4270	1964-05-14	1964		to	C Rajagopalachari	c-rajagopalachari	resolved	letter	letter
4271-Letter_to_Mr_Minoo_Masani_11-05-1964.pdf	4271	1964-05-11	1964		to	Minoo Masani	minoo-masani	resolved	letter	letter
4272-Letter_to_Jawaharlal_Nehru_08-05-1964.pdf	4272	1964-05-08	1964		to	Jawaharlal Nehru	jawaharlal-nehru	resolved	letter	letter
4273-Letter_to_C_Rajagopalachari_09-05-1964.pdf	4273	1964-05-09	1964		to	C Rajagopalachari	c-rajagopalachari	resolved	letter	letter
4274-Letter_to_C_Rajagopalachari_11-05-1964.pdf	4274	1964-05-11	1964		to	C Rajagopalachari	c-rajagopalachari	resolved	letter	letter
4275-Letter_to_Mr_Minoo_Masani_09-05-1964.pdf	4275	1964-05-09	1964		to	Minoo Masani	minoo-masani	resolved	letter	letter
4276-Letter_to_N_G_Ranga.pdf	4276				to	N G Ranga		unresolved	letter	letter
4277-Letter_to_Mr_Minoo_Masani_08-05-1964.pdf	4277	1964-05-08	1964		to	Minoo Masani	minoo-masani	resolved	letter	letter
4278-Letter_to_C_Rajagopalachari_08-05-1964.pdf	4278	1964-05-08	1964		to	C Rajagopalachari	c-rajagopalachari	resolved	letter	letter
4279-Letter_to_Mr_Minoo_Masani_07-05-1964.pdf	4279	1964-05-07	1964		to	Minoo Masani	minoo-masani	resolved	letter	letter
428-Swatantra_Party_Minutes_of_Meeting_19-03-1969.pdf	428	1969-03-19	1969						minutes	minutes
4280-Letter_to_Mr_Minoo_Masani_06-05-1964.pdf	4280	1964-05-06	1964		to	Minoo Masani	minoo-masani	resolved	letter	letter
4281-Letter_to_C_Rajagopalachari_07-05-1964.pdf	4281	1964-05-07	1964		to	C Rajagopalachari	c-rajagopalachari	resolved	letter	letter
4282-Letter_to_C_Rajagopalachari_06-05-1964.pdf	4282	1964-05-06	1964		to	C Rajagopalachari	c-rajagopalachari	resolved	letter	letter
4283-Letter_to_C_Rajagopalachari_06-05-1964.pdf	4283	1964-05-06	1964		to	C Rajagopalachari	c-rajagopalachari	resolved	letter	letter
4284-Letter_to_Mr_Minoo_Masani_05-05-1964.pdf	4284	1964-05-05	1964		to	Minoo Masani	minoo-masani	resolved	letter	letter
4285-Letter_to_Mr_Minoo_Masani_02-05-1964.pdf	4285	1964-05-02	1964		to	Minoo Masani	minoo-masani	resolved	letter	letter
4286-Letter_to_Mr_Minoo_Masani_01-05-1964.pdf	4286	1964-05-01	1964		to	Minoo Masani	minoo-masani	resolved	letter	letter
4287-Letter_to_C_Rajagopalachari_01-05-1964.pdf	4287	1964-05-01	1964		to	C Rajagopalachari	c-rajagopalachari	resolved	letter	letter
4288-Letter_to_C_Rajagopalachari_30-04-1964.pdf	4288	1964-04-30	1964		to	C Rajagopalachari	c-rajagopalachari	resolved	letter	letter
4289-Letter_to_Mr_Minoo_Masani_29-04-1964.pdf	4289	1964-04-29	1964		to	Minoo Masani	minoo-masani	resolved	letter	letter
429-Swatantra_Party_Minutes_of_Meeting_10-03-1969.pdf	429	1969-03-10	1969						minutes	minutes
4290-Letter_to_Lal_Bahadur_Shastri_29-04-1964.pdf	4290	1964-04-29	1964		to	Lal Bahadur Shastri		unresolved	letter	letter
4291-Letter_to_Mr_Minoo_Masani.pdf	4291				to	Minoo Masani	minoo-masani	resolved	letter	letter
4292-Letter_to_C_Rajagopalachari_29-04-1964.pdf	4292	1964-04-29	1964		to	C Rajagopalachari	c-rajagopalachari	resolved	letter	letter
4293-Letter_to_Mr_Minoo_Masani_29-04-1964.pdf	4293	1964-04-29	1964		to	Minoo Masani	minoo-masani	resolved	letter	letter
4294-Letter_to_C_Rajagopalachari_29-04-1964.pdf	4294	1964-04-29	1964		to	C Rajagopalachari	c-rajagopalachari	resolved	letter	letter
4295-Letter_to_Piloo_Mody_27-04-1964.pdf	4295	1964-04-27	1964		to	Piloo Mody	piloo-mody	resolved	letter	letter
4296-Letter_to_Mr_Minoo_Masani_23-04-1964.pdf	4296	1964-04-23	1964		to	Minoo Masani	minoo-masani	resolved	letter	letter
4297-Letter_to_Dahyabhai_V_Patel_23-04-1964.pdf	4297	1964-04-23	1964		to	Dahyabhai V Patel		unresolved	letter	letter
4298-Letter_to_C_Rajagopalachari_21-04-1964.pdf	4298	1964-04-21	1964		to	C Rajagopalachari	c-rajagopalachari	resolved	letter	letter
4299-Gujrat_Sanchar_18-03-1964.pdf	4299	1964-03-18	1964							
43-Letter_to_Mr_U_M_Trivedi_23-03-1971.pdf	43	1971-03-23	1971		to	U M Trivedi		unresolved	letter	letter
430-Swatantra_Party_Minutes_of_Meeting_03-05-1969.pdf	430	1969-05-03	1969						minutes	minutes
4300-Letter_to_Mr_Minoo_Masani_19-04-1964.pdf	4300	1964-04-19	1964		to	Minoo Masani	minoo-masani	resolved	letter	letter
4301-Telegram_to_Mr_Minoo_Masani.pdf	4301				to	Minoo Masani	minoo-masani	resolved	telegram	telegram
4302-Letter_to_Mr_Minoo_Masani_18-04-1964.pdf	4302	1964-04-18	1964		to	Minoo Masani	minoo-masani	resolved	letter	letter
4303-Letter_to_Mr_Minoo_Masani_16-04-1964.pdf	4303	1964-04-16	1964		to	Minoo Masani	minoo-masani	resolved	letter	letter
4304-Am_I_Wrong.pdf	4304									
4305-Telegram_to_Mr_Minoo_Masani_13-04-1964.pdf	4305	1964-04-13	1964		to	Minoo Masani	minoo-masani	resolved	telegram	telegram
4306-Telegram_to_Mr_Minoo_Masani_13-04-1964.pdf	4306	1964-04-13	1964		to	Minoo Masani	minoo-masani	resolved	telegram	telegram
4307-Telegram_to_Mr_Minoo_Masani_12-04-1964.pdf	4307	1964-04-12	1964		to	Minoo Masani	minoo-masani	resolved	telegram	telegram
4308-Letter_to_Mr_Minoo_Masani_12-04-1964.pdf	4308	1964-04-12	1964		to	Minoo Masani	minoo-masani	resolved	letter	letter
4309-Letter_to_Mr_Minoo_Masani_10-04-1964.pdf	4309	1964-04-10	1964		to	Minoo Masani	minoo-masani	resolved	letter	letter
431-Swatantra_Party_Minutes_of_Meeting-Notice&Agenda_28-02-1969.pdf	431	1969-02-28	1969						minutes	minutes
4310-Letter_to_C_Rajagopalachari_10-04-1964.pdf	4310	1964-04-10	1964		to	C Rajagopalachari	c-rajagopalachari	resolved	letter	letter
4311-Demand_in_Lok_Sabha_to_Convene_Asian_Nation_10-04-1964.pdf	4311	1964-04-10	1964							
4312-Letter_to_Mr_Minoo_Masani_09-04-1964.pdf	4312	1964-04-09	1964		to	Minoo Masani	minoo-masani	resolved	letter	letter
4313-Letter_to_C_Rajagopalachari_08-04-1964.pdf	4313	1964-04-08	1964		to	C Rajagopalachari	c-rajagopalachari	resolved	letter	letter
4314-Letter_to_C_Rajagopalachari_08-04-1964.pdf	4314	1964-04-08	1964		to	C Rajagopalachari	c-rajagopalachari	resolved	letter	letter
4315-Letter_to_C_Rajagopalachari_08-04-1964.pdf	4315	1964-04-08	1964		to	C Rajagopalachari	c-rajagopalachari	resolved	letter	letter
4316-Letter_to_Fazel_Fazalbhoy_08-04-1964.pdf	4316	1964-04-08	1964		to	Fazel Fazalbhoy		unresolved	letter	letter
4317-Letter_to_Mr_Minoo_Masani_07-04-1964.pdf	4317	1964-04-07	1964		to	Minoo Masani	minoo-masani	resolved	letter	letter
4318-Letter_to_N_G_Ranga_06-04-1964.pdf	4318	1964-04-06	1964		to	N G Ranga		unresolved	letter	letter
4319-Letter_to_C_Rajagopalachari_29-07-1964.pdf	4319	1964-07-29	1964		to	C Rajagopalachari	c-rajagopalachari	resolved	letter	letter
432-Swatantra_Party_Minutes_of_Meeting_26-02-1969.pdf	432	1969-02-26	1969						minutes	minutes
4320-Letter_to_N_G_Ranga_29-07-1964.pdf	4320	1964-07-29	1964		to	N G Ranga		unresolved	letter	letter
4321-Letter_to_Mr_Minoo_Masani_26-07-1964.pdf	4321	1964-07-26	1964		to	Minoo Masani	minoo-masani	resolved	letter	letter
4322-Letter_to_Mr_Minoo_Masani_28-07-1964.pdf	4322	1964-07-28	1964		to	Minoo Masani	minoo-masani	resolved	letter	letter
4323-Letter_to_N_G_Ranga_26-07-1964.pdf	4323	1964-07-26	1964		to	N G Ranga		unresolved	letter	letter
4324-Letter_to_Mr_Minoo_Masani_26-07-1964.pdf	4324	1964-07-26	1964		to	Minoo Masani	minoo-masani	resolved	letter	letter
4325-Letter_to_Mr_Minoo_Masani_26-07-1964.pdf	4325	1964-07-26	1964		to	Minoo Masani	minoo-masani	resolved	letter	letter
4326-Letter_to_Mr_Minoo_Masani_25-07-1964.pdf	4326	1964-07-25	1964		to	Minoo Masani	minoo-masani	resolved	letter	letter
4327-Letter_to_N_G_Ranga_25-07-1964.pdf	4327	1964-07-25	1964		to	N G Ranga		unresolved	letter	letter
4328-Letter_to_C_Rajagopalachari_24-07-1964.pdf	4328	1964-07-24	1964		to	C Rajagopalachari	c-rajagopalachari	resolved	letter	letter
4329-Letter_to_N_G_Ranga_24-07-1964.pdf	4329	1964-07-24	1964		to	N G Ranga		unresolved	letter	letter
433-Swatantra_Party_Minutes_of_Meeting_22-02-1969.pdf	433	1969-02-22	1969						minutes	minutes
4330-Letter_to_N_G_Ranga_24-07-1964.pdf	4330	1964-07-24	1964		to	N G Ranga		unresolved	letter	letter
4331-Letter_to_N_G_Ranga_24-07-1964.pdf	4331	1964-07-24	1964		to	N G Ranga		unresolved	letter	letter
4332-Letter_to_Mr_Minoo_Masani_22-07-1964.pdf	4332	1964-07-22	1964		to	Minoo Masani	minoo-masani	resolved	letter	letter
4333-Letter_to_C_Rajagopalachari_19-07-1964.pdf	4333	1964-07-19	1964		to	C Rajagopalachari	c-rajagopalachari	resolved	letter	letter
4334-Letter_to_Mr_Minoo_Masani_16-07-1964.pdf	4334	1964-07-16	1964		to	Minoo Masani	minoo-masani	resolved	letter	letter
4335-Letter_to_N_G_Ranga_16-07-1964.pdf	4335	1964-07-16	1964		to	N G Ranga		unresolved	letter	letter
4336-Letter_to_N_G_Ranga_12-07-1964.pdf	4336	1964-07-12	1964		to	N G Ranga		unresolved	letter	letter
4337-Letter_to_N_G_Ranga_09-07-1964.pdf	4337	1964-07-09	1964		to	N G Ranga		unresolved	letter	letter
4338-Letter_to_S_V_Raju_14-07-1964.pdf	4338	1964-07-14	1964		to	S V Raju	s-v-raju	resolved	letter	letter
4339-Letter_to_Krishnalal_Shrivastava_10-07-1964.pdf	4339	1964-07-10	1964		to	Krishnalal Shrivastava		unresolved	letter	letter
434-Swatantra_Party_Minutes_of_Meeting_11-12-1968.pdf	434	1968-12-11	1968						minutes	minutes
4340-Letter_to_Acharya_Ranga_06-07-1964.pdf	4340	1964-07-06	1964		to	Acharya Ranga		unresolved	letter	letter
4341-Letter_to_P_K_Deo_19-07-1964.pdf	4341	1964-07-19	1964		to	P K Deo		unresolved	letter	letter
4342-Letter_to_Mr_Minoo_Masani_09-01-1964.pdf	4342	1964-01-09	1964		to	Minoo Masani	minoo-masani	resolved	letter	letter
4343-Letter_to_C_Rajagopalachari_09-07-1964.pdf	4343	1964-07-09	1964		to	C Rajagopalachari	c-rajagopalachari	resolved	letter	letter
4344-Letter_to_P_K_Deo.pdf	4344				to	P K Deo		unresolved	letter	letter
4345-Letter_to_P_K_Deo_18-06-1964.pdf	4345	1964-06-18	1964		to	P K Deo		unresolved	letter	letter
4346-Letter_to_Mr_Minoo_Masani_05-07-1964.pdf	4346	1964-07-05	1964		to	Minoo Masani	minoo-masani	resolved	letter	letter
4347-Letter_to_S_V_Raju_05-07-1964.pdf	4347	1964-07-05	1964		to	S V Raju	s-v-raju	resolved	letter	letter
4348-Letter_to_C_Rajagopalachari_01-07-1964.pdf	4348	1964-07-01	1964		to	C Rajagopalachari	c-rajagopalachari	resolved	letter	letter
4349-Letter_to_C_Rajagopalachari_25-06-1964.pdf	4349	1964-06-25	1964		to	C Rajagopalachari	c-rajagopalachari	resolved	letter	letter
435-Swatantra_Party_Minutes_of_Meeting_27-11-1968.pdf	435	1968-11-27	1968						minutes	minutes
4350-Letter_to_C_Rajagopalachari_25-06-1964.pdf	4350	1964-06-25	1964		to	C Rajagopalachari	c-rajagopalachari	resolved	letter	letter
4351-Letter_to_C_Rajagopalachari_24-06-1964.pdf	4351	1964-06-24	1964		to	C Rajagopalachari	c-rajagopalachari	resolved	letter	letter
4352-Letter_to_C_Rajagopalachari_23-06-1954.pdf	4352	1954-06-23	1954		to	C Rajagopalachari	c-rajagopalachari	resolved	letter	letter
4353-Letter_to_Mr_Minoo_Masani_04-01-1966.pdf	4353	1966-01-04	1966		to	Minoo Masani	minoo-masani	resolved	letter	letter
4354-Letter_to_Mr_Minoo_Masani_11-06-1964.pdf	4354	1964-06-11	1964		to	Minoo Masani	minoo-masani	resolved	letter	letter
4355-Letter_to_Mr_Minoo_Masani_30-07-1964.pdf	4355	1964-07-30	1964		to	Minoo Masani	minoo-masani	resolved	letter	letter
4356-C_Rajagopalachari_Tour_Programme_15-04-1965.pdf	4356	1965-04-15	1965						manifesto	occasional_paper
4357-Letter_to_Mr_Minoo_Masani_02-04-1965.pdf	4357	1965-04-02	1965		to	Minoo Masani	minoo-masani	resolved	letter	letter
4358-Letter_to_Mr_Minoo_Masani_01-04-1965.pdf	4358	1965-04-01	1965		to	Minoo Masani	minoo-masani	resolved	letter	letter
4359-Letter_to_C_Rajagopalachari_31-07-1964.pdf	4359	1964-07-31	1964		to	C Rajagopalachari	c-rajagopalachari	resolved	letter	letter
436-Swatantra_Party_Minutes_of_Meeting_26-11-1968.pdf	436	1968-11-26	1968						minutes	minutes
4360-Letter_to_C_Rajagopalachari_12-06-1964.pdf	4360	1964-06-12	1964		to	C Rajagopalachari	c-rajagopalachari	resolved	letter	letter
4361-Letter_from_Lalit_Kumar_09-06-1964.pdf	4361	1964-06-09	1964		from	Lalit Kumar		unresolved	letter	letter
4362-Politics-A_Wholetime_Occupation-Times_Weekly_13-08-1972.pdf	4362	1972-08-13	1972							
4363-Swatantras_Flawed_Experiment-Business_Standard_20-11-2002.pdf	4363	2002-11-20	2002							
4364-The_Notional_Alternative-Freedom_First-Sept_1974.pdf	4364	1974-09	1974							
4365-Carry_On_Said_Rajaji-Freedom_First-February_1973.pdf	4365	1973-02	1973							
4366-Letter_to_Sanjeev.pdf	4366				to	Sanjeev		unresolved	letter	letter
4367-SC-Socialism_Cannot_be_Deleted_from_Statute.pdf	4367									
4368-Shortage_of_Skilled_Labour_Pinches_Eastern_Europe_11-07-2007.pdf	4368	2007-07-11	2007							
4369-It_is_a_Small_World-Sunday_Express_17-02-2008.pdf	4369	2008-02-17	2008						press_note	press_note
437-Swatantra_Party_Minutes_of_Meeting_27-11-1968.pdf	437	1968-11-27	1968						minutes	minutes
4370-Our_Socialist_Agenda-The_Time_to_Oust_it_has_Come_17-01-2008.pdf	4370	2008-01-17	2008						agenda	circular
4371-Letter_to_Raju_08-01-2008.pdf	4371	2008-01-08	2008		to	Raju		unresolved	letter	letter
4372-Where_we_Stand-The_Times_of_India_15-01-2008.pdf	4372	2008-01-15	2008							
4373-Making_a_Morckey_of_Indian_Democracy-Freedom_First-January_1995.pdf	4373	1995-01	1995							
4374-Why_Compel_All_to_Conform_or_Lie_23-11-2007.pdf	4374	2007-11-23	2007							
4375-Letter_to_S_V_Raju_26-09-1977.pdf	4375	1977-09-26	1977		to	S V Raju	s-v-raju	resolved	letter	letter
4376-The_Rajaji_Foundation.pdf	4376									
4377-India_Needs_a_Liberal_Political_Party.pdf	4377									
4378-Of_Liberalism_and_Liberalisation_22-04-2004.pdf	4378	2004-04-22	2004							
4379-Liberalism_and_Liberalisation_19-03-2004.pdf	4379	2004-03-19	2004							
438-Swatantra_Party_Minutes_of_Meeting_15-11-1968.pdf	438	1968-11-15	1968						minutes	minutes
4380-Liberalism_in_India_22-01-2004.pdf	4380	2004-01-22	2004							
4381-A_Wayward_But_Evolving_Democracy.pdf	4381									
4382-Treat_Budgets_Simply_as_hisaab-Kitaab_Documents_27-02-2006.pdf	4382	2006-02-27	2006							
4383-On_the_Right_Road_But_Not_a_Market-Driven_economy_15-08-2005.pdf	4383	2005-08-15	2005							
4384-8th_International_Colloquium_27-11-1972.pdf	4384	1972-11-27	1972							
4385-A_Wayward_But_Evolving_Democracy.pdf	4385									
4386-Liberalisms_Prospects_in_Contemporary_India-March_2003.pdf	4386	2003-03	2003							
4387-Liberalism_is_Contemporary_India_06-12-2003.pdf	4387	2003-12-06	2003							
4388-The_Cyberisation_of_India.pdf	4388									
4389-Liberalism-A_Contemporary_View.pdf	4389									
439-Swatantra_Party_Minutes_of_Meeting_13-11-1968.pdf	439	1968-11-13	1968						minutes	minutes
4390-Liberty_and_Equality_Freedom_is_the_Supreme_Value-The_Times_of_India_19-07-2000.pdf	4390	2000-07-19	2000							
4391-The_Liberal_Movement_in_india-A_Brief_Note_12-09-2001.pdf	4391	2001-09-12	2001							
4392-Liberal_Political_Initiatives-past_and_Present_Third_Time_Lucky-Liberal_Times.pdf	4392									
4393-Continuing_Relevance_of_Liberalism_30-07-2001.pdf	4393	2001-07-30	2001							
4394-Quintessential_Dissenter-Janata_26-07-1998.pdf	4394	1998-07-26	1998							
4395-M_A_Rane_Felicitated-April_2001.pdf	4395	2001-04	2001							
4396-The_Cyberisation_of_India.pdf	4396									
4397-UN_Charter_Day_Meeting_26-06-2000.pdf	4397	2000-06-26	2000							
4398-The_State_and_Role_of_the_Middle_Classes_in_India.pdf	4398									
4399-Organized_Crime_in_India.pdf	4399									
44-Letter_to_Mr_Minoo_Masani_11-03-1971.pdf	44	1971-03-11	1971		to	Minoo Masani	minoo-masani	resolved	letter	letter
440-Swatantra_Party_Minutes_of_Meeting_11-11-1968.pdf	440	1968-11-11	1968						minutes	minutes
4400-Public_Services_and_the_New_Role_of_the_State_and_Government.pdf	4400									
4401-Liberalism-A_Contemporary_View_24-04-2000.pdf	4401	2000-04-24	2000							
4402-The_Libera_Vision-TheTimes_India_07-07-2000.pdf	4402	2000-07-07	2000							
4403-What_Deters_Indias_Liberals-The_Economic_Times_Mumbai_18-05-1999.pdf	4403	1999-05-18	1999							
4404-Prospects_for_a_Liberal_Party_in_India-Economic_Times.pdf	4404									
4405-The_Chances_for_Peace_in_the_Indian_Sub-Continent.pdf	4405									
4406-Are_Coalition_Governments_Good_or_Bad_05-05-1999.pdf	4406	1999-05-05	1999							
4407-Lok_Sabha_Elections_1952_to_1991.pdf	4407	1991	1991							
4408-Events-Times_of_India_05-05-1999.pdf	4408	1999-05-05	1999							
4409-Schedule_of_Meetings_03-05-1999.pdf	4409	1999-05-03	1999							
441-Swatantra_Party_Minutes_of_Meeting_29-08-1968.pdf	441	1968-08-29	1968						minutes	minutes
4410-Letter_to_S_V_Raju_28-04-1999.pdf	4410	1999-04-28	1999		to	S V Raju	s-v-raju	resolved	letter	letter
4411-The_Right_to_Information_and_the_Right_to_Literacy-Liberal_Times.pdf	4411									
4412-The_Right_to_Information.pdf	4412									
4413-Letter_to_S_V_Raju_28-12-1998.pdf	4413	1998-12-28	1998		to	S V Raju	s-v-raju	resolved	letter	letter
4414-Do_We_Need_a_New_Public_Philosophy.pdf	4414									
4415-Letter_to_S_V_Raju_27-03-1989.pdf	4415	1989-03-27	1989		to	S V Raju	s-v-raju	resolved	letter	letter
4416-Letter_to_Rajmata_Gayatri_Devi_18-07-1989.pdf	4416	1989-07-18	1989		to	Rajmata Gayatri Devi		unresolved	letter	letter
4417-Letter_to_S_V_Raju_07-09-1989.pdf	4417	1989-09-07	1989		to	S V Raju	s-v-raju	resolved	letter	letter
4418-Letter_to_Dr_K_Thiagarajan_26-03-1974.pdf	4418	1974-03-26	1974		to	K Thiagarajan		unresolved	letter	letter
4419-George_Fernandes.pdf	4419									
442-Swatantra_Party_Minutes_of_Meeting_28-08-1968.pdf	442	1968-08-28	1968						minutes	minutes
4420-Getting_the_Facts_Straight.pdf	4420									
4421-Defeat_Dictatorship-Help_Democracy_Win_Victory_22-02-1977.pdf	4421	1977-02-22	1977							
4422-Defeat_Dictatorship-Help_Democracy_Win_Victory_22-02-1977.pdf	4422	1977-02-22	1977							
4423-Towards_a_Free_Society_The_Gandhian_Alternative.pdf	4423									
4424-Lok_Sabha_Election_16-03-1977.pdf	4424	1977-03-16	1977							
4425-Chagla_call_to_Vote_for_Freedom_Democracy.pdf	4425									
4426-Invitation_Card.pdf	4426									
4427-Lok_Sabha_Election_16-03-1977.pdf	4427	1977-03-16	1977							
4428-Letter_to_Mr_Minoo_Masani_19-10-1978.pdf	4428	1978-10-19	1978		to	Minoo Masani	minoo-masani	resolved	letter	letter
4429-Letter_from_J_B_Dsouza_31-05-1989.pdf	4429	1989-05-31	1989		from	J B Dsouza		unresolved	letter	letter
443-Swatantra_Party_Minutes_of_Meeting_23-08-1968.pdf	443	1968-08-23	1968						minutes	minutes
4430-Letter_to_S_V_Raju_11-09-1989.pdf	4430	1989-09-11	1989		to	S V Raju	s-v-raju	resolved	letter	letter
4431-Letter_to_H_M_Patel_07-07-1989.pdf	4431	1989-07-07	1989		to	H M Patel	h-m-patel	resolved	letter	letter
4432-Letter_to_Philip_Mason_12-07-1989.pdf	4432	1989-07-12	1989		to	Philip Mason		unresolved	letter	letter
4433-Letter_to_William_F_Buckley_Jr_12-07-1989.pdf	4433	1989-07-12	1989		to	William F Buckley Jr		unresolved	letter	letter
4434-Letter_to_S_V_Raju_10-08-1989.pdf	4434	1989-08-10	1989		to	S V Raju	s-v-raju	resolved	letter	letter
4435-Letter_to_S_V_Raju_14-08-1989.pdf	4435	1989-08-14	1989		to	S V Raju	s-v-raju	resolved	letter	letter
4436-Letter_to_Mr_Minoo_Masani_04-10-1989.pdf	4436	1989-10-04	1989		to	Minoo Masani	minoo-masani	resolved	letter	letter
4437-Letter_to_S_V_Raju_24-08-1989.pdf	4437	1989-08-24	1989		to	S V Raju	s-v-raju	resolved	letter	letter
4438-Letter_to_S_V_Raju_31-01-1990.pdf	4438	1990-01-31	1990		to	S V Raju	s-v-raju	resolved	letter	letter
4439-Letter_to_S_V_Raju_23-02-1990.pdf	4439	1990-02-23	1990		to	S V Raju	s-v-raju	resolved	letter	letter
444-Swatantra_Party_Minutes_of_Meeting_21-08-1968.pdf	444	1968-08-21	1968						minutes	minutes
4440-Letter_to_S_V_Raju_05-02-1990.pdf	4440	1990-02-05	1990		to	S V Raju	s-v-raju	resolved	letter	letter
4441-Letter_to_S_V_Raju_27-03-1992.pdf	4441	1992-03-27	1992		to	S V Raju	s-v-raju	resolved	letter	letter
4442-Indian_Committee_for_Cultural_Freedom_05-02-1969.pdf	4442	1969-02-05	1969							
4443-Letter_to_S_V_Raju_19-04-2007.pdf	4443	2007-04-19	2007		to	S V Raju	s-v-raju	resolved	letter	letter
4444-Letter_to_Syt_Viren_Shah_07-12-2003.pdf	4444	2003-12-07	2003		to	Syt Viren Shah		unresolved	letter	letter
4445-Growing_With_the_Republic.pdf	4445									
4446-Letter_to_J_R_D_Tata_14-06-1961.pdf	4446	1961-06-14	1961		to	J R D Tata	jrd-tata	resolved	letter	letter
4447-Letter_to_J_R_D_Tata_15-05-1961.pdf	4447	1961-05-15	1961		to	J R D Tata	jrd-tata	resolved	letter	letter
4448-Letter_to_Dharamsey_M_Khatau_12-06-1961.pdf	4448	1961-06-12	1961		to	Dharamsey M Khatau		unresolved	letter	letter
4449-Letter_to_Dharamsey_M_Khatau_15-06-1961.pdf	4449	1961-06-15	1961		to	Dharamsey M Khatau		unresolved	letter	letter
445-Swatantra_Party_Minutes_of_Meeting_21-08-1968.pdf	445	1968-08-21	1968						minutes	minutes
4450-Letter_to_C_Rajagopalachari_20-06-1961.pdf	4450	1961-06-20	1961		to	C Rajagopalachari	c-rajagopalachari	resolved	letter	letter
4451-Letter_to_C_Rajagopalachari_15-07-1961.pdf	4451	1961-07-15	1961		to	C Rajagopalachari	c-rajagopalachari	resolved	letter	letter
4452-Hitendra_Meets_Masani-Indian_Express_22-01-1971.pdf	4452	1971-01-22	1971						press_note	press_note
4453-Masani_Foresees_Merger_of_Alliance_Partners-The_Tomes_of_India_29-01-1971.pdf	4453	1971-01-29	1971							
4454-Swatantra_to_Fight_on_Agreed_Plan-Indian_Express_29-01-1971.pdf	4454	1971-01-29	1971						press_note	press_note
4455-Masani_allows_Free_Vote-Indian_Express_05-02-1971.pdf	4455	1971-02-05	1971						press_note	press_note
4456-Masanis_Wife_to_Campaign_For_Cong_R-Free_Press_Journal_06-02-1971.pdf	4456	1971-02-06	1971						press_note	press_note
4457-Masani_Explains_Manifesto-March_of_the_Nation_06-02-1971.pdf	4457	1971-02-06	1971						manifesto	occasional_paper
4458-What_is_the_Election_For-March_of_the_Nation_06-02-1971.pdf	4458	1971-02-06	1971							
4459-Minoo_&_Marxists-New_Age_07-02-1971.pdf	4459	1971-02-07	1971							
446-Swatantra_Party_Minutes_of_Meeting_12-08-1968.pdf	446	1968-08-12	1968						minutes	minutes
4460-Make_Your_Choice-4_07-02-1971.pdf	4460	1971-02-07	1971							
4461-Better-Half_on_Other-Indian_Express_07-02-1971.pdf	4461	1971-02-07	1971						press_note	press_note
4462-Democratic_Family-Indian_Express_13-02-1971.pdf	4462	1971-02-13	1971						press_note	press_note
4463-PMs_Gamble_Will_Fail_by_Masani-Sunday_Standard_14-02-1971.pdf	4463	1971-02-14	1971							
4464-Masani_Outlines_Employment_Plan-Economic_Times_14-02-1971.pdf	4464	1971-02-14	1971							
4465-Masani_Attacks_PMs_Policy-Bharat_Joyti_14-02-1971.pdf	4465	1971-02-14	1971							
4466-It_is_Gandhi_Vs_Marx_in_India_by_Masani_14-02-1971.pdf	4466	1971-02-14	1971							
4467-Masanis-PMs_Gamble_Will_Fail-Sunday_Standard_14-02-1971.pdf	4467	1971-02-14	1971							
4468-When_Masani_was_In_the_Wrong-Sunday_Standard_14-02-1971.pdf	4468	1971-02-14	1971							
4469-Joint_Declaration_Still_Possible_Says_Masani-The_Hindu_14-02-1971.pdf	4469	1971-02-14	1971							
447-Swatantra_Party_Minutes_of_Meeting_07-08-1968.pdf	447	1968-08-07	1968						minutes	minutes
4470-PMs_Gamble_Will_Fail_Prophesies_Masani-The_Times_Of_India_14-02-1971.pdf	4470	1971-02-14	1971							
4471-Swatantra_Will_End_State_Capitalism_Exploitation-Hindustan_Times_Weekly_14-02-1971.pdf	4471	1971-02-14	1971							
4472-What_India_Meant_to_Me_14-02-1971.pdf	4472	1971-02-14	1971							
4473-Trickery-Patriot_15-02-1971.pdf	4473	1971-02-15	1971							
4474-The_Middle_Groud-Hindustan_Times_16-02-1971.pdf	4474	1971-02-16	1971							
4475-Exemplary_Tolerannce-The_Indian_Nation_16-02-1971.pdf	4475	1971-02-16	1971							
4476-Choice_is_With_People_by_Masani-Indian_Express_17-02-1971.pdf	4476	1971-02-17	1971						press_note	press_note
4477-Masani_Assails_PMs_Economic_Policy-Indian_Express_17-02-1971.pdf	4477	1971-02-17	1971						press_note	press_note
4478-PM_Pursuing_Wrong_Policy_Says_Masani-Times_of_India_18-02-1971.pdf	4478	1971-02-18	1971							
4479-Election_Free-For-All_&_Unfair-March_of_the_Nation_27-02-1971.pdf	4479	1971-02-27	1971							
448-Swatantra_Party_Minutes_of_Meeting_06-08-1968.pdf	448	1968-08-06	1968						minutes	minutes
4480-Indiras_Socialism_is_Shortcut_to_Slavery-March_of_the_Nation_27-02-1971.pdf	4480	1971-02-27	1971							
4481-Masani_Canvasses_for_Meghraj-Indian_Express_03-03-1971.pdf	4481	1971-03-03	1971						press_note	press_note
4482-Mrs_Masani_Joins_New_Congress-Times_of_India_04-03-1971.pdf	4482	1971-03-04	1971							
4483-Mrs_Masani_Joins_New_Congress-Hindustan_Times_04-03-1971.pdf	4483	1971-03-04	1971							
4484-Mrs_Masani_Joins_New_Congress-Indian_Express_04-03-1971.pdf	4484	1971-03-04	1971						press_note	press_note
4485-Letter_from_Mr_Minoo_Masani_04-03-1971.pdf	4485	1971-03-04	1971		from	Minoo Masani	minoo-masani	resolved	letter	letter
4486-Masani_Rules_out_Party_Party_Support_to_Fernandes-Free_Press_Journal_05-03-1971.pdf	4486	1971-03-05	1971						press_note	press_note
4487-Voting_Over_In_Four_States_Bombay_All_Set_For_Poll-The_Economic_Times_05-03-1971.pdf	4487	1971-03-05	1971							
4488-Sterile_Appraisal-Statesman_06-03-1971.pdf	4488	1971-03-06	1971							
4489-Confusion_&_Chaos-March_of_the_Nation_06-03-1971.pdf	4489	1971-03-06	1971							
449-Swatantra_Party_Minutes_of_Meeting_30-07-1968.pdf	449	1968-07-30	1968						minutes	minutes
4490-The_Fault_Dear_Brutus_is_not_in_Ourselves_but_in_our_Stars-Indian_Express_17-03-1971.pdf	4490	1971-03-17	1971						press_note	press_note
4491-The_65_Million_question-The_Economist_20-03-1971.pdf	4491	1971-03-20	1971							
4492-When_EMS_Listened_to_Masani-Statesman_21-03-1971.pdf	4492	1971-03-21	1971							
4493-Masani_Challenges_New_Congress_Claim-Times_of_India_31-03-1971.pdf	4493	1971-03-31	1971							
4494-Delhi_Policies_Will_Lead_to_Chaos_by_Masani-Free_Press_Journal_31-03-1971.pdf	4494	1971-03-31	1971						press_note	press_note
4495-Masani_Analyses_Causes_of_Indira_Victory-Indian_Express_31-03-1971.pdf	4495	1971-03-31	1971						press_note	press_note
4496-Manifarcetoes.pdf	4496									
4497-This_Way_to_Democracy_by_Masani-May_1946.pdf	4497	1946-05	1946							
4498-Prophecy_Comes_True-Blitz_13-02-1971.pdf	4498	1971-02-13	1971							
4499-Guilty_of_Nehrumania-Blitz_06-02-1971.pdf	4499	1971-02-06	1971							
45-Letter_to_Mr_Minoo_Masani_15-03-1971.pdf	45	1971-03-15	1971		to	Minoo Masani	minoo-masani	resolved	letter	letter
450-Swatantra_Party_Minutes_of_Meeting-Notice&Agenda_25-07-1968.pdf	450	1968-07-25	1968						minutes	minutes
4500-Blitz_on_its_30th_Anniversary_30-01-1971.pdf	4500	1971-01-30	1971							
4501-Letter_to_N_Dandekar_04-08-1968.pdf	4501	1968-08-04	1968		to	N Dandekar	n-dandekar	resolved	letter	letter
4502-Circular_Letter_No_9_06-07-1968.pdf	4502	1968-07-06	1968						letter	letter
4503-Letter_from_Mr_Minoo_Masani.pdf	4503				from	Minoo Masani	minoo-masani	resolved	letter	letter
4504-Civil_Suit_No_410_1967.pdf	4504	1967	1967							
4505-Letter_from_Mr_Minoo_Masani_28-06-1968.pdf	4505	1968-06-28	1968		from	Minoo Masani	minoo-masani	resolved	letter	letter
4506-Letter_to_Mr_Minoo_Masani_25-06-1968.pdf	4506	1968-06-25	1968		to	Minoo Masani	minoo-masani	resolved	letter	letter
4507-Letter_to_C_Rajagopalachari_21-06-1968.pdf	4507	1968-06-21	1968		to	C Rajagopalachari	c-rajagopalachari	resolved	letter	letter
4508-Letter_to_J_S_Davids_20-06-1968.pdf	4508	1968-06-20	1968		to	J S Davids		unresolved	letter	letter
4509-Letter_to_Mr_Minoo_Masani_19-06-1968.pdf	4509	1968-06-19	1968		to	Minoo Masani	minoo-masani	resolved	letter	letter
451-Swatantra_Party_Minutes_of_Meeting_25-07-1968.pdf	451	1968-07-25	1968						minutes	minutes
4510-Swatantra_Party_Minutes_of_Meeting.pdf	4510								minutes	minutes
4511-Letter_from_N_Dandekar_18-06-1968.pdf	4511	1968-06-18	1968		from	N Dandekar	n-dandekar	resolved	letter	letter
4512-Letter_to_Mr_Minoo_Masani_19-06-1968.pdf	4512	1968-06-19	1968		to	Minoo Masani	minoo-masani	resolved	letter	letter
4513-Swatantra_Party_Minutes_of_Meeting.pdf	4513								minutes	minutes
4514-Letter_to_Mr_Minoo_Masani_18-06-1968.pdf	4514	1968-06-18	1968		to	Minoo Masani	minoo-masani	resolved	letter	letter
4515-Letter_to_Mr_Minoo_Masani_18-06-1968.pdf	4515	1968-06-18	1968		to	Minoo Masani	minoo-masani	resolved	letter	letter
4516-Letter_to_Mr_Minoo_Masani_17-06-1968.pdf	4516	1968-06-17	1968		to	Minoo Masani	minoo-masani	resolved	letter	letter
4517-Letter_from_Mr_Minoo_Masani_13-06-1968.pdf	4517	1968-06-13	1968		from	Minoo Masani	minoo-masani	resolved	letter	letter
4518-Letter_to_Mr_Minoo_Masani_04-06-1968.pdf	4518	1968-06-04	1968		to	Minoo Masani	minoo-masani	resolved	letter	letter
4519-Swatantra_at_the_Cross_Roads_by_V_T_Sreenivasan.pdf	4519									
452-Swatantra_Party_Minutes_of_Meeting_25-07-1968.pdf	452	1968-07-25	1968						minutes	minutes
4520-Letter_to_Mr_Minoo_Masani_11-06-1968.pdf	4520	1968-06-11	1968		to	Minoo Masani	minoo-masani	resolved	letter	letter
4521-Letter_to_J_R_D_Tata_10-06-1968.pdf	4521	1968-06-10	1968		to	J R D Tata	jrd-tata	resolved	letter	letter
4522-Letter_to_A_P_Jain_04-04-1968.pdf	4522	1968-04-04	1968		to	A P Jain		unresolved	letter	letter
4523-Points_Noted_by_Mr_Parameswar_During_the_General_Council_Meeting_Of_the_Swatantra_Party_01-06-1968.pdf	4523	1968-06-01	1968							
4524-Letter_to_Mr_Minoo_Masani_29-05-1968.pdf	4524	1968-05-29	1968		to	Minoo Masani	minoo-masani	resolved	letter	letter
4525-Letter_to_Mr_Pashabhai_Patel_03-06-1968.pdf	4525	1968-06-03	1968		to	Pashabhai Patel		unresolved	letter	letter
4526-Letter_to_Mr_Minoo_Masani_02-06-1968.pdf	4526	1968-06-02	1968		to	Minoo Masani	minoo-masani	resolved	letter	letter
4527-Defeat_of_the_Partys_Candidate_in_the_Biennial_Election_to_Rajya_Sabha_in_Gujrat-March_1968.pdf	4527	1968-03	1968							
4528-Letter_to_Mr_Minoo_Masani_29-05-1968.pdf	4528	1968-05-29	1968		to	Minoo Masani	minoo-masani	resolved	letter	letter
4529-Election_Seats.pdf	4529									
453-Swatantra_Party_Minutes_of_Meeting_25-07-1968.pdf	453	1968-07-25	1968						minutes	minutes
4530-Letter_to_Mr_Minoo_Masani_29-05-1968.pdf	4530	1968-05-29	1968		to	Minoo Masani	minoo-masani	resolved	letter	letter
4531-Letter_to_S_V_Raju_29-05-1968.pdf	4531	1968-05-29	1968		to	S V Raju	s-v-raju	resolved	letter	letter
4532-Letter_to_C_Rajagopalachari_29-05-1968.pdf	4532	1968-05-29	1968		to	C Rajagopalachari	c-rajagopalachari	resolved	letter	letter
4533-Letter_to_C_Rajagopalachari_28-05-1968.pdf	4533	1968-05-28	1968		to	C Rajagopalachari	c-rajagopalachari	resolved	letter	letter
4534-Letter_to_N_Dandekar_28-05-1968.pdf	4534	1968-05-28	1968		to	N Dandekar	n-dandekar	resolved	letter	letter
4535-Letter_to_Mr_Minoo_Masani_27-05-1968.pdf	4535	1968-05-27	1968		to	Minoo Masani	minoo-masani	resolved	letter	letter
4536-Transalation_of_Report_in_The_Jan_Satta_26-05-1968.pdf	4536	1968-05-26	1968						report	occasional_paper
4537-Letter_to_H_M_Patel_27-05-1968.pdf	4537	1968-05-27	1968		to	H M Patel	h-m-patel	resolved	letter	letter
4538-Letter_to_H_M_Patel_27-05-1968.pdf	4538	1968-05-27	1968		to	H M Patel	h-m-patel	resolved	letter	letter
4539-Letter_to_H_M_Patel_27-05-1968.pdf	4539	1968-05-27	1968		to	H M Patel	h-m-patel	resolved	letter	letter
454-Swatantra_Party_Minutes_of_Meeting_25-07-1968.pdf	454	1968-07-25	1968						minutes	minutes
4540-Letter_to_N_Dandekar_02-05-1968.pdf	4540	1968-05-02	1968		to	N Dandekar	n-dandekar	resolved	letter	letter
4541-Letter_to_Mr_Minoo_Masani_26-05-1968.pdf	4541	1968-05-26	1968		to	Minoo Masani	minoo-masani	resolved	letter	letter
4542-Letter_from_Vasanji_Kheraj_Thakrar_25-05-1968.pdf	4542	1968-05-25	1968		from	Vasanji Kheraj Thakrar		unresolved	letter	letter
4543-Letter_to_Mr_Minoo_Masani_24-05-1968.pdf	4543	1968-05-24	1968		to	Minoo Masani	minoo-masani	resolved	letter	letter
4544-Letter_to_Mr_Minoo_Masani_22-05-1968.pdf	4544	1968-05-22	1968		to	Minoo Masani	minoo-masani	resolved	letter	letter
4545-Letter_to_N_G_Ranga_22-05-1968.pdf	4545	1968-05-22	1968		to	N G Ranga		unresolved	letter	letter
4546-Letter_to_Mr_Minoo_Masani_21-05-1968.pdf	4546	1968-05-21	1968		to	Minoo Masani	minoo-masani	resolved	letter	letter
4547-Letter_to_Members_of_the_General_Council_21-05-1968.pdf	4547	1968-05-21	1968		to	Members of the General Council		not_a_person	letter	letter
4548-Letter_to_Mr_Minoo_Masani_21-05-1968.pdf	4548	1968-05-21	1968		to	Minoo Masani	minoo-masani	resolved	letter	letter
4549-Letter_from_Ratibhai_Ukabhai_Patel_21-05-1968.pdf	4549	1968-05-21	1968		from	Ratibhai Ukabhai Patel		unresolved	letter	letter
455-Swatantra_Party_Minutes_of_Meeting_22-07-1968.pdf	455	1968-07-22	1968						minutes	minutes
4550-Letter_to_Ratibhai_Ukabhai_Patel_21-05-1968.pdf	4550	1968-05-21	1968		to	Ratibhai Ukabhai Patel		unresolved	letter	letter
4551-Letter_to_Ratibhai_Ukabhai_Patel_20-05-1968.pdf	4551	1968-05-20	1968		to	Ratibhai Ukabhai Patel		unresolved	letter	letter
4552-Letter_from_J_M_Prabhu_18-05-1968.pdf	4552	1968-05-18	1968		from	J M Prabhu		unresolved	letter	letter
4553-A_Question_Of-Hindustan_Times_18-05-1968.pdf	4553	1968-05-18	1968							
4554-Letter_to_Mr_Minoo_Masani_16-05-1968.pdf	4554	1968-05-16	1968		to	Minoo Masani	minoo-masani	resolved	letter	letter
4555-Letter_from_Mr_Minoo_Masani_15-05-1968.pdf	4555	1968-05-15	1968		from	Minoo Masani	minoo-masani	resolved	letter	letter
4556-Letter_to_N_Dandekar_13-05-1968.pdf	4556	1968-05-13	1968		to	N Dandekar	n-dandekar	resolved	letter	letter
4557-Letter_to_C_Rajagopalachari_13-05-1968.pdf	4557	1968-05-13	1968		to	C Rajagopalachari	c-rajagopalachari	resolved	letter	letter
4558-Letter_from_Mr_Minoo_Masani.pdf	4558				from	Minoo Masani	minoo-masani	resolved	letter	letter
4559-Letter_from_Mr_Minoo_Masani_13-05-1968.pdf	4559	1968-05-13	1968		from	Minoo Masani	minoo-masani	resolved	letter	letter
456-Swatantra_Party_Minutes_of_Meeting_15-05-1968.pdf	456	1968-05-15	1968						minutes	minutes
4560-Why_I_Am_Adament_by_Mr_Minoo_Masani.pdf	4560									
4561-Why_I_Am_Adament_by_Mr_Minoo_Masani.pdf	4561									
4562-Letter_to_Ratibhai_Ukabhai_Patel_13-05-1968.pdf	4562	1968-05-13	1968		to	Ratibhai Ukabhai Patel		unresolved	letter	letter
4563-Letter_to_Patwant_Singh_13-05-1968.pdf	4563	1968-05-13	1968		to	Patwant Singh		unresolved	letter	letter
4564-Letter_to_C_Rajagopalachari_06-05-1968.pdf	4564	1968-05-06	1968		to	C Rajagopalachari	c-rajagopalachari	resolved	letter	letter
4565-Letter_from_H_M_Patel_04-05-1968.pdf	4565	1968-05-04	1968		from	H M Patel	h-m-patel	resolved	letter	letter
4566-Letter_from_H_M_Patel_04-05-1968.pdf	4566	1968-05-04	1968		from	H M Patel	h-m-patel	resolved	letter	letter
4567-Letter_to_H_M_Patel_30-04-1968.pdf	4567	1968-04-30	1968		to	H M Patel	h-m-patel	resolved	letter	letter
4568-Letter_to_Mr_Minoo_Masani_30-04-1968.pdf	4568	1968-04-30	1968		to	Minoo Masani	minoo-masani	resolved	letter	letter
4569-Letter_to_Mr_Minoo_Masani_29-04-1968.pdf	4569	1968-04-29	1968		to	Minoo Masani	minoo-masani	resolved	letter	letter
457-Swatantra_Party_Minutes_of_Meeting_11-05-1968.pdf	457	1968-05-11	1968						minutes	minutes
4570-Letter_to_Mr_Minoo_Masani_29-04-1968.pdf	4570	1968-04-29	1968		to	Minoo Masani	minoo-masani	resolved	letter	letter
4571-Letter_from_Mr_Minoo_Masani_29-04-1968.pdf	4571	1968-04-29	1968		from	Minoo Masani	minoo-masani	resolved	letter	letter
4572-Letter_to_Mr_Minoo_Masani_25-04-1968.pdf	4572	1968-04-25	1968		to	Minoo Masani	minoo-masani	resolved	letter	letter
4573-Letter_to_Mr_Minoo_Masani_23-04-1968.pdf	4573	1968-04-23	1968		to	Minoo Masani	minoo-masani	resolved	letter	letter
4574-Swatantra_Party_Resolution_No-5.pdf	4574								resolution	resolution
4576-Letter_to_N_Dandekar_23-04-1968.pdf	4576	1968-04-23	1968		to	N Dandekar	n-dandekar	resolved	letter	letter
4577-Letter_to_Mr_Minoo_Masani_22-04-1968.pdf	4577	1968-04-22	1968		to	Minoo Masani	minoo-masani	resolved	letter	letter
4578-General_Council_Circular_No_25_22-04-1968.pdf	4578	1968-04-22	1968						circular	circular
4579-Letter_to_Mr_Minoo_Masani_22-04-1968.pdf	4579	1968-04-22	1968		to	Minoo Masani	minoo-masani	resolved	letter	letter
458-Swatantra_Party_Minutes_of_Meeting_09-05-1968.pdf	458	1968-05-09	1968						minutes	minutes
4580-Letter_to_Mr_Minoo_Masani_22-04-1968.pdf	4580	1968-04-22	1968		to	Minoo Masani	minoo-masani	resolved	letter	letter
4581-Letter_to_Mr_Minoo_Masani_22-04-1968.pdf	4581	1968-04-22	1968		to	Minoo Masani	minoo-masani	resolved	letter	letter
4582-Letter_to_Mr_Minoo_Masani_22-04-1968.pdf	4582	1968-04-22	1968		to	Minoo Masani	minoo-masani	resolved	letter	letter
4583-Letter_to_Mr_Minoo_Masani_20-04-1968.pdf	4583	1968-04-20	1968		to	Minoo Masani	minoo-masani	resolved	letter	letter
4584-Extract_from_the_Proceedings_of_the_State_Executives_Meeting_of_the_Swatantra_party_19-04-1968.pdf	4584	1968-04-19	1968							
4585-Letter_to_C_Rajagopalachari_18-04-1968.pdf	4585	1968-04-18	1968		to	C Rajagopalachari	c-rajagopalachari	resolved	letter	letter
4586-Letter_to_Mr_Minoo_Masani_18-04-1968.pdf	4586	1968-04-18	1968		to	Minoo Masani	minoo-masani	resolved	letter	letter
4587-Letter_to_Mr_Minoo_Masani_22-04-1968.pdf	4587	1968-04-22	1968		to	Minoo Masani	minoo-masani	resolved	letter	letter
4588-Letter_to_Mr_Minoo_Masani_10-04-1968.pdf	4588	1968-04-10	1968		to	Minoo Masani	minoo-masani	resolved	letter	letter
4589-Letter_to_Mr_Minoo_Masani_10-04-1968.pdf	4589	1968-04-10	1968		to	Minoo Masani	minoo-masani	resolved	letter	letter
459-Swatantra_Party_Minutes_of_Meeting_07-05-1968.pdf	459	1968-05-07	1968						minutes	minutes
4590-Letter_to_Mr_Minoo_Masani_10-04-1968.pdf	4590	1968-04-10	1968		to	Minoo Masani	minoo-masani	resolved	letter	letter
4591-Letter_to_Mr_Minoo_Masani_06-04-1968.pdf	4591	1968-04-06	1968		to	Minoo Masani	minoo-masani	resolved	letter	letter
4592-Letter_to_Mr_Minoo_Masani_02-04-1968.pdf	4592	1968-04-02	1968		to	Minoo Masani	minoo-masani	resolved	letter	letter
4593-Letter_from_I_S_Bhargava_30-03-1968.pdf	4593	1968-03-30	1968		from	I S Bhargava		unresolved	letter	letter
4594-Letter_to_Mr_Minoo_Masani_02-04-1968.pdf	4594	1968-04-02	1968		to	Minoo Masani	minoo-masani	resolved	letter	letter
4595-Letter_to_Bhanu_Babu_02-04-1968.pdf	4595	1968-04-02	1968		to	Bhanu Babu		unresolved	letter	letter
4596-Letter_to_Mr_Minoo_Masani_25-04-1968.pdf	4596	1968-04-25	1968		to	Minoo Masani	minoo-masani	resolved	letter	letter
4597-Letter_to_Mr_Minoo_Masani_31-03-1968.pdf	4597	1968-03-31	1968		to	Minoo Masani	minoo-masani	resolved	letter	letter
4598-Letter_to_Mr_Minoo_Masani_25-01-1968.pdf	4598	1968-01-25	1968		to	Minoo Masani	minoo-masani	resolved	letter	letter
4599-Chanakyan.pdf	4599									
46-Letter_to_Mr_Sri_Prakash_22-03-1971.pdf	46	1971-03-22	1971		to	Sri Prakash		unresolved	letter	letter
460-Swatantra_Party_Minutes_of_Meeting_02-05-1968.pdf	460	1968-05-02	1968						minutes	minutes
4600-Letter_to_Mr_Minoo_Masani_18-04-1968.pdf	4600	1968-04-18	1968		to	Minoo Masani	minoo-masani	resolved	letter	letter
4601-Letter_to_N_Dandeker_18-04-1968.pdf	4601	1968-04-18	1968		to	N Dandeker		unresolved	letter	letter
4602-Telegram_to_Mr_Minoo_Masani.pdf	4602				to	Minoo Masani	minoo-masani	resolved	telegram	telegram
4603-Telegram_to_C_Rajagopalachari_17-04-1968.pdf	4603	1968-04-17	1968		to	C Rajagopalachari	c-rajagopalachari	resolved	telegram	telegram
4604-Complments_of_N_Dandekar.pdf	4604									
4605-Letter_from_Chandrakant_Parikh_17-04-1968.pdf	4605	1968-04-17	1968		from	Chandrakant Parikh		unresolved	letter	letter
4606-Letter_to_Mr_Minoo_Masani_16-04-1968.pdf	4606	1968-04-16	1968		to	Minoo Masani	minoo-masani	resolved	letter	letter
4607-Letter_to_N_Dandeker_16-04-1968.pdf	4607	1968-04-16	1968		to	N Dandeker		unresolved	letter	letter
4608-Letter_to_Inder_Malhotra_22-10-1975.pdf	4608	1975-10-22	1975		to	Inder Malhotra		unresolved	letter	letter
4609-For_Favour_of_Publication_12-04-1968.pdf	4609	1968-04-12	1968							
461-Swatantra_Party_Minutes_of_Meeting_02-05-1968.pdf	461	1968-05-02	1968						minutes	minutes
4610-Letter_to_Mr_Minoo_Masani_12-04-1968.pdf	4610	1968-04-12	1968		to	Minoo Masani	minoo-masani	resolved	letter	letter
4611-Letter_to_Mr_Minoo_Masani_12-04-1968.pdf	4611	1968-04-12	1968		to	Minoo Masani	minoo-masani	resolved	letter	letter
4612-Defeat_of_the_Party_Candidate_in_the_Biennal_Election_in_Rajya_Sabha.pdf	4612									
4613-Letter_to_P_S_Koppikar_11-04-1968.pdf	4613	1968-04-11	1968		to	P S Koppikar		unresolved	letter	letter
4614-Letter_to_N_Dandeker_11-04-1968.pdf	4614	1968-04-11	1968		to	N Dandeker		unresolved	letter	letter
4615-Letter_to_C_Rajagopalachari_10-04-1968.pdf	4615	1968-04-10	1968		to	C Rajagopalachari	c-rajagopalachari	resolved	letter	letter
4616-Letter_to_N_G_Ranga_10-04-1968.pdf	4616	1968-04-10	1968		to	N G Ranga		unresolved	letter	letter
4617-Letter_to_Mr_Minoo_Masani_09-04-1968.pdf	4617	1968-04-09	1968		to	Minoo Masani	minoo-masani	resolved	letter	letter
4618-Letter_to_Mr_Minoo_Masani_08-04-1968.pdf	4618	1968-04-08	1968		to	Minoo Masani	minoo-masani	resolved	letter	letter
4619-Letter_to_K_M_Munshi_06-04-1968.pdf	4619	1968-04-06	1968		to	K M Munshi	k-m-munshi	resolved	letter	letter
462-Swatantra_Party_Minutes_of_Meeting_27-04-1968.pdf	462	1968-04-27	1968						minutes	minutes
4620-Letter_to_C_Rajagopalachari_06-04-1968.pdf	4620	1968-04-06	1968		to	C Rajagopalachari	c-rajagopalachari	resolved	letter	letter
4621-Letter_to_C_Rajagopalachari_06-04-1968.pdf	4621	1968-04-06	1968		to	C Rajagopalachari	c-rajagopalachari	resolved	letter	letter
4622-Letter_to_Mr_Minoo_Masani_06-04-1968.pdf	4622	1968-04-06	1968		to	Minoo Masani	minoo-masani	resolved	letter	letter
4623-Letter_to_Mr_Minoo_Masani_05-04-1968.pdf	4623	1968-04-05	1968		to	Minoo Masani	minoo-masani	resolved	letter	letter
4624-Letter_to_Mr_Minoo_Masani_05-04-1968.pdf	4624	1968-04-05	1968		to	Minoo Masani	minoo-masani	resolved	letter	letter
4625-Complments_of_N_Dandekar.pdf	4625									
4626-Letter_to_Madhu_N_Mehta_04-04-1968.pdf	4626	1968-04-04	1968		to	Madhu N Mehta		unresolved	letter	letter
4627-Letter_to_Mr_Minoo_Masani_04-04-1968.pdf	4627	1968-04-04	1968		to	Minoo Masani	minoo-masani	resolved	letter	letter
4628-Letter_to_Mr_Minoo_Masani_03-04-1968.pdf	4628	1968-04-03	1968		to	Minoo Masani	minoo-masani	resolved	letter	letter
4629-Letter_to_C_Rajagopalachari_03-04-1968.pdf	4629	1968-04-03	1968		to	C Rajagopalachari	c-rajagopalachari	resolved	letter	letter
463-Swatantra_Party_Minutes_of_Meeting_18-04-1968.pdf	463	1968-04-18	1968						minutes	minutes
4630-Letter_to_Mr_Minoo_Masani_02-04-1968.pdf	4630	1968-04-02	1968		to	Minoo Masani	minoo-masani	resolved	letter	letter
4631-Letter_to_N_Dandeker_02-04-1968.pdf	4631	1968-04-02	1968		to	N Dandeker		unresolved	letter	letter
4632-Letter_to_B_R_Shenoy_01-04-1968.pdf	4632	1968-04-01	1968		to	B R Shenoy	b-r-shenoy	resolved	letter	letter
4633-Letter_to_Mr_Minoo_Masani.pdf	4633				to	Minoo Masani	minoo-masani	resolved	letter	letter
4634-Letter_to_V_T_Sreenivasan_01-04-1968.pdf	4634	1968-04-01	1968		to	V T Sreenivasan		unresolved	letter	letter
4635-Letter_to_Mr_Minoo_Masani_31-03-1968.pdf	4635	1968-03-31	1968		to	Minoo Masani	minoo-masani	resolved	letter	letter
4636-Letter_to_Mr_Minoo_Masani_31-03-1968.pdf	4636	1968-03-31	1968		to	Minoo Masani	minoo-masani	resolved	letter	letter
4637-Letter_to_Mr_Minoo_Masani_31-03-1968.pdf	4637	1968-03-31	1968		to	Minoo Masani	minoo-masani	resolved	letter	letter
4638-Letter_to_Mr_Minoo_Masani_31-03-1968.pdf	4638	1968-03-31	1968		to	Minoo Masani	minoo-masani	resolved	letter	letter
4639-Letter_to_Mr_Minoo_Masani_31-03-1968.pdf	4639	1968-03-31	1968		to	Minoo Masani	minoo-masani	resolved	letter	letter
464-Swatantra_Party_Minutes_of_Meeting_17-04-1968.pdf	464	1968-04-17	1968						minutes	minutes
4640-Letter_to_Mr_Minoo_Masani_31-03-1968.pdf	4640	1968-03-31	1968		to	Minoo Masani	minoo-masani	resolved	letter	letter
4641-Extract_from_Minutes_of_Central_Parliamentary_Board_26-05-1965.pdf	4641	1965-05-26	1965						minutes	minutes
4642-Babubhai_Vaidya.pdf	4642									
4643-Letter_from_Madhu_N_Mehta_31-03-1968.pdf	4643	1968-03-31	1968		from	Madhu N Mehta		unresolved	letter	letter
4644-Letter_to_N_Dandeker.pdf	4644				to	N Dandeker		unresolved	letter	letter
4645-Resolution_on_Mr_Minoo_Masani_Resignation_from_all_party_Offices.pdf	4645								resolution	resolution
4646-Letter_to_C_Rajagopalachari_30-04-1968.pdf	4646	1968-04-30	1968		to	C Rajagopalachari	c-rajagopalachari	resolved	letter	letter
4647-Letter_to_Mr_Minoo_Masani_30-03-1968.pdf	4647	1968-03-30	1968		to	Minoo Masani	minoo-masani	resolved	letter	letter
4648-Letter_to_Ratibhai_Ukhaabhai_Patel_30-03-1968.pdf	4648	1968-03-30	1968		to	Ratibhai Ukhaabhai Patel		unresolved	letter	letter
4649-Letter_to_Babubhai_Vaidya_30-03-1968.pdf	4649	1968-03-30	1968		to	Babubhai Vaidya		unresolved	letter	letter
465-Swatantra_Party_Minutes_of_Meeting_15-04-1968.pdf	465	1968-04-15	1968						minutes	minutes
4650-Letter_to_C_Rajagopalachari_29-03-1968.pdf	4650	1968-03-29	1968		to	C Rajagopalachari	c-rajagopalachari	resolved	letter	letter
4651-Letter_to_N_Dandeker_29-03-1968.pdf	4651	1968-03-29	1968		to	N Dandeker		unresolved	letter	letter
4652-For_Favour_of_Publication_29-03-1968.pdf	4652	1968-03-29	1968							
4653-Sandesh_29-03-1968.pdf	4653	1968-03-29	1968							
4654-Swatantra_Whip-The_Ihdian_Express_27-03-1968.pdf	4654	1968-03-27	1968						press_note	press_note
4655-Sandesh_22-03-1968.pdf	4655	1968-03-22	1968							
4656-Telegram_to_Mr_Minoo_Masani_27-03-1968.pdf	4656	1968-03-27	1968		to	Minoo Masani	minoo-masani	resolved	telegram	telegram
4657-Letter_to_Mr_Minoo_Masani_22-03-1968.pdf	4657	1968-03-22	1968		to	Minoo Masani	minoo-masani	resolved	letter	letter
4658-Message_from_Mr_Dandekar_to_Mr_Minoo_Masani_22-03-1968.pdf	4658	1968-03-22	1968		from	Dandekar to Mr Minoo Masani		unresolved		
4659-Message_from_Mr_Minoo_Masani_to_N_Dandekar_22-03-1968.pdf	4659	1968-03-22	1968		from	Minoo Masani to N Dandekar		unresolved		
466-Swatantra_Party_Minutes_of_Meeting_11-04-1968.pdf	466	1968-04-11	1968						minutes	minutes
4660-Letter_to_Mr_Minoo_Masani_21-03-1968.pdf	4660	1968-03-21	1968		to	Minoo Masani	minoo-masani	resolved	letter	letter
4661-Letter_to_Mr_Minoo_Masani_18-03-1968.pdf	4661	1968-03-18	1968		to	Minoo Masani	minoo-masani	resolved	letter	letter
4662-Letter_to_Mr_Shenoy_18-03-1968.pdf	4662	1968-03-18	1968		to	Shenoy		unresolved	letter	letter
4663-Letter_to_Ratibhai_Ukhaabhai_Patel_18-03-1968.pdf	4663	1968-03-18	1968		to	Ratibhai Ukhaabhai Patel		unresolved	letter	letter
4664-Letter_to_S_V_Raju_15-03-1968.pdf	4664	1968-03-15	1968		to	S V Raju	s-v-raju	resolved	letter	letter
4665-Letter_to_Mr_Minoo_Masani_13-03-1968.pdf	4665	1968-03-13	1968		to	Minoo Masani	minoo-masani	resolved	letter	letter
4666-Letter_to_Mr_Minoo_Masani_13-03-1968.pdf	4666	1968-03-13	1968		to	Minoo Masani	minoo-masani	resolved	letter	letter
4667-Letter_to_Mr_Minoo_Masani_13-03-1968.pdf	4667	1968-03-13	1968		to	Minoo Masani	minoo-masani	resolved	letter	letter
4668-Swatantra_party_Central_Parliamentary_Board.pdf	4668									
4669-Telegram_to_Mr_Minoo_Masani.pdf	4669				to	Minoo Masani	minoo-masani	resolved	telegram	telegram
467-Swatantra_Party_Minutes_of_Meeting_02-04-1968.pdf	467	1968-04-02	1968						minutes	minutes
4670-Swatantra_Party_Minutes_of_Meeting_06-03-1968.pdf	4670	1968-03-06	1968						minutes	minutes
4671-Letter_to_N_Dandeker_18-02-1968.pdf	4671	1968-02-18	1968		to	N Dandeker		unresolved	letter	letter
4672-Swatantra_party_Some_Comments.pdf	4672									
4673-Copy_of_the_Report_of_the_Committee.pdf	4673								report	occasional_paper
4674-Statement_of_Mr_Bhupatibhai_D_Kohli_18-11-1967.pdf	4674	1967-11-18	1967						press_note	press_note
4675-Letter_to_Mr_Minoo_Masani_18-01-1968.pdf	4675	1968-01-18	1968		to	Minoo Masani	minoo-masani	resolved	letter	letter
4676-Letter_to_Mr_Minoo_Masani_04-03-1963.pdf	4676	1963-03-04	1963		to	Minoo Masani	minoo-masani	resolved	letter	letter
4677-Letter_to_Mr_Minoo_Masani_05-11-1963.pdf	4677	1963-11-05	1963		to	Minoo Masani	minoo-masani	resolved	letter	letter
4678-Letter_to_C_Rajagopalachari_23-09-1964.pdf	4678	1964-09-23	1964		to	C Rajagopalachari	c-rajagopalachari	resolved	letter	letter
4679-Letter_to_Mr_Minoo_Masani_31-10-1963.pdf	4679	1963-10-31	1963		to	Minoo Masani	minoo-masani	resolved	letter	letter
468-Swatantra_Party_Minutes_of_Meeting_02-04-1968.pdf	468	1968-04-02	1968						minutes	minutes
4680-Letter_to_C_Rajagopalachari_22-09-1964.pdf	4680	1964-09-22	1964		to	C Rajagopalachari	c-rajagopalachari	resolved	letter	letter
4681-Letter_to_C_Rajagopalachari_21-09-1964.pdf	4681	1964-09-21	1964		to	C Rajagopalachari	c-rajagopalachari	resolved	letter	letter
4682-Letter_to_Mr_Minoo_Masani_17-09-1964.pdf	4682	1964-09-17	1964		to	Minoo Masani	minoo-masani	resolved	letter	letter
4683-Letter_to_Piloo_Mody_17-09-1964.pdf	4683	1964-09-17	1964		to	Piloo Mody	piloo-mody	resolved	letter	letter
4684-Letter_to_C_Rajagopalachari_11-09-1964.pdf	4684	1964-09-11	1964		to	C Rajagopalachari	c-rajagopalachari	resolved	letter	letter
4685-Letter_to_Mr_Minoo_Masani_21-09-1964.pdf	4685	1964-09-21	1964		to	Minoo Masani	minoo-masani	resolved	letter	letter
4686-Letter_to_Mr_Minoo_Masani_17-09-1964.pdf	4686	1964-09-17	1964		to	Minoo Masani	minoo-masani	resolved	letter	letter
4687-Letter_to_Mr_C_Rajagopalachari_11-09-1964.pdf	4687	1964-09-11	1964		to	C Rajagopalachari	c-rajagopalachari	resolved	letter	letter
4688-Letter_to_C_Rajagopalachari_07-09-1964.pdf	4688	1964-09-07	1964		to	C Rajagopalachari	c-rajagopalachari	resolved	letter	letter
4689-Letter_to_Mr_Minoo_Masani_16-09-1964.pdf	4689	1964-09-16	1964		to	Minoo Masani	minoo-masani	resolved	letter	letter
469-Swatantra_Party_Minutes_of_Meeting_22-03-1968.pdf	469	1968-03-22	1968						minutes	minutes
4690-Letter_to_Mr_Minoo_Masani_11-09-1964.pdf	4690	1964-09-11	1964		to	Minoo Masani	minoo-masani	resolved	letter	letter
4691-Letter_to_C_Rajagopalachari_02-09-1964.pdf	4691	1964-09-02	1964		to	C Rajagopalachari	c-rajagopalachari	resolved	letter	letter
4692-Letter_to_Mr_Minoo_Masani_31-08-1964.pdf	4692	1964-08-31	1964		to	Minoo Masani	minoo-masani	resolved	letter	letter
4693-Letter_to_C_Rajagopalachari_23-08-1964.pdf	4693	1964-08-23	1964		to	C Rajagopalachari	c-rajagopalachari	resolved	letter	letter
4694-Letter_to_C_Rajagopalachari_31-08-1964.pdf	4694	1964-08-31	1964		to	C Rajagopalachari	c-rajagopalachari	resolved	letter	letter
4695-Letter_to_Mr_Minoo_Masani_28-08-1964.pdf	4695	1964-08-28	1964		to	Minoo Masani	minoo-masani	resolved	letter	letter
4696-Letter_to_Mr_Minoo_Masani_26-08-1964.pdf	4696	1964-08-26	1964		to	Minoo Masani	minoo-masani	resolved	letter	letter
4697-Letter_to_C_Rajagopalachari_24-08-1964.pdf	4697	1964-08-24	1964		to	C Rajagopalachari	c-rajagopalachari	resolved	letter	letter
4698-Letter_to_C_Rajagopalachari_16-02-1964.pdf	4698	1964-02-16	1964		to	C Rajagopalachari	c-rajagopalachari	resolved	letter	letter
4699-Letter_to_C_Rajagopalachari_24-08-1964.pdf	4699	1964-08-24	1964		to	C Rajagopalachari	c-rajagopalachari	resolved	letter	letter
47-Letter_to_Mr_Avtar_Singh_Rikhy_22-03-1971.pdf	47	1971-03-22	1971		to	Avtar Singh Rikhy		unresolved	letter	letter
470-Swatantra_Party_Minutes_of_Meeting_12-03-1968.pdf	470	1968-03-12	1968						minutes	minutes
4700-Letter_to_C_Rajagopalachari_26-08-1964.pdf	4700	1964-08-26	1964		to	C Rajagopalachari	c-rajagopalachari	resolved	letter	letter
4701-Letter_to_N_G_Ranga_21-08-1964.pdf	4701	1964-08-21	1964		to	N G Ranga		unresolved	letter	letter
4702-Letter_to_Mr_Minoo_Masani_19-08-1964.pdf	4702	1964-08-19	1964		to	Minoo Masani	minoo-masani	resolved	letter	letter
4703-Letter_to_C_Rajagopalachari_11-12-1964.pdf	4703	1964-12-11	1964		to	C Rajagopalachari	c-rajagopalachari	resolved	letter	letter
4704-Letter_to_Mr_Minoo_Masani_14-08-1964.pdf	4704	1964-08-14	1964		to	Minoo Masani	minoo-masani	resolved	letter	letter
4705-Letter_to_Mr_Minoo_Masani_12-08-1964.pdf	4705	1964-08-12	1964		to	Minoo Masani	minoo-masani	resolved	letter	letter
4706-Letter_to_Mr_Minoo_Masani_11-08-1964.pdf	4706	1964-08-11	1964		to	Minoo Masani	minoo-masani	resolved	letter	letter
4707-Letter_to_C_Rajagopalachari_06-04-1964.pdf	4707	1964-04-06	1964		to	C Rajagopalachari	c-rajagopalachari	resolved	letter	letter
4708-Letter_to_C_Rajagopalachari_31-07-1964.pdf	4708	1964-07-31	1964		to	C Rajagopalachari	c-rajagopalachari	resolved	letter	letter
4709-Letter_to_Mr_Minoo_Masani_13-03-1964.pdf	4709	1964-03-13	1964		to	Minoo Masani	minoo-masani	resolved	letter	letter
471-Swatantra_Party_Minutes_of_Meeting_12-03-1968.pdf	471	1968-03-12	1968						minutes	minutes
4710-Letter_to_C_Rajagopalachari_11-03-1964.pdf	4710	1964-03-11	1964		to	C Rajagopalachari	c-rajagopalachari	resolved	letter	letter
4711-Letter_to_C_Rajagopalachari_11-03-1964.pdf	4711	1964-03-11	1964		to	C Rajagopalachari	c-rajagopalachari	resolved	letter	letter
4712-Letter_to_Mr_Minoo_Masani_07-03-1964.pdf	4712	1964-03-07	1964		to	Minoo Masani	minoo-masani	resolved	letter	letter
4713-Letter_to_C_Rajagopalachari_02-03-1964.pdf	4713	1964-03-02	1964		to	C Rajagopalachari	c-rajagopalachari	resolved	letter	letter
4714-Letter_to_Mr_Minoo_Masani_27-02-1964.pdf	4714	1964-02-27	1964		to	Minoo Masani	minoo-masani	resolved	letter	letter
4715-Letter_to_C_Rajagopalachari_21-02-1964.pdf	4715	1964-02-21	1964		to	C Rajagopalachari	c-rajagopalachari	resolved	letter	letter
4716-Letter_to_C_Rajagopalachari_01-10-1963.pdf	4716	1963-10-01	1963		to	C Rajagopalachari	c-rajagopalachari	resolved	letter	letter
4717-Letter_to_C_Rajagopalachari_01-10-1963.pdf	4717	1963-10-01	1963		to	C Rajagopalachari	c-rajagopalachari	resolved	letter	letter
4718-Letter_to_C_Rajagopalachari_29-08-1963.pdf	4718	1963-08-29	1963		to	C Rajagopalachari	c-rajagopalachari	resolved	letter	letter
4719-Letter_to_R_N_Singh_Deo_29-08-1963.pdf	4719	1963-08-29	1963		to	R N Singh Deo		unresolved	letter	letter
472-Swatantra_Party_Minutes_of_Meeting_28-02-1968.pdf	472	1968-02-28	1968						minutes	minutes
4720-Letter_to_Mr_Minoo_Masani_25-08-1963.pdf	4720	1963-08-25	1963		to	Minoo Masani	minoo-masani	resolved	letter	letter
4721-Letter_to_Mr_Minoo_Masani_21-08-1963.pdf	4721	1963-08-21	1963		to	Minoo Masani	minoo-masani	resolved	letter	letter
4722-Letter_to_Mr_Minoo_Masani_09-08-1963.pdf	4722	1963-08-09	1963		to	Minoo Masani	minoo-masani	resolved	letter	letter
4723-C_Rajagopalachari_Tour_Programme_09-08-1963.pdf	4723	1963-08-09	1963						manifesto	occasional_paper
4724-Letter_to_C_Rajagopalachari_31-07-1963.pdf	4724	1963-07-31	1963		to	C Rajagopalachari	c-rajagopalachari	resolved	letter	letter
4725-Letter_to_Mr_Minoo_Masani_29-07-1963.pdf	4725	1963-07-29	1963		to	Minoo Masani	minoo-masani	resolved	letter	letter
4726-Letter_to_C_Rajagopalachari_25-07-1963.pdf	4726	1963-07-25	1963		to	C Rajagopalachari	c-rajagopalachari	resolved	letter	letter
4727-Letter_to_C_Rajagopalachari_24-07-1963.pdf	4727	1963-07-24	1963		to	C Rajagopalachari	c-rajagopalachari	resolved	letter	letter
4728-Letter_to_Mr_Minoo_Masani_22-07-1963.pdf	4728	1963-07-22	1963		to	Minoo Masani	minoo-masani	resolved	letter	letter
4729-Letter_to_Mr_Minoo_Masani_18-07-1963.pdf	4729	1963-07-18	1963		to	Minoo Masani	minoo-masani	resolved	letter	letter
473-Swatantra_Party_Minutes_of_Meeting_28-02-1968.pdf	473	1968-02-28	1968						minutes	minutes
4730-Letter_to_C_Rajagopalachari_18-07-1963.pdf	4730	1963-07-18	1963		to	C Rajagopalachari	c-rajagopalachari	resolved	letter	letter
4731-Letter_to_Mr_Minoo_Masani_01-07-1963.pdf	4731	1963-07-01	1963		to	Minoo Masani	minoo-masani	resolved	letter	letter
4732-Munshi_denies_rift_Report.pdf	4732								report	occasional_paper
4733-Letter_to_Mr_Minoo_Masani_26-06-1963.pdf	4733	1963-06-26	1963		to	Minoo Masani	minoo-masani	resolved	letter	letter
4734-Letter_to_C_Rajagopalachari_22-06-1963.pdf	4734	1963-06-22	1963		to	C Rajagopalachari	c-rajagopalachari	resolved	letter	letter
4735-Letter_to_Mr_Minoo_Masani_17-06-1963.pdf	4735	1963-06-17	1963		to	Minoo Masani	minoo-masani	resolved	letter	letter
4736-Letter_to_C_Rajagopalachari_17-06-1963.pdf	4736	1963-06-17	1963		to	C Rajagopalachari	c-rajagopalachari	resolved	letter	letter
4737-Letter_to_H_R_Paaricha_15-06-1963.pdf	4737	1963-06-15	1963		to	H R Paaricha		unresolved	letter	letter
4738-Letter_to_Mr_Minoo_Masani_14-06-1963.pdf	4738	1963-06-14	1963		to	Minoo Masani	minoo-masani	resolved	letter	letter
4739-Letter_to_Mr_Minoo_Masani_14-06-1963.pdf	4739	1963-06-14	1963		to	Minoo Masani	minoo-masani	resolved	letter	letter
474-Swatantra_Party_Minutes_of_Meeting_20-02-1968.pdf	474	1968-02-20	1968						minutes	minutes
4740-Letter_to_Mr_Minoo_Masani_14-06-1963.pdf	4740	1963-06-14	1963		to	Minoo Masani	minoo-masani	resolved	letter	letter
4741-Letter_to_Mr_Minoo_Masani_11-06-1963.pdf	4741	1963-06-11	1963		to	Minoo Masani	minoo-masani	resolved	letter	letter
4742-Letter_to_C_Rajagopalachari_11-06-1963.pdf	4742	1963-06-11	1963		to	C Rajagopalachari	c-rajagopalachari	resolved	letter	letter
4743-Letter_to_C_Rajagopalachari_08-06-1963.pdf	4743	1963-06-08	1963		to	C Rajagopalachari	c-rajagopalachari	resolved	letter	letter
4744-Letter_to_N_G_Ranga_08-06-1963.pdf	4744	1963-06-08	1963		to	N G Ranga		unresolved	letter	letter
4745-Letter_to_C_Rajagopalachari_12-06-1963.pdf	4745	1963-06-12	1963		to	C Rajagopalachari	c-rajagopalachari	resolved	letter	letter
4746-Letter_to_Mr_Minoo_Masani_06-06-1963.pdf	4746	1963-06-06	1963		to	Minoo Masani	minoo-masani	resolved	letter	letter
4747-Letter_from_C_Rajagopalachari`.pdf	4747				from	C Rajagopalachari`	c-rajagopalachari	resolved	letter	letter
4748-Letter_to_Bhailalbhai_Patel_05-06-1963.pdf	4748	1963-06-05	1963		to	Bhailalbhai Patel		unresolved	letter	letter
4749-Letter_to_Bhailalbhai_Patel_04-06-1963.pdf	4749	1963-06-04	1963		to	Bhailalbhai Patel		unresolved	letter	letter
475-Swatantra_Party_Minutes_of_Meeting_19-02-1968.pdf	475	1968-02-19	1968						minutes	minutes
4750-Letter_to_C_Rajagopalachari_04-06-1963.pdf	4750	1963-06-04	1963		to	C Rajagopalachari	c-rajagopalachari	resolved	letter	letter
4751-Swatantra_Chief_in_Gujrat_Resign_04-06-1963.pdf	4751	1963-06-04	1963							
4752-Swatantra_Party_Cheif_Quits_04-06-1963.pdf	4752	1963-06-04	1963							
4753-Letter_to_Bhailalbhai_Patel_03-06-1963.pdf	4753	1963-06-03	1963		to	Bhailalbhai Patel		unresolved	letter	letter
4754-Letter_to_Mr_Minoo_Masani_30-05-1963.pdf	4754	1963-05-30	1963		to	Minoo Masani	minoo-masani	resolved	letter	letter
4755-Letter_to_Mr_Minoo_Masani.pdf	4755				to	Minoo Masani	minoo-masani	resolved	letter	letter
4756-Letter_to_Mr_Minoo_Masani_29-05-1963.pdf	4756	1963-05-29	1963		to	Minoo Masani	minoo-masani	resolved	letter	letter
4757-Letter_to_Mr_Minoo_Masani_31-05-1963.pdf	4757	1963-05-31	1963		to	Minoo Masani	minoo-masani	resolved	letter	letter
4758-Letter_to_Mr_Minoo_Masani_28-05-1963.pdf	4758	1963-05-28	1963		to	Minoo Masani	minoo-masani	resolved	letter	letter
4759-Letter_to_Mr_Minoo_Masani.pdf	4759				to	Minoo Masani	minoo-masani	resolved	letter	letter
476-For_Favour_of_Publication_15-02-1968.pdf	476	1968-02-15	1968							
4760-Letter_to_Mr_N_G_Ranga_19-04-1963.pdf	4760	1963-04-19	1963		to	N G Ranga		unresolved	letter	letter
4761-Telegram_to_Mr_Minoo_Masani_18-01-1963.pdf	4761	1963-01-18	1963		to	Minoo Masani	minoo-masani	resolved	telegram	telegram
4762-Letter_to_C_Rajagopalachari_13-04-1963.pdf	4762	1963-04-13	1963		to	C Rajagopalachari	c-rajagopalachari	resolved	letter	letter
4763-Letter_to_Mr_Minoo_Masani_09-04-1964.pdf	4763	1964-04-09	1964		to	Minoo Masani	minoo-masani	resolved	letter	letter
4764-Letter_to_Mr_Minoo_Masani_07-04-1963.pdf	4764	1963-04-07	1963		to	Minoo Masani	minoo-masani	resolved	letter	letter
4765-Letter_to_Mr_Minoo_Masani_06-04-1964.pdf	4765	1964-04-06	1964		to	Minoo Masani	minoo-masani	resolved	letter	letter
4766-Letter_to_Mr_Minoo_Masani_26-06-1963.pdf	4766	1963-06-26	1963		to	Minoo Masani	minoo-masani	resolved	letter	letter
4767-Letter_to_C_Rajagopalachari_03-04-1963.pdf	4767	1963-04-03	1963		to	C Rajagopalachari	c-rajagopalachari	resolved	letter	letter
4768-Letter_to_Mr_Minoo_Masani_01-04-1963.pdf	4768	1963-04-01	1963		to	Minoo Masani	minoo-masani	resolved	letter	letter
4769-Letter_to_Mr_Minoo_Masani_01-04-1963.pdf	4769	1963-04-01	1963		to	Minoo Masani	minoo-masani	resolved	letter	letter
477-For_Favour_of_Publication_15-02-1968.pdf	477	1968-02-15	1968							
4770-Letter_to_Mr_Minoo_Masani_27-03-1963.pdf	4770	1963-03-27	1963		to	Minoo Masani	minoo-masani	resolved	letter	letter
4771-Letter_to_C_Rajagopalachari_25-03-1963.pdf	4771	1963-03-25	1963		to	C Rajagopalachari	c-rajagopalachari	resolved	letter	letter
4772-Letter_to_C_Rajagopalachari_22-03-1963.pdf	4772	1963-03-22	1963		to	C Rajagopalachari	c-rajagopalachari	resolved	letter	letter
4773-Co-operation_or_Correction.pdf	4773									
4774-Swatantra_Party_Election_Manifesto_1972.pdf	4774	1972	1972						manifesto	occasional_paper
4775-General_Secertarys_Report_12-12-1966.pdf	4775	1966-12-12	1966						report	occasional_paper
4776-Setting_Traditions_in_Party_Politics.pdf	4776									
4777-Innovating_Traditions_in_Party_Politics.pdf	4777									
4778-Swatantra_party_files_writ_against_socialism_clause_13-01-1994.pdf	4778	1994-01-13	1994							
4779-Graham_Wates.pdf	4779									
478-Swatantra_Party_Minutes_of_Meeting_15-02-1968.pdf	478	1968-02-15	1968						minutes	minutes
4780-Swatantra_party_Procedure_for_Party_Election.pdf	4780									
4781-Swatantra_party_Procedure_for_Party_Election.pdf	4781									
4782-Swatantra_Party_Election_Manifesto_1972.pdf	4782	1972	1972						manifesto	occasional_paper
4783-General_Secretarys_Report.pdf	4783								report	occasional_paper
4784-Swatantra_Party_Third_national_convention_01-02-1964.pdf	4784	1964-02-01	1964						souvenir	edited_volume
4785-The_Bhishma_of_Indian_Politics_H_M_Patel.pdf	4785									
4786-The_Bhishma_of_Indian_Politics_H_M_Patel.pdf	4786									
4787-The_Bhishma_of_Indian_Politics_H_M_Patel.pdf	4787									
4788-The_Bhishma_of_Indian_Politics_H_M_Patel.pdf	4788									
4789-The_Bhishma_of_Indian_Politics_H_M_Patel.pdf	4789									
479-Swatantra_Party_Minutes_of_Meeting_13-02-1968.pdf	479	1968-02-13	1968						minutes	minutes
4790-The_Bhishma_of_Indian_Politics_H_M_Patel.pdf	4790									
4791-To_Prosperity_Through_Freedom.pdf	4791									
4792-A_Case_for_Swatantra_04-06-1959.pdf	4792	1959-06-04	1959							
4793-Swatantra_Party_Statement_of_Principles_01-08-1959.pdf	4793	1959-08-01	1959						manifesto	occasional_paper
4794-Swatantra_Party_Minutes_of_Meeting_29-09-1994.pdf	4794	1994-09-29	1994						minutes	minutes
4795-Letter_from_S_V_Raju_20-09-1994.pdf	4795	1994-09-20	1994		from	S V Raju	s-v-raju	resolved	letter	letter
4796-Affadavit.pdf	4796									
4797-In_the_High_Court_of_judicature_at_Bombay_Petition_no-14_or_1995.pdf	4797	1995	1995							
4798-In_the_High_Court_of_judicature_at_Bombay_Petition_no-14_or_1995.pdf	4798	1995	1995							
4799-In_the_High_Court_of_judicature_at_Bombay_Petition_no-14_or_1994.pdf	4799	1994	1994							
48-Letter_to_Mr_Narendra_Bhatia_19-03-1971.pdf	48	1971-03-19	1971		to	Narendra Bhatia		unresolved	letter	letter
480-Swatantra_Party_Minutes_of_Meeting_21-12-1967.pdf	480	1967-12-21	1967						minutes	minutes
4800-Swatantra_Party_General_Secretarys_Reports.pdf	4800								report	occasional_paper
4801-Problems_of_Developing_Oppositions_in_India.pdf	4801									
4802-Why_I_took_to_Politics.pdf	4802									
4803-In_the_High_Court_of_judicature_at_Bombay_Petition_no-14_or_1995.pdf	4803	1995	1995							
4804-Letter_to_Rajeev_Patil.pdf	4804				to	Rajeev Patil		unresolved	letter	letter
4805-In_the_High_Court_of_judicature_at_Bombay_Petition_no-14_of_1995.pdf	4805	1995	1995							
4806-In_the_High_Court_of_judicature_at_Bombay_Petition_no-14_of_1995.pdf	4806	1995	1995							
4807-In_the_High_Court_of_judicature_at_Bombay_Petition_no-14_of_1994.pdf	4807	1994	1994							
4808-In_the_High_Court_of_judicature_at_Bombay_Petition_no-14_of_1994.pdf	4808	1994	1994							
4809-In_the_High_Court_of_judicature_at_Bombay_Petition_no-14_of_1994.pdf	4809	1994	1994							
481-Swatantra_Party_Minutes_of_Meeting_20-12-1967.pdf	481	1967-12-20	1967						minutes	minutes
4810-In_the_High_Court_of_judicature_at_Bombay_Petition_no-30_of_1996.pdf	4810	1996	1996							
4811-In_the_High_Court_of_judicature_at_Bombay_Petition_no-30_of_1995.pdf	4811	1995	1995							
4812-In_the_High_Court_of_judicature_at_Bombay_Petition_no-30_of_1996.pdf	4812	1996	1996							
4813-Bombay_High_Court_petition_no-14_1995.pdf	4813	1995	1995							
4814-Swatantra_party_Socialist.pdf	4814									
4815-In_the_High_Court_of_judicature_at_Bombay_Petition_no-30_of_1995.pdf	4815	1995	1995							
4816-In_the_High_Court_of_judicature_at_Bombay_Petition_no-30_of_1996.pdf	4816	1996	1996							
4817-In_the_High_Court_of_judicature_at_Bombay_Petition_no-30_of_1995.pdf	4817	1995	1995							
4818-Department_of_Telecommunications.pdf	4818									
4819-In_the_High_Court_of_judicature_at_Bombay_Petition_no.pdf	4819									
482-Swatantra_Party_Minutes_of_Meeting_14-12-1967.pdf	482	1967-12-14	1967						minutes	minutes
4820-The_Position_resymbol_of_the_Swatantra_Party.pdf	4820									
4821-In_the_High_Court_of_judicature_at_Bombay_Petition_no-14_of_1995.pdf	4821	1995	1995							
4822-List_of_Cases.pdf	4822									
4823-In_the_High_Court_of_judicature_at_Bombay_Petition_no-14_of_1996.pdf	4823	1996	1996							
4824-In_the_High_Court_of_judicature_at_Bombay_Petition_no-14_of_1996.pdf	4824	1996	1996							
4825-Swatantra_party_petition_in_High_Court.pdf	4825									
4826-In_the_High_Court_of_judicature_at_Bombay_Petition_no-14_of_1995.pdf	4826	1995	1995							
4827-In_the_High_Court_of_judicature_at_Bombay_Petition_no-14_of_1995.pdf	4827	1995	1995							
4828-Swatantra_Party_Minutes_of_Meeting_06-11-1971.pdf	4828	1971-11-06	1971						minutes	minutes
4829-Text_of_Resolution_Adopted_by_the_General_Council_06-11-1971.pdf	4829	1971-11-06	1971						resolution	resolution
483-Swatantra_Party_Minutes_of_Meeting-Conclusion_14-12-1967.pdf	483	1967-12-14	1967						minutes	minutes
4830-Swatantra_Party_Election_Manifesto_06-11-1971.pdf	4830	1971-11-06	1971						manifesto	occasional_paper
4831-Resolution_of_the_Current_Situation-Madhu_Mehta_06-11-1971.pdf	4831	1971-11-06	1971						resolution	resolution
4832-Resolution_on_Unemployment_18-09-1971.pdf	4832	1971-09-18	1971						resolution	resolution
4833-Resolution_on_flood_havoc_in_Northern_India_and_in_Southern_India_19-11-1971.pdf	4833	1971-11-19	1971						resolution	resolution
4834-Swatantra_Party_Minutes_of_Meeting_17-04-1971.pdf	4834	1971-04-17	1971						minutes	minutes
4835-Swatantra_Party_Minutes_of_Meeting_18-04-1971.pdf	4835	1971-04-18	1971						minutes	minutes
4836-Swatantra_Party_Minutes_of_Meeting_09-01-1971.pdf	4836	1971-01-09	1971						minutes	minutes
4837-Swatantra_Party_Minutes_of_Meeting_21-07-1970.pdf	4837	1970-07-21	1970						minutes	minutes
4838-Swatantra_Party_Minutes_of_Meeting_20-07-1970.pdf	4838	1970-07-20	1970						minutes	minutes
4839-Swatantra_Party_Minutes_of_Meeting_12-04-1970.pdf	4839	1970-04-12	1970						minutes	minutes
484-Swatantra_Party_Minutes_of_Meeting_14-12-1967.pdf	484	1967-12-14	1967						minutes	minutes
4840-Swatantra_Party_Minutes_of_Meeting_17-02-1970.pdf	4840	1970-02-17	1970						minutes	minutes
4841-Swatantra_as_Elite_of_Politics-JN_Lobo_Prabhu.pdf	4841									
4842-Swatantra_party_National_Executive_17-02-1970.pdf	4842	1970-02-17	1970							
4843-Swatantra_Party_Minutes_of_Meeting_28-12-1969.pdf	4843	1969-12-28	1969						minutes	minutes
4844-Notes_of_Disscussion_of_First_Meeting_of_Joint_Secretaries.pdf	4844									
4845-Swatantra_Party_Minutes_of_Meeting_27-12-1960.pdf	4845	1960-12-27	1960						minutes	minutes
4846-Swatantra_Party_Minutes_of_Meeting_27-12-1960.pdf	4846	1960-12-27	1960						minutes	minutes
4847-Text_of_Resolution_Adopted_by_the_General_Council_15-11-1969.pdf	4847	1969-11-15	1969						resolution	resolution
4848-Swatantra_Party_Minutes_of_Meeting_12-11-1969.pdf	4848	1969-11-12	1969						minutes	minutes
4849-Note_on_Presidental_Election_for_Central_Parliamentary_Board_and_National_Executive.pdf	4849									
485-Swatantra_Party_Minutes_of_Meeting_05-12-1967.pdf	485	1967-12-05	1967						minutes	minutes
4850-Note_on_Presidental_Election_for_Central_Parliamentary_Board_and_National_Executive.pdf	4850									
4851-Swatantra_Party_Minutes_of_Meeting_30-08-1960.pdf	4851	1960-08-30	1960						minutes	minutes
4852-Swatantra_Party_Minutes_of_Meeting_23-06-1969.pdf	4852	1969-06-23	1969						minutes	minutes
4853-Swatantra_Party_Minutes_of_Meeting_16-02-1969.pdf	4853	1969-02-16	1969						minutes	minutes
4854-Swatantra_Party_Minutes_of_Meeting_11-01-1965.pdf	4854	1965-01-11	1965						minutes	minutes
4855-Swatantra_Party_Minutes_of_Meeting_30-09-1964.pdf	4855	1964-09-30	1964						minutes	minutes
4856-Swatantra_Party_Minutes_of_Meeting_30-09-1964.pdf	4856	1964-09-30	1964						minutes	minutes
4857-Swatantra_Party_Minutes_of_Meeting_30-09-1964.pdf	4857	1964-09-30	1964						minutes	minutes
4858-Swatantra_Party_Minutes_of_Meeting_08-08-1964.pdf	4858	1964-08-08	1964						minutes	minutes
4859-Swatantra_Party_Minutes_of_Meeting_03-06-1964.pdf	4859	1964-06-03	1964						minutes	minutes
486-Swatantra_Party_Minutes_of_Meeting_30-11-1967.pdf	486	1967-11-30	1967						minutes	minutes
4860-Swatantra_Party_Minutes_of_Meeting_29-06-1964.pdf	4860	1964-06-29	1964						minutes	minutes
4861-Resolution_on_Food_Scarcity_and_High_Prices.pdf	4861								resolution	resolution
4862-Resolution_on_Food_Scarcity_and_High_Prices.pdf	4862								resolution	resolution
4863-Swatantra_Party_Minutes_of_Meeting_28-06-1964.pdf	4863	1964-06-28	1964						minutes	minutes
4864-Swatantra_Party_Minutes_of_Meeting_17-05-1964.pdf	4864	1964-05-17	1964						minutes	minutes
4865-Swatantra_Party_Minutes_of_Meeting_17-05-1964.pdf	4865	1964-05-17	1964						minutes	minutes
4866-Resolution_of_Parliamentary_Board.pdf	4866								resolution	resolution
4867-Resolution_of_Parliamentary_Board.pdf	4867								resolution	resolution
4868-Timetable_for_party_Election.pdf	4868									
4869-Amendments_to_the_Partys_Constitution.pdf	4869									
487-Swatantra_Party_Minutes_of_Meeting_23-11-1967.pdf	487	1967-11-23	1967						minutes	minutes
4870-Resolution_on_the_17th_Amendments_to_the_Constitution.pdf	4870								resolution	resolution
4871-Resolution_on_Food_Scarcity_and_High_Prices.pdf	4871								resolution	resolution
4872-Resolution_of_Parliamentary_Board.pdf	4872								resolution	resolution
4873-Swatantra_Party_Minutes_of_Meeting_03-02-1964.pdf	4873	1964-02-03	1964						minutes	minutes
4874-Swatantra_Party_Minutes_of_Meeting_01-02-1964.pdf	4874	1964-02-01	1964						minutes	minutes
4875-Swatantra_Party_Minutes_of_Meeting_31-01-1964.pdf	4875	1964-01-31	1964						minutes	minutes
4876-Swatantra_Party_Minutes_of_Meeting_31-01-1964.pdf	4876	1964-01-31	1964						minutes	minutes
4877-Swatantra_Party_Minutes_of_Meeting_30-01-1964.pdf	4877	1964-01-30	1964						minutes	minutes
4878-Swatantra_Party_Minutes_of_Meeting_30-01-1964.pdf	4878	1964-01-30	1964						minutes	minutes
4879-Swatantra_party_National_Convention.pdf	4879								souvenir	edited_volume
488-Swatantra_Party_Minutes_of_Meeting_23-11-1967.pdf	488	1967-11-23	1967						minutes	minutes
4880-Text_of_Resolution_Adopted_by_the_Third_National_Convention_01-02-1964.pdf	4880	1964-02-01	1964						resolution	resolution
4881-Swatantra_Party_Minutes_of_Meeting_04-08-1963.pdf	4881	1963-08-04	1963						minutes	minutes
4882-Swatantra_Party_Minutes_of_Meeting_03-08-1963.pdf	4882	1963-08-03	1963						minutes	minutes
4883-Swatantra_Party_Minutes_of_Meeting_03-08-1963.pdf	4883	1963-08-03	1963						minutes	minutes
4884-Swatantra_Party_Minutes_of_Meeting_03-04-1963.pdf	4884	1963-04-03	1963						minutes	minutes
4885-Minutes_of_an_Emergent_Meeting_of_the_Organisation_10-02-1963.pdf	4885	1963-02-10	1963						minutes	minutes
4886-Swatantra_Party_Minutes_of_Meeting_10-02-1963.pdf	4886	1963-02-10	1963						minutes	minutes
4887-Swatantra_Party_Minutes_of_Meeting_09-02-1963.pdf	4887	1963-02-09	1963						minutes	minutes
4888-Letter_to_N_G_Ranga_09-02-1963.pdf	4888	1963-02-09	1963		to	N G Ranga		unresolved	letter	letter
4889-Report_of_the_organisation_sub-committee.pdf	4889								report	occasional_paper
489-Swatantra_Party_Minutes_of_Meeting_22-11-1967.pdf	489	1967-11-22	1967						minutes	minutes
4890-Letter_fro_Jagat_kishore_Naryan_Singh_09-02-1963.pdf	4890	1963-02-09	1963						letter	letter
4891-Resolution_recommended_by_the_Central_Organising_Committee_09-02-1963.pdf	4891	1963-02-09	1963						resolution	resolution
4892-Report_of_the_organisation_sub-committee.pdf	4892								report	occasional_paper
4893-A_note_on_Election_of_Party_Committee_15-03-1962.pdf	4893	1962-03-15	1962							
4894-Swatantra_party_Circular_no-22_31-01-1963.pdf	4894	1963-01-31	1963						circular	circular
4895-Report_of_the_organisation_sub-committee.pdf	4895								report	occasional_paper
4896-Swatantra_Party_Minutes_of_Meeting_13-01-1963.pdf	4896	1963-01-13	1963						minutes	minutes
4897-Swatantra_Party_Minutes_of_Meeting_12-01-1963.pdf	4897	1963-01-12	1963						minutes	minutes
4898-Swatantra_Party_Minutes_of_Meeting.pdf	4898								minutes	minutes
4899-Swatantra_Party_Minutes_of_Meeting_07-11-1962.pdf	4899	1962-11-07	1962						minutes	minutes
49-Letter_to_Mr_Indu_Kumar_Thakkar_22-03-1971.pdf	49	1971-03-22	1971		to	Indu Kumar Thakkar		unresolved	letter	letter
490-Swatantra_Party_Minutes_of_Meeting_13-11-1967.pdf	490	1967-11-13	1967						minutes	minutes
4900-Swatantra_Party_Minutes_of_Meeting_28-07-1962.pdf	4900	1962-07-28	1962						minutes	minutes
4901-General_Secretarys_purposal_in_regard_to_Party_Organisation.pdf	4901									
4902-Swatantra_Party_Minutes_of_Meeting_21-07-1962.pdf	4902	1962-07-21	1962						minutes	minutes
4903-Swatantra_Party_Minutes_of_Meeting_07-04-1968.pdf	4903	1968-04-07	1968						minutes	minutes
4904-Swatantra_Party_Minutes_of_Meeting_07-04-1962.pdf	4904	1962-04-07	1962						minutes	minutes
4905-Meetings_of_President_and_Secretaries_of_State_parties_07-04-1962.pdf	4905	1962-04-07	1962							
4906-Swatantra_Party_Minutes_of_Meeting_19-03-1962.pdf	4906	1962-03-19	1962						minutes	minutes
4907-Swatantra_Party_Minutes_of_Meeting_19-03-1962.pdf	4907	1962-03-19	1962						minutes	minutes
4908-Swatantra_Party_Minutes_of_Meeting_08-01-1962.pdf	4908	1962-01-08	1962						minutes	minutes
4909-Swatantra_Party_Minutes_of_Meeting_04-01-1962.pdf	4909	1962-01-04	1962						minutes	minutes
491-Swatantra_Party_Minutes_of_Meeting_13-11-1967.pdf	491	1967-11-13	1967						minutes	minutes
4910-List_of_Approved_Lok_Sabha_Vidhan_Sabha_Candidates.pdf	4910									
4911-Candidates_selected_for_Lok_Sabha_and_Vidhan_Sabha.pdf	4911									
4912-List_of_Swatantra_Party_Candidates-Madras_Parliament.pdf	4912									
4913-Memorandum_of_Agreement.pdf	4913								memo	circular
4914-List_of_Approved_of_Endorsed_Candidates.pdf	4914									
4915-US_Missionary_defended_by_Prime_Minister.pdf	4915									
4916-Daily_telegraph_26-06-1976.pdf	4916	1976-06-26	1976							
4917-Newsletter_26-06-1976.pdf	4917	1976-06-26	1976						letter	letter
4918-Letter_to_Smt_Indira_Gandhi_11-06-1976.pdf	4918	1976-06-11	1976		to	Indira Gandhi	indira-gandhi	resolved	letter	letter
4919-Official_Bulletin_of_the_lok_Sabha_Sengarsh_Samiti_18-06-1976.pdf	4919	1976-06-18	1976						bulletin	periodical_issue
492-Swatantra_Party_Minutes_of_Meeting_09-08-1967.pdf	492	1967-08-09	1967						minutes	minutes
4920-Satya_Samachar_26-06-1976.pdf	4920	1976-06-26	1976							
4921-Indian_Human_Rights_hearing_before_US_Congress.pdf	4921									
4922-Mukhti_26-06-1970.pdf	4922	1970-06-26	1970							
4923-Letter_to_Mr_Minoo_Masani_14-06-1976.pdf	4923	1976-06-14	1976		to	Minoo Masani	minoo-masani	resolved	letter	letter
4924-Swaraj-JP_Fighting_21-05-1975.pdf	4924	1975-05-21	1975							
4925-Swaraj-JP_Fighting_21-05-1975.pdf	4925	1975-05-21	1975							
4926-Govt_vs_the_press_of_India.pdf	4926								press_note	press_note
4927-True_Copy_of_High_Court_Wait_Petition_08-01-1976.pdf	4927	1976-01-08	1976							
4928-Important_judgement_relating_to_the_valadity_of_statutory_Frecensorship_26-06-1975.pdf	4928	1975-06-26	1975							
4929-Letter_to_Smt_Indira_Gandhi_18-01-1976.pdf	4929	1976-01-18	1976		to	Indira Gandhi	indira-gandhi	resolved	letter	letter
493-Swatantra_Party_Minutes_of_Meeting_03-08-1967.pdf	493	1967-08-03	1967						minutes	minutes
4930-Letter_to_Mr_Minoo_Masani.pdf	4930				to	Minoo Masani	minoo-masani	resolved	letter	letter
4931-WCRP_Report.pdf	4931								report	occasional_paper
4932-Parliamentarians_in_Prision_16-03-1976.pdf	4932	1976-03-16	1976							
4933-Resolution_Adopted_by_the_General_Assembly_of_United_States_09-12-1975.pdf	4933	1975-12-09	1975						resolution	resolution
4934-Resolution_Adopted_by_the_General_Assembly_of_United_States_09-12-1975.pdf	4934	1975-12-09	1975						resolution	resolution
4935-Letter_to_Smt_Indira_Gandhi_18-01-1976.pdf	4935	1976-01-18	1976		to	Indira Gandhi	indira-gandhi	resolved	letter	letter
4936-Letter_from_J_B_Kriplani_19-06-1975.pdf	4936	1975-06-19	1975		from	J B Kriplani		unresolved	letter	letter
4937-In_the_Court_of_the_Addl_Cheif_Metropolian_Magistrats.pdf	4937									
4938-Lok_Sangharsh_Samiti-News_Service.pdf	4938									
4939-Appeal_for_Public_Debate_09-12-1975.pdf	4939	1975-12-09	1975							
494-Swatantra_Party_Minutes_of_Meeting_31-07-1967.pdf	494	1967-07-31	1967						minutes	minutes
4940-Letter_to_Mr_Minoo_Masani_20-11-1975.pdf	4940	1975-11-20	1975		to	Minoo Masani	minoo-masani	resolved	letter	letter
4941-Letter_to_M_G_Devashyam_12-11-1975.pdf	4941	1975-11-12	1975		to	M G Devashyam		unresolved	letter	letter
4942-Letter_to_Smt_Indira_Gandhi_09-11-1975.pdf	4942	1975-11-09	1975		to	Indira Gandhi	indira-gandhi	resolved	letter	letter
4943-Letter_to_Smt_Indira_Gandhi_09-11-1975.pdf	4943	1975-11-09	1975		to	Indira Gandhi	indira-gandhi	resolved	letter	letter
4944-Letter_to_Mr_Minoo_Masani_06-11-1975.pdf	4944	1975-11-06	1975		to	Minoo Masani	minoo-masani	resolved	letter	letter
4945-Letter_to_G_T_Daru_28-10-1978.pdf	4945	1978-10-28	1978		to	G T Daru		unresolved	letter	letter
4946-Letter_to_Mr_Minoo_Masani_24-10-1975.pdf	4946	1975-10-24	1975		to	Minoo Masani	minoo-masani	resolved	letter	letter
4947-Letter_to_inder_malohtra_22-10-1975.pdf	4947	1975-10-22	1975		to	inder malohtra		unresolved	letter	letter
4948-Letter_to_G_T_Daru_17-10-1975.pdf	4948	1975-10-17	1975		to	G T Daru		unresolved	letter	letter
4949-Letter_to_Mr_Minoo_Masani_14-10-1975.pdf	4949	1975-10-14	1975		to	Minoo Masani	minoo-masani	resolved	letter	letter
495-Swatantra_Party_Minutes_of_Meeting_03-08-1967.pdf	495	1967-08-03	1967						minutes	minutes
4950-Letter_to_Mr_Minoo_Masani_14-10-1975.pdf	4950	1975-10-14	1975		to	Minoo Masani	minoo-masani	resolved	letter	letter
4951-Suggested_Amendments_of_Articles.pdf	4951									
4952-Swatantra_party_Opinion.pdf	4952									
4953-All_India_Civil_Librties_Confrence_Condemns.pdf	4953									
4954-Registration_of_public_Opinions.pdf	4954									
4955-Citizen_for_Democracy.pdf	4955									
4956-On_Registration_of_Civil_Liberties_and_Democratic_Process.pdf	4956									
4957-Letter_to_G_T_Daru_06-10-1973.pdf	4957	1973-10-06	1973		to	G T Daru		unresolved	letter	letter
4958-Letter_to_Mr_Minoo_Masani_05-10-1975.pdf	4958	1975-10-05	1975		to	Minoo Masani	minoo-masani	resolved	letter	letter
4959-Letter_to_G_T_Daru_03-10-1975.pdf	4959	1975-10-03	1975		to	G T Daru		unresolved	letter	letter
496-Swatantra_Party_Minutes_of_Meeting_31-07-1967.pdf	496	1967-07-31	1967						minutes	minutes
4960-Letter_to_Mr_Minoo_Masani_27-09-1975.pdf	4960	1975-09-27	1975		to	Minoo Masani	minoo-masani	resolved	letter	letter
4961-Resolution.pdf	4961								resolution	resolution
4962-List_of_Books_29-08-1975.pdf	4962	1975-08-29	1975							
4963-Swatantra_party_Opinion.pdf	4963									
4964-Letter_to_Zarrer_Masani_13-08-1975.pdf	4964	1975-08-13	1975		to	Zarrer Masani		unresolved	letter	letter
4965-Letter_to_Mr_Minoo_Masani_02-08-1975.pdf	4965	1975-08-02	1975		to	Minoo Masani	minoo-masani	resolved	letter	letter
4966-Letter_to_Mr_Minoo_Masani_30-07-1975.pdf	4966	1975-07-30	1975		to	Minoo Masani	minoo-masani	resolved	letter	letter
4967-Freedom_First_23-07-1975.pdf	4967	1975-07-23	1975							
4968-The_PEN_All_India_Center_28-07-1975.pdf	4968	1975-07-28	1975							
4969-Letter_to_T_Sadasivas_22-07-1975.pdf	4969	1975-07-22	1975		to	T Sadasivas		unresolved	letter	letter
497-Swatantra_Party_Minutes_of_Meeting_28-07-1967.pdf	497	1967-07-28	1967						minutes	minutes
4970-Text_or_letter_addressed_to_the_PM_by_Jayaprakash_Naryan_21-07-1975.pdf	4970	1975-07-21	1975						letter	letter
4971-Letter_to_T_Sadasivas_18-07-1975.pdf	4971	1975-07-18	1975		to	T Sadasivas		unresolved	letter	letter
4972-Letter_from_Zarrer_14-07-1975.pdf	4972	1975-07-14	1975		from	Zarrer		unresolved	letter	letter
4973-India-A_Question_of_Survival_01-07-1975.pdf	4973	1975-07-01	1975							
4974-To_be_Published_in_the_Observe.pdf	4974									
4975-A_Speech_Delivered_at_Chatham_home_11-07-1975.pdf	4975	1975-07-11	1975						speech	speech
4976-Why_Mrs_gandhi_lash.pdf	4976									
4977-Letter_to_Mr_Minoo_Masani_15-07-1975.pdf	4977	1975-07-15	1975		to	Minoo Masani	minoo-masani	resolved	letter	letter
4978-Letter_to_K_Santhanam_18-07-1975.pdf	4978	1975-07-18	1975		to	K Santhanam	k-santhanam	resolved	letter	letter
4979-Letter_to_B_G_Verghess_18-07-1975.pdf	4979	1975-07-18	1975		to	B G Verghess		unresolved	letter	letter
498-The_Constitution_Amendment_Bill-1967_By_P_K_Deo.pdf	498									
4980-Letter_to_V_N_Tarkunda_17-07-1975.pdf	4980	1975-07-17	1975		to	V N Tarkunda		unresolved	letter	letter
4981-Letter_to_Devashyam_17-07-1975.pdf	4981	1975-07-17	1975		to	Devashyam		unresolved	letter	letter
4982-Letter_to_Devashyam_17-07-1975.pdf	4982	1975-07-17	1975		to	Devashyam		unresolved	letter	letter
4983-Letter_to_Jay_Prakash_Naryan_17-07-1975.pdf	4983	1975-07-17	1975		to	Jay Prakash Naryan		unresolved	letter	letter
4984-Letter_to_Piloo_Mody_17-07-1975.pdf	4984	1975-07-17	1975		to	Piloo Mody	piloo-mody	resolved	letter	letter
4985-Letter_to_Mr_Minoo_Masani_10-07-1975.pdf	4985	1975-07-10	1975		to	Minoo Masani	minoo-masani	resolved	letter	letter
4986-Letter_to_Mr_Minoo_Masani_07-07-1975.pdf	4986	1975-07-07	1975		to	Minoo Masani	minoo-masani	resolved	letter	letter
4987-Letter_to_K_Santhanam_03-07-1975.pdf	4987	1975-07-03	1975		to	K Santhanam	k-santhanam	resolved	letter	letter
4988-Letter_from_Mr_Minoo_Masani_01-07-1975.pdf	4988	1975-07-01	1975		from	Minoo Masani	minoo-masani	resolved	letter	letter
4989-Statement_to_the_Press_issued_by_Mr_N_A_Palhivala.pdf	4989								press_note	press_note
499-Swatantra_Party_Meeting-Notice_28-07-1967.pdf	499	1967-07-28	1967						circular	circular
4990-Letter_to_V_M_Tarkunda_20-06-1975.pdf	4990	1975-06-20	1975		to	V M Tarkunda		unresolved	letter	letter
4991-Letter_to_Om_Mehta_20-06-1975.pdf	4991	1975-06-20	1975		to	Om Mehta		unresolved	letter	letter
4992-Letter_from_Mr_Minoo_Masani_26-06-1975.pdf	4992	1975-06-26	1975		from	Minoo Masani	minoo-masani	resolved	letter	letter
4993-The_Banking_Companies_Acquisition_and_Transfer_of_Understanding_Ordiance_1969.pdf	4993	1969	1969							
4994-Letter_to_N_G_Ranga_30-11-1965.pdf	4994	1965-11-30	1965		to	N G Ranga		unresolved	letter	letter
4995-The_Conduct_of_meetings.pdf	4995									
4996-Techniques_of_Organising_Institution.pdf	4996									
4997-Organisation_Techniques_18-02-1979.pdf	4997	1979-02-18	1979							
4998-Lestle_Sawhny_Programme_18-02-1979.pdf	4998	1979-02-18	1979						manifesto	occasional_paper
4999-Speech_Delivered_by_Mr_Minoo_Masani_01-10-1972.pdf	4999	1972-10-01	1972						speech	speech
5-Letter_to_Mr_Minoo_Masani_14-03-1971.pdf	5	1971-03-14	1971		to	Minoo Masani	minoo-masani	resolved	letter	letter
50-Write_Letters_to_Bombay_and_Rajkot.pdf	50				to	Bombay and Rajkot		unresolved	letter	letter
500-Swatantra_Party_Minutes_of_Meeting_28-07-1967.pdf	500	1967-07-28	1967						minutes	minutes
5000-Swatantra_Party_Minutes_of_Meeting_01-11-1966.pdf	5000	1966-11-01	1966						minutes	minutes
5001-Swatantra_Party_Minutes_of_Meeting_05-08-1966.pdf	5001	1966-08-05	1966						minutes	minutes
5002-Swatantra_Party_Minutes_of_Meeting_25-07-1966.pdf	5002	1966-07-25	1966						minutes	minutes
5003-Swatantra_Party_Minutes_of_Meeting_18-03-1966.pdf	5003	1966-03-18	1966						minutes	minutes
5004-Swatantra_Party_Minutes_of_Meeting_10-03-1966.pdf	5004	1966-03-10	1966						minutes	minutes
5005-Swatantra_Party_Minutes_of_Meeting_09-12-1965.pdf	5005	1965-12-09	1965						minutes	minutes
5006-Swatantra_Party_Minutes_of_Meeting_10-11-1966.pdf	5006	1966-11-10	1966						minutes	minutes
5007-Swatantra_Party_Minutes_of_Meeting_02-11-1965.pdf	5007	1965-11-02	1965						minutes	minutes
5008-Swatantra_Party_Minutes_of_Meeting_30-08-1965.pdf	5008	1965-08-30	1965						minutes	minutes
5009-Swatantra_Party_Minutes_of_Meeting_27-08-1965.pdf	5009	1965-08-27	1965						minutes	minutes
501-Swatantra_Party_Minutes_of_Meeting_21-07-1967.pdf	501	1967-07-21	1967						minutes	minutes
5010-Swatantra_Party_Minutes_of_Meeting_18-08-1965.pdf	5010	1965-08-18	1965						minutes	minutes
5011-Swatantra_Party_Minutes_of_Meeting_16-08-1965.pdf	5011	1965-08-16	1965						minutes	minutes
5012-Swatantra_Party_Minutes_of_Meeting_15-04-1965.pdf	5012	1965-04-15	1965						minutes	minutes
5013-Swatantra_Party_Minutes_of_Meeting_08-04-1968.pdf	5013	1968-04-08	1968						minutes	minutes
5014-Swatantra_Party_Minutes_of_Meeting_06-03-1965.pdf	5014	1965-03-06	1965						minutes	minutes
5015-Generals_Information_relating_to_Parliamentary_and_other_Matters_29-11-1985.pdf	5015	1985-11-29	1985							
5016-Swatantra_Party_Minutes_of_Meeting_23-02-1965.pdf	5016	1965-02-23	1965						minutes	minutes
5017-Swatantra_Party_Minutes_of_Meeting_20-02-1965.pdf	5017	1965-02-20	1965						minutes	minutes
5018-Swatantra_Party_Minutes_of_Meeting_17-02-1965.pdf	5018	1965-02-17	1965						minutes	minutes
5019-Swatantra_Party_Minutes_of_Meeting_15-12-1964.pdf	5019	1964-12-15	1964						minutes	minutes
502-Swatantra_Party_Minutes_of_Meeting_21-07-1967.pdf	502	1967-07-21	1967						minutes	minutes
5020-Swatantra_Party_Minutes_of_Meeting_21-11-1964.pdf	5020	1964-11-21	1964						minutes	minutes
5021-A_Meetings_of_Executive_Committee_16-11-1964.pdf	5021	1964-11-16	1964							
5022-A_Meetings_of_Executive_Committee_15-09-1964.pdf	5022	1964-09-15	1964							
5023-A_Meetings_of_Executive_Committee_15-09-1964.pdf	5023	1964-09-15	1964							
5024-A_Meetings_of_Member_Party_08-09-1964.pdf	5024	1964-09-08	1964							
5025-Swatantra_Party_Minutes_of_Meeting_09-09-1964.pdf	5025	1964-09-09	1964						minutes	minutes
5026-A_Meetings_of_Executive_Committee_30-05-1964.pdf	5026	1964-05-30	1964							
5027-Swatantra_Party_Minutes_of_Meeting_29-05-1964.pdf	5027	1964-05-29	1964						minutes	minutes
5028-Swatantra_Party_Minutes_of_Meeting_28-04-1964.pdf	5028	1964-04-28	1964						minutes	minutes
5029-A_Meetings_of_Executive_Committee_22-04-1964.pdf	5029	1964-04-22	1964							
503-Swatantra_Party_Minutes_of_Meeting_13-07-1967.pdf	503	1967-07-13	1967						minutes	minutes
5030-Swatantra_Party_Minutes_of_Meeting_21-04-1964.pdf	5030	1964-04-21	1964						minutes	minutes
5031-Swatantra_Party_Minutes_of_Meeting_15-04-1964.pdf	5031	1964-04-15	1964						minutes	minutes
5032-Swatantra_Party_Minutes_of_Meeting_13-04-1964.pdf	5032	1964-04-13	1964						minutes	minutes
5033-Swatantra_Party_Minutes_of_Meeting_11-04-1964.pdf	5033	1964-04-11	1964						minutes	minutes
5034-Swatantra_Party_Minutes_of_Meeting_25-03-1964.pdf	5034	1964-03-25	1964						minutes	minutes
5035-Swatantra_Party_Minutes_of_Meeting_13-03-1964.pdf	5035	1964-03-13	1964						minutes	minutes
5036-Swatantra_Party_Minutes_of_Meeting_03-03-1964.pdf	5036	1964-03-03	1964						minutes	minutes
5037-Swatantra_party_Circular_29-02-1964.pdf	5037	1964-02-29	1964						circular	circular
5038-A_Meetings_of_Executive_Committee_26-02-1964.pdf	5038	1964-02-26	1964							
5039-A_Meetings_of_Executive_Committee_22-02-1964.pdf	5039	1964-02-22	1964							
504-Swatantra_Party_Minutes_of_Meeting_13-07-1967.pdf	504	1967-07-13	1967						minutes	minutes
5040-A_Meetings_of_Executive_Committee_19-02-1964.pdf	5040	1964-02-19	1964							
5041-Swatantra_Party_Minutes_of_Meeting_12-02-1964.pdf	5041	1964-02-12	1964						minutes	minutes
5042-Swatantra_Party_Minutes_of_Meeting_12-02-1964.pdf	5042	1964-02-12	1964						minutes	minutes
5043-Swatantra_Party_Minutes_of_Meeting_31-11-1963.pdf	5043	1963-11-31	1963						minutes	minutes
5044-Swatantra_Party_Minutes_of_Meeting_24-08-1963.pdf	5044	1963-08-24	1963						minutes	minutes
5045-Swatantra_Party_Minutes_of_Meeting_13-08-1963.pdf	5045	1963-08-13	1963						minutes	minutes
5046-Letter_to_Mr_Minoo_Masani_19-06-1968.pdf	5046	1968-06-19	1968		to	Minoo Masani	minoo-masani	resolved	letter	letter
5047-Letter_to_Mr_Minoo_Masani_18-06-1968.pdf	5047	1968-06-18	1968		to	Minoo Masani	minoo-masani	resolved	letter	letter
5048-Letter_to_Mr_Minoo_Masani_04-06-1968.pdf	5048	1968-06-04	1968		to	Minoo Masani	minoo-masani	resolved	letter	letter
5049-Letter_to_V_P_Sreenivasan.pdf	5049				to	V P Sreenivasan		unresolved	letter	letter
505-Swatantra_Party_Minutes_of_Meeting-Notice&Agenda_13-07-1967.pdf	505	1967-07-13	1967						minutes	minutes
5050-Press_Release_02-06-1964.pdf	5050	1964-06-02	1964						press_note	press_note
5051-Letter_to_N_Dandeker_28-07-1968.pdf	5051	1968-07-28	1968		to	N Dandeker		unresolved	letter	letter
5052-Letter_to_Prabhakar_S_koopiker_28-05-1968.pdf	5052	1968-05-28	1968		to	Prabhakar S koopiker		unresolved	letter	letter
5053-List_for_Emergency_Meeting_for_the_General_Council.pdf	5053									
5054-Letter_to_B_R_Ambedkar_25-05-1968.pdf	5054	1968-05-25	1968		to	B R Ambedkar	bhimrao-ambedkar	resolved	letter	letter
5055-Letter_to_Mr_Minoo_Masani_25-05-1968.pdf	5055	1968-05-25	1968		to	Minoo Masani	minoo-masani	resolved	letter	letter
5056-Letter_to_C_Rajagopalachari.pdf	5056				to	C Rajagopalachari	c-rajagopalachari	resolved	letter	letter
5057-Letter_to_Mr_Minoo_Masani_22-05-1968.pdf	5057	1968-05-22	1968		to	Minoo Masani	minoo-masani	resolved	letter	letter
5058-National_Executive_Circular_no-35_22-05-1968.pdf	5058	1968-05-22	1968						circular	circular
5059-Letter_to_K_M_Munshi_08-04-1968.pdf	5059	1968-04-08	1968		to	K M Munshi	k-m-munshi	resolved	letter	letter
506-Swatantra_Party_Minutes_of_Meeting_10-07-1967.pdf	506	1967-07-10	1967						minutes	minutes
5060-Letter_to_C_Rajagopalachari_20-05-1968.pdf	5060	1968-05-20	1968		to	C Rajagopalachari	c-rajagopalachari	resolved	letter	letter
5061-Letter_to_Mr_Minoo_Masani_16-05-1968.pdf	5061	1968-05-16	1968		to	Minoo Masani	minoo-masani	resolved	letter	letter
5062-Letter_to_Member_of_General_Council_of_the_Swatantra_party_15-05-1968.pdf	5062	1968-05-15	1968		to	Member of General Council of the Swatantra party		unresolved	letter	letter
5063-For_Favour_of_Publication_14-05-1968.pdf	5063	1968-05-14	1968							
5064-Letter_to_Mr_Minoo_Masani_22-04-1968.pdf	5064	1968-04-22	1968		to	Minoo Masani	minoo-masani	resolved	letter	letter
5065-Letter_to_N_Dandeker_13-05-1966.pdf	5065	1966-05-13	1966		to	N Dandeker		unresolved	letter	letter
5066-Letter_to_P_S_Koppikar_26-04-1968.pdf	5066	1968-04-26	1968		to	P S Koppikar		unresolved	letter	letter
5067-Letter_to_Mr_Minoo_Masani_31-03-1968.pdf	5067	1968-03-31	1968		to	Minoo Masani	minoo-masani	resolved	letter	letter
5068-Defeat_of_the_Party_Candidate_in_the_Biennal_Election_in_Rajya_Sabha.pdf	5068									
5069-Letter_to_Mr_Minoo_Masani_22-04-1968.pdf	5069	1968-04-22	1968		to	Minoo Masani	minoo-masani	resolved	letter	letter
507-Swatantra_Party_Minutes_of_Meeting_05-07-1967.pdf	507	1967-07-05	1967						minutes	minutes
5070-Letter_to_N_Dandeker_16-04-1968.pdf	5070	1968-04-16	1968		to	N Dandeker		unresolved	letter	letter
5071-Letter_to_N_Dandeker_12-04-1969.pdf	5071	1969-04-12	1969		to	N Dandeker		unresolved	letter	letter
5072-Procedures_of_Emergent_Meeting_of_State_Executive_12-04-1962.pdf	5072	1962-04-12	1962							
5073-Letter_to_Mr_Minoo_Masani_12-04-1969.pdf	5073	1969-04-12	1969		to	Minoo Masani	minoo-masani	resolved	letter	letter
5074-Letter_from_K_M_Panigraphy.pdf	5074				from	K M Panigraphy		unresolved	letter	letter
5075-Letter_to_N_Dandeker_11-04-1968.pdf	5075	1968-04-11	1968		to	N Dandeker		unresolved	letter	letter
5076-Letter_to_N_G_Ranga_10-04-1968.pdf	5076	1968-04-10	1968		to	N G Ranga		unresolved	letter	letter
5077-Letter_to_N_Dandeker_15-04-1968.pdf	5077	1968-04-15	1968		to	N Dandeker		unresolved	letter	letter
5078-Letter_to_Madhu_N_Mehta_08-04-1968.pdf	5078	1968-04-08	1968		to	Madhu N Mehta		unresolved	letter	letter
5079-Letter_to_N_Dandeker_08-04-1968.pdf	5079	1968-04-08	1968		to	N Dandeker		unresolved	letter	letter
508-Swatantra_Party_Minutes_of_Meeting_03-07-1967.pdf	508	1967-07-03	1967						minutes	minutes
5080-Letter_to_Madhu_N_Mehta_16-04-1968.pdf	5080	1968-04-16	1968		to	Madhu N Mehta		unresolved	letter	letter
5081-Letter_to_N_Dandeker.pdf	5081				to	N Dandeker		unresolved	letter	letter
5082-Letter_to_Madhu_N_Mehta_06-04-1968.pdf	5082	1968-04-06	1968		to	Madhu N Mehta		unresolved	letter	letter
5083-Letter_to_N_Dandeker_05-04-1968.pdf	5083	1968-04-05	1968		to	N Dandeker		unresolved	letter	letter
5084-Letter_to_N_Dandeker_05-04-1968.pdf	5084	1968-04-05	1968		to	N Dandeker		unresolved	letter	letter
5085-Letter_to_N_Dandeker_05-04-1968.pdf	5085	1968-04-05	1968		to	N Dandeker		unresolved	letter	letter
5086-Letter_to_N_Dandeker_05-04-1968.pdf	5086	1968-04-05	1968		to	N Dandeker		unresolved	letter	letter
5087-Letter_to_N_Dandeker_05-04-1968.pdf	5087	1968-04-05	1968		to	N Dandeker		unresolved	letter	letter
5088-Letter_to_N_Dandeker_08-04-1968.pdf	5088	1968-04-08	1968		to	N Dandeker		unresolved	letter	letter
5089-Letter_to_N_Dandeker_08-04-1968.pdf	5089	1968-04-08	1968		to	N Dandeker		unresolved	letter	letter
509-Swatantra_Party_Minutes_of_Meeting_03-07-1967.pdf	509	1967-07-03	1967						minutes	minutes
5090-Letter_to_N_Dandeker_08-04-1968.pdf	5090	1968-04-08	1968		to	N Dandeker		unresolved	letter	letter
5091-Letter_to_N_Dandeker_08-04-1968.pdf	5091	1968-04-08	1968		to	N Dandeker		unresolved	letter	letter
5092-Letter_to_N_Dandeker_08-04-1968.pdf	5092	1968-04-08	1968		to	N Dandeker		unresolved	letter	letter
5093-Letter_to_N_Dandeker_05-04-1968.pdf	5093	1968-04-05	1968		to	N Dandeker		unresolved	letter	letter
5094-Letter_to_N_Dandeker_15-04-1968.pdf	5094	1968-04-15	1968		to	N Dandeker		unresolved	letter	letter
5095-Letter_to_N_Dandeker_08-04-1968.pdf	5095	1968-04-08	1968		to	N Dandeker		unresolved	letter	letter
5096-Letter_to_N_Dandeker_06-04-1968.pdf	5096	1968-04-06	1968		to	N Dandeker		unresolved	letter	letter
5097-Letter_to_N_Dandeker_05-04-1968.pdf	5097	1968-04-05	1968		to	N Dandeker		unresolved	letter	letter
5098-Letter_to_N_Dandeker_10-04-1968.pdf	5098	1968-04-10	1968		to	N Dandeker		unresolved	letter	letter
5099-Letter_to_Madhu_N_Mehta_05-04-1968.pdf	5099	1968-04-05	1968		to	Madhu N Mehta		unresolved	letter	letter
51-Letter_to_Mr_Minoo_Masani_18-03-1971.pdf	51	1971-03-18	1971		to	Minoo Masani	minoo-masani	resolved	letter	letter
510-Swatantra_Party_Minutes_of_Meeting_27-06-1967.pdf	510	1967-06-27	1967						minutes	minutes
5100-Letter_to_C_Rajagopalachari_05-04-1968.pdf	5100	1968-04-05	1968		to	C Rajagopalachari	c-rajagopalachari	resolved	letter	letter
5101-Letter_from_C_Pathik_05-04-1968.pdf	5101	1968-04-05	1968		from	C Pathik		unresolved	letter	letter
5102-Letter_to_N_Dandeker_04-04-1968.pdf	5102	1968-04-04	1968		to	N Dandeker		unresolved	letter	letter
5103-Letter_to_N_Dandeker_04-04-1968.pdf	5103	1968-04-04	1968		to	N Dandeker		unresolved	letter	letter
5104-Letter_to_N_Dandeker_04-04-1968.pdf	5104	1968-04-04	1968		to	N Dandeker		unresolved	letter	letter
5105-Letter_to_N_Dandeker_04-04-1968.pdf	5105	1968-04-04	1968		to	N Dandeker		unresolved	letter	letter
5106-Letter_to_N_Dandeker_04-04-1968.pdf	5106	1968-04-04	1968		to	N Dandeker		unresolved	letter	letter
5107-Letter_to_N_Dandeker_04-04-1968.pdf	5107	1968-04-04	1968		to	N Dandeker		unresolved	letter	letter
5108-Letter_to_N_Dandeker_04-04-1968.pdf	5108	1968-04-04	1968		to	N Dandeker		unresolved	letter	letter
5109-Letter_to_N_Dandeker_04-04-1968.pdf	5109	1968-04-04	1968		to	N Dandeker		unresolved	letter	letter
511-Swatantra_Party_Minutes_of_Meeting_26-06-1967.pdf	511	1967-06-26	1967						minutes	minutes
5110-Letter_to_N_Dandeker_04-04-1968.pdf	5110	1968-04-04	1968		to	N Dandeker		unresolved	letter	letter
5111-Letter_to_N_Dandeker_04-04-1968.pdf	5111	1968-04-04	1968		to	N Dandeker		unresolved	letter	letter
5112-Letter_to_N_Dandeker.pdf	5112				to	N Dandeker		unresolved	letter	letter
5113-Letter_to_N_Dandeker_04-04-1965.pdf	5113	1965-04-04	1965		to	N Dandeker		unresolved	letter	letter
5114-Letter_to_N_Dandeker_04-04-1968.pdf	5114	1968-04-04	1968		to	N Dandeker		unresolved	letter	letter
5115-Letter_to_N_Dandeker.pdf	5115				to	N Dandeker		unresolved	letter	letter
5116-Letter_to_N_Dandeker.pdf	5116				to	N Dandeker		unresolved	letter	letter
5117-Letter_to_N_Dandeker_05-04-1968.pdf	5117	1968-04-05	1968		to	N Dandeker		unresolved	letter	letter
5118-Letter_to_N_Dandeker_04-04-1968.pdf	5118	1968-04-04	1968		to	N Dandeker		unresolved	letter	letter
5119-Letter_to_N_Dandeker_04-04-1968.pdf	5119	1968-04-04	1968		to	N Dandeker		unresolved	letter	letter
512-Swatantra_Party_Meeting-Circular_24-06-1967.pdf	512	1967-06-24	1967						circular	circular
5120-Letter_to_N_Dandeker_04-04-1968.pdf	5120	1968-04-04	1968		to	N Dandeker		unresolved	letter	letter
5121-Copy_of_Tele_Message_04-04-1968.pdf	5121	1968-04-04	1968							
5122-Letter_to_Madhu_N_Mehta_04-04-1968.pdf	5122	1968-04-04	1968		to	Madhu N Mehta		unresolved	letter	letter
5123-Letter_to_Madhu_N_Mehta_03-04-1968.pdf	5123	1968-04-03	1968		to	Madhu N Mehta		unresolved	letter	letter
5124-Letter_to_N_Dandeker_03-04-1968.pdf	5124	1968-04-03	1968		to	N Dandeker		unresolved	letter	letter
5125-Letter_to_N_Dandeker_03-04-1968.pdf	5125	1968-04-03	1968		to	N Dandeker		unresolved	letter	letter
5126-Letter_to_N_Dandeker_03-04-1968.pdf	5126	1968-04-03	1968		to	N Dandeker		unresolved	letter	letter
5127-Letter_to_N_Dandeker_03-04-1968.pdf	5127	1968-04-03	1968		to	N Dandeker		unresolved	letter	letter
5128-Letter_to_N_Dandeker_03-04-1968.pdf	5128	1968-04-03	1968		to	N Dandeker		unresolved	letter	letter
5129-Letter_to_N_Dandeker_03-04-1968.pdf	5129	1968-04-03	1968		to	N Dandeker		unresolved	letter	letter
513-Swatantra_Party_Minutes_of_Meeting_21-06-1967.pdf	513	1967-06-21	1967						minutes	minutes
5130-Letter_to_N_Dandeker_04-04-1968.pdf	5130	1968-04-04	1968		to	N Dandeker		unresolved	letter	letter
5131-Letter_to_C_Rajagopalachari_03-04-1968.pdf	5131	1968-04-03	1968		to	C Rajagopalachari	c-rajagopalachari	resolved	letter	letter
5132-Meeting_of_the_Executive_Committee_03-04-1969.pdf	5132	1969-04-03	1969							
5133-Letter_to_Madhu_N_Mehta_03-04-1968.pdf	5133	1968-04-03	1968		to	Madhu N Mehta		unresolved	letter	letter
5134-Letter_to_Madhu_N_Mehta_03-04-1968.pdf	5134	1968-04-03	1968		to	Madhu N Mehta		unresolved	letter	letter
5135-Letter_to_Madhu_N_Mehta_03-04-1968.pdf	5135	1968-04-03	1968		to	Madhu N Mehta		unresolved	letter	letter
5136-Letter_to_N_Dandeker_02-04-1968.pdf	5136	1968-04-02	1968		to	N Dandeker		unresolved	letter	letter
5137-Letter_to_N_Dandeker_02-04-1968.pdf	5137	1968-04-02	1968		to	N Dandeker		unresolved	letter	letter
5138-Letter_to_N_Dandeker_02-04-1968.pdf	5138	1968-04-02	1968		to	N Dandeker		unresolved	letter	letter
5139-Letter_to_N_Dandeker_02-04-1968.pdf	5139	1968-04-02	1968		to	N Dandeker		unresolved	letter	letter
514-Swatantra_Party_Minutes_of_Meeting_17-06-1967.pdf	514	1967-06-17	1967						minutes	minutes
5140-Letter_to_N_Dandeker_02-04-1968.pdf	5140	1968-04-02	1968		to	N Dandeker		unresolved	letter	letter
5141-Letter_to_N_Dandeker_16-01-1968.pdf	5141	1968-01-16	1968		to	N Dandeker		unresolved	letter	letter
5142-Telegram_to_Mr_Minoo_Masani.pdf	5142				to	Minoo Masani	minoo-masani	resolved	telegram	telegram
5143-Letter_to_N_Dandeker_31-03-1968.pdf	5143	1968-03-31	1968		to	N Dandeker		unresolved	letter	letter
5144-Letter_to_Mr_Minoo_Masani_21-03-1968.pdf	5144	1968-03-21	1968		to	Minoo Masani	minoo-masani	resolved	letter	letter
5145-Letter_to_Madhu_N_Mehta_31-03-1968.pdf	5145	1968-03-31	1968		to	Madhu N Mehta		unresolved	letter	letter
5146-Letter_to_Madhu_N_Mehta_31-03-1968.pdf	5146	1968-03-31	1968		to	Madhu N Mehta		unresolved	letter	letter
5147-Letter_to_Madhu_N_Mehta_06-04-1968.pdf	5147	1968-04-06	1968		to	Madhu N Mehta		unresolved	letter	letter
5148-Letter_to_Madhu_N_Mehta_31-03-1968.pdf	5148	1968-03-31	1968		to	Madhu N Mehta		unresolved	letter	letter
5149-Letter_to_N_Dandeker.pdf	5149				to	N Dandeker		unresolved	letter	letter
515-Swatantra_Party_Minutes_of_Meeting_15-06-1967.pdf	515	1967-06-15	1967						minutes	minutes
5150-Letter_to_N_Dandeker_29-03-1968.pdf	5150	1968-03-29	1968		to	N Dandeker		unresolved	letter	letter
5151-Letter_to_C_Rajagopalachari_29-03-1968.pdf	5151	1968-03-29	1968		to	C Rajagopalachari	c-rajagopalachari	resolved	letter	letter
5152-Letter_to_C_Rajagopalachari_29-03-1968.pdf	5152	1968-03-29	1968		to	C Rajagopalachari	c-rajagopalachari	resolved	letter	letter
5153-Mr_Minoo_Masani_letter_Resigning_from_the_National_Executive_29-03-1968.pdf	5153	1968-03-29	1968						letter	letter
5154-In_the_Supereme_Court_of_India_Original_Jurisdiction.pdf	5154									
5155-Letter_to_Mr_Minoo_Masani_02-12-1959.pdf	5155	1959-12-02	1959		to	Minoo Masani	minoo-masani	resolved	letter	letter
5156-Letter_to_Mr_Minoo_Masani_02-12-1959.pdf	5156	1959-12-02	1959		to	Minoo Masani	minoo-masani	resolved	letter	letter
5157-Letter_to_S_N_Ghosh_02-12-1959.pdf	5157	1959-12-02	1959		to	S N Ghosh		unresolved	letter	letter
5158-Letter_to_Mr_Minoo_Masani_01-12-1959.pdf	5158	1959-12-01	1959		to	Minoo Masani	minoo-masani	resolved	letter	letter
5159-Letter_to_B_N_Rao_02-12-1959.pdf	5159	1959-12-02	1959		to	B N Rao		unresolved	letter	letter
516-Swatantra_Party_Minutes_of_Meeting_10-06-1967.pdf	516	1967-06-10	1967						minutes	minutes
5160-Letter_to_P_L_Roy_01-12-1959.pdf	5160	1959-12-01	1959		to	P L Roy		unresolved	letter	letter
5161-Letter_to_Moshe_Kol_01-12-1959.pdf	5161	1959-12-01	1959		to	Moshe Kol		unresolved	letter	letter
5162-Letter_to_Sam_Seghal_01-12-1959.pdf	5162	1959-12-01	1959		to	Sam Seghal		unresolved	letter	letter
5163-Letter_to_Ishwara_Dutt_01-12-1959.pdf	5163	1959-12-01	1959		to	Ishwara Dutt		unresolved	letter	letter
5164-Letter_to_Mohan_Murari_01-12-1959.pdf	5164	1959-12-01	1959		to	Mohan Murari		unresolved	letter	letter
5165-Letter_to_K_R_Koshti_01-12-1959.pdf	5165	1959-12-01	1959		to	K R Koshti		unresolved	letter	letter
5166-Swatantra_Party_Letter_30-11-1959.pdf	5166	1959-11-30	1959						letter	letter
5167-Letter_to_G_N_Manjanasthya_30-11-1959.pdf	5167	1959-11-30	1959		to	G N Manjanasthya		unresolved	letter	letter
5168-Letter_to_T_S_Krishnamoorthy_30-11-1959.pdf	5168	1959-11-30	1959		to	T S Krishnamoorthy		unresolved	letter	letter
5169-Letter_to_Raja_Bahadur_Kamkhya_Narain_Singh_30-11-1959.pdf	5169	1959-11-30	1959		to	Bahadur Kamkhya Narain Singh		unresolved	letter	letter
517-Swatantra_Party_Minutes_of_Meeting_09-06-1967.pdf	517	1967-06-09	1967						minutes	minutes
5170-Letter_to_Bahadur_C_B_Taraporevals_30-11-1999.pdf	5170	1999-11-30	1999		to	Bahadur C B Taraporevals		unresolved	letter	letter
5171-Letter_to_Venkata_Subbarao_30-11-1959.pdf	5171	1959-11-30	1959		to	Venkata Subbarao		unresolved	letter	letter
5172-Letter_to_R_N_Rai_30-11-1959.pdf	5172	1959-11-30	1959		to	R N Rai		unresolved	letter	letter
5173-Letter_to_Mr_Minoo_Masani_28-11-1959.pdf	5173	1959-11-28	1959		to	Minoo Masani	minoo-masani	resolved	letter	letter
5174-Letter_to_Mr_Minoo_Masani_21-11-1959.pdf	5174	1959-11-21	1959		to	Minoo Masani	minoo-masani	resolved	letter	letter
5175-Letter_to_Sundaram.pdf	5175				to	Sundaram		unresolved	letter	letter
5176-Letter_to_Mr_Minoo_Masani_27-11-1959.pdf	5176	1959-11-27	1959		to	Minoo Masani	minoo-masani	resolved	letter	letter
5177-Letter_to_Mr_Minoo_Masani_26-05-1959.pdf	5177	1959-05-26	1959		to	Minoo Masani	minoo-masani	resolved	letter	letter
5178-Letter_to_Mr_Minoo_Masani_26-11-1959.pdf	5178	1959-11-26	1959		to	Minoo Masani	minoo-masani	resolved	letter	letter
5179-Letter_to_B_K_Sen_25-11-1959.pdf	5179	1959-11-25	1959		to	B K Sen		unresolved	letter	letter
518-Swatantra_Party_Minutes_of_Meeting_01-06-1967.pdf	518	1967-06-01	1967						minutes	minutes
5180-Letter_to_A_C_Sampath_Iyeangar_25-11-1959.pdf	5180	1959-11-25	1959		to	A C Sampath Iyeangar		unresolved	letter	letter
5181-Letter_to_Mr_Minoo_Masani_25-11-1959.pdf	5181	1959-11-25	1959		to	Minoo Masani	minoo-masani	resolved	letter	letter
5182-Letter_to_Mr_Minoo_Masani_24-11-1959.pdf	5182	1959-11-24	1959		to	Minoo Masani	minoo-masani	resolved	letter	letter
5183-Letter_to_Mr_Minoo_Masani_24-11-1959.pdf	5183	1959-11-24	1959		to	Minoo Masani	minoo-masani	resolved	letter	letter
5184-Letter_to_Mr_Minoo_Masani_24-11-1959.pdf	5184	1959-11-24	1959		to	Minoo Masani	minoo-masani	resolved	letter	letter
5185-Swatantra_party_District_Conference_16-10-1959.pdf	5185	1959-10-16	1959							
5186-Letter_to_A_C_Sampath_Iyeangar_23-11-1969.pdf	5186	1969-11-23	1969		to	A C Sampath Iyeangar		unresolved	letter	letter
5187-Letter_to_Mr_Minoo_Masani_23-11-1959.pdf	5187	1959-11-23	1959		to	Minoo Masani	minoo-masani	resolved	letter	letter
5188-Letter_to_Mr_Minoo_Masani_21-11-1959.pdf	5188	1959-11-21	1959		to	Minoo Masani	minoo-masani	resolved	letter	letter
5189-Letter_to_Mr_Minoo_Masani_20-11-1959.pdf	5189	1959-11-20	1959		to	Minoo Masani	minoo-masani	resolved	letter	letter
519-Swatantra_Party_Minutes_of_Meeting_22-05-1967.pdf	519	1967-05-22	1967						minutes	minutes
5190-Letter_to_Mr_Minoo_Masani_19-11-1959.pdf	5190	1959-11-19	1959		to	Minoo Masani	minoo-masani	resolved	letter	letter
5191-Letter_to_A_C_Sampath_Iyeangar_19-11-1959.pdf	5191	1959-11-19	1959		to	A C Sampath Iyeangar		unresolved	letter	letter
5192-Letter_to_Mr_Minoo_Masani_18-11-1959.pdf	5192	1959-11-18	1959		to	Minoo Masani	minoo-masani	resolved	letter	letter
5193-Letter_to_A_N_Hegda_19-11-1959.pdf	5193	1959-11-19	1959		to	A N Hegda		unresolved	letter	letter
5194-Telegram_to_Mr_Minoo_Masani.pdf	5194				to	Minoo Masani	minoo-masani	resolved	telegram	telegram
5195-Swatantra_party_Letter.pdf	5195								letter	letter
5196-Telegram_to_Mr_Minoo_Masani.pdf	5196				to	Minoo Masani	minoo-masani	resolved	telegram	telegram
5197-Telegram_to_Mr_Minoo_Masani_16-11-1959.pdf	5197	1959-11-16	1959		to	Minoo Masani	minoo-masani	resolved	telegram	telegram
5198-Letter_to_Dadasaheb_Larsan_Patil_14-11-1959.pdf	5198	1959-11-14	1959		to	Dadasaheb Larsan Patil		unresolved	letter	letter
5199-Letter_to_Mr_Minoo_Masani_19-11-1959.pdf	5199	1959-11-19	1959		to	Minoo Masani	minoo-masani	resolved	letter	letter
52-Letter_to_Mr_JJ_Singh_18-03-1971.pdf	52	1971-03-18	1971		to	JJ Singh		unresolved	letter	letter
520-Swatantra_Party_Minutes_of_Meeting_22-05-1967.pdf	520	1967-05-22	1967						minutes	minutes
5200-Letter_to_Dahyabhai_V_Patel_13-11-1959.pdf	5200	1959-11-13	1959		to	Dahyabhai V Patel		unresolved	letter	letter
5201-Letter_to_Mr_Minoo_Masani_13-11-1959.pdf	5201	1959-11-13	1959		to	Minoo Masani	minoo-masani	resolved	letter	letter
5202-Letter_to_P_L_Roy_19-11-1959.pdf	5202	1959-11-19	1959		to	P L Roy		unresolved	letter	letter
5203-The_Living_Gandhi_Pure_Gandhism_Rajai_Differences_on_Foriegn_Policy_12-11-1959.pdf	5203	1959-11-12	1959							
5204-Letter_to_Mr_Minoo_Masani_11-11-1959.pdf	5204	1959-11-11	1959		to	Minoo Masani	minoo-masani	resolved	letter	letter
5205-Letter_to_Mr_Minoo_Masani_11-11-1959.pdf	5205	1959-11-11	1959		to	Minoo Masani	minoo-masani	resolved	letter	letter
5206-Letter_to_Mr_Minoo_Masani_10-11-1959.pdf	5206	1959-11-10	1959		to	Minoo Masani	minoo-masani	resolved	letter	letter
5207-Letter_to_R_Venkata_Subbarao_10-11-1959.pdf	5207	1959-11-10	1959		to	R Venkata Subbarao		unresolved	letter	letter
5208-Letter_to_Ishwardas_Khare_10-11-1959.pdf	5208	1959-11-10	1959		to	Ishwardas Khare		unresolved	letter	letter
5209-Letter_to_Nathalal_S_Shah_09-11-1959.pdf	5209	1959-11-09	1959		to	Nathalal S Shah		unresolved	letter	letter
521-Swatantra_Party_Minutes_of_Meeting_30-03-1967.pdf	521	1967-03-30	1967						minutes	minutes
5210-Letter_to_Raja_Bahadur_Kamkhya_Narain_Singh_09-11-1959.pdf	5210	1959-11-09	1959		to	Bahadur Kamkhya Narain Singh		unresolved	letter	letter
5211-Letter_to_N_K_Ganapaiah_09-11-1959.pdf	5211	1959-11-09	1959		to	N K Ganapaiah		unresolved	letter	letter
5212-Letter_to_Basant_Singh_09-11-1959.pdf	5212	1959-11-09	1959		to	Basant Singh		unresolved	letter	letter
5213-Letter_to_Mr_Minoo_Masani_06-11-1959.pdf	5213	1959-11-06	1959		to	Minoo Masani	minoo-masani	resolved	letter	letter
5214-Letter_to_Mr_Minoo_Masani_07-11-1959.pdf	5214	1959-11-07	1959		to	Minoo Masani	minoo-masani	resolved	letter	letter
5215-Letter_to_Jinraja_Hegda_07-11-1959.pdf	5215	1959-11-07	1959		to	Jinraja Hegda		unresolved	letter	letter
5216-Letter_to_Raja_Bahadur_Kamkhya_Narain_Singh_07-11-1959.pdf	5216	1959-11-07	1959		to	Bahadur Kamkhya Narain Singh		unresolved	letter	letter
5217-Letter_to_Ishwardas_Khera_07-11-1959.pdf	5217	1959-11-07	1959		to	Ishwardas Khera		unresolved	letter	letter
5218-Letter_to_Mr_Minoo_Masani_06-11-1959.pdf	5218	1959-11-06	1959		to	Minoo Masani	minoo-masani	resolved	letter	letter
5219-Letter_to_Mr_Minoo_Masani_05-11-1959.pdf	5219	1959-11-05	1959		to	Minoo Masani	minoo-masani	resolved	letter	letter
522-Swatantra_Party_Minutes_of_Meeting_27-03-1967.pdf	522	1967-03-27	1967						minutes	minutes
5220-Letter_to_Ishwar_Das_Khera_05-11-1959.pdf	5220	1959-11-05	1959		to	Ishwar Das Khera		unresolved	letter	letter
5221-All_India_Agriculturists_Federations_04-11-1959.pdf	5221	1959-11-04	1959							
5222-Letter_to_Mr_Minoo_Masani_04-11-1959.pdf	5222	1959-11-04	1959		to	Minoo Masani	minoo-masani	resolved	letter	letter
5223-Letter_to_Mr_Minoo_Masani.pdf	5223				to	Minoo Masani	minoo-masani	resolved	letter	letter
5224-Letter_to_N_G_Ranga_03-11-1959.pdf	5224	1959-11-03	1959		to	N G Ranga		unresolved	letter	letter
5225-Letter_to_S_Usham_Singh_Nagoka.pdf	5225				to	S Usham Singh Nagoka		unresolved	letter	letter
5226-The_Reception_Committee_31-10-1959.pdf	5226	1959-10-31	1959							
5227-Swatantra_Party_Convention_31-10-1959.pdf	5227	1959-10-31	1959						souvenir	edited_volume
5228-Swatantra_Party_Madras_Convention_31-10-1959.pdf	5228	1959-10-31	1959						souvenir	edited_volume
5229-Letter_to_Mr_Minoo_Masani_30-10-1959.pdf	5229	1959-10-30	1959		to	Minoo Masani	minoo-masani	resolved	letter	letter
523-Swatantra_Party_Minutes_of_Meeting_24-03-1967.pdf	523	1967-03-24	1967						minutes	minutes
5230-Letter_to_K_U_Shetty_30-10-1959.pdf	5230	1959-10-30	1959		to	K U Shetty		unresolved	letter	letter
5231-Letter_to_Mr_Minoo_Masani_28-10-1959.pdf	5231	1959-10-28	1959		to	Minoo Masani	minoo-masani	resolved	letter	letter
5232-Letter_to_Mr_Minoo_Masani_28-10-1989.pdf	5232	1989-10-28	1989		to	Minoo Masani	minoo-masani	resolved	letter	letter
5233-Letter_to_S_S_Mariswamy_28-10-1959.pdf	5233	1959-10-28	1959		to	S S Mariswamy		unresolved	letter	letter
5234-Letter_to_P_V_Pamnani_27-10-1959.pdf	5234	1959-10-27	1959		to	P V Pamnani		unresolved	letter	letter
5235-Letter_to_Ram_Rai_Munshi_27-10-1959.pdf	5235	1959-10-27	1959		to	Ram Rai Munshi		unresolved	letter	letter
5236-Letter_to_MS_Dwivedi_20-10-1959.pdf	5236	1959-10-20	1959		to	Dwivedi		unresolved	letter	letter
5237-Letter_to_Mr_Minoo_Masani.pdf	5237				to	Minoo Masani	minoo-masani	resolved	letter	letter
5238-Letter_to_Mr_Minoo_Masani.pdf	5238				to	Minoo Masani	minoo-masani	resolved	letter	letter
5239-Letter_to_Mr_Minoo_Masani_25-10-1959.pdf	5239	1959-10-25	1959		to	Minoo Masani	minoo-masani	resolved	letter	letter
524-Swatantra_Party_Minutes_of_Meeting_21-03-1967.pdf	524	1967-03-21	1967						minutes	minutes
5240-Postcard_to_Mr_Minoo_Masani.pdf	5240				to	Minoo Masani	minoo-masani	resolved		
5241-Postcard_to_Mr_Minoo_Masani.pdf	5241				to	Minoo Masani	minoo-masani	resolved		
5242-Letter_to_Mr_Minoo_Masani.pdf	5242				to	Minoo Masani	minoo-masani	resolved	letter	letter
5243-Letter_to_A_D_Shroff.pdf	5243				to	A D Shroff	a-d-shroff	resolved	letter	letter
5244-Pubilicity.pdf	5244									
5245-Swatantra_party_Arise_Awake_and_take_quick_action.pdf	5245									
5246-Letter_to_N_Parthasarthy_23-10-1959.pdf	5246	1959-10-23	1959		to	N Parthasarthy		unresolved	letter	letter
5247-Letter_to_K_S_K_Menon_23-10-1959.pdf	5247	1959-10-23	1959		to	K S K Menon		unresolved	letter	letter
5248-Letter_to_J_R_Manjari_22-10-1975.pdf	5248	1975-10-22	1975		to	J R Manjari		unresolved	letter	letter
5249-Letter_to_J_S_Naryan_22-10-1959.pdf	5249	1959-10-22	1959		to	J S Naryan		unresolved	letter	letter
525-Swatantra_Party_Minutes_of_Meeting_17-03-1967.pdf	525	1967-03-17	1967						minutes	minutes
5250-Letter_to_Ram_Rai_Munshi_22-10-1959.pdf	5250	1959-10-22	1959		to	Ram Rai Munshi		unresolved	letter	letter
5251-Letter_to_Avtar_krishnan_22-10-1959.pdf	5251	1959-10-22	1959		to	Avtar krishnan		unresolved	letter	letter
5252-Letter_to_Bal_Raj_Trikha_22-10-1959.pdf	5252	1959-10-22	1959		to	Bal Raj Trikha		unresolved	letter	letter
5253-Letter_to_K_M_Munshi_22-10-1959.pdf	5253	1959-10-22	1959		to	K M Munshi	k-m-munshi	resolved	letter	letter
5254-Letter_to_Kali_Vakeal_22-10-1959.pdf	5254	1959-10-22	1959		to	Kali Vakeal		unresolved	letter	letter
5255-Telegram_to_Mr_Minoo_Masani_21-10-1959.pdf	5255	1959-10-21	1959		to	Minoo Masani	minoo-masani	resolved	telegram	telegram
5256-Letter_to_Mr_Minoo_Masani_31-10-1959.pdf	5256	1959-10-31	1959		to	Minoo Masani	minoo-masani	resolved	letter	letter
5257-Letter_to_Mr_Minoo_Masani_21-10-1959.pdf	5257	1959-10-21	1959		to	Minoo Masani	minoo-masani	resolved	letter	letter
5258-Letter_to_S_S_Mariswamy_16-10-1959.pdf	5258	1959-10-16	1959		to	S S Mariswamy		unresolved	letter	letter
5259-Letter_from_Sardar_Basant_Singh_21-10-1959.pdf	5259	1959-10-21	1959		from	Basant Singh		unresolved	letter	letter
526-Swatantra_Party_Report_On_Correspondence_With_Jan_Sangh_31-01-1964.pdf	526	1964-01-31	1964						report	occasional_paper
5260-Letter_to_K_K_Jinaraja_Hegde_21-10-1959.pdf	5260	1959-10-21	1959		to	K K Jinaraja Hegde		unresolved	letter	letter
5261-Telegram_from_Mr_Minoo_Masani_21-10-1959.pdf	5261	1959-10-21	1959		from	Minoo Masani	minoo-masani	resolved	telegram	telegram
5262-Telegram_from_Mr_Minoo_Masani_21-10-1959.pdf	5262	1959-10-21	1959		from	Minoo Masani	minoo-masani	resolved	telegram	telegram
5263-Telegram_from_Mr_Minoo_Masani_20-10-1959.pdf	5263	1959-10-20	1959		from	Minoo Masani	minoo-masani	resolved	telegram	telegram
5264-Letter_to_Mr_Minoo_Masani_20-10-1959.pdf	5264	1959-10-20	1959		to	Minoo Masani	minoo-masani	resolved	letter	letter
5265-Letter_to_Mr_Minoo_Masani_19-10-1959.pdf	5265	1959-10-19	1959		to	Minoo Masani	minoo-masani	resolved	letter	letter
5266-Swatantra_party_District_Conference_05-10-1959.pdf	5266	1959-10-05	1959							
5267-Letter_to_Mr_Minoo_Masani_20-10-1959.pdf	5267	1959-10-20	1959		to	Minoo Masani	minoo-masani	resolved	letter	letter
5268-The_Tripclane_Cultural_Academy-1959-60.pdf	5268									
5269-Letter_to_Mr_Minoo_Masani_17-10-1959.pdf	5269	1959-10-17	1959		to	Minoo Masani	minoo-masani	resolved	letter	letter
527-Swatantra_Party_General_Secretarys_Letter_No-60_16-12-1963.pdf	527	1963-12-16	1963						letter	letter
5270-Letter_to_Mr_Minoo_Masani_17-10-1959.pdf	5270	1959-10-17	1959		to	Minoo Masani	minoo-masani	resolved	letter	letter
5271-Letter_to_Mr_Minoo_Masani_16-10-1959.pdf	5271	1959-10-16	1959		to	Minoo Masani	minoo-masani	resolved	letter	letter
5272-Letter_to_Mr_Minoo_Masani_16-10-1959.pdf	5272	1959-10-16	1959		to	Minoo Masani	minoo-masani	resolved	letter	letter
5273-Telegram_from_Jinarjhegde.pdf	5273				from	Jinarjhegde		unresolved	telegram	telegram
5274-Telegram_from_Jinarjhegde_16-10-1959.pdf	5274	1959-10-16	1959		from	Jinarjhegde		unresolved	telegram	telegram
5275-Telegram_to_Mr_Minoo_Masani.pdf	5275				to	Minoo Masani	minoo-masani	resolved	telegram	telegram
5276-Letter_to_Mr_Minoo_Masani_15-10-1959.pdf	5276	1959-10-15	1959		to	Minoo Masani	minoo-masani	resolved	letter	letter
5277-Letter_to_Mr_Minoo_Masani_15-10-1959.pdf	5277	1959-10-15	1959		to	Minoo Masani	minoo-masani	resolved	letter	letter
5278-Letter_to_Mr_Minoo_Masani_15-10-1959.pdf	5278	1959-10-15	1959		to	Minoo Masani	minoo-masani	resolved	letter	letter
5279-Letter_to_Jinraja_Hegda_15-10-1959.pdf	5279	1959-10-15	1959		to	Jinraja Hegda		unresolved	letter	letter
528-Upadhyaya_Charges_Swatantra_With_Violating_Commitment_18-05-1964.pdf	528	1964-05-18	1964							
5280-Letter_to_Mr_Minoo_Masani_14-10-1969.pdf	5280	1969-10-14	1969		to	Minoo Masani	minoo-masani	resolved	letter	letter
5281-Letter_to_Mr_Minoo_Masani_14-10-1969.pdf	5281	1969-10-14	1969		to	Minoo Masani	minoo-masani	resolved	letter	letter
5282-Letter_to_S_S_Mariswamy_15-10-1959.pdf	5282	1959-10-15	1959		to	S S Mariswamy		unresolved	letter	letter
5283-An_Interview_with_C_Rajagopalachari_by_Hindustan_Times.pdf	5283									
5284-Letter_to_Mr_Minoo_Masani_12-10-1959.pdf	5284	1959-10-12	1959		to	Minoo Masani	minoo-masani	resolved	letter	letter
5285-Letter_to_A_C_Sampath_Iyeangar_30-10-1959.pdf	5285	1959-10-30	1959		to	A C Sampath Iyeangar		unresolved	letter	letter
5286-Letter_to_Raja_Bahadur_Kamkhya_Narain_Singh_10-10-1959.pdf	5286	1959-10-10	1959		to	Bahadur Kamkhya Narain Singh		unresolved	letter	letter
5287-Letter_to_Mr_Minoo_Masani_10-10-1959.pdf	5287	1959-10-10	1959		to	Minoo Masani	minoo-masani	resolved	letter	letter
5288-Letter_to_Sardar_Basant_Singh_09-10-1959.pdf	5288	1959-10-09	1959		to	Basant Singh		unresolved	letter	letter
5289-Letter_to_Trikha_09-10-1959.pdf	5289	1959-10-09	1959		to	Trikha		unresolved	letter	letter
529-Masani_Denies_Upadhyayas_Charges_08-06-1964.pdf	529	1964-06-08	1964							
5290-Letter_to_Atulnanda_Chakarbarti_01-02-1964.pdf	5290	1964-02-01	1964		to	Atulnanda Chakarbarti		unresolved	letter	letter
5291-Letter_to_Mr_Minoo_Masani_06-10-1964.pdf	5291	1964-10-06	1964		to	Minoo Masani	minoo-masani	resolved	letter	letter
5292-Statement_on_Labour_Policy.pdf	5292								press_note	press_note
5293-Letter_to_Mr_Minoo_Masani_05-10-1959.pdf	5293	1959-10-05	1959		to	Minoo Masani	minoo-masani	resolved	letter	letter
5294-Proceeding_of_the_meeting_of_the_Reception_Committee_of_S_K_District_Swatantra_Party_04-10-1959.pdf	5294	1959-10-04	1959							
5295-Letter_to_B_S_Mirza_03-10-1959.pdf	5295	1959-10-03	1959		to	B S Mirza		unresolved	letter	letter
5296-Letter_to_Mr_Minoo_Masani_29-09-1959.pdf	5296	1959-09-29	1959		to	Minoo Masani	minoo-masani	resolved	letter	letter
5297-Letter_to_B_S_Mirza_26-09-1959.pdf	5297	1959-09-26	1959		to	B S Mirza		unresolved	letter	letter
5298-Letter_to_S_P_Khanna_26-09-1959.pdf	5298	1959-09-26	1959		to	S P Khanna		unresolved	letter	letter
5299-Letter_to_S_V_pattabhy_26-09-1959.pdf	5299	1959-09-26	1959		to	S V pattabhy		unresolved	letter	letter
53-Telegram_to_Mr_Minoo_Masani_13-03-1971.pdf	53	1971-03-13	1971		to	Minoo Masani	minoo-masani	resolved	telegram	telegram
530-Minutes_of_Meeting_of_The_Central_Parliamentary_Board_03-01-1972.pdf	530	1972-01-03	1972						minutes	minutes
5300-Democracy_in_India.pdf	5300									
5301-Letter_to_Simon_Singh_23-09-1959.pdf	5301	1959-09-23	1959		to	Simon Singh		unresolved	letter	letter
5302-Letter_to_Mr_Minoo_Masani_29-09-1959.pdf	5302	1959-09-29	1959		to	Minoo Masani	minoo-masani	resolved	letter	letter
5303-Letter_to_B_S_Mirza_23-09-1959.pdf	5303	1959-09-23	1959		to	B S Mirza		unresolved	letter	letter
5304-Swatantra_Party_notice_22-09-1959.pdf	5304	1959-09-22	1959						circular	circular
5305-Letter_to_B_S_Mirza_21-09-1959.pdf	5305	1959-09-21	1959		to	B S Mirza		unresolved	letter	letter
5306-Letter_to_T_A_koshy_21-09-1959.pdf	5306	1959-09-21	1959		to	T A koshy		unresolved	letter	letter
5307-Letter_to_Mr_Minoo_Masani_21-09-1959.pdf	5307	1959-09-21	1959		to	Minoo Masani	minoo-masani	resolved	letter	letter
5308-Letter_to_S_L_Pareak_21-09-1959.pdf	5308	1959-09-21	1959		to	S L Pareak		unresolved	letter	letter
5309-Letter_to_Mr_Minoo_Masani_19-09-1959.pdf	5309	1959-09-19	1959		to	Minoo Masani	minoo-masani	resolved	letter	letter
531-Minutes_of_Meeting_of_The_Central_Parliamentary_Board_16-04-1971.pdf	531	1971-04-16	1971						minutes	minutes
5310-Letter_to_K_B_Jinraja_Hedge_18-09-1959.pdf	5310	1959-09-18	1959		to	K B Jinraja Hedge		unresolved	letter	letter
5311-Letter_to_G_P_Bhatnagar_18-09-1959.pdf	5311	1959-09-18	1959		to	G P Bhatnagar		unresolved	letter	letter
5312-Letter_to_George_A_Floris_17-09-1959.pdf	5312	1959-09-17	1959		to	George A Floris		unresolved	letter	letter
5313-Letter_to_G_B_Joshi_17-09-1959.pdf	5313	1959-09-17	1959		to	G B Joshi		unresolved	letter	letter
5314-Letter_to_N_S_Deshmukh_17-09-1959.pdf	5314	1959-09-17	1959		to	N S Deshmukh		unresolved	letter	letter
5315-Letter_to_Prem_Nath_Joshi_17-09-1959.pdf	5315	1959-09-17	1959		to	Prem Nath Joshi		unresolved	letter	letter
5316-Letter_to_A_Goswami_17-09-1959.pdf	5316	1959-09-17	1959		to	A Goswami		unresolved	letter	letter
5317-Letter_to_B_S_Mirza_17-09-1959.pdf	5317	1959-09-17	1959		to	B S Mirza		unresolved	letter	letter
5318-Letter_to_S_Anand_17-09-1959.pdf	5318	1959-09-17	1959		to	S Anand		unresolved	letter	letter
5319-Letter_to_P_H_S_Rao_17-09-1959.pdf	5319	1959-09-17	1959		to	P H S Rao		unresolved	letter	letter
532-Minutes_of_Meeting_of_The_Central_Parliamentary_Board_09-01-1971.pdf	532	1971-01-09	1971						minutes	minutes
5320-Letter_to_T_A_koshy_17-09-1959.pdf	5320	1959-09-17	1959		to	T A koshy		unresolved	letter	letter
5321-Letter_to_Virendra_Agarwal_17-09-1959.pdf	5321	1959-09-17	1959		to	Virendra Agarwal		unresolved	letter	letter
5322-Letter_to_B_S_Mirza.pdf	5322				to	B S Mirza		unresolved	letter	letter
5323-Letter_to_T_P_Daver_17-09-1959.pdf	5323	1959-09-17	1959		to	T P Daver		unresolved	letter	letter
5324-Letter_to_Nathlal_Shah_17-09-1959.pdf	5324	1959-09-17	1959		to	Nathlal Shah		unresolved	letter	letter
5325-Letter_to_K_N_Gulatia_17-09-1959.pdf	5325	1959-09-17	1959		to	K N Gulatia		unresolved	letter	letter
5326-Letter_to_Bhailalbhai_Patel_05-10-1959.pdf	5326	1959-10-05	1959		to	Bhailalbhai Patel		unresolved	letter	letter
5327-Letter_from_N_C_Mishra_17-09-1959.pdf	5327	1959-09-17	1959		from	N C Mishra		unresolved	letter	letter
5328-Letter_to_Bhrama_Swaroop_Gupta_15-09-1959.pdf	5328	1959-09-15	1959		to	Bhrama Swaroop Gupta		unresolved	letter	letter
5329-Letter_to_B_S_Mirza.pdf	5329				to	B S Mirza		unresolved	letter	letter
533-Minutes_of_Meeting_of_The_Central_Parliamentary_Board_07-11-1970.pdf	533	1970-11-07	1970						minutes	minutes
5330-Letter_to_D_V_Gundappa_15-09-1959.pdf	5330	1959-09-15	1959		to	D V Gundappa	d-v-gundappa	resolved	letter	letter
5331-Letter_to_Mr_Minoo_Masani_15-09-1959.pdf	5331	1959-09-15	1959		to	Minoo Masani	minoo-masani	resolved	letter	letter
5332-Letter_to_Braham_P_Bharucha_14-09-1959.pdf	5332	1959-09-14	1959		to	Braham P Bharucha		unresolved	letter	letter
5333-Letter_to_Mohammad_mirza_14-09-1959.pdf	5333	1959-09-14	1959		to	Mohammad mirza		unresolved	letter	letter
5334-Letter_to_Nurgesh_kothwala_14-09-1959.pdf	5334	1959-09-14	1959		to	Nurgesh kothwala		unresolved	letter	letter
5335-Letter_to_Sant_Kumar_Chopra_14-09-1959.pdf	5335	1959-09-14	1959		to	Sant Kumar Chopra		unresolved	letter	letter
5336-Letter_to_Praduman_kumar_14-09-1959.pdf	5336	1959-09-14	1959		to	Praduman kumar		unresolved	letter	letter
5337-Letter_to_Nab_Kishore_Das_14-09-1959.pdf	5337	1959-09-14	1959		to	Nab Kishore Das		unresolved	letter	letter
5338-Letter_ro_S_L_Pareek_14-09-1959.pdf	5338	1959-09-14	1959						letter	letter
5339-Letter_to_Madhav_Singh_14-09-1959.pdf	5339	1959-09-14	1959		to	Madhav Singh		unresolved	letter	letter
534-Chanda_Committee_Report_07-11-1970.pdf	534	1970-11-07	1970						report	occasional_paper
5340-Letter_to_B_R_Trikha_14-09-1959.pdf	5340	1959-09-14	1959		to	B R Trikha		unresolved	letter	letter
5341-Letter_to_J_R_Manjari_14-09-1959.pdf	5341	1959-09-14	1959		to	J R Manjari		unresolved	letter	letter
5342-Letter_to_Mr_Minoo_Masani_14-09-1957.pdf	5342	1957-09-14	1957		to	Minoo Masani	minoo-masani	resolved	letter	letter
5343-Letter_to_Mr_Minoo_Masani_12-09-1959.pdf	5343	1959-09-12	1959		to	Minoo Masani	minoo-masani	resolved	letter	letter
5344-Let_us_Go_Ahead.pdf	5344									
5345-Swatantra_party-Statement_of_Principles_04-06-1959.pdf	5345	1959-06-04	1959						manifesto	occasional_paper
5346-Letter_to_Mr_Minoo_Masani_16-07-1968.pdf	5346	1968-07-16	1968		to	Minoo Masani	minoo-masani	resolved	letter	letter
5347-Extracts_from_Mr_B_P_Singh_Letter.pdf	5347								letter	letter
5348-Letter_to_Piloo_Mody_11-07-1968.pdf	5348	1968-07-11	1968		to	Piloo Mody	piloo-mody	resolved	letter	letter
5349-Letter_to_N_G_Ranga_09-07-1968.pdf	5349	1968-07-09	1968		to	N G Ranga		unresolved	letter	letter
535-Minutes_of_Meeting_of_The_Central_Parliamentary_Board_02-09-1970.pdf	535	1970-09-02	1970						minutes	minutes
5350-Letter_to_B_P_Singh_09-07-1968.pdf	5350	1968-07-09	1968		to	B P Singh		unresolved	letter	letter
5351-Letter_to_Mr_Minoo_Masani.pdf	5351				to	Minoo Masani	minoo-masani	resolved	letter	letter
5352-Letter_to_Piloo_Mody_11-07-1968.pdf	5352	1968-07-11	1968		to	Piloo Mody	piloo-mody	resolved	letter	letter
5353-Letter_to_Mr_Minoo_Masani_08-07-1968.pdf	5353	1968-07-08	1968		to	Minoo Masani	minoo-masani	resolved	letter	letter
5354-Letter_to_Charan_Singh_07-07-1975.pdf	5354	1975-07-07	1975		to	Charan Singh	charan-singh	resolved	letter	letter
5355-Letter_to_Mr_Minoo_Masani_02-07-1968.pdf	5355	1968-07-02	1968		to	Minoo Masani	minoo-masani	resolved	letter	letter
5356-Letter_to_N_G_Ranga_02-07-1968.pdf	5356	1968-07-02	1968		to	N G Ranga		unresolved	letter	letter
5357-Letter_to_Mr_Minoo_Masani_30-06-1968.pdf	5357	1968-06-30	1968		to	Minoo Masani	minoo-masani	resolved	letter	letter
5358-Swatantra_party_UP_Constituencies_we_have_won.pdf	5358									
5359-Letter_to_Bhanu_Pratap_Singh_17-05-1968.pdf	5359	1968-05-17	1968		to	Bhanu Pratap Singh	bhanu-pratap-singh	resolved	letter	letter
536-Minutes_of_Meeting_of_The_Central_Parliamentary_Board_22-08-1970.pdf	536	1970-08-22	1970						minutes	minutes
5360-Letter_to_Bhanu_Pratap_Singh_17-06-1968.pdf	5360	1968-06-17	1968		to	Bhanu Pratap Singh	bhanu-pratap-singh	resolved	letter	letter
5361-Letter_to_Bhanu_Pratap_Singh_18-06-1968.pdf	5361	1968-06-18	1968		to	Bhanu Pratap Singh	bhanu-pratap-singh	resolved	letter	letter
5362-Letter_to_Mr_Minoo_Masani_29-06-1968.pdf	5362	1968-06-29	1968		to	Minoo Masani	minoo-masani	resolved	letter	letter
5363-Note_of_Disscussion_with_Charan_Singh.pdf	5363									
5364-Press_Report_Published_in_the_Pioneer_20-06-1968.pdf	5364	1968-06-20	1968						report	occasional_paper
5365-Letter_to_N_Dandeker_26-06-1968.pdf	5365	1968-06-26	1968		to	N Dandeker		unresolved	letter	letter
5366-Letter_to_Mr_Minoo_Masani_28-06-1968.pdf	5366	1968-06-28	1968		to	Minoo Masani	minoo-masani	resolved	letter	letter
5367-Letter_to_Mr_Minoo_Masani_28-06-1968.pdf	5367	1968-06-28	1968		to	Minoo Masani	minoo-masani	resolved	letter	letter
5368-Note_of_Disscussion_with_Charan_Singh.pdf	5368									
5369-Press_Report_Published_in_the_Pioneer_20-06-1968.pdf	5369	1968-06-20	1968						report	occasional_paper
537-Minutes_of_Meeting_of_The_Central_Parliamentary_Board_20-07-1970.pdf	537	1970-07-20	1970						minutes	minutes
5370-Swatantra_party_UP-Press_Statement_26-06-1968.pdf	5370	1968-06-26	1968						press_note	press_note
5371-Letter_to_N_Dandeker_26-06-1968.pdf	5371	1968-06-26	1968		to	N Dandeker		unresolved	letter	letter
5372-Letter_to_N_Dandeker_26-06-1968.pdf	5372	1968-06-26	1968		to	N Dandeker		unresolved	letter	letter
5373-Letter_to_Bhanu_Pratap_Singh_24-06-1968.pdf	5373	1968-06-24	1968		to	Bhanu Pratap Singh	bhanu-pratap-singh	resolved	letter	letter
5374-Letter_to_Charan_Singh_19-06-1968.pdf	5374	1968-06-19	1968		to	Charan Singh	charan-singh	resolved	letter	letter
5375-Press_Release.pdf	5375								press_note	press_note
5376-Swatantra-Jana_Congress_Common_Programme_14-02-1967.pdf	5376	1967-02-14	1967						manifesto	occasional_paper
5377-Supplementary_Agreement_between_the_swatantra_party_Orissa_unit_and_Orissa_Jena_27-02-1968.pdf	5377	1968-02-27	1968							
5378-Compliments_of_N_Dandekar.pdf	5378									
5379-Letter_to_C_Rajagopalachari_17-06-1968.pdf	5379	1968-06-17	1968		to	C Rajagopalachari	c-rajagopalachari	resolved	letter	letter
538-Minutes_of_Meeting_of_The_Central_Parliamentary_Board_11-04-1970.pdf	538	1970-04-11	1970						minutes	minutes
5380-Note_of_Disscussion_with_Charan_Singh_15-06-1968.pdf	5380	1968-06-15	1968							
5381-Letter_to_Bhanu_Pratap_Singh.pdf	5381				to	Bhanu Pratap Singh	bhanu-pratap-singh	resolved	letter	letter
5382-Letter_to_A_P_Jain_12-06-1968.pdf	5382	1968-06-12	1968		to	A P Jain		unresolved	letter	letter
5383-Letter_to_Mr_Minoo_Masani_02-06-1968.pdf	5383	1968-06-02	1968		to	Minoo Masani	minoo-masani	resolved	letter	letter
5384-Letter_to_C_Rajagopalachari_03-06-1968.pdf	5384	1968-06-03	1968		to	C Rajagopalachari	c-rajagopalachari	resolved	letter	letter
5385-Letter_to_Mr_Minoo_Masani_06-06-1968.pdf	5385	1968-06-06	1968		to	Minoo Masani	minoo-masani	resolved	letter	letter
5386-Letter_to_Mr_Minoo_Masani.pdf	5386				to	Minoo Masani	minoo-masani	resolved	letter	letter
5387-Letter_to_D_K_Kunte_05-06-1968.pdf	5387	1968-06-05	1968		to	D K Kunte		unresolved	letter	letter
5388-Letter_to_N_G_Ranga_26-03-1969.pdf	5388	1969-03-26	1969		to	N G Ranga		unresolved	letter	letter
5389-Socialism_and_Communism_in_India_by_Sankar_Ghose.pdf	5389									
539-Minutes_of_Meeting_of_The_Central_Parliamentary_Board_19-03-1970.pdf	539	1970-03-19	1970						minutes	minutes
5390-Lord_Reiths_autobiography_into_the_wind.pdf	5390									
5391-Extracts_from_Sardar_Patel_Correspondance.pdf	5391									
5392-Extracts_from_the_Constitutional_Documents.pdf	5392									
5393-Indian_Socialist_Plot_to_form_Secret_body_17-10-1941.pdf	5393	1941-10-17	1941							
5394-Extracts_from_Encounter_Magazine-1972.pdf	5394	1972	1972							
5395-Statement_about_Sir_Frank_Roberts_03-04-1971.pdf	5395	1971-04-03	1971						press_note	press_note
5396-Herald_Wilson_sold_his_memorie_to_Sunday_Times.pdf	5396				to	Sunday Times		unresolved	memo	circular
5397-Answering_You.pdf	5397									
5398-Letter_written_by_Jawaharlal_from_Allahabad_to_Vallabhai_in_Poona_01-10-1945.pdf	5398	1945-10-01	1945						letter	letter
5399-On_Krishna_Menon.pdf	5399									
54-Letter_to_Mr_JJ_Singh_03-02-1971.pdf	54	1971-02-03	1971		to	JJ Singh		unresolved	letter	letter
540-Minutes_of_Meeting_of_The_Central_Parliamentary_Board_17-02-1970.pdf	540	1970-02-17	1970						minutes	minutes
5400-JPS_letter_to_MRM.pdf	5400				to	MRM		unresolved	letter	letter
5401-Political_Parties_in_India.pdf	5401									
5402-Extracts_from_Arthur_Croppes_book-Seven_Presidents.pdf	5402									
5403-Extracts_from_Encounter-Secular_Saint.pdf	5403									
5404-JPS_letter_to_MRM.pdf	5404				to	MRM		unresolved	letter	letter
5405-JPS_letter_to_MRM.pdf	5405				to	MRM		unresolved	letter	letter
5406-The_Endless_Crisis.pdf	5406									
5407-Extracts_from_the_book-Communication_and_nationalism_in_India.pdf	5407									
5408-The_I_PR_Conference_at_Lucknow-1990.pdf	5408	1990	1990							
5409-The_Rotary_Club_Speech_14-01-1959.pdf	5409	1959-01-14	1959						speech	speech
541-Minutes_of_Meeting_of_The_Central_Parliamentary_Board_29-08-1969.pdf	541	1969-08-29	1969						minutes	minutes
5410-Freedom_First_Issue-1952.pdf	5410	1952	1952							
5411-Election_to_the_Legislative_Assembly_26-11-1959.pdf	5411	1959-11-26	1959							
5412-In_Soviet_Russels-The_Bombay_Chronicle_22-10-1927.pdf	5412	1927-10-22	1927							
5413-In_Soviet_Russia-Moscow_25-11-1927.pdf	5413	1927-11-25	1927							
5414-In_Soviet_Russia-Moscow_25-11-1927.pdf	5414	1927-11-25	1927							
5415-In_Soviet_Russia-Russia.pdf	5415									
5416-In_Soviet_Russia-Russia_02-11-1927.pdf	5416	1927-11-02	1927							
5417-In_Soviet_Russia-Industrial_and_Political_Situations_07-11-1927.pdf	5417	1927-11-07	1927							
5418-In_Soviet_Russia-The_Non_Economic_policy_08-11-1927.pdf	5418	1927-11-08	1927							
5419-General_Secretarys_letter_no-313_31-10-1973.pdf	5419	1973-10-31	1973						letter	letter
542-Minutes_of_Meeting_of_The_Central_Parliamentary_Board_20-07-1969.pdf	542	1969-07-20	1969						minutes	minutes
5420-General_Secretarys_letter_no-309_21-08-1973.pdf	5420	1973-08-21	1973						letter	letter
5421-General_Secretarys_letter_no-307_26-07-1973.pdf	5421	1973-07-26	1973						letter	letter
5422-General_Secretarys_letter_no-306_26-06-1973.pdf	5422	1973-06-26	1973						letter	letter
5423-General_Secretarys_letter_no-306_20-06-1973.pdf	5423	1973-06-20	1973						letter	letter
5424-General_Secretarys_letter_no-305_06-06-1973.pdf	5424	1973-06-06	1973						letter	letter
5425-General_Secretarys_letter_no-304_31-05-1973.pdf	5425	1973-05-31	1973						letter	letter
5426-General_Secretarys_letter_no-303_20-05-1975.pdf	5426	1975-05-20	1975						letter	letter
5427-General_Secretarys_letter_no-302_30-04-1973.pdf	5427	1973-04-30	1973						letter	letter
5428-General_Secretarys_letter_no-301_27-04-1973.pdf	5428	1973-04-27	1973						letter	letter
5429-General_Secretarys_letter_no-298_23-03-1974.pdf	5429	1974-03-23	1974						letter	letter
543-Minutes_of_Meeting_of_The_Central_Parliamentary_Board_22-06-1969.pdf	543	1969-06-22	1969						minutes	minutes
5430-General_Secretarys_letter_no-297_20-03-1975.pdf	5430	1975-03-20	1975						letter	letter
5431-General_Secretarys_letter_no-296_14-03-1973.pdf	5431	1973-03-14	1973						letter	letter
5432-General_Secretarys_letter_no-294_06-01-1973.pdf	5432	1973-01-06	1973						letter	letter
5433-General_Secretarys_letter_no-290_29-10-1972.pdf	5433	1972-10-29	1972						letter	letter
5434-General_Secretarys_letter_no-289_14-08-1972.pdf	5434	1972-08-14	1972						letter	letter
5435-General_Secretarys_letter_no-288_07-08-1972.pdf	5435	1972-08-07	1972						letter	letter
5436-Talking_Points_for_the_use_of_Swatantra_Party_Meetings.pdf	5436								speech	speech
5437-General_Secretarys_letter_no-288_01-08-1972.pdf	5437	1972-08-01	1972						letter	letter
5438-General_Secretarys_letter_no-296_26-07-1972.pdf	5438	1972-07-26	1972						letter	letter
5439-The_Farmers_Federations_of_India.pdf	5439									
544-Minutes_of_Meeting_of_The_Central_Parliamentary_Board_16-02-1969.pdf	544	1969-02-16	1969						minutes	minutes
5440-Real_Land_Reforms.pdf	5440									
5441-General_Secretarys_letter_no-285_25-07-1972.pdf	5441	1972-07-25	1972						letter	letter
5442-General_Secretarys_letter_no-284_24-07-1972.pdf	5442	1972-07-24	1972						letter	letter
5443-General_Secretarys_letter_no-283_06-07-1972.pdf	5443	1972-07-06	1972						letter	letter
5444-General_Secretarys_letter_no-282_27-07-1972.pdf	5444	1972-07-27	1972						letter	letter
5445-General_Secretarys_letter_no-281_26-05-1972.pdf	5445	1972-05-26	1972						letter	letter
5446-General_Secretarys_letter_no-279_21-03-1972.pdf	5446	1972-03-21	1972						letter	letter
5447-General_Secretarys_letter_no-278_21-03-1972.pdf	5447	1972-03-21	1972						letter	letter
5448-General_Secretarys_letter_no-276_22-11-1971.pdf	5448	1971-11-22	1971						letter	letter
5449-General_Secretarys_letter_no-273_02-10-1971.pdf	5449	1971-10-02	1971						letter	letter
545-Correspondence_Between_Mr_N_Dandeker_and_Mr_Vinod_B_Sheth.pdf	545									
5450-General_Secretarys_letter_no-272_19-02-1971.pdf	5450	1971-02-19	1971						letter	letter
5451-General_Secretarys_letter_no-274_15-11-1971.pdf	5451	1971-11-15	1971						letter	letter
5452-General_Secretarys_letter_no-270_03-08-1971.pdf	5452	1971-08-03	1971						letter	letter
5453-General_Secretarys_letter_no-259_17-03-1971.pdf	5453	1971-03-17	1971						letter	letter
5454-General_Secretarys_letter_no-258_19-01-1971.pdf	5454	1971-01-19	1971						letter	letter
5455-General_Secretarys_letter_no-258_19-01-1971.pdf	5455	1971-01-19	1971						letter	letter
5456-General_Secretarys_Circular-2.pdf	5456								circular	circular
5457-General_Secretarys_Circular_to_Lok_Sabha-2_18-01-1971.pdf	5457	1971-01-18	1971						circular	circular
5458-General_Secretarys_letter_no-257_06-01-1971.pdf	5458	1971-01-06	1971						letter	letter
5459-General_Secretarys_letter_no-256_06-01-1971.pdf	5459	1971-01-06	1971						letter	letter
546-Minute_of_Dissent_Tabled_by_Mr_Masani_and_Mr_Dahyabhai.pdf	546									
5460-General_Secretarys_letter_no-255_06-01-1971.pdf	5460	1971-01-06	1971						letter	letter
5461-General_Secretarys_letter_no-253_17-12-1970.pdf	5461	1970-12-17	1970						letter	letter
5462-General_Secretarys_letter_no-253_17-01-1970.pdf	5462	1970-01-17	1970						letter	letter
5463-General_Secretarys_letter_no-252_18-12-1970.pdf	5463	1970-12-18	1970						letter	letter
5464-General_Secretarys_letter_no-251_14-01-1970.pdf	5464	1970-01-14	1970						letter	letter
5465-General_Secretarys_letter_no-251_14-01-1970.pdf	5465	1970-01-14	1970						letter	letter
5466-General_Secretarys_letter_no-250_08-12-1970.pdf	5466	1970-12-08	1970						letter	letter
5467-General_Secretarys_letter_no-249_26-11-1970.pdf	5467	1970-11-26	1970						letter	letter
5468-General_Secretarys_letter_no-248_16-11-1970.pdf	5468	1970-11-16	1970						letter	letter
5469-General_Secretarys_letter_no-246_18-11-1970.pdf	5469	1970-11-18	1970						letter	letter
547-Interview_With_Mr_Minoo_Masani_05-10-1966.pdf	547	1966-10-05	1966							
5470-General_Secretarys_letter_no-247_16-11-1970.pdf	5470	1970-11-16	1970						letter	letter
5471-General_Secretarys_letter_no-248_16-11-1970.pdf	5471	1970-11-16	1970						letter	letter
5472-General_Secretarys_letter_no-229_12-05-1970.pdf	5472	1970-05-12	1970						letter	letter
5473-General_Secretarys_letter_no-224_25-02-1970.pdf	5473	1970-02-25	1970						letter	letter
5474-General_Secretarys_letter_no-223_23-02-1970.pdf	5474	1970-02-23	1970						letter	letter
5475-General_Secretarys_letter_no-222_12-02-1970.pdf	5475	1970-02-12	1970						letter	letter
5476-General_Secretarys_letter_no-221_12-02-1970.pdf	5476	1970-02-12	1970						letter	letter
5477-General_Secretarys_letter_no-220_02-02-1970.pdf	5477	1970-02-02	1970						letter	letter
5478-General_Secretarys_letter_no-219_15-01-1970.pdf	5478	1970-01-15	1970						letter	letter
5479-General_Secretarys_letter_no-218_14-01-1970.pdf	5479	1970-01-14	1970						letter	letter
548-There_Is_The_Room_At_The_Top.pdf	548									
5480-General_Secretarys_letter_no-217_12-01-1970.pdf	5480	1970-01-12	1970						letter	letter
5481-General_Secretarys_letter_no-216_12-01-1970.pdf	5481	1970-01-12	1970						letter	letter
5482-Swatantra_Party_State_Council_1969.pdf	5482	1969	1969							
5483-Swatantra_party-Statement_of_Principles_01-08-1939.pdf	5483	1939-08-01	1939						manifesto	occasional_paper
5484-Swatantra_Organisation_Series.pdf	5484									
5485-Swatantra_party_Manifesto.pdf	5485								manifesto	occasional_paper
5486-Swatantra_Party_Constitution_14-04-1973.pdf	5486	1973-04-14	1973							
5487-Sinha_says_he_can_form_govt_25-06-1973.pdf	5487	1973-06-25	1973							
5488-By_Election_Swatantra_24-06-1968.pdf	5488	1968-06-24	1968							
5489-Swatantra_factions_21-06-1968.pdf	5489	1968-06-21	1968							
549-The_Opposition_In_India_20-10-1966.pdf	549	1966-10-20	1966							
5490-Militangy_for_its_own_sake_has_hardly_helped_SSP_21-06-1968.pdf	5490	1968-06-21	1968							
5491-Masani_Keeps_Key_Post-National_Herald_17-06-1969.pdf	5491	1969-06-17	1969							
5492-Masani_not_Quitting-Indian_Express_11-06-1968.pdf	5492	1968-06-11	1968						press_note	press_note
5493-Masani_will_not_resign_from_Swatantra-Hindustan_Standard_11-06-1968.pdf	5493	1968-06-11	1968							
5494-Swatantra_is_hammed_by_ICS-The_Biltz_08-06-1968.pdf	5494	1968-06-08	1968							
5495-They_sat_frozen_starting_towards_08-06-1968.pdf	5495	1968-06-08	1968							
5496-Bitter_pill_for_Minoo_08-06-1968.pdf	5496	1968-06-08	1968							
5497-Swatantra_party_to_Communist_Menace_08-06-1968.pdf	5497	1968-06-08	1968							
5498-Swatantrites_repent-The_Indian_Express_05-06-1968.pdf	5498	1968-06-05	1968						press_note	press_note
5499-Resolution_on_Gujarat_issue_not_satisfactory_05-06-1968.pdf	5499	1968-06-05	1968						resolution	resolution
55-Letter_to_Mr_Minoo_Shroff_18-03-1971.pdf	55	1971-03-18	1971		to	Minoo Shroff	minoo-shroff	resolved	letter	letter
550-For_Favour_of_Publication_15-09-1966.pdf	550	1966-09-15	1966							
5500-Non_party_council_of_talents_urged_by_C_R-Times_of_India_05-06-1968.pdf	5500	1968-06-05	1968							
5501-Massani_still_dissatisfied_with_party_decision_on_Gujarat_24-06-1968.pdf	5501	1968-06-24	1968							
5502-Masani_not_Quitting_17-06-1968.pdf	5502	1968-06-17	1968							
5503-Masani_sticks_to_his_stand-The_Indian_Express_03-06-1968.pdf	5503	1968-06-03	1968						press_note	press_note
5504-Masani_unhappy-The_Indian_Express_03-06-1968.pdf	5504	1968-06-03	1968						press_note	press_note
5506-Masani_worry_to_save_party_attack_National_Executive.pdf	5506									
5507-Swatantra_future_bleak_04-06-1968.pdf	5507	1968-06-04	1968							
5508-Masani_comment_on_decision_of_party_Executive-Assam_Tribute_04-06-1968.pdf	5508	1968-06-04	1968							
5509-Masani_declines_to_accept_Dandekars_Proposal-Assam_Tribute_03-06-1968.pdf	5509	1968-06-03	1968							
551-For_Favour_of_Publication_15-09-1966.pdf	551	1966-09-15	1966							
5510-Sandesh_06-06-1968.pdf	5510	1968-06-06	1968							
5511-Decision_will_harm_party_says_Masani-The_Hindu_03-06-1968.pdf	5511	1968-06-03	1968							
5512-Gujarat_row_still_pesters_Swatantra_party-The_Times_of_India_03-06-1968.pdf	5512	1968-06-03	1968							
5513-Rebels_seaked_to_please_Masani_02-06-1968.pdf	5513	1968-06-02	1968							
5514-Masani_refuses_to_rejoin_party_Executive_02-06-1968.pdf	5514	1968-06-02	1968							
5515-Swatantra_decide_to_punish_Gujarat_rebels-Hindustan_Times_02-06-1968.pdf	5515	1968-06-02	1968							
5516-Party_penalises_rebel_Gujarat_Swatantries-The_Indian_Express_01-06-1968.pdf	5516	1968-06-01	1968						press_note	press_note
5517-Tough_line_taken_against_Gujarat_Swatantrites-The_Times_of_India_01-06-1968.pdf	5517	1968-06-01	1968							
5518-Swatantra_31-05-1968.pdf	5518	1968-05-31	1968							
5519-C_R_may_attempt_to_patch_up_Swatantra_rift-The_Times_of_India_30-05-1968.pdf	5519	1968-05-30	1968							
552-Nuclear_Weapons-The_Choice_Before_US.pdf	552									
5520-Visible_Deccay_29-05-1968.pdf	5520	1968-05-29	1968							
5521-Indisicipline_in_Gujarat_Swatantra_unit_deplored_by_Munshi-The_Times_of_India_29-05-1968.pdf	5521	1968-05-29	1968							
5522-Visible_Deccay-The_Times_of_India_29-06-1968.pdf	5522	1968-06-29	1968							
5523-Munshi_censures_Gujarat_Swatantraties_Indiscipline-The_Times_of_India_28-05-1968.pdf	5523	1968-05-28	1968							
5524-Partymen_resent_Masani_move-The_Indian_Express_25-05-1968.pdf	5524	1968-05-25	1968						press_note	press_note
5525-Munshi_decries_intra-party_wrangles-The_Indian_Express_28-05-1968.pdf	5525	1968-05-28	1968						press_note	press_note
5526-Masani_indicted-Gujarat_Herald_28-08-1968.pdf	5526	1968-08-28	1968							
5527-State_units_support_for_Bhagwanji-The_Western_Times_28-08-1968.pdf	5527	1968-08-28	1968							
5528-Transalation_of_Report_in_the_Jan_Satta_20-05-1968.pdf	5528	1968-05-20	1968						report	occasional_paper
5529-Swatantra_await_healing_touch.pdf	5529									
553-Speech_of_Mr_Minoo_Masani.pdf	553								speech	speech
5530-Letter_from_Mr_Minoo_Masani_04-06-1968.pdf	5530	1968-06-04	1968		from	Minoo Masani	minoo-masani	resolved	letter	letter
5531-Masani_Dilemma-National_Herald_25-05-1968.pdf	5531	1968-05-25	1968							
5532-Swatantra_in_the_doldrums_26-05-1968.pdf	5532	1968-05-26	1968							
5533-Swatantra_in_the_doldrums_26-05-1968.pdf	5533	1968-05-26	1968							
5534-Masani_hits_out_at_party_leadership-National_Herald_24-05-1968.pdf	5534	1968-05-24	1968							
5535-Masani_hit_out_at_party_leadership_24-05-1968.pdf	5535	1968-05-24	1968							
5536-A_Question_of_Broken_Pledges-The_Hindustan_Times_18-05-1968.pdf	5536	1968-05-18	1968							
5537-A_Question_of_Broken_Pledges-The_Hindustan_Times_18-05-1968.pdf	5537	1968-05-18	1968							
5538-A_Question_of_Broken_Pledges-The_Hindustan_Times_18-05-1968.pdf	5538	1968-05-18	1968							
5539-Masani_Refuses_to_Withdraw_Resignation-National_Herald_17-05-1968.pdf	5539	1968-05-17	1968							
554-Television__How_To_Develop_It-May-1966.pdf	554	1966-05	1966							
5540-Mr_minoo_Masani_alleges_secret_decision_by_the_party_executive-The_Times_of_India_16-05-1968.pdf	5540	1968-05-16	1968							
5541-Masani_stick_to_quit_Notice_16-05-1968.pdf	5541	1968-05-16	1968						circular	circular
5542-Masani_Sticks_to_Resignation_from_Swat_Executive-The_hindu_16-05-1968.pdf	5542	1968-05-16	1968							
5543-Masani_Sticks_to_Resignation_from_Swat_Executive-The_hindu_16-05-1968.pdf	5543	1968-05-16	1968							
5544-Masani_firm_on_Stands.pdf	5544									
5545-Swatantra_not_to_drive_rebels_to_do_the_wall-Deccan_Herald_15-04-1968.pdf	5545	1968-04-15	1968							
5546-Masani_quit_on_quitting_part_post_16-05-1968.pdf	5546	1968-05-16	1968							
5547-Masani_firm_on_Quitting_Party_post_15-05-1968.pdf	5547	1968-05-15	1968							
5548-Gujarat_Swatantra_leaders_spared_says_Masani_15-05-1968.pdf	5548	1968-05-15	1968							
5549-Gujarat_Swatantra_leaders_spared_says_Masani_16-05-1968.pdf	5549	1968-05-16	1968							
555-Road_Transport_Suffers_From_Gross_Overtaxation-IRTDA_News_Letter_16-05-1966.pdf	555	1966-05-16	1966						letter	letter
5550-Masani_firm_on_Quitting_Party_post-The_Times_of_India_15-05-1968.pdf	5550	1968-05-15	1968							
5551-Gujarat_Swatantra_leaders_spared_says_Masani-The_Times_of_India_15-05-1968.pdf	5551	1968-05-15	1968							
5552-Masani_firm_on_Quitting_Party_post-The_Times_of_India_15-05-1968.pdf	5552	1968-05-15	1968							
5553-Masani_Firm_on_Resignation-The_Statesman_15-05-1968.pdf	5553	1968-05-15	1968							
5554-Decision_to_Resign_Final_says_Masani-The_Statesman_15-05-1968.pdf	5554	1968-05-15	1968							
5555-Masani_not_to_relent-The_Indian_Express_15-05-1968.pdf	5555	1968-05-15	1968						press_note	press_note
5556-Masani_not_to_withdraw_resignation_15-05-1968.pdf	5556	1968-05-15	1968							
5557-Masani_firm_on_his_resignation-Deccan_Herald_15-05-1968.pdf	5557	1968-05-15	1968							
5558-Masani_firm_on_Quitting_Party_post-The_Indian_Express_15-05-1968.pdf	5558	1968-05-15	1968						press_note	press_note
5559-Masani_Declines_to_Withdraw_his_Resignation-Poona_Daily_News_15-05-1968.pdf	5559	1968-05-15	1968							
556-Letter_to_Mr_Minoo_Masani_24-05-1966.pdf	556	1966-05-24	1966		to	Minoo Masani	minoo-masani	resolved	letter	letter
5560-Swatantra_Setback-Deccan_Herald_04-05-1968.pdf	5560	1968-05-04	1968							
5561-Rebel_Swatantra_leaders_Apologise-The_Times_of_India_26-04-1968.pdf	5561	1968-04-26	1968							
5562-Kutch_Melodrama-The_Indian_Express_23-04-1968.pdf	5562	1968-04-23	1968						press_note	press_note
5563-Gujarat_Swatantra_crisis_averted_22-04-1968.pdf	5563	1968-04-22	1968							
5564-Kutch_Melodrama-The_Indian_Express.pdf	5564								press_note	press_note
5565-Swatantra_Leaders_not_joining_Sough_22-04-1968.pdf	5565	1968-04-22	1968							
5566-Swatantra_Party-National_Herald_21-04-1968.pdf	5566	1968-04-21	1968							
5567-Swatantra_Crisis_spreads_to_Ranks.pdf	5567									
5568-Masani_does_not_relent-The_Hindustan_Times_21-04-1968.pdf	5568	1968-04-21	1968							
5569-Swatantra_Party_-A_house_Divided_20-04-1968.pdf	5569	1968-04-20	1968							
557-What_Is_Wrong_With_Our_Foreign_Policy_Jan-Mar-1966.pdf	557	1966-03	1966							
5570-Party_presses_Masani_to_Stay_on_18-04-1968.pdf	5570	1968-04-18	1968						press_note	press_note
5571-Swatantra_Party-National_Herald_18-04-1968.pdf	5571	1968-04-18	1968							
5572-Swatantra_Decision.pdf	5572									
5573-The_Swatantra_Party-National_Herald_17-04-1968.pdf	5573	1968-04-17	1968							
5574-Defection_bid_by_rebels_deplored-Gujarat_Herald_16-06-1968.pdf	5574	1968-06-16	1968							
5575-Comment_Chaotic_Swatantra_16-04-1968.pdf	5575	1968-04-16	1968							
5576-Action_Against_Swatantra_Rebels-The_Indian_Express.pdf	5576								press_note	press_note
5577-Swatantra_Executive_moves_catiously_to_avoid_spilit.pdf	5577									
5578-Swatantra_Sangh_move_for_Haryana_poll_Pacts-The_Hindustan_Times_15-04-1968.pdf	5578	1968-04-15	1968							
5579-Masani_Firm_on_quitting.pdf	5579									
558-Indias_Foreign_Policy_Jan-Feb-1966.pdf	558	1966-02	1966							
5580-Masani_firm_on_Quitting_Party_post-The_Hindustan_Times_15-05-1968.pdf	5580	1968-05-15	1968							
5581-Gujarat_Swatantra_leaders_spared_says_Masani_15-05-1968.pdf	5581	1968-05-15	1968							
5582-Masani_firm_on_quitting_party_posts_15-05-1968.pdf	5582	1968-05-15	1968							
5583-Harvesting_led_to_Swatantra_route-The_Indian_Express_02-05-1968.pdf	5583	1968-05-02	1968						press_note	press_note
5584-Maharani_Gives_Reason_for_Party_Defeat_02-05-1968.pdf	5584	1968-05-02	1968							
5585-The_Swatantra_losses-The_Hindustan_Times_02-05-1968.pdf	5585	1968-05-02	1968							
5586-Prithviraj_01-05-1968.pdf	5586	1968-05-01	1968							
5587-Enfant_terrible-The_Indian_Express_01-06-1968.pdf	5587	1968-06-01	1968						press_note	press_note
5588-Masani_firm_on_Quitting_Party_post_15-05-1968.pdf	5588	1968-05-15	1968							
5589-Swatantra_paid_Penalty_for_lack_of_effort_in_Rajasthan_01-05-1968.pdf	5589	1968-05-01	1968							
559-Will_Liberalism_Survive_Socialism_13-12-1965.pdf	559	1965-12-13	1965							
5590-Influence_on_the_maharani_on_Decline_01-05-1968.pdf	5590	1968-05-01	1968							
5591-Comment_Rajasthan_Polls_01-05-1968.pdf	5591	1968-05-01	1968							
5592-Congress_in_Victory_in_Rajasthan_30-04-1968.pdf	5592	1968-04-30	1968							
5593-Congress_Victory_at_Dausa_Chomu_30-04-1968.pdf	5593	1968-04-30	1968							
5594-Congress_wins_both_Jaipur_seats_29-04-1968.pdf	5594	1968-04-29	1968							
5595-Congress_defeats_Swatantra_in_Rajasthan_29-04-1968.pdf	5595	1968-04-29	1968							
5596-Congress_wins_by_election_in_Rajasthan_30-04-1968.pdf	5596	1968-04-30	1968							
5597-Swatantra_Sangh_move_for_Haryana_poll_Pacts_15-04-1968.pdf	5597	1968-04-15	1968							
5598-Swatantra_Quits_S_V_D_in_UP_15-04-1968.pdf	5598	1968-04-15	1968							
5599-Action_Against_Swatantra_Detectors_14-04-1968.pdf	5599	1968-04-14	1968							
56-Letter_to_Mr_Minoo_Masani_15-03-1971.pdf	56	1971-03-15	1971		to	Minoo Masani	minoo-masani	resolved	letter	letter
560-Will_Liberalism_Survive_Socialism_13-12-1965.pdf	560	1965-12-13	1965							
5600-Swatantra_decide_to_stay_neutral_UP_trial_of_Strength_15-08-1968.pdf	5600	1968-08-15	1968							
5601-Swatantra_Quits_UP_SVD_23_MLA_Expelled_15-04-1968.pdf	5601	1968-04-15	1968							
5602-Gujarat_Swatantra_Ranks_in_Disarray_15-04-1968.pdf	5602	1968-04-15	1968							
5603-Swatantra_faces_revolt_from_Gujrat_14-04-1968.pdf	5603	1968-04-14	1968							
5604-Swatantra_party_not_to_excel_rebels_for_fear_of_defections.pdf	5604									
5605-Swatantra_unit_allowed_to_join_kutch_Agitations_15-04-1968.pdf	5605	1968-04-15	1968							
5606-Masani_asked_to_withdraw_resignation_14-04-1968.pdf	5606	1968-04-14	1968							
5607-Masani_Argued_not_to_resign.pdf	5607									
5608-Action_Against_Swatantra_rebels_in_Gujarat_likely.pdf	5608									
5609-Action_Against_Swatantra_rebels_in_Gujarat_likely_14-04-1968.pdf	5609	1968-04-14	1968							
561-Big_Plans-The_Onlooker_Annual-1966.pdf	561	1966	1966							
5610-Decision_soon_up_Swatantra_rebels.pdf	5610									
5611-Swatantra_rebel_fail_to_resolve_Gujarat_crisis_14-04-1968.pdf	5611	1968-04-14	1968							
5612-Masani_Argued_not_to_resign_14-04-1968.pdf	5612	1968-04-14	1968							
5613-Kutch_Issue.pdf	5613									
5614-A_Painful_Dilemma_13-04-1968.pdf	5614	1968-04-13	1968							
5615-Is_Woos_Swatantra_rebels_12-04-1968.pdf	5615	1968-04-12	1968							
5616-Party_to_discuss_Masani_resignation_poll_defect_12-04-1968.pdf	5616	1968-04-12	1968							
5617-Ranga_fails_in_his_Misson_08-04-1968.pdf	5617	1968-04-08	1968							
5618-Heading_for_a_splilt.pdf	5618									
5619-Swatantra_party_in_doldrums_spilit_in_the_offing_07-04-1968.pdf	5619	1968-04-07	1968							
562-Big_Plans_Versus_Thinking_Big.pdf	562									
5620-Masani_resignation-bid_to_restore_probity_to_public_life_09-03-1968.pdf	5620	1968-03-09	1968							
5621-Masani_resignation-bid_to_restore_probity_to_public_life_09-04-1985.pdf	5621	1985-04-09	1985							
5622-Lead_by_Congress.pdf	5622									
5623-Masani_quits_party_post-Will_nija_and_Basu_follow_05-04-1968.pdf	5623	1968-04-05	1968							
5624-Statesmem_05-04-1968.pdf	5624	1968-04-05	1968							
5625-Martin_luther_king_indiscipline_Curbs_on_defectors_ministers_by_the_dozens.pdf	5625									
5626-Promise-Solemn_obligation_on_Convenient_Device_02-04-1968.pdf	5626	1968-04-02	1968							
5627-Comment_Swatantra_Crisis_01-04-1968.pdf	5627	1968-04-01	1968							
5628-Spilit_possible_in_swatantra_Party_says_Dandekar.pdf	5628									
5629-Gir_Forests_03-03-1968.pdf	5629	1968-03-03	1968							
563-Text_Book_In_India_Dec-1965_10-08-1965.pdf	563	1965-08-10	1965							
5630-Congress_party_wins_majority_seats_in_17_gujarat_district_Panchayat_30-03-1968.pdf	5630	1968-03-30	1968							
5631-Masani_quits_party_posts_30-04-1968.pdf	5631	1968-04-30	1968							
5632-Masani_quits_party_posts.pdf	5632									
5633-House_Without_Opposition_Letter_30-03-1968.pdf	5633	1968-03-30	1968						letter	letter
5634-Letter_to_Mr_Minoo_Masani_11-10-1969.pdf	5634	1969-10-11	1969		to	Minoo Masani	minoo-masani	resolved	letter	letter
5635-Masani_quits_party_posts_30-03-1968.pdf	5635	1968-03-30	1968							
5636-Mr_Minoo_Masani_quits_Swatantra_Councils.pdf	5636									
5637-Vidyas_case_not_Isolated_30-03-1968.pdf	5637	1968-03-30	1968							
5638-Masani_quits_party_posts_30-03-1968.pdf	5638	1968-03-30	1968							
5639-Masani_resign_Swatantra_party_posts_30-03-1968.pdf	5639	1968-03-30	1968							
564-All_India_Radio-The_Illustrated_Weekly_Of_India_15-08-1965.pdf	564	1965-08-15	1965							
5640-Gujarat_Swatantra_nominee_loses_in_Rajya_Sabha_Poll_29-03-1968.pdf	5640	1968-03-29	1968							
5641-Gujarat_Swatantra_MLA_Defy_Whip_29-03-1968.pdf	5641	1968-03-29	1968							
5644-Walk_for_human_right_indians_for_democracy.pdf	5644									
5645-British_rulers_outdone_14-07-1977.pdf	5645	1977-07-14	1977							
5646-Proclamation_Follows_Arrest_Of_Leaders-The_Statesman_13-06-1977.pdf	5646	1977-06-13	1977							
5647-Rule_Nisi_issued_by_High_Court_05-02-1977.pdf	5647	1977-02-05	1977							
5648-Letter_to_Indhira_Gandhi_26-01-1977.pdf	5648	1977-01-26	1977		to	Indhira Gandhi		unresolved	letter	letter
5649-Swatantra_Party_Letter_20-12-1976.pdf	5649	1976-12-20	1976						letter	letter
565-From_Within_and_Without-The_Illustrated_Weekly_Of_India_15-08-1965.pdf	565	1965-08-15	1965							
5650-Youth_for_George_Fernades_Committee.pdf	5650									
5651-Letter_to_B_G_Verghese_28-10-1976.pdf	5651	1976-10-28	1976		to	B G Verghese		unresolved	letter	letter
5652-Letter_from_BG_Vergheese_19-10-1976.pdf	5652	1976-10-19	1976		from	BG Vergheese		unresolved	letter	letter
5653-US_House_of_representative_16-09-1976.pdf	5653	1976-09-16	1976							
5654-Extract_from_the_Washington_post_11-09-1976.pdf	5654	1976-09-11	1976							
5655-Hindustani_Movement_Indians_in_Service_of_India_06-11-1976.pdf	5655	1976-11-06	1976							
5656-Swatantra_Party_Letter.pdf	5656								letter	letter
5657-The_Universalist-How_to_be_a_dictator_legally_31-10-1976.pdf	5657	1976-10-31	1976							
5658-A_Note_on_the_press_in_india.pdf	5658								press_note	press_note
5659-Letter_to_B_B_Chavas_21-09-1976.pdf	5659	1976-09-21	1976		to	B B Chavas		unresolved	letter	letter
566-All_India_Radio_by_Mr_Minoo_Masani_15-08-1965.pdf	566	1965-08-15	1965							
5660-Letter_from_Swatantra_Party_23-08-1976.pdf	5660	1976-08-23	1976		from	Swatantra Party		not_a_person	letter	letter
5661-Junior_Statesman-The_Statesman_Weekly_23-08-1976.pdf	5661	1976-08-23	1976							
5662-Swatantra_Party_Letter_23-08-1976.pdf	5662	1976-08-23	1976						letter	letter
5663-A_Note_on_the_press_in_india.pdf	5663								press_note	press_note
5664-Letter_From_Anil_Agarwal_20-08-1975.pdf	5664	1975-08-20	1975		from	Anil Agarwal		unresolved	letter	letter
5665-Letter_to_Shridhar_20-07-1976.pdf	5665	1976-07-20	1976		to	Shridhar		unresolved	letter	letter
5666-Letter_to_P_N_Dhar.pdf	5666				to	P N Dhar		unresolved	letter	letter
5667-Aide_Memoir_July-1975.pdf	5667	1975-07	1975						memo	circular
5668-Letter_from_Swatantra_Party_13-09-1976.pdf	5668	1976-09-13	1976		from	Swatantra Party		not_a_person	letter	letter
5669-Defence_and_internal_Security_of_India_02-07-1976.pdf	5669	1976-07-02	1976							
567-All_India_Radio_by_Mr_Minoo_Masani_15-08-1965.pdf	567	1965-08-15	1965							
5670-Defence_and_internal_Security_of_India_02-07-1976.pdf	5670	1976-07-02	1976							
5671-Swatantra_Party_Statement_of_Principles.pdf	5671								manifesto	occasional_paper
5672-Who_is_Outdated-German_Socialists_Echo_Swatantra.pdf	5672									
5673-Labours_Friend-Concress_Or_Swatantra.pdf	5673									
5674-The_Constitution_Twenty_Fourth_Amendment_Bill.pdf	5674									
5675-Letter_to_Mr_Minoo_Masani_05-04-1970.pdf	5675	1970-04-05	1970		to	Minoo Masani	minoo-masani	resolved	letter	letter
5676-Letter_to_Mr_Minoo_Masani_13-04-1970.pdf	5676	1970-04-13	1970		to	Minoo Masani	minoo-masani	resolved	letter	letter
5677-Letter_to_Mr_Minoo_Masani_16-04-1970.pdf	5677	1970-04-16	1970		to	Minoo Masani	minoo-masani	resolved	letter	letter
5678-Letter_to_Jayantbhai_bhatt`_29-04-1970.pdf	5678	1970-04-29	1970		to	Jayantbhai bhatt`		unresolved	letter	letter
5679-Letter_to_Ramchandra_Asin_30-04-1970.pdf	5679	1970-04-30	1970		to	Ramchandra Asin		unresolved	letter	letter
568-The_Leopard_Never_Changes_Its_Spots-The_White_Star_August-1965.pdf	568	1965-08	1965							
5680-For_the_Favour_of_Publication_30-04-1970.pdf	5680	1970-04-30	1970							
5681-Letter_to_Mr_Minoo_Masani_30-06-1970.pdf	5681	1970-06-30	1970		to	Minoo Masani	minoo-masani	resolved	letter	letter
5682-You_Said_it-The_Times_of_India_15-04-1970.pdf	5682	1970-04-15	1970							
5683-The_Biltz_25-04-1970.pdf	5683	1970-04-25	1970							
5684-Anti_Reddy_Phamplet_distribution.pdf	5684									
5685-Two_Correction-The_Times_of_India_01-07-1970.pdf	5685	1970-07-01	1970							
5686-Merits_of_the_Case.pdf	5686									
5687-Best_Compliments_of_S_G_Somani.pdf	5687									
5688-Office_note_to_Dr_RC_Cooper_17-02-1970.pdf	5688	1970-02-17	1970		to	RC Cooper		unresolved		
5689-The_Evening_News_13-04-1970.pdf	5689	1970-04-13	1970							
569-The_Current_Economic_Crisis-Freedom_Fist_August-1965.pdf	569	1965-08	1965							
5690-Letter_to_Nalinkumar_M_Desai_29-04-1970.pdf	5690	1970-04-29	1970		to	Nalinkumar M Desai		unresolved	letter	letter
5691-Letter_to_C_Rajagopalachari_25-04-1970.pdf	5691	1970-04-25	1970		to	C Rajagopalachari	c-rajagopalachari	resolved	letter	letter
5692-Letter_to_C_Rajagopalachari_23-04-1970.pdf	5692	1970-04-23	1970		to	C Rajagopalachari	c-rajagopalachari	resolved	letter	letter
5693-Letter_to_Jayantbhai_bhatt`_17-04-1970.pdf	5693	1970-04-17	1970		to	Jayantbhai bhatt`		unresolved	letter	letter
5694-Letter_to_General_Secertary_15-04-1970.pdf	5694	1970-04-15	1970		to	General Secertary		unresolved	letter	letter
5695-Letter_to_C_Rajagopalachari_14-04-1970.pdf	5695	1970-04-14	1970		to	C Rajagopalachari	c-rajagopalachari	resolved	letter	letter
5696-Letter_from_Mr_Minoo_Masani_12-04-1970.pdf	5696	1970-04-12	1970		from	Minoo Masani	minoo-masani	resolved	letter	letter
5697-Telegram_to_Mr_Minoo_Masani.pdf	5697				to	Minoo Masani	minoo-masani	resolved	telegram	telegram
5698-Letter_from_C_Rajagopalachari_11-04-1970.pdf	5698	1970-04-11	1970		from	C Rajagopalachari	c-rajagopalachari	resolved	letter	letter
5699-Letter_to_Liladhar_Patel.pdf	5699				to	Liladhar Patel		unresolved	letter	letter
57-Letter_to_Mr_Gunvant_Dave_18-03-1971.pdf	57	1971-03-18	1971		to	Gunvant Dave		unresolved	letter	letter
570-Whar_The_Swatantra_Party_Stands_For_21-08-1966.pdf	570	1966-08-21	1966							
5700-Letter_to_C_C_Desai_10-04-1970.pdf	5700	1970-04-10	1970		to	C C Desai		unresolved	letter	letter
5701-Letter_to_Mr_C_Rajagopalchari_07-04-1970.pdf	5701	1970-04-07	1970		to	C Rajagopalchari		unresolved	letter	letter
5702-Letter_to_Mr_Minoo_Masani_09-04-1970.pdf	5702	1970-04-09	1970		to	Minoo Masani	minoo-masani	resolved	letter	letter
5703-Letter_to_Mr_C_C_Desai_09-04-1970.pdf	5703	1970-04-09	1970		to	C C Desai		unresolved	letter	letter
5704-Letter_to_Mr_Minoo_Masani_08-04-1970.pdf	5704	1970-04-08	1970		to	Minoo Masani	minoo-masani	resolved	letter	letter
5705-Letter_to_Mr_Minoo_Masani_07-04-1970.pdf	5705	1970-04-07	1970		to	Minoo Masani	minoo-masani	resolved	letter	letter
5706-Letter_to_Mr_Minoo_Masani_07-04-1970.pdf	5706	1970-04-07	1970		to	Minoo Masani	minoo-masani	resolved	letter	letter
5707-Letter_to_Mr_Minoo_Masani.pdf	5707				to	Minoo Masani	minoo-masani	resolved	letter	letter
5708-Letter_to_Mr_Minoo_Masani_04-04-1970.pdf	5708	1970-04-04	1970		to	Minoo Masani	minoo-masani	resolved	letter	letter
5709-Letter_to_Mr_Minoo_Masani_07-04-1970.pdf	5709	1970-04-07	1970		to	Minoo Masani	minoo-masani	resolved	letter	letter
571-Speech_of_Mr_Minoo_Masani_21-08-1966.pdf	571	1966-08-21	1966						speech	speech
5710-Letter_to_Mr_N_G_Ranga_06-04-1970.pdf	5710	1970-04-06	1970		to	N G Ranga		unresolved	letter	letter
5711-Letter_to_Mr_C_Rajagopalchari_05-04-1970.pdf	5711	1970-04-05	1970		to	C Rajagopalchari		unresolved	letter	letter
5712-Letter_to_Mr_S_V_Raju_05-04-1970.pdf	5712	1970-04-05	1970		to	S V Raju	s-v-raju	resolved	letter	letter
5713-Letter_to_Mr_S_V_Raju_05-04-1970.pdf	5713	1970-04-05	1970		to	S V Raju	s-v-raju	resolved	letter	letter
5714-Letter_to_Mr_K_Sundaram_04-04-1970.pdf	5714	1970-04-04	1970		to	K Sundaram		unresolved	letter	letter
5715-Letter_to_Mr_R_C_Cooper_04-04-1970.pdf	5715	1970-04-04	1970		to	R C Cooper		unresolved	letter	letter
5716-Letter_to_Mr_S_V_Raju_04-04-1970.pdf	5716	1970-04-04	1970		to	S V Raju	s-v-raju	resolved	letter	letter
5717-Letter_to_Mr_S_V_Raju_04-04-1970.pdf	5717	1970-04-04	1970		to	S V Raju	s-v-raju	resolved	letter	letter
5718-Letter_to_Mr_S_V_Raju_04-04-1970.pdf	5718	1970-04-04	1970		to	S V Raju	s-v-raju	resolved	letter	letter
5719-Letter_to_Mr_Minoo_Masani_03-04-1970.pdf	5719	1970-04-03	1970		to	Minoo Masani	minoo-masani	resolved	letter	letter
572-For_Favour_of_Publication_21-08-1966.pdf	572	1966-08-21	1966							
5720-Letter_to_Mr_N_G_Ranga_01-04-1970.pdf	5720	1970-04-01	1970		to	N G Ranga		unresolved	letter	letter
5721-Letter_to_Mr_C_Rajagopalchari_03-04-1970.pdf	5721	1970-04-03	1970		to	C Rajagopalchari		unresolved	letter	letter
5722-Letter_to_Mr_Minoo_Masani_03-04-1970.pdf	5722	1970-04-03	1970		to	Minoo Masani	minoo-masani	resolved	letter	letter
5723-Letter_to_MPs_Gujarat_MALs_and_Members_Of_Gujarat_State_Executive_03-04-1970.pdf	5723	1970-04-03	1970		to	MPs Gujarat MALs and Members Of Gujarat State Executive		unresolved	letter	letter
5724-Letter_to_Mr_S_V_Raju_03-04-1970.pdf	5724	1970-04-03	1970		to	S V Raju	s-v-raju	resolved	letter	letter
5725-Letter_to_Mr_C_Rajagopalchari_02-04-1970.pdf	5725	1970-04-02	1970		to	C Rajagopalchari		unresolved	letter	letter
5726-Telex_Message_From_S_V_Raju_to_Minoo_Masani_02-04-1970.pdf	5726	1970-04-02	1970		from	S V Raju to Minoo Masani		unresolved		
5727-Letter_to_Mr_S_V_Raju_02-04-1970.pdf	5727	1970-04-02	1970		to	S V Raju	s-v-raju	resolved	letter	letter
5728-Telex_Message_From_Minoo_Masani_to_S_V_Raju.pdf	5728				from	Minoo Masani to S V Raju		unresolved		
5729-Letter_to_MPs_Gujarat_MALs_and_Members_Of_Gujarat_State_Executive.pdf	5729				to	MPs Gujarat MALs and Members Of Gujarat State Executive		unresolved	letter	letter
573-Devaluation-The_Illustrated_Weekly_Of_India_14-08-1966.pdf	573	1966-08-14	1966							
5730-Draft_Letter_to_Member_of_Gujarat_State_Parliamentary_Board.pdf	5730				to	Member of Gujarat State Parliamentary Board		unresolved	letter	letter
5731-Letter_to_Mr_S_V_Raju_01-04-1970.pdf	5731	1970-04-01	1970		to	S V Raju	s-v-raju	resolved	letter	letter
5732-Letter_to_Mr_Minoo_Masani_31-03-1970.pdf	5732	1970-03-31	1970		to	Minoo Masani	minoo-masani	resolved	letter	letter
5733-Letter_to_Mr_S_V_Raju_31-03-1970.pdf	5733	1970-03-31	1970		to	S V Raju	s-v-raju	resolved	letter	letter
5734-Comments_On_Mr_C_C_Desais_Explanation.pdf	5734									
5735-Letter_to_Mr_C_C_Desai_31-03-1970.pdf	5735	1970-03-31	1970		to	C C Desai		unresolved	letter	letter
5736-Letter_to_Mr_Minoo_Masani_25-03-1970.pdf	5736	1970-03-25	1970		to	Minoo Masani	minoo-masani	resolved	letter	letter
5737-Letter_to_Mr_C_C_Desai_23-02-1970.pdf	5737	1970-02-23	1970		to	C C Desai		unresolved	letter	letter
5738-Offoce_Note_to_Dr_R_C_Cooper_17-02-1970.pdf	5738	1970-02-17	1970		to	R C Cooper		unresolved		
5739-Letter_to_Mr_C_C_Desai_18-02-1970.pdf	5739	1970-02-18	1970		to	C C Desai		unresolved	letter	letter
574-Indias_Problem_Is_Economic-Solution_Is_Political_12-08-1966.pdf	574	1966-08-12	1966							
5740-Letter_to_Mr_R_C_Cooper_21-03-1970.pdf	5740	1970-03-21	1970		to	R C Cooper		unresolved	letter	letter
5741-Note_Regarding_Mr_C_C_Desais_Activities.pdf	5741									
5742-Letter_to_The_Secretary_Swatantra_Party_21-02-1979.pdf	5742	1979-02-21	1979		to	The Secretary Swatantra Party		not_a_person	letter	letter
5743-Letter_From_Mr_Girish_Munshi_06-02-1979.pdf	5743	1979-02-06	1979		from	Girish Munshi		unresolved	letter	letter
5744-Letter_to_Mr_S_V_Raju_08-11-1978.pdf	5744	1978-11-08	1978		to	S V Raju	s-v-raju	resolved	letter	letter
5745-Letter_From_Mr_S_V_Raju_02-11-1978.pdf	5745	1978-11-02	1978		from	S V Raju	s-v-raju	resolved	letter	letter
5746-National_Party_Of_India-Good_Living_Next_To_Freedom_Is_Our_Birth_Right.pdf	5746									
5747-Swatantra_Party_General_Council_Circular_No-53_16-04-1974.pdf	5747	1974-04-16	1974						circular	circular
5748-Resolution_Passed_At_The_National_Executive_Meeting_Of_Swatantra_Party_06-04-1974.pdf	5748	1974-04-06	1974						resolution	resolution
5749-Letter_to_Mr_Narayan_03-04-1974.pdf	5749	1974-04-03	1974		to	Narayan		unresolved	letter	letter
575-Indias_Problem_Is_Economic-Solution_Is_Political-Amrit_Bazar_Patrika_12-08-1966.pdf	575	1966-08-12	1966							
5750-Letter_to_Mr_Narayan_26-02-1974.pdf	5750	1974-02-26	1974		to	Narayan		unresolved	letter	letter
5751-Letter_to_Mr_Munshi_14-02-1974.pdf	5751	1974-02-14	1974		to	Munshi		unresolved	letter	letter
5752-Letter_to_Mr_Dhanuka_18-02-1974.pdf	5752	1974-02-18	1974		to	Dhanuka		unresolved	letter	letter
5753-Letter_to_Mr_Navin_T_Khandwalla_18-02-1974.pdf	5753	1974-02-18	1974		to	Navin T Khandwalla		unresolved	letter	letter
5754-Letter_to_Mr_Manubhai_Chwada_18-02-1974.pdf	5754	1974-02-18	1974		to	Manubhai Chwada		unresolved	letter	letter
5755-Letter_to_Mr_Dhirubhai_Patel_18-02-1974.pdf	5755	1974-02-18	1974		to	Dhirubhai Patel		unresolved	letter	letter
5756-Letter_to_Mr_Narayan_11-02-1974.pdf	5756	1974-02-11	1974		to	Narayan		unresolved	letter	letter
5757-Letter_to_Mr_Jagdish_Munshi_18-02-1974.pdf	5757	1974-02-18	1974		to	Jagdish Munshi		unresolved	letter	letter
5758-Swatantra_Party_Minuits_Of_Meeting_15-12-1973.pdf	5758	1973-12-15	1973							
5759-Letter_to_Mr_Narayan_23-01-1974.pdf	5759	1974-01-23	1974		to	Narayan		unresolved	letter	letter
576-Indias_Problem_Is_Economic-Solution_Is_Political-Amrit_Bazar_Patrika_12-08-1966.pdf	576	1966-08-12	1966							
5760-Letter_to_Mr_Narayan_16-01-1974.pdf	5760	1974-01-16	1974		to	Narayan		unresolved	letter	letter
5761-Letter_From_Mr_V_P_Bhatia_09-01-1974.pdf	5761	1974-01-09	1974		from	V P Bhatia		unresolved	letter	letter
5762-Letter_From_Mr_Girish_Munshi_27-12-1973.pdf	5762	1973-12-27	1973		from	Girish Munshi		unresolved	letter	letter
5763-Letter_From_Mr_Girish_Munshi_28-12-1973.pdf	5763	1973-12-28	1973		from	Girish Munshi		unresolved	letter	letter
5764-Swatantra_Party_Notice_And_Agenda_10-01-1974.pdf	5764	1974-01-10	1974						circular	circular
5765-Swatantra_Party_Notice_And_Agenda_01-12-1973.pdf	5765	1973-12-01	1973						circular	circular
5766-Agenda_For_The_Meeting_On_12th_Points.pdf	5766								agenda	circular
5767-Fifth_Party_Elections-1973_15-10-1973.pdf	5767	1973-10-15	1973							
5768-Office_Bearers_&_Members_Of_The_Executive_Committee_Of_Swatantra_Party.pdf	5768									
5769-For_Favour_Of_Publication_26-11-1973.pdf	5769	1973-11-26	1973							
577-Indias_Problem_Is_Economic-Solution_Is_Political_12-08-1966.pdf	577	1966-08-12	1966							
5770-Letter_to_Mr_Narayan_26-11-1973.pdf	5770	1973-11-26	1973		to	Narayan		unresolved	letter	letter
5771-Swatantra_Party_General_Council_Circular_No-52_24-11-1973.pdf	5771	1973-11-24	1973						circular	circular
5772-Swatantra_Party_General_Council_Circular_No-52_24-11-1973.pdf	5772	1973-11-24	1973						circular	circular
5773-Letter_to_Mr_Narayan_29-11-1973.pdf	5773	1973-11-29	1973		to	Narayan		unresolved	letter	letter
5774-Letter_to_Mr_Madhu.pdf	5774				to	Madhu		unresolved	letter	letter
5775-Agenda_For_Todays_Party_Meeting_28-11-1973.pdf	5775	1973-11-28	1973						agenda	circular
5776-Swatantra_Party_Finance.pdf	5776									
5777-Proposals_For_Party_Development_In_Maharashtra.pdf	5777									
5778-Office_Bearers_&_Members_Of_The_Executive_Committee_Of_Swatantra_Party.pdf	5778									
5779-Swatantra_Party_6th_National_Convention_14-04-1973.pdf	5779	1973-04-14	1973						souvenir	edited_volume
578-The_Case_For_A_Pause_In_Planning-The_Economic_Times_11-08-1965.pdf	578	1965-08-11	1965							
5780-Swatantra_Party_6th_National_Convention_14-04-1973.pdf	5780	1973-04-14	1973						souvenir	edited_volume
5781-Department_of_Telecommunication_India.pdf	5781									
5782-Affidavit_Of_V_S_Srikumar.pdf	5782									
5783-Plaint_Under_Or_VII_Rule_ICPC.pdf	5783									
5784-Letter_From_Mr_Rajiv_Patil.pdf	5784				from	Rajiv Patil		unresolved	letter	letter
5785-Swatantra_Party_Petitioners.pdf	5785									
5786-Letter_to_Mr_Venkiteswaran_14-09-1994.pdf	5786	1994-09-14	1994		to	Venkiteswaran		unresolved	letter	letter
5787-Registration_Of_Political_Parties_Under_Section_29A_28-06-1994.pdf	5787	1994-06-28	1994							
5788-The_Position_Re_Symbol_Of_The_Swatantra_Party.pdf	5788									
5789-Registration_Of_Political_Parties_Under_Section_29A_30-08-1994.pdf	5789	1994-08-30	1994							
579-Swatantra_Party_Big_Plan-Slow_Progress.pdf	579									
5790-Registration_Of_Political_Parties_Under_Section_29A_28-06-1994.pdf	5790	1994-06-28	1994							
5791-Letter_to_Soli_16-11-1991.pdf	5791	1991-11-16	1991		to	Soli		unresolved	letter	letter
5792-Registration_Of_Political_Parties_Under_Section_29A_12-08-1989.pdf	5792	1989-08-12	1989							
5793-Letter_From_Mr_J_Venkiteswaran_01-08-1989.pdf	5793	1989-08-01	1989		from	J Venkiteswaran		unresolved	letter	letter
5794-Copy_Of_Resolution_Addopted_By_The_State_Council_Of_Swatantra_Party_06-07-1974.pdf	5794	1974-07-06	1974						resolution	resolution
5795-Letter_to_Mr_Navroz_Seervai_21-07-1989.pdf	5795	1989-07-21	1989		to	Navroz Seervai		unresolved	letter	letter
5796-Parties_Rush_For_Formal_Status.pdf	5796									
5797-August_15_Date_For_Parties_Listing-Times_Of_India_17-06-1989.pdf	5797	1989-06-17	1989							
5798-With_Best_Compliments_To_Mr_Arvind_Deshpande.pdf	5798									
5799-The_Representation_Of_The_People_Amendment_Bill_1990.pdf	5799	1990	1990							
58-Letter_to_Mrs_Sosan_Panday_18-03-1971.pdf	58	1971-03-18	1971		to	Sosan Panday		unresolved	letter	letter
580-For_Favour_of_Publication_10-08-1965.pdf	580	1965-08-10	1965							
5800-Letter_From_Mr_Girish_Munshi_16-10-1974.pdf	5800	1974-10-16	1974		from	Girish Munshi		unresolved	letter	letter
5801-Letter_to_Girish_K_Munshi_30-09-1974.pdf	5801	1974-09-30	1974		to	Girish K Munshi		unresolved	letter	letter
5802-Swatantra_Party_Opinion.pdf	5802									
5803-Swatantra_party_Newsletter-Central_Committee_Meeting1969.pdf	5803								letter	letter
5804-Swatantra_party_Newsletter.pdf	5804								letter	letter
5805-As_I_See_it-The_Statesmen_15-03-1992.pdf	5805	1992-03-15	1992							
5806-Letter_to_D_N_Patodia_28-04-1992.pdf	5806	1992-04-28	1992		to	D N Patodia		unresolved	letter	letter
5807-Letter_to_T_S_Bhluwalla.pdf	5807				to	T S Bhluwalla		unresolved	letter	letter
5808-The_Oxford_Dictionary.pdf	5808									
5809-Privilege_move_against_masani_18-03-1992.pdf	5809	1992-03-18	1992							
581-For_Favour_of_Publication_10-08-1965.pdf	581	1965-08-10	1965							
5810-Member_object_to_masani_remarks.pdf	5810									
5811-You_were_right_Mr_Masani.pdf	5811									
5812-Letter_to_P_C_Chatterji_26-03-1992.pdf	5812	1992-03-26	1992		to	P C Chatterji		unresolved	letter	letter
5813-For_our_Mighty_Mps_truth_is_unpleasent_30-03-1992.pdf	5813	1992-03-30	1992							
5814-Privilege_Motion_against_Minoo_Masani_23-03-1992.pdf	5814	1992-03-23	1992							
5815-Question_hour-The_Economic_Times_Calcutta_24-03-1992.pdf	5815	1992-03-24	1992							
5816-Privilege_Motion_against_Minoo_Masani_20-03-1992.pdf	5816	1992-03-20	1992							
5817-Letter_to_Mr_Minoo_Masani_18-03-1992.pdf	5817	1992-03-18	1992		to	Minoo Masani	minoo-masani	resolved	letter	letter
5818-Parliamentary_Notice_Office_15-03-1992.pdf	5818	1992-03-15	1992						circular	circular
5819-Letter_from_Mr_Minoo_Masani_13-04-1992.pdf	5819	1992-04-13	1992		from	Minoo Masani	minoo-masani	resolved	letter	letter
582-Problem_of_Nationalism_and_Resonal_Security_in_South_and_South_East_Asia-Quest.pdf	582									
5820-Letter_to_S_C_Rastogi_11-04-1992.pdf	5820	1992-04-11	1992		to	S C Rastogi		unresolved	letter	letter
5821-Letter_to_Mr_Roy_16-04-1992.pdf	5821	1992-04-16	1992		to	Roy		unresolved	letter	letter
5822-Letter_to_D_N_Patodia_11-05-1992.pdf	5822	1992-05-11	1992		to	D N Patodia		unresolved	letter	letter
5823-Unruly_Mps-The_Indian_Express_15-04-1992.pdf	5823	1992-04-15	1992						press_note	press_note
5824-Letter_to_Mr_Minoo_Masani_20-04-1992.pdf	5824	1992-04-20	1992		to	Minoo Masani	minoo-masani	resolved	letter	letter
5825-Letter_to_Mr_Roy_16-04-1992.pdf	5825	1992-04-16	1992		to	Roy		unresolved	letter	letter
5826-Truth_as_Evidence-The_Times_of_India_09-04-1992.pdf	5826	1992-04-09	1992							
5827-As_I_See_it-The_Statesmen_15-03-1992.pdf	5827	1992-03-15	1992							
5828-Excecutive_Committee_Meeting-Emergency_Diary.pdf	5828									
5829-Mr_Minoo_Masani_speech_discussion_on_detention_bill_17-12-1963.pdf	5829	1963-12-17	1963						speech	speech
583-Problem_of_Resonal_Security_in_South_and_South_East_Asia-Current_Affairs.pdf	583									
5830-Mr_Minoo_Masani_speech_discussion_on_comp_anies_bill_16-11-1960.pdf	5830	1960-11-16	1960						speech	speech
5831-Mr_Minoo_Masani_speech_on_the_subject_of_Nationalised_and_Spurious_Textbook_in_the_Lok_Sabha_11-03-1964.pdf	5831	1964-03-11	1964						speech	speech
5832-Mr_Minoo_Masani_speech_on_the_third_five_year_plan_in_the_Lok_Sabha_24-08-1960.pdf	5832	1960-08-24	1960						speech	speech
5833-Mr_Minoo_Masani_speech_on_the_motion_of_no_confidence_in_the_lok_sabha_28-07-1970.pdf	5833	1970-07-28	1970						speech	speech
5834-Mr_Minoo_Masani_speech_in_the_course_of_disscussion_on_companies_22-04-1964.pdf	5834	1964-04-22	1964						speech	speech
5835-Extracts_from_the_speech_of_Mr_Minoo_Masani_while_moving_amendments_to_the_finance_bill_21-04-1964.pdf	5835	1964-04-21	1964						speech	speech
5836-Extracts_from_Mr_Minoo_Masani_speech_in_the_Lok_Sabha_19-04-1964.pdf	5836	1964-04-19	1964						speech	speech
5837-Extracts_from_Mr_Minoo_Masani_speech_in_the_Lok_Sabha_on_the_Finance_Bill_17-04-1964.pdf	5837	1964-04-17	1964						speech	speech
5838-Extracts_from_Mr_Minoo_Masani_speech_on_the_demand_for_grant_for_the_ministry_16-04-1964.pdf	5838	1964-04-16	1964						speech	speech
5839-The_Indian_Road_and_Transport_Development_Association_Ltd_16-04-1964.pdf	5839	1964-04-16	1964							
584-The_Gamblers_Last_Throw-The_White_Star_July-1965.pdf	584	1965-07	1965							
5840-Extracts_from_the_speech_of_Mr_J_hathi_in_the_Lok_Sabha_15-04-1964.pdf	5840	1964-04-15	1964						speech	speech
5841-Mr_Minoo_Masani_speech_disscussion_on_demands_for_grant_of_the_home_minister_in_the_Lok_Sabha_14-04-1964.pdf	5841	1964-04-14	1964						speech	speech
5842-Mr_Minoo_Masani_speech_discussion_on_the_denands_for_grants_in_the_Lok_Sabha_23-03-1964.pdf	5842	1964-03-23	1964						speech	speech
5843-Extracts_from_the_speech_of_Mr_Raj_Bahadur_in_Lok_Sabha_24-04-1964.pdf	5843	1964-04-24	1964						speech	speech
5844-Mr_Minoo_Masani_speech_for_grant_of_information_and_broadcasting_in_the_Lok_Sabha_17-03-1964.pdf	5844	1964-03-17	1964						speech	speech
5845-Extracts_from_the_speech_by_Satnaryan_Sinha_18-03-1964.pdf	5845	1964-03-18	1964						speech	speech
5846-Extracts_from_the_speech_of_M_C_Chagla_in_the_Lok_Sabha_12-03-1964.pdf	5846	1964-03-12	1964						speech	speech
5847-Mr_Minoo_Masani_speech_disscussion_on_the_budget_in_the_Lok_Sabha_03-03-1964.pdf	5847	1964-03-03	1964						speech	speech
5848-Speech_of_Mr_Minoo_Masani_in_the_Lok_Sabha_27-02-1964.pdf	5848	1964-02-27	1964						speech	speech
5849-Mr_Minoo_Masani_speech_disscussion_on_the_banking_laws_in_the_Lok_Sabha_19-12-1963.pdf	5849	1963-12-19	1963						speech	speech
585-For_Favour_of_Publication_21-06-1966.pdf	585	1966-06-21	1966							
5850-Intervention_by_Mr_Minoo_Masani_in_the_course_of_Second_reading_of_the_cpmpanies_16-12-1963.pdf	5850	1963-12-16	1963							
5851-Mr_Minoo_Masani_speech_disscussion_on_the_companies_Amendment_Bill_in_Lok_Sabha_13-12-1963.pdf	5851	1963-12-13	1963						speech	speech
5852-For_the_Favour_of_Publication_09-11-1963.pdf	5852	1963-11-09	1963							
5853-Speech_of_Mr_Minoo_Masani_for_opening_debate_on_mid_term_appraisal_in_the_Lok_Sabha_05-12-1963.pdf	5853	1963-12-05	1963						speech	speech
5854-Mr_Minoo_Masani_speech_in_the_Lok_Sabha_04-01-1963.pdf	5854	1963-01-04	1963						speech	speech
5855-Speech_of_Mr_Minoo_Masani_disscussion_on_the_motion_of_No_Confidence_in_the_Union_Govt_19-10-1963.pdf	5855	1963-10-19	1963						speech	speech
5856-Mr_Minoo_Masani_speech_discussion_on_Third_Five_Year_Plan_in_Lok_Sabha_02-08-1964.pdf	5856	1964-08-02	1964						speech	speech
5857-Mr_Minoo_Masani_speech_discussion_on_Income_Tax_Bill_in_the_Lok_Sabha_19-08-1961.pdf	5857	1961-08-19	1961						speech	speech
5858-The_Indian_Roads_and_Transport_Development_Association_Ltd_30-04-1961.pdf	5858	1961-04-30	1961							
5859-Typed_Text_Of_Mr_Minoo_Masanis_Speech_07-06-1961.pdf	5859	1961-06-07	1961						speech	speech
586-Devaluation_What_Next-A_Swatantra_Party_Publication.pdf	586									
5860-Mr_Minoo_Masani_speech_discussion_on_the_Finance_Bill_20-04-1961.pdf	5860	1961-04-20	1961						speech	speech
5861-Mr_Minoo_Masani_disscussion_on_the_Preventive_Detention_Bill_in_the_Lok_Sabha_05-12-1960.pdf	5861	1960-12-05	1960							
5862-Mr_Minoo_Masani_disscussion_on_the_Preventive_Detention_Bill_in_the_Lok_Sabha_01-12-1960.pdf	5862	1960-12-01	1960							
5863-Mr_Minoo_Masani_disscussion_on_the_company_Amendments_Bill_30-11-1960.pdf	5863	1960-11-30	1960							
5864-Minute_of_Dissent_By_Mr_Minoo_Masani.pdf	5864									
5865-Mr_Minoo_Masani_speech_during_the_consideration_of_the_Taxation_Laws_11-08-1960.pdf	5865	1960-08-11	1960						speech	speech
5866-Speech_Of_Mr_Minoo_Masani_08-08-1960.pdf	5866	1960-08-08	1960						speech	speech
5867-Mr_Minoo_Masani_disscussion_on_the_budget_in_the_Lok_Sabha_07-03-1960.pdf	5867	1960-03-07	1960							
5868-Mr_Minoo_Masani_disscussion_on_the_budget_in_the_Lok_Sabha_07-03-1960.pdf	5868	1960-03-07	1960							
5869-Mr_Minoo_Masani_debate_on_the_Motion_of_Thanks_to_the_President_16-02-1960.pdf	5869	1960-02-16	1960							
587-For_Favour_of_Publication_15-06-1966.pdf	587	1966-06-15	1966							
5870-An_End_to_Appeasement-Freedom_First.pdf	5870									
5871-Letter_to_K_V_Murthy_11-11-1967.pdf	5871	1967-11-11	1967		to	K V Murthy		unresolved	letter	letter
5872-Swatantra_party_Message.pdf	5872									
5873-Letter_to_B_P_Prem_07-11-1967.pdf	5873	1967-11-07	1967		to	B P Prem		unresolved	letter	letter
5874-Letter_to_Mr_Minoo_Masani_06-11-1967.pdf	5874	1967-11-06	1967		to	Minoo Masani	minoo-masani	resolved	letter	letter
5875-Letter_from_Mr_Minoo_Masani_04-11-1967.pdf	5875	1967-11-04	1967		from	Minoo Masani	minoo-masani	resolved	letter	letter
5876-Letter_to_A_Madhwa_Warrier_02-11-1967.pdf	5876	1967-11-02	1967		to	A Madhwa Warrier		unresolved	letter	letter
5877-Letter_to_Mr_Minoo_Masani_27-05-1964.pdf	5877	1964-05-27	1964		to	Minoo Masani	minoo-masani	resolved	letter	letter
5878-Letter_From_Mr_S_V_Raju.pdf	5878				from	S V Raju	s-v-raju	resolved	letter	letter
5879-Letter_to_Mr_Minoo_Masani_26-09-1967.pdf	5879	1967-09-26	1967		to	Minoo Masani	minoo-masani	resolved	letter	letter
588-For_Favour_of_Publication_15-06-1966.pdf	588	1966-06-15	1966							
5880-Letter_to_K_C_Ghia_17-10-1967.pdf	5880	1967-10-17	1967		to	K C Ghia		unresolved	letter	letter
5881-Letter_to_Balram_Tandon_06-10-1967.pdf	5881	1967-10-06	1967		to	Balram Tandon		unresolved	letter	letter
5882-Letter_to_Mr_Minoo_Masani_26-09-1967.pdf	5882	1967-09-26	1967		to	Minoo Masani	minoo-masani	resolved	letter	letter
5883-Letter_to_Mr_Minoo_Masani_24-09-1967.pdf	5883	1967-09-24	1967		to	Minoo Masani	minoo-masani	resolved	letter	letter
5884-Letter_to_N_Dandekar_07-09-1967.pdf	5884	1967-09-07	1967		to	N Dandekar	n-dandekar	resolved	letter	letter
5885-Letter_to_R_M_Totala_04-09-1967.pdf	5885	1967-09-04	1967		to	R M Totala		unresolved	letter	letter
5886-Letter_to_Mr_Minoo_Masani_22-08-1967.pdf	5886	1967-08-22	1967		to	Minoo Masani	minoo-masani	resolved	letter	letter
5887-Letter_to_R_M_Totala_08-09-1967.pdf	5887	1967-09-08	1967		to	R M Totala		unresolved	letter	letter
5888-Letter_to_Mr_Minoo_Masani_26-08-1968.pdf	5888	1968-08-26	1968		to	Minoo Masani	minoo-masani	resolved	letter	letter
5889-Speeches_And_Articles_By_Mr_Minoo_Masani.pdf	5889								speech	speech
589-For_Favour_of_Publication_11-06-1965.pdf	589	1965-06-11	1965							
5890-Letter_to_S_V_Raju_06-06-1969.pdf	5890	1969-06-06	1969		to	S V Raju	s-v-raju	resolved	letter	letter
5891-Form_of_Free_Enterprise_04-05-1968.pdf	5891	1968-05-04	1968							
5892-Swatantra_behavior_of_responsiblities.pdf	5892									
5893-India_neglated_backward_11-06-1965.pdf	5893	1965-06-11	1965							
5894-What_the_Swatantra_party_stand_for.pdf	5894									
5895-Letter_to_Ayub_Sayeed_14-10-1966.pdf	5895	1966-10-14	1966		to	Ayub Sayeed		unresolved	letter	letter
5896-Mr_Minoo_masani_massage_printed_in_the_souvenir_issued_by_the_praja.pdf	5896								souvenir	edited_volume
5897-Letter_to_Mr_Minoo_Masani_09-10-1966.pdf	5897	1966-10-09	1966		to	Minoo Masani	minoo-masani	resolved	letter	letter
5898-Interview_with_Mr_Minoo_Masani_05-10-1966.pdf	5898	1966-10-05	1966							
5899-Interview_with_Mr_Minoo_Masani_05-10-1966.pdf	5899	1966-10-05	1966							
59-Letter_to_Mr_Minoo_Masani_11-03-1971.pdf	59	1971-03-11	1971		to	Minoo Masani	minoo-masani	resolved	letter	letter
590-For_Favour_of_Publication_11-06-1965.pdf	590	1965-06-11	1965							
5900-Text_of_speech_delivered_by_Mr_Minoo_Masni_15-06-1966.pdf	5900	1966-06-15	1966						speech	speech
5901-Transcript_of_speech_delivered_by_Mr_Minoo_Masani_15-06-1966.pdf	5901	1966-06-15	1966						speech	speech
5902-Wanted-Rethinking_on_taxation_24-03-1965.pdf	5902	1965-03-24	1965							
5903-Wanted-Rethinking_on_taxation_21-03-1965.pdf	5903	1965-03-21	1965							
5904-International_Clipping_Service_20-03-1985.pdf	5904	1985-03-20	1985							
5905-Nagaland_Problem-The_Times_of_India_19-02-1969.pdf	5905	1969-02-19	1969							
5906-The_Swatantra_party_Establishment.pdf	5906									
5907-New_York_Herald_Tribune_20-10-1963.pdf	5907	1963-10-20	1963							
5908-A_New_Political_party_comes_into_being_in_India.pdf	5908									
5909-Swatantra_Party_Meeting.pdf	5909									
591-For_Favour_of_Publication_11-06-1965.pdf	591	1965-06-11	1965							
5910-Virodhi_Paksh_Eki_Karancha_Marg_Konta-Hindi_News_Paper_28-07-1963.pdf	5910	1963-07-28	1963							
5911-Letter_to_Ashok_Padbidri_23-07-1963.pdf	5911	1963-07-23	1963		to	Ashok Padbidri		unresolved	letter	letter
5912-Letter_to_Ashok_Padbidri_22-07-1963.pdf	5912	1963-07-22	1963		to	Ashok Padbidri		unresolved	letter	letter
5913-The_Role_of_Opposition_party_in_India.pdf	5913									
5914-Letter_to_N_D_Prabhu_27-10-1962.pdf	5914	1962-10-27	1962		to	N D Prabhu		unresolved	letter	letter
5915-Press_parties_and_the_people.pdf	5915								press_note	press_note
5916-Press_parties_and_the_people.pdf	5916								press_note	press_note
5917-Social_and_Religious_Decay.pdf	5917									
5918-Swatantra_party_preaparatory_convention-1959.pdf	5918	1959	1959						souvenir	edited_volume
5919-Social_and_Religious_Decay.pdf	5919									
592-For_Favour_of_Publication_11-06-1965.pdf	592	1965-06-11	1965							
5920-Souveinr_of_the_third_national_convention-1964.pdf	5920	1964	1964						souvenir	edited_volume
5921-National_Headquarter_Circular_no-160_29-08-1974.pdf	5921	1974-08-29	1974						circular	circular
5922-Letter_to_M_K_Tata_10-08-1975.pdf	5922	1975-08-10	1975		to	M K Tata		unresolved	letter	letter
5923-Letter_to_Jayaprakash_Naryan_10-06-1972.pdf	5923	1972-06-10	1972		to	Jayaprakash Naryan		unresolved	letter	letter
5924-Letter_to_Jayaprakash_Naryan_29-05-1978.pdf	5924	1978-05-29	1978		to	Jayaprakash Naryan		unresolved	letter	letter
5925-Letter_to_Jayaprakash_Naryan_17-03-1979.pdf	5925	1979-03-17	1979		to	Jayaprakash Naryan		unresolved	letter	letter
5926-Letter_to_Jayaprakash_Naryan_13-03-1975.pdf	5926	1975-03-13	1975		to	Jayaprakash Naryan		unresolved	letter	letter
5927-Telegraph_to_Jayaprakash_Naryan_13-03-1975.pdf	5927	1975-03-13	1975							
5928-Letter_to_Jayaprakash_Naryan_11-03-1975.pdf	5928	1975-03-11	1975		to	Jayaprakash Naryan		unresolved	letter	letter
5929-Letter_to_Jayaprakash_Naryan_14-02-1975.pdf	5929	1975-02-14	1975		to	Jayaprakash Naryan		unresolved	letter	letter
593-For_Favour_of_Publication_11-06-1965.pdf	593	1965-06-11	1965							
5930-Letter_to_Jayaprakash_Naryan_13-02-1975.pdf	5930	1975-02-13	1975		to	Jayaprakash Naryan		unresolved	letter	letter
5931-Letter_to_Jayaprakash_Naryan.pdf	5931				to	Jayaprakash Naryan		unresolved	letter	letter
5932-Letter_to_Mr_Minoo_Masani_03-02-1975.pdf	5932	1975-02-03	1975		to	Minoo Masani	minoo-masani	resolved	letter	letter
5933-Letter_to_Farrokh_S_Nulla_17-01-1975.pdf	5933	1975-01-17	1975		to	Farrokh S Nulla		unresolved	letter	letter
5934-Letter_to_S_V_Murthy_15-01-1975.pdf	5934	1975-01-15	1975		to	S V Murthy		unresolved	letter	letter
5935-Letter_to_Jayaprakash_Naryan_31-11-1974.pdf	5935	1974-11-31	1974		to	Jayaprakash Naryan		unresolved	letter	letter
5936-Letter_to_Mr_Minoo_Masani_30-12-1974.pdf	5936	1974-12-30	1974		to	Minoo Masani	minoo-masani	resolved	letter	letter
5937-Telegram_To_Mr_Sugata_Das_Gupta.pdf	5937				to	Sugata Das Gupta		unresolved	telegram	telegram
5938-Letter_to_Sugata_Das_Gupta_18-12-1974.pdf	5938	1974-12-18	1974		to	Sugata Das Gupta		unresolved	letter	letter
5939-Letter_to_Sugata_Das_Gupta_17-12-1974.pdf	5939	1974-12-17	1974		to	Sugata Das Gupta		unresolved	letter	letter
594-The_Gandhian_Way-The_Illustrated_Weekly_Of_India_31-01-1965.pdf	594	1965-01-31	1965							
5940-Letter_to_Jayaprakash_Naryan.pdf	5940				to	Jayaprakash Naryan		unresolved	letter	letter
5941-Telegram_to_Mr_Minoo_Masani_15-12-1974.pdf	5941	1974-12-15	1974		to	Minoo Masani	minoo-masani	resolved	telegram	telegram
5942-Letter_to_Jayaprakash_Naryan.pdf	5942				to	Jayaprakash Naryan		unresolved	letter	letter
5943-Telegram_to_Mr_Minoo_Masani.pdf	5943				to	Minoo Masani	minoo-masani	resolved	telegram	telegram
5944-Letter_to_Jayaprakash_Naryan_06-12-1974.pdf	5944	1974-12-06	1974		to	Jayaprakash Naryan		unresolved	letter	letter
5945-Letter_to_Jayaprakash_Naryan_22-11-1974.pdf	5945	1974-11-22	1974		to	Jayaprakash Naryan		unresolved	letter	letter
5946-Letter_to_Jayaprakash_Naryan.pdf	5946				to	Jayaprakash Naryan		unresolved	letter	letter
5947-Letter_to_Jayaprakash_Naryan_18-11-1974.pdf	5947	1974-11-18	1974		to	Jayaprakash Naryan		unresolved	letter	letter
5948-Mass_Meeting_Held_In_Capitals_Of_All_States_And_Union_Territories.pdf	5948									
5949-Letter_to_Jayaprakash_Naryan.pdf	5949				to	Jayaprakash Naryan		unresolved	letter	letter
595-Mr_Minoo_Masanis_Answers_to_the_Questions_31-01-1965.pdf	595	1965-01-31	1965							
5950-Letter_to_Jayaprakash_Naryan.pdf	5950				to	Jayaprakash Naryan		unresolved	letter	letter
5951-Letter_to_Mr_Minoo_Masani_27-10-1974.pdf	5951	1974-10-27	1974		to	Minoo Masani	minoo-masani	resolved	letter	letter
5952-Letter_to_Jayaprakash_Naryan_24-10-1974.pdf	5952	1974-10-24	1974		to	Jayaprakash Naryan		unresolved	letter	letter
5953-Letter_to_Jayaprakash_Naryan.pdf	5953				to	Jayaprakash Naryan		unresolved	letter	letter
5954-Telegram_to_Mr_Minoo_Masani.pdf	5954				to	Minoo Masani	minoo-masani	resolved	telegram	telegram
5955-Telegram_to_Mr_Minoo_Masani.pdf	5955				to	Minoo Masani	minoo-masani	resolved	telegram	telegram
5956-Letter_to_Jayaprakash_Naryan_07-10-1974.pdf	5956	1974-10-07	1974		to	Jayaprakash Naryan		unresolved	letter	letter
5957-Letter_to_Jayaprakash_Naryan.pdf	5957				to	Jayaprakash Naryan		unresolved	letter	letter
5958-Letter_to_Jayaprakash_Naryan_19-08-1974.pdf	5958	1974-08-19	1974		to	Jayaprakash Naryan		unresolved	letter	letter
5959-Letter_from_Mr_Minoo_Masani_21-06-1974.pdf	5959	1974-06-21	1974		from	Minoo Masani	minoo-masani	resolved	letter	letter
596-Transport_and_Its_Vital_Role-Transport_and_Communication_April-1965.pdf	596	1965-04	1965							
5960-Letter_to_Mr_Minoo_Masani_13-06-1974.pdf	5960	1974-06-13	1974		to	Minoo Masani	minoo-masani	resolved	letter	letter
5961-Letter_to_Mr_Minoo_Masani_19-06-1974.pdf	5961	1974-06-19	1974		to	Minoo Masani	minoo-masani	resolved	letter	letter
5962-Letter_to_Jayaprakash_Naryan_19-06-1974.pdf	5962	1974-06-19	1974		to	Jayaprakash Naryan		unresolved	letter	letter
5963-Letter_to_Jayaprakash_Naryan_19-06-1974.pdf	5963	1974-06-19	1974		to	Jayaprakash Naryan		unresolved	letter	letter
5964-Letter_to_Mr_Minoo_Masani.pdf	5964				to	Minoo Masani	minoo-masani	resolved	letter	letter
5965-Letter_to_Jayaprakash_Naryan_18-06-1974.pdf	5965	1974-06-18	1974		to	Jayaprakash Naryan		unresolved	letter	letter
5966-Letter_to_Jayaprakash_Naryan_18-06-1974.pdf	5966	1974-06-18	1974		to	Jayaprakash Naryan		unresolved	letter	letter
5967-Letter_to_Jayaprakash_Naryan_15-06-1974.pdf	5967	1974-06-15	1974		to	Jayaprakash Naryan		unresolved	letter	letter
5968-Telegram_to_Mr_Minoo_Masani_17-06-1974.pdf	5968	1974-06-17	1974		to	Minoo Masani	minoo-masani	resolved	telegram	telegram
5969-Telegram_to_Mr_Minoo_Masani.pdf	5969				to	Minoo Masani	minoo-masani	resolved	telegram	telegram
597-Allot_Rs1500_Crores_For_Roads_In_Fourth_Plan-IRTDA_News_Letter.pdf	597								letter	letter
5970-Letter_to_Arvind_Deshpandey.pdf	5970				to	Arvind Deshpandey		unresolved	letter	letter
5971-Letter_to_Jayaprakash_Naryan_14-06-1974.pdf	5971	1974-06-14	1974		to	Jayaprakash Naryan		unresolved	letter	letter
5972-Letter_to_Jayaprakash_Naryan.pdf	5972				to	Jayaprakash Naryan		unresolved	letter	letter
5973-Letter_to_Manumantra_Rao_14-06-1974.pdf	5973	1974-06-14	1974		to	Manumantra Rao		unresolved	letter	letter
5974-Letter_to_Manumantra_Rao_14-06-1974.pdf	5974	1974-06-14	1974		to	Manumantra Rao		unresolved	letter	letter
5975-Telegram_to_Mr_Minoo_Masani.pdf	5975				to	Minoo Masani	minoo-masani	resolved	telegram	telegram
5976-Letter_to_Jayaprakash_Naryan_10-06-1974.pdf	5976	1974-06-10	1974		to	Jayaprakash Naryan		unresolved	letter	letter
5977-Letter_to_Mr_Minoo_Masani_06-06-1974.pdf	5977	1974-06-06	1974		to	Minoo Masani	minoo-masani	resolved	letter	letter
5978-Letter_from_Mr_Minoo_Masani_06-06-1974.pdf	5978	1974-06-06	1974		from	Minoo Masani	minoo-masani	resolved	letter	letter
5979-Madras_Visit_Folder_21-05-1974.pdf	5979	1974-05-21	1974							
598-Wanted-Rethinking_On_Taxation.pdf	598									
5980-Letter_to_T_Sadasivan.pdf	5980				to	T Sadasivan		unresolved	letter	letter
5981-Letter_to_Jayaprakash_Naryan_22-05-1974.pdf	5981	1974-05-22	1974		to	Jayaprakash Naryan		unresolved	letter	letter
5982-Letter_to_Jayaprakash_Naryan_20-05-1974.pdf	5982	1974-05-20	1974		to	Jayaprakash Naryan		unresolved	letter	letter
5983-Letter_to_Jayaprakash_Naryan_20-05-1974.pdf	5983	1974-05-20	1974		to	Jayaprakash Naryan		unresolved	letter	letter
5984-Telegram_to_Mr_Minoo_Masani.pdf	5984				to	Minoo Masani	minoo-masani	resolved	telegram	telegram
5985-Letter_to_Jayaprakash_Naryan_07-05-1974.pdf	5985	1974-05-07	1974		to	Jayaprakash Naryan		unresolved	letter	letter
5986-Letter_to_Jayaprakash_Naryan.pdf	5986				to	Jayaprakash Naryan		unresolved	letter	letter
5987-Telegram_to_Mr_Minoo_Masani.pdf	5987				to	Minoo Masani	minoo-masani	resolved	telegram	telegram
5988-Letter_to_Jayaprakash_Naryan_16-04-1974.pdf	5988	1974-04-16	1974		to	Jayaprakash Naryan		unresolved	letter	letter
5989-Letter_to_Mr_Minoo_Masani_05-04-1974.pdf	5989	1974-04-05	1974		to	Minoo Masani	minoo-masani	resolved	letter	letter
599-Indias_Answer_To_The_Chinese_Bomb-Janata_Republic_Day-1965.pdf	599	1965	1965							
5990-Letter_to_Jayaprakash_Naryan_18-03-1974.pdf	5990	1974-03-18	1974		to	Jayaprakash Naryan		unresolved	letter	letter
5991-Letter_to_Jayaprakash_Naryan_29-01-1974.pdf	5991	1974-01-29	1974		to	Jayaprakash Naryan		unresolved	letter	letter
5992-For_Circular_Freedom-1966.pdf	5992	1966	1966						circular	circular
5993-Letter_from_Nisula_Eskiel_24-08-1973.pdf	5993	1973-08-24	1973		from	Nisula Eskiel		unresolved	letter	letter
5994-Letter_from_C_Rajagopalachari_21-08-1972.pdf	5994	1972-08-21	1972		from	C Rajagopalachari	c-rajagopalachari	resolved	letter	letter
5995-Letter_to_Mr_Minoo_Masani_09-08-1973.pdf	5995	1973-08-09	1973		to	Minoo Masani	minoo-masani	resolved	letter	letter
5996-Letter_to_P_G_Navalankar_08-08-1973.pdf	5996	1973-08-08	1973		to	P G Navalankar		unresolved	letter	letter
5997-Letter_to_Jayaprakash_Naryan_29-07-1973.pdf	5997	1973-07-29	1973		to	Jayaprakash Naryan		unresolved	letter	letter
5998-Letter_from_Mr_Minoo_Masani_16-06-1973.pdf	5998	1973-06-16	1973		from	Minoo Masani	minoo-masani	resolved	letter	letter
5999-Letter_to_Jayaprakash_Naryan_08-07-1973.pdf	5999	1973-07-08	1973		to	Jayaprakash Naryan		unresolved	letter	letter
6-Letter_to_Mr_S_A_Chowdhury_30-03-1971.pdf	6	1971-03-30	1971		to	S A Chowdhury		unresolved	letter	letter
60-Letter_to_Mr_Viren_Saha_17-03-1971.pdf	60	1971-03-17	1971		to	Viren Saha		unresolved	letter	letter
600-Mr_Minoo_Masanis_Answers_to_the_Questions_Put_by_Mr_Michale_Brecher.pdf	600									
6000-Letter_to_Mr_Minoo_Masani_25-06-1973.pdf	6000	1973-06-25	1973		to	Minoo Masani	minoo-masani	resolved	letter	letter
6001-Letter_to_Jayaprakash_Naryan_20-06-1973.pdf	6001	1973-06-20	1973		to	Jayaprakash Naryan		unresolved	letter	letter
6002-Letter_to_Jayaprakash_Naryan_18-05-1973.pdf	6002	1973-05-18	1973		to	Jayaprakash Naryan		unresolved	letter	letter
6003-Letter_to_Jayaprakash_Naryan_17-04-1973.pdf	6003	1973-04-17	1973		to	Jayaprakash Naryan		unresolved	letter	letter
6004-Letter_to_Mr_Minoo_Masani_16-05-1973.pdf	6004	1973-05-16	1973		to	Minoo Masani	minoo-masani	resolved	letter	letter
6005-Letter_to_Jayaprakash_Naryan_13-02-1973.pdf	6005	1973-02-13	1973		to	Jayaprakash Naryan		unresolved	letter	letter
6006-A_League_of_Democrats.pdf	6006									
6007-Letter_to_Jayaprakash_Naryan_10-02-1973.pdf	6007	1973-02-10	1973		to	Jayaprakash Naryan		unresolved	letter	letter
6008-Telegram_to_Mr_Minoo_Masani.pdf	6008				to	Minoo Masani	minoo-masani	resolved	telegram	telegram
6009-Telegram_to_Mr_Minoo_Masani.pdf	6009				to	Minoo Masani	minoo-masani	resolved	telegram	telegram
601-The_Poly_Of_Gold_Control_22-01-1965.pdf	601	1965-01-22	1965							
6010-Letter_to_Mr_Minoo_Masani_22-11-1972.pdf	6010	1972-11-22	1972		to	Minoo Masani	minoo-masani	resolved	letter	letter
6011-Interview_with_Mr_Minoo_Masani.pdf	6011									
6012-Letter_to_Jayaprakash_Naryan_03-11-1972.pdf	6012	1972-11-03	1972		to	Jayaprakash Naryan		unresolved	letter	letter
6013-Letter_to_Jayaprakash_Naryan_27-11-1972.pdf	6013	1972-11-27	1972		to	Jayaprakash Naryan		unresolved	letter	letter
6014-Letter_to_Jayaprakash_Naryan_11-10-1972.pdf	6014	1972-10-11	1972		to	Jayaprakash Naryan		unresolved	letter	letter
6015-Letter_to_Mr_Minoo_Masani_29-07-1972.pdf	6015	1972-07-29	1972		to	Minoo Masani	minoo-masani	resolved	letter	letter
6016-Letter_from_Jayaprakash_Naryan_27-09-1972.pdf	6016	1972-09-27	1972		from	Jayaprakash Naryan		unresolved	letter	letter
6017-Letter_from_Jayaprakash_Naryan.pdf	6017				from	Jayaprakash Naryan		unresolved	letter	letter
6018-Letter_to_Jayaprakash_Naryan_28-09-1978.pdf	6018	1978-09-28	1978		to	Jayaprakash Naryan		unresolved	letter	letter
6019-Draft_Statement.pdf	6019								press_note	press_note
602-Interview_With_Mr_Minoo_Masani-BBC_19-01-1965.pdf	602	1965-01-19	1965							
6020-Letter_to_Jayaprakash_Naryan_21-09-1972.pdf	6020	1972-09-21	1972		to	Jayaprakash Naryan		unresolved	letter	letter
6021-Letter_to_Jayaprakash_Naryan_24-07-1972.pdf	6021	1972-07-24	1972		to	Jayaprakash Naryan		unresolved	letter	letter
6022-Letter_to_Mr_Minoo_Masani_01-07-1972.pdf	6022	1972-07-01	1972		to	Minoo Masani	minoo-masani	resolved	letter	letter
6023-JP_Response_to_autonomy_meet_encouraging_21-07-1972.pdf	6023	1972-07-21	1972							
6024-Letter_to_Mr_Minoo_Masani_29-06-1972.pdf	6024	1972-06-29	1972		to	Minoo Masani	minoo-masani	resolved	letter	letter
6025-Letter_to_Mr_Minoo_Masani_24-06-1972.pdf	6025	1972-06-24	1972		to	Minoo Masani	minoo-masani	resolved	letter	letter
6026-Letter_to_Jayaprakash_Naryan_21-06-1972.pdf	6026	1972-06-21	1972		to	Jayaprakash Naryan		unresolved	letter	letter
6027-Letter_to_Jayaprakash_Naryan_17-04-1972.pdf	6027	1972-04-17	1972		to	Jayaprakash Naryan		unresolved	letter	letter
6028-Letter_to_Jayaprakash_Naryan_10-05-1972.pdf	6028	1972-05-10	1972		to	Jayaprakash Naryan		unresolved	letter	letter
6029-Give_Them_Time_30-03-1972.pdf	6029	1972-03-30	1972							
603-Incentives_to_Economic_Development-Effect_of_Governmental_Policy_10-12-1962.pdf	603	1962-12-10	1962							
6030-A_Times_of_India_Notebook-The_Times_of_India_06-04-1972.pdf	6030	1972-04-06	1972							
6031-Chambal_dacoits_to_surrender-Sunday_Standards_07-04-1972.pdf	6031	1972-04-07	1972							
6032-J_P_Explain_Aim_of_Mission_11-04-1972.pdf	6032	1972-04-11	1972							
6033-J_P_Explain_Mission_11-04-1972.pdf	6033	1972-04-11	1972							
6034-Dacoit_Menance_11-04-1972.pdf	6034	1972-04-11	1972							
6035-Stage_Set_in_MP_Town_for_Surrender_of_Dacoits_11-04-1972.pdf	6035	1972-04-11	1972							
6036-Dacoits_Gather_for_Talks_with_J_P_at_Dak_Bunglow_12-04-1972.pdf	6036	1972-04-12	1972						speech	speech
6037-Sethi_makes_another_dig_at_Newsmen_13-04-1972.pdf	6037	1972-04-13	1972							
6038-Current_Topics-Times_of_India_14-04-1972.pdf	6038	1972-04-14	1972							
6039-Pause_in_the_Badlands_14-04-1972.pdf	6039	1972-04-14	1972							
604-Our_Duty_in_the_Present_Crisis_06-12-1962.pdf	604	1962-12-06	1962							
6040-Mohar_84_others_give_up_arms-Times_of_India_15-04-1972.pdf	6040	1972-04-15	1972							
6041-Sunday_Standard_16-04-1972.pdf	6041	1972-04-16	1972							
6042-Bandit-Sunday_Standard_16-04-1972.pdf	6042	1972-04-16	1972							
6043-100_more_to_lay_down_arms-Sunday_Standard_16-04-1972.pdf	6043	1972-04-16	1972							
6044-Citizen-Saked_Naqvi.pdf	6044									
6045-82_more_dacoits_are_surrender_01-04-1972.pdf	6045	1972-04-01	1972							
6046-You_Said_it-The_Times_of_India_18-04-1972.pdf	6046	1972-04-18	1972							
6047-Another_dacoit_Nathu_Singh_surrenders_to_JP_18-04-1972.pdf	6047	1972-04-18	1972							
6048-Bhagi_Bhais-Times_of_India_24-04-1972.pdf	6048	1972-04-24	1972							
6049-Long_Term_steps_end_dacoit_menance_16-04-1972.pdf	6049	1972-04-16	1972							
605-For_Favour_of_Publication_06-12-1962.pdf	605	1962-12-06	1962							
6050-JP_tells_dacoits_they_wont_be_hanged-The_Hindustan_Times_16-04-1972.pdf	6050	1972-04-16	1972							
6051-Consider_Surrender_25-04-1972.pdf	6051	1972-04-25	1972							
6052-Surrender_by_Chambal_dacoits_today-The_Hindustan_Times_14-04-1972.pdf	6052	1972-04-14	1972							
6053-Chambal_cheers_as_dacoits_surrender_15-04-1972.pdf	6053	1972-04-15	1972							
6054-Telegram_to_Mr_Minoo_Masani.pdf	6054				to	Minoo Masani	minoo-masani	resolved	telegram	telegram
6055-Letter_to_Jayaprakash_Naryan_03-04-1972.pdf	6055	1972-04-03	1972		to	Jayaprakash Naryan		unresolved	letter	letter
6056-Letter_to_Jayaprakash_Naryan_10-02-1972.pdf	6056	1972-02-10	1972		to	Jayaprakash Naryan		unresolved	letter	letter
6057-Letter_to_Jayaprakash_Naryan_29-12-1971.pdf	6057	1971-12-29	1971		to	Jayaprakash Naryan		unresolved	letter	letter
6058-Letter_to_Jayaprakash_Naryan_18-11-1971.pdf	6058	1971-11-18	1971		to	Jayaprakash Naryan		unresolved	letter	letter
6059-Letter_to_Jayaprakash_Naryan_29-01-1971.pdf	6059	1971-01-29	1971		to	Jayaprakash Naryan		unresolved	letter	letter
606-Cease-Fire_and_Its_Implications-St_Xavier_College_04-12-1962.pdf	606	1962-12-04	1962							
6060-Letter_to_Mr_Minoo_Masani_01-12-1969.pdf	6060	1969-12-01	1969		to	Minoo Masani	minoo-masani	resolved	letter	letter
6061-Letter_to_the_Members_of_the_Committee_12-07-1969.pdf	6061	1969-07-12	1969		to	the Members of the Committee		not_a_person	letter	letter
6062-Telegram_to_Mr_Minoo_Masani.pdf	6062				to	Minoo Masani	minoo-masani	resolved	telegram	telegram
6063-Letter_to_Mr_Minoo_Masani_03-04-1969.pdf	6063	1969-04-03	1969		to	Minoo Masani	minoo-masani	resolved	letter	letter
6064-Sandesh_28-11-1967.pdf	6064	1967-11-28	1967							
6065-Letter_to_Piloo_Mody_09-11-1965.pdf	6065	1965-11-09	1965		to	Piloo Mody	piloo-mody	resolved	letter	letter
6066-Letter_to_C_Rajagopalachari.pdf	6066				to	C Rajagopalachari	c-rajagopalachari	resolved	letter	letter
6067-Letter_to_C_Rajagopalachari_10-02-1972.pdf	6067	1972-02-10	1972		to	C Rajagopalachari	c-rajagopalachari	resolved	letter	letter
6068-Letter_to_C_Rajagopalachari.pdf	6068				to	C Rajagopalachari	c-rajagopalachari	resolved	letter	letter
6069-Letter_to_C_Rajagopalachari.pdf	6069				to	C Rajagopalachari	c-rajagopalachari	resolved	letter	letter
607-For_Favour_of_Publication_01-12-1962.pdf	607	1962-12-01	1962							
6070-Letter_to_Madhu_N_Mehta_01-02-1965.pdf	6070	1965-02-01	1965		to	Madhu N Mehta		unresolved	letter	letter
6071-Letter_to_S_V_Raju_05-02-1965.pdf	6071	1965-02-05	1965		to	S V Raju	s-v-raju	resolved	letter	letter
6072-Letter_to_C_Rajagopalachari_26-01-1965.pdf	6072	1965-01-26	1965		to	C Rajagopalachari	c-rajagopalachari	resolved	letter	letter
6073-Letter_to_C_Rajagopalachari_29-01-1965.pdf	6073	1965-01-29	1965		to	C Rajagopalachari	c-rajagopalachari	resolved	letter	letter
6074-Letter_to_Piloo_Mody_10-12-1964.pdf	6074	1964-12-10	1964		to	Piloo Mody	piloo-mody	resolved	letter	letter
6075-Letter_from_C_Rajagopalachari_08-12-1964.pdf	6075	1964-12-08	1964		from	C Rajagopalachari	c-rajagopalachari	resolved	letter	letter
6076-C_Rajagopalachari_Programme.pdf	6076								manifesto	occasional_paper
6077-Letter_to_Jai_S_Ratnakar_20-07-1964.pdf	6077	1964-07-20	1964		to	Jai S Ratnakar		unresolved	letter	letter
6078-With_the_Compliments_of_The_Indian_Journal_16-07-1964.pdf	6078	1964-07-16	1964							
6079-Letter_from_C_Rajagopalachari_21-09-1961.pdf	6079	1961-09-21	1961		from	C Rajagopalachari	c-rajagopalachari	resolved	letter	letter
608-Lecture_Notes_For_Indians_For_Victory_Meeting_On_26-11-1962.pdf	608	1962-11-26	1962						speech	speech
6080-Letter_to_C_Rajagopalachari_11-09-1964.pdf	6080	1964-09-11	1964		to	C Rajagopalachari	c-rajagopalachari	resolved	letter	letter
6081-Letter_to_Piloo_Mody_21-09-1963.pdf	6081	1963-09-21	1963		to	Piloo Mody	piloo-mody	resolved	letter	letter
6082-Letter_to_C_Rajagopalachari_19-12-1963.pdf	6082	1963-12-19	1963		to	C Rajagopalachari	c-rajagopalachari	resolved	letter	letter
6083-18_Goa_Congrssmen_Quit_on_Party-Times_of_India_06-11-1963.pdf	6083	1963-11-06	1963							
6084-Letter_to_Piloo_Mody_01-11-1963.pdf	6084	1963-11-01	1963		to	Piloo Mody	piloo-mody	resolved	letter	letter
6085-Letter_to_Piloo_Mody_26-10-1963.pdf	6085	1963-10-26	1963		to	Piloo Mody	piloo-mody	resolved	letter	letter
6086-Letter_to_C_Rajagopalachari_24-10-1969.pdf	6086	1969-10-24	1969		to	C Rajagopalachari	c-rajagopalachari	resolved	letter	letter
6087-Letter_to_Piloo_Mody_21-09-1963.pdf	6087	1963-09-21	1963		to	Piloo Mody	piloo-mody	resolved	letter	letter
6088-Letter_to_C_Rajagopalachari_18-09-1963.pdf	6088	1963-09-18	1963		to	C Rajagopalachari	c-rajagopalachari	resolved	letter	letter
6089-The_Center_Has_Affixed_Us_The_Status_Of_Union_Territory.pdf	6089									
609-For_Favour_of_Publication_26-11-1962.pdf	609	1962-11-26	1962							
6090-Letter_to_C_Rajagopalachari_22-01-1965.pdf	6090	1965-01-22	1965		to	C Rajagopalachari	c-rajagopalachari	resolved	letter	letter
6091-Letter_to_C_Rajagopalachari_06-12-1962.pdf	6091	1962-12-06	1962		to	C Rajagopalachari	c-rajagopalachari	resolved	letter	letter
6092-Letter_to_Piloo_Mody_12-12-1962.pdf	6092	1962-12-12	1962		to	Piloo Mody	piloo-mody	resolved	letter	letter
6093-Letter_to_K_S_Srinivasan.pdf	6093				to	K S Srinivasan		unresolved	letter	letter
6094-Letter_to_the_secretary.pdf	6094				to	the secretary		not_a_person	letter	letter
6095-Letter_to_C_Rajagopalachari.pdf	6095				to	C Rajagopalachari	c-rajagopalachari	resolved	letter	letter
6096-Letter_to_C_Rajagopalachari.pdf	6096				to	C Rajagopalachari	c-rajagopalachari	resolved	letter	letter
6097-Letter_to_C_Rajagopalachari.pdf	6097				to	C Rajagopalachari	c-rajagopalachari	resolved	letter	letter
6098-Letter_to_C_Rajagopalachari_05-12-1960.pdf	6098	1960-12-05	1960		to	C Rajagopalachari	c-rajagopalachari	resolved	letter	letter
6099-Letter_to_Jayaprakash_Naryan_04-12-1975.pdf	6099	1975-12-04	1975		to	Jayaprakash Naryan		unresolved	letter	letter
61-Letter_to_Mr_Minoo_Masani_13-03-1971.pdf	61	1971-03-13	1971		to	Minoo Masani	minoo-masani	resolved	letter	letter
610-Notes_and_Extracts_From_Keesings_Contemporary_Archives.pdf	610									
6100-Undergoing_Treatment_Jaslok_Hospital_05-12-1975.pdf	6100	1975-12-05	1975							
6101-Letter_from_George_Fernandes_05-12-1975.pdf	6101	1975-12-05	1975		from	George Fernandes		unresolved	letter	letter
6102-Letter_from_Jayaprakash_05-12-1975.pdf	6102	1975-12-05	1975		from	Jayaprakash		unresolved	letter	letter
6103-Letter_to_K_Venkatraman_26-06-1970.pdf	6103	1970-06-26	1970		to	K Venkatraman		unresolved	letter	letter
6104-Letter_to_S_V_Raju_24-06-1970.pdf	6104	1970-06-24	1970		to	S V Raju	s-v-raju	resolved	letter	letter
6105-Letter_to_G_Mahadevan_25-06-1970.pdf	6105	1970-06-25	1970		to	G Mahadevan		unresolved	letter	letter
6106-Message_from_Mr_Minoo_Masani.pdf	6106				from	Minoo Masani	minoo-masani	resolved		
6107-Why_Swatantra_Opposed_Bank_Nationalisation_by_Mr_Minoo_Masani.pdf	6107									
6108-Letter_to_Mr_Minoo_Masani_16-06-1970.pdf	6108	1970-06-16	1970		to	Minoo Masani	minoo-masani	resolved	letter	letter
6109-Letter_to_Mr_Minoo_Masani_13-06-1970.pdf	6109	1970-06-13	1970		to	Minoo Masani	minoo-masani	resolved	letter	letter
611-Role_of_Opposition_in_National_Emergency_22-11-1962.pdf	611	1962-11-22	1962							
6110-MRMs_Itinerary_for_Europe_Visit-June_1970.pdf	6110	1970-06	1970							
6111-Letter_to_Mr_Minoo_Masani_10-06-1970.pdf	6111	1970-06-10	1970		to	Minoo Masani	minoo-masani	resolved	letter	letter
6112-Letter_to_S_V_Raju_07-06-1970.pdf	6112	1970-06-07	1970		to	S V Raju	s-v-raju	resolved	letter	letter
6113-Letter_to_Mr_Minoo_Masani_05-06-1970.pdf	6113	1970-06-05	1970		to	Minoo Masani	minoo-masani	resolved	letter	letter
6114-Letter_from_S_V_Raju_02-06-1970.pdf	6114	1970-06-02	1970		from	S V Raju	s-v-raju	resolved	letter	letter
6115-Letter_to_Maganlal_B_Joshi_15-05-1970.pdf	6115	1970-05-15	1970		to	Maganlal B Joshi		unresolved	letter	letter
6116-Letter_to_Mr_Minoo_Masani_14-05-1970.pdf	6116	1970-05-14	1970		to	Minoo Masani	minoo-masani	resolved	letter	letter
6117-Letter_to_S_V_Raju_13-05-1970.pdf	6117	1970-05-13	1970		to	S V Raju	s-v-raju	resolved	letter	letter
6118-Letter_from_Mr_Minoo_Masani.pdf	6118				from	Minoo Masani	minoo-masani	resolved	letter	letter
6119-Letter_from_Mr_Minoo_Masani_15-05-1970.pdf	6119	1970-05-15	1970		from	Minoo Masani	minoo-masani	resolved	letter	letter
612-For_Favour_of_Publication_22-11-1962.pdf	612	1962-11-22	1962							
6120-Letter_from_Akhil_Bhartiya_Jain_S_M_Sangh.pdf	6120				from	Akhil Bhartiya Jain S M Sangh		unresolved	letter	letter
6121-Letter_from_Mr_Minoo_Masani_06-05-1970.pdf	6121	1970-05-06	1970		from	Minoo Masani	minoo-masani	resolved	letter	letter
6122-Letter_from_S_V_Raju_06-05-1970.pdf	6122	1970-05-06	1970		from	S V Raju	s-v-raju	resolved	letter	letter
6123-Letter_from_Mr_Minoo_Masani_06-05-1970.pdf	6123	1970-05-06	1970		from	Minoo Masani	minoo-masani	resolved	letter	letter
6124-Letter_from_Mr_Minoo_Masani_05-05-1970.pdf	6124	1970-05-05	1970		from	Minoo Masani	minoo-masani	resolved	letter	letter
6125-Letter_to_George_Fernanded_04-05-1970.pdf	6125	1970-05-04	1970		to	George Fernanded		unresolved	letter	letter
6126-Letter_to_S_V_Raju_02-05-1970.pdf	6126	1970-05-02	1970		to	S V Raju	s-v-raju	resolved	letter	letter
6127-Telegram_to_S_V_Raju.pdf	6127				to	S V Raju	s-v-raju	resolved	telegram	telegram
6128-Letter_to_S_V_Raju_30-04-1970.pdf	6128	1970-04-30	1970		to	S V Raju	s-v-raju	resolved	letter	letter
6129-Letter_to_Mr_Minoo_Masani_30-04-1970.pdf	6129	1970-04-30	1970		to	Minoo Masani	minoo-masani	resolved	letter	letter
613-Speech_of_Mr_Minoo_Masani_07-11-1962.pdf	613	1962-11-07	1962						speech	speech
6130-Letter_from_S_V_Raju_29-04-1970.pdf	6130	1970-04-29	1970		from	S V Raju	s-v-raju	resolved	letter	letter
6131-Letter_to_R_K_Narayan_29-04-1970.pdf	6131	1970-04-29	1970		to	R K Narayan		unresolved	letter	letter
6132-Letter_from_Mr_Minoo_Masani_29-04-1970.pdf	6132	1970-04-29	1970		from	Minoo Masani	minoo-masani	resolved	letter	letter
6133-Letter_from_Mr_Minoo_Masani_29-04-1970.pdf	6133	1970-04-29	1970		from	Minoo Masani	minoo-masani	resolved	letter	letter
6134-Letter_from_Mr_Minoo_Masani_28-04-1970.pdf	6134	1970-04-28	1970		from	Minoo Masani	minoo-masani	resolved	letter	letter
6135-Letter_from_Mr_Minoo_Masani_25-04-1970.pdf	6135	1970-04-25	1970		from	Minoo Masani	minoo-masani	resolved	letter	letter
6136-Letter_to_S_V_Raju_24-04-1970.pdf	6136	1970-04-24	1970		to	S V Raju	s-v-raju	resolved	letter	letter
6137-Letter_from_S_V_Raju_22-04-1970.pdf	6137	1970-04-22	1970		from	S V Raju	s-v-raju	resolved	letter	letter
6138-Telegram_to_Mr_Minoo_Masani_24-04-1970.pdf	6138	1970-04-24	1970		to	Minoo Masani	minoo-masani	resolved	telegram	telegram
6139-Letter_from_Harihar_Patel_19-04-1970.pdf	6139	1970-04-19	1970		from	Harihar Patel		unresolved	letter	letter
614-For_Favour_of_Publication_06-11-1962.pdf	614	1962-11-06	1962							
6140-Letter_from_R_N_Singh_Deo_18-04-1970.pdf	6140	1970-04-18	1970		from	R N Singh Deo		unresolved	letter	letter
6141-Telegram_to_Mr_Minoo_Masani_25-04-1970.pdf	6141	1970-04-25	1970		to	Minoo Masani	minoo-masani	resolved	telegram	telegram
6142-Letter_from_Mr_Minoo_Masani_17-04-1970.pdf	6142	1970-04-17	1970		from	Minoo Masani	minoo-masani	resolved	letter	letter
6143-Telegram_to_S_V_Raju_17-04-1970.pdf	6143	1970-04-17	1970		to	S V Raju	s-v-raju	resolved	telegram	telegram
6144-Draft_Message_from_Mr_Minoo_Masani_12-04-1970.pdf	6144	1970-04-12	1970		from	Minoo Masani	minoo-masani	resolved		
6145-12th_Annual_Convention_of_Foodgrain_Dealers_of_India_12-04-1970.pdf	6145	1970-04-12	1970						souvenir	edited_volume
6146-Letter_from_Mr_Minoo_Masani_10-04-1970.pdf	6146	1970-04-10	1970		from	Minoo Masani	minoo-masani	resolved	letter	letter
6147-Telegram_to_S_V_Raju_08-04-1970.pdf	6147	1970-04-08	1970		to	S V Raju	s-v-raju	resolved	telegram	telegram
6148-Telegram_to_S_V_Raju_08-04-1970.pdf	6148	1970-04-08	1970		to	S V Raju	s-v-raju	resolved	telegram	telegram
6149-Letter_to_Mr_Minoo_Masani_04-04-1970.pdf	6149	1970-04-04	1970		to	Minoo Masani	minoo-masani	resolved	letter	letter
615-Lecture_Notes_For_SP_Meetings_at_Matunga_31-10-1962.pdf	615	1962-10-31	1962						speech	speech
6150-Letter_to_Mr_Minoo_Masani_03-04-1970.pdf	6150	1970-04-03	1970		to	Minoo Masani	minoo-masani	resolved	letter	letter
6151-Letter_to_Mr_Minoo_Masani_03-04-1970.pdf	6151	1970-04-03	1970		to	Minoo Masani	minoo-masani	resolved	letter	letter
6152-Letter_to_Mr_Minoo_Masani_03-04-1970.pdf	6152	1970-04-03	1970		to	Minoo Masani	minoo-masani	resolved	letter	letter
6153-Letter_to_Mr_Minoo_Masani_03-04-1970.pdf	6153	1970-04-03	1970		to	Minoo Masani	minoo-masani	resolved	letter	letter
6154-Letter_to_Mr_Minoo_Masani_03-04-1970.pdf	6154	1970-04-03	1970		to	Minoo Masani	minoo-masani	resolved	letter	letter
6155-Letter_to_Mr_Minoo_Masani_02-04-1970.pdf	6155	1970-04-02	1970		to	Minoo Masani	minoo-masani	resolved	letter	letter
6156-Telegram_to_S_V_Raju_04-04-1970.pdf	6156	1970-04-04	1970		to	S V Raju	s-v-raju	resolved	telegram	telegram
6157-Letter_to_S_V_Raju_01-04-1970.pdf	6157	1970-04-01	1970		to	S V Raju	s-v-raju	resolved	letter	letter
6158-Letter_to_S_V_Raju_01-04-1970.pdf	6158	1970-04-01	1970		to	S V Raju	s-v-raju	resolved	letter	letter
6159-Letter_from_S_V_Raju_01-04-1970.pdf	6159	1970-04-01	1970		from	S V Raju	s-v-raju	resolved	letter	letter
616-For_Favour_of_Publication_31-10-1962.pdf	616	1962-10-31	1962							
6160-Letter_to_Mr_Minoo_Masani_26-03-1970.pdf	6160	1970-03-26	1970		to	Minoo Masani	minoo-masani	resolved	letter	letter
6161-Letter_from_Mr_Minoo_Masani_25-03-1970.pdf	6161	1970-03-25	1970		from	Minoo Masani	minoo-masani	resolved	letter	letter
6162-Letter_from_Mr_Minoo_Masani_25-03-1970.pdf	6162	1970-03-25	1970		from	Minoo Masani	minoo-masani	resolved	letter	letter
6163-Telegram_to_S_V_Raju_25-03-1970.pdf	6163	1970-03-25	1970		to	S V Raju	s-v-raju	resolved	telegram	telegram
6164-Letter_from_Mr_Minoo_Masani.pdf	6164				from	Minoo Masani	minoo-masani	resolved	letter	letter
6165-Letter_to_Mr_Minoo_Masani_21-03-1970.pdf	6165	1970-03-21	1970		to	Minoo Masani	minoo-masani	resolved	letter	letter
6166-Letter_to_R_K_A_NARAYAN_18-03-1970.pdf	6166	1970-03-18	1970		to	R K A NARAYAN		unresolved	letter	letter
6167-Letter_to_R_K_A_NARAYAN_18-03-1970.pdf	6167	1970-03-18	1970		to	R K A NARAYAN		unresolved	letter	letter
6168-Letter_to_S_V_Raju_23-02-1970.pdf	6168	1970-02-23	1970		to	S V Raju	s-v-raju	resolved	letter	letter
6169-Letter_from_S_V_Raju_18-03-1970.pdf	6169	1970-03-18	1970		from	S V Raju	s-v-raju	resolved	letter	letter
617-Yuvaj_Samaj_Vileparle_27-10-1962.pdf	617	1962-10-27	1962							
6170-Letter_from_S_V_Raju_17-03-1970.pdf	6170	1970-03-17	1970		from	S V Raju	s-v-raju	resolved	letter	letter
6171-Letter_from_S_V_Raju_12-03-1970.pdf	6171	1970-03-12	1970		from	S V Raju	s-v-raju	resolved	letter	letter
6172-Letter_from_S_V_Raju_10-03-1970.pdf	6172	1970-03-10	1970		from	S V Raju	s-v-raju	resolved	letter	letter
6173-Telegram_to_Mr_Minoo_Masani.pdf	6173				to	Minoo Masani	minoo-masani	resolved	telegram	telegram
6174-Letter_from_Mr_Minoo_Masani_05-03-1970.pdf	6174	1970-03-05	1970		from	Minoo Masani	minoo-masani	resolved	letter	letter
6175-Message_from_S_V_RAJU_03-03-1970.pdf	6175	1970-03-03	1970		from	S V RAJU	s-v-raju	resolved		
6176-Letter_to_Mr_Minoo_Masani_04-03-1970.pdf	6176	1970-03-04	1970		to	Minoo Masani	minoo-masani	resolved	letter	letter
6177-Letter_from_S_V_Raju_03-03-1970.pdf	6177	1970-03-03	1970		from	S V Raju	s-v-raju	resolved	letter	letter
6178-Telegram_to_S_V_Raju_01-03-1970.pdf	6178	1970-03-01	1970		to	S V Raju	s-v-raju	resolved	telegram	telegram
6179-Letter_to_R_C_Cooper_02-03-1970.pdf	6179	1970-03-02	1970		to	R C Cooper		unresolved	letter	letter
618-Lecture_Notes_26-10-1962.pdf	618	1962-10-26	1962						speech	speech
6180-Letter_from_Mr_Minoo_Masani_02-03-1970.pdf	6180	1970-03-02	1970		from	Minoo Masani	minoo-masani	resolved	letter	letter
6181-Letter_from_Mr_Minoo_Masani_01-03-1970.pdf	6181	1970-03-01	1970		from	Minoo Masani	minoo-masani	resolved	letter	letter
6182-Speech_of_Mr_Minoo_Masani_15-02-1970.pdf	6182	1970-02-15	1970						speech	speech
6183-Letter_to_Mr_Minoo_Masani_28-02-1970.pdf	6183	1970-02-28	1970		to	Minoo Masani	minoo-masani	resolved	letter	letter
6184-Letter_to_Mr_Minoo_Masani_28-02-1970.pdf	6184	1970-02-28	1970		to	Minoo Masani	minoo-masani	resolved	letter	letter
6185-Letter_to_S_V_Raju_26-02-1970.pdf	6185	1970-02-26	1970		to	S V Raju	s-v-raju	resolved	letter	letter
6186-Letter_to_S_V_Raju_26-02-1970.pdf	6186	1970-02-26	1970		to	S V Raju	s-v-raju	resolved	letter	letter
6187-Letter_to_Mr_Minoo_Masani_26-02-1970.pdf	6187	1970-02-26	1970		to	Minoo Masani	minoo-masani	resolved	letter	letter
6188-Telegram_from_Mr_Minoo_Masani_25-02-1970.pdf	6188	1970-02-25	1970		from	Minoo Masani	minoo-masani	resolved	telegram	telegram
6189-Letter_to_Mr_Minoo_Masani_25-02-1970.pdf	6189	1970-02-25	1970		to	Minoo Masani	minoo-masani	resolved	letter	letter
619-Lecture_Notes_For_Public_Meeting_25-10-1962.pdf	619	1962-10-25	1962						speech	speech
6190-Telegram_to_S_V_Raju_27-02-1970.pdf	6190	1970-02-27	1970		to	S V Raju	s-v-raju	resolved	telegram	telegram
6191-Letter_to_S_V_Raju_24-02-1970.pdf	6191	1970-02-24	1970		to	S V Raju	s-v-raju	resolved	letter	letter
6192-Letter_to_S_V_Raju_24-02-1970.pdf	6192	1970-02-24	1970		to	S V Raju	s-v-raju	resolved	letter	letter
6193-Letter_to_S_V_Raju_24-02-1970.pdf	6193	1970-02-24	1970		to	S V Raju	s-v-raju	resolved	letter	letter
6194-Letter_to_Mr_Minoo_Masani_24-02-1970.pdf	6194	1970-02-24	1970		to	Minoo Masani	minoo-masani	resolved	letter	letter
6195-Telegram_to_S_V_Raju_25-02-1970.pdf	6195	1970-02-25	1970		to	S V Raju	s-v-raju	resolved	telegram	telegram
6196-Letter_to_S_V_Raju_23-02-1970.pdf	6196	1970-02-23	1970		to	S V Raju	s-v-raju	resolved	letter	letter
6197-Letter_to_Mr_Minoo_Masani_23-02-1970.pdf	6197	1970-02-23	1970		to	Minoo Masani	minoo-masani	resolved	letter	letter
6198-Letter_to_Mr_Minoo_Masani_23-02-1970.pdf	6198	1970-02-23	1970		to	Minoo Masani	minoo-masani	resolved	letter	letter
6199-Letter_to_Mr_Minoo_Masani_21-02-1970.pdf	6199	1970-02-21	1970		to	Minoo Masani	minoo-masani	resolved	letter	letter
62-Letter_to_Maharaja_Saheb_17-03-1971.pdf	62	1971-03-17	1971		to	Maharaja Saheb		unresolved	letter	letter
620-For_Favour_of_Publication_25-10-1962.pdf	620	1962-10-25	1962							
6200-Letter_to_S_V_Raju_21-02-1970.pdf	6200	1970-02-21	1970		to	S V Raju	s-v-raju	resolved	letter	letter
6201-Letter_from_V_P_Bhatia_20-02-1970.pdf	6201	1970-02-20	1970		from	V P Bhatia		unresolved	letter	letter
6202-Letter_to_B_Bhatnagar_06-02-1970.pdf	6202	1970-02-06	1970		to	B Bhatnagar		unresolved	letter	letter
6203-Letter_to_Mr_Minoo_Masani_05-02-1970.pdf	6203	1970-02-05	1970		to	Minoo Masani	minoo-masani	resolved	letter	letter
6204-Letter_from_S_V_Raju_30-01-1970.pdf	6204	1970-01-30	1970		from	S V Raju	s-v-raju	resolved	letter	letter
6205-Letter_from_S_V_Raju_27-01-1970.pdf	6205	1970-01-27	1970		from	S V Raju	s-v-raju	resolved	letter	letter
6206-From_Speeches_in_the_Lok_Sabha_21-08-1960.pdf	6206	1960-08-21	1960						speech	speech
6207-Speeches_at_Public_Meetings_29-05-1960.pdf	6207	1960-05-29	1960						speech	speech
6208-Letter_from_S_V_Raju_27-01-1970.pdf	6208	1970-01-27	1970		from	S V Raju	s-v-raju	resolved	letter	letter
6209-Letter_from_Mr_Minoo_Masani_24-01-1970.pdf	6209	1970-01-24	1970		from	Minoo Masani	minoo-masani	resolved	letter	letter
621-Management_Training_at_Tata_Institute_of_Social_Sciences_13-10-1962.pdf	621	1962-10-13	1962							
6210-Letter_from_Mr_Minoo_Masani_24-01-1970.pdf	6210	1970-01-24	1970		from	Minoo Masani	minoo-masani	resolved	letter	letter
6211-Letter_from_Mr_Minoo_Masani_24-01-1970.pdf	6211	1970-01-24	1970		from	Minoo Masani	minoo-masani	resolved	letter	letter
6212-Letter_to_S_V_Raju_23-01-1970.pdf	6212	1970-01-23	1970		to	S V Raju	s-v-raju	resolved	letter	letter
6213-Letter_to_SV_Raju_21-01-1970.pdf	6213	1970-01-21	1970		to	SV Raju	s-v-raju	resolved	letter	letter
6214-Letter_from_Vijay_Mehta_20-01-1970.pdf	6214	1970-01-20	1970		from	Vijay Mehta		unresolved	letter	letter
6215-Letter_from_S_V_Raju_19-01-1970.pdf	6215	1970-01-19	1970		from	S V Raju	s-v-raju	resolved	letter	letter
6216-Letter_to_Mr_Minoo_Masani_19-01-1970.pdf	6216	1970-01-19	1970		to	Minoo Masani	minoo-masani	resolved	letter	letter
6217-Letter_from_S_V_Raju_18-01-1970.pdf	6217	1970-01-18	1970		from	S V Raju	s-v-raju	resolved	letter	letter
6218-Letter_to_Mr_Minoo_Masani_18-01-1970.pdf	6218	1970-01-18	1970		to	Minoo Masani	minoo-masani	resolved	letter	letter
6219-Letter_from_S_V_Raju_17-01-1970.pdf	6219	1970-01-17	1970		from	S V Raju	s-v-raju	resolved	letter	letter
622-Outside_Leadership_of_Trade_Unions-The_Economic_Weekly_July-1958.pdf	622	1958-07	1958							
6220-Letter_from_S_V_Raju_16-01-1970.pdf	6220	1970-01-16	1970		from	S V Raju	s-v-raju	resolved	letter	letter
6221-Letter_to_D_N_Patodia_16-01-1970.pdf	6221	1970-01-16	1970		to	D N Patodia		unresolved	letter	letter
6222-Letter_from_Mr_Minoo_Masani_16-01-1970.pdf	6222	1970-01-16	1970		from	Minoo Masani	minoo-masani	resolved	letter	letter
6223-Letter_to_Mr_Minoo_Masani_08-01-1970.pdf	6223	1970-01-08	1970		to	Minoo Masani	minoo-masani	resolved	letter	letter
6224-Letter_to_Mr_Minoo_Masani_08-01-1970.pdf	6224	1970-01-08	1970		to	Minoo Masani	minoo-masani	resolved	letter	letter
6225-Letter_to_Mr_Minoo_Masani_16-01-1970.pdf	6225	1970-01-16	1970		to	Minoo Masani	minoo-masani	resolved	letter	letter
6226-Letter_from_A_J_Faridi_15-01-1970.pdf	6226	1970-01-15	1970		from	A J Faridi		unresolved	letter	letter
6227-Letter_from_S_V_Raju_14-01-1970.pdf	6227	1970-01-14	1970		from	S V Raju	s-v-raju	resolved	letter	letter
6228-Letter_from_S_V_Raju_13-01-1970.pdf	6228	1970-01-13	1970		from	S V Raju	s-v-raju	resolved	letter	letter
6229-Telegram_to_Mr_Minoo_Masani_12-01-1970.pdf	6229	1970-01-12	1970		to	Minoo Masani	minoo-masani	resolved	telegram	telegram
623-Biennial_Meeting_of_ICCF_28-09-1962.pdf	623	1962-09-28	1962							
6230-Letter_to_Mr_Minoo_Masani_12-01-1970.pdf	6230	1970-01-12	1970		to	Minoo Masani	minoo-masani	resolved	letter	letter
6231-Letter_to_Mr_Minoo_Masani_12-01-1970.pdf	6231	1970-01-12	1970		to	Minoo Masani	minoo-masani	resolved	letter	letter
6232-Letter_to_Mr_Minoo_Masani_12-01-1970.pdf	6232	1970-01-12	1970		to	Minoo Masani	minoo-masani	resolved	letter	letter
6233-Letter_to_Mr_Minoo_Masani_12-01-1970.pdf	6233	1970-01-12	1970		to	Minoo Masani	minoo-masani	resolved	letter	letter
6234-Letter_to_Mr_Minoo_Masani_11-01-1970.pdf	6234	1970-01-11	1970		to	Minoo Masani	minoo-masani	resolved	letter	letter
6235-Letter_to_Mr_Minoo_Masani_10-01-1970.pdf	6235	1970-01-10	1970		to	Minoo Masani	minoo-masani	resolved	letter	letter
6236-Telegram_to_Mr_Minoo_Masani_08-01-1970.pdf	6236	1970-01-08	1970		to	Minoo Masani	minoo-masani	resolved	telegram	telegram
6237-Letter_to_Mr_Minoo_Masani_09-01-1970.pdf	6237	1970-01-09	1970		to	Minoo Masani	minoo-masani	resolved	letter	letter
6238-Letter_to_Mr_Minoo_Masani_08-01-1970.pdf	6238	1970-01-08	1970		to	Minoo Masani	minoo-masani	resolved	letter	letter
6239-Letter_to_Mr_Minoo_Masani_08-01-1970.pdf	6239	1970-01-08	1970		to	Minoo Masani	minoo-masani	resolved	letter	letter
624-Government_Economic_Policies_Capital_Formation_and_Investment_in_Industries.pdf	624									
6240-Letter_from_Mr_Minoo_Masani_07-01-1970.pdf	6240	1970-01-07	1970		from	Minoo Masani	minoo-masani	resolved	letter	letter
6241-letter_to_S_V_Raju_07-01-1970.pdf	6241	1970-01-07	1970		to	S V Raju	s-v-raju	resolved	letter	letter
6242-Letter_to_Mr_Minoo_Masani_07-01-1970.pdf	6242	1970-01-07	1970		to	Minoo Masani	minoo-masani	resolved	letter	letter
6243-Letter_to_D_Nanda_05-01-1970.pdf	6243	1970-01-05	1970		to	D Nanda		unresolved	letter	letter
6244-Letter_from_Mr_Minoo_Masani_05-01-1970.pdf	6244	1970-01-05	1970		from	Minoo Masani	minoo-masani	resolved	letter	letter
6245-Letter_from_Mr_Minoo_Masani_05-01-1970.pdf	6245	1970-01-05	1970		from	Minoo Masani	minoo-masani	resolved	letter	letter
6246-Letter_from_Mr_Minoo_Masani_05-01-1970.pdf	6246	1970-01-05	1970		from	Minoo Masani	minoo-masani	resolved	letter	letter
6247-Letter_from_Mr_Minoo_Masani_05-01-1970.pdf	6247	1970-01-05	1970		from	Minoo Masani	minoo-masani	resolved	letter	letter
6248-Letter_from_Mr_Minoo_Masani_05-01-1970.pdf	6248	1970-01-05	1970		from	Minoo Masani	minoo-masani	resolved	letter	letter
6249-Letter_from_Mr_Minoo_Masani_02-01-1970.pdf	6249	1970-01-02	1970		from	Minoo Masani	minoo-masani	resolved	letter	letter
625-ICCF_Meeting_on_Human_Freedom_and_the_Berlin_Wall_13-08-1962.pdf	625	1962-08-13	1962							
6250-Letter_from_Mr_Minoo_Masani_02-01-1970.pdf	6250	1970-01-02	1970		from	Minoo Masani	minoo-masani	resolved	letter	letter
6251-Letter_from_Mr_Minoo_Masani_02-01-1970.pdf	6251	1970-01-02	1970		from	Minoo Masani	minoo-masani	resolved	letter	letter
6252-Letter_from_Mr_Minoo_Masani_02-01-1970.pdf	6252	1970-01-02	1970		from	Minoo Masani	minoo-masani	resolved	letter	letter
6253-Letter_from_Mr_Minoo_Masani_01-01-1970.pdf	6253	1970-01-01	1970		from	Minoo Masani	minoo-masani	resolved	letter	letter
6254-Telex_from_Mr_Masani_to_Mr_Raju_30-01-1970.pdf	6254	1970-01-30	1970							
6255-Letter_to_Mr_Minoo_Masani_30-12-1969.pdf	6255	1969-12-30	1969		to	Minoo Masani	minoo-masani	resolved	letter	letter
6256-Letter_to_Mr_Minoo_Masani_30-12-1969.pdf	6256	1969-12-30	1969		to	Minoo Masani	minoo-masani	resolved	letter	letter
6257-Letter_to_Mr_Minoo_Masani_29-12-1969.pdf	6257	1969-12-29	1969		to	Minoo Masani	minoo-masani	resolved	letter	letter
6258-Letter_to_Mr_Minoo_Masani.pdf	6258				to	Minoo Masani	minoo-masani	resolved	letter	letter
6259-Letter_to_Mr_Minoo_Masani_27-12-1969.pdf	6259	1969-12-27	1969		to	Minoo Masani	minoo-masani	resolved	letter	letter
626-For_Favour_of_Publication_26-07-1962.pdf	626	1962-07-26	1962							
6260-Letter_to_Mr_Minoo_Masani_24-12-1969.pdf	6260	1969-12-24	1969		to	Minoo Masani	minoo-masani	resolved	letter	letter
6261-Letter_from_Mr_Minoo_Masni_23-12-1969.pdf	6261	1969-12-23	1969		from	Minoo Masni		unresolved	letter	letter
6262-Letter_to_Mr_Minoo_Masni_07-12-1969.pdf	6262	1969-12-07	1969		to	Minoo Masni		unresolved	letter	letter
6263-Letter_to_K_S_Koder_03-12-1969.pdf	6263	1969-12-03	1969		to	K S Koder		unresolved	letter	letter
6264-Letter_to_S_V_Raju_28-11-1969.pdf	6264	1969-11-28	1969		to	S V Raju	s-v-raju	resolved	letter	letter
6265-Letter_to_Mr_Minoo_Masni_25-11-1969.pdf	6265	1969-11-25	1969		to	Minoo Masni		unresolved	letter	letter
6266-Letter_to_S_V_Raju_24-12-1969.pdf	6266	1969-12-24	1969		to	S V Raju	s-v-raju	resolved	letter	letter
6267-Letter_to_S_V_Raju_24-12-1969.pdf	6267	1969-12-24	1969		to	S V Raju	s-v-raju	resolved	letter	letter
6268-Letter_to_S_V_Raju_24-12-1969.pdf	6268	1969-12-24	1969		to	S V Raju	s-v-raju	resolved	letter	letter
6269-Letter_to_R_C_Cooper_11-11-1969.pdf	6269	1969-11-11	1969		to	R C Cooper		unresolved	letter	letter
627-Election_Results.pdf	627									
6270-Letter_to_Mr_Minoo_Masani_04-12-1969.pdf	6270	1969-12-04	1969		to	Minoo Masani	minoo-masani	resolved	letter	letter
6271-Letter_to_Lalchand_hirachand_12-09-1969.pdf	6271	1969-09-12	1969		to	Lalchand hirachand		unresolved	letter	letter
6272-For_the_Favour_of_Publication_11-09-1969.pdf	6272	1969-09-11	1969							
6273-Letter_to_Mr_Minoo_Masani_06-09-1969.pdf	6273	1969-09-06	1969		to	Minoo Masani	minoo-masani	resolved	letter	letter
6274-Letter_to_Mr_Minoo_Masani_16-08-1969.pdf	6274	1969-08-16	1969		to	Minoo Masani	minoo-masani	resolved	letter	letter
6275-Letter_to_S_V_Raju_18-08-1969.pdf	6275	1969-08-18	1969		to	S V Raju	s-v-raju	resolved	letter	letter
6276-Telegram_to_S_V_Raju.pdf	6276				to	S V Raju	s-v-raju	resolved	telegram	telegram
6277-Letter_to_S_V_Raju_25-06-1969.pdf	6277	1969-06-25	1969		to	S V Raju	s-v-raju	resolved	letter	letter
6278-Letter_to_Mr_Minoo_Masani_07-04-1971.pdf	6278	1971-04-07	1971		to	Minoo Masani	minoo-masani	resolved	letter	letter
6279-Letter_to_Mr_Minoo_Masani_21-07-1972.pdf	6279	1972-07-21	1972		to	Minoo Masani	minoo-masani	resolved	letter	letter
628-Uncertain_Future_May-1962.pdf	628	1962-05	1962							
6280-Letter_to_Mr_B_Satyanarayana_20-07-1971.pdf	6280	1971-07-20	1971		to	B Satyanarayana		unresolved	letter	letter
6281-Speech_of_Mr_Minoo_Masani_17-04-1971.pdf	6281	1971-04-17	1971						speech	speech
6282-Acknowledgement_sent_on_16-04-1971.pdf	6282	1971-04-16	1971							
6283-Minoo_Masani_Explanation_Regarding_Regignation_From_Presidenship_of_Swatantra_Party.pdf	6283									
6284-Letter_to_Mr_B_Satyanarayana_29-04-1971.pdf	6284	1971-04-29	1971		to	B Satyanarayana		unresolved	letter	letter
6285-Letter_to_Mr_M_Desai_29-04-1971.pdf	6285	1971-04-29	1971		to	M Desai		unresolved	letter	letter
6286-Letter_to_Mr_K_H_Subramaniam_21-04-1971.pdf	6286	1971-04-21	1971		to	K H Subramaniam		unresolved	letter	letter
6287-Letter_to_Mr_Minoo_Masani_13-04-1971.pdf	6287	1971-04-13	1971		to	Minoo Masani	minoo-masani	resolved	letter	letter
6288-Letter_to_Mr_C_Rajagopalchari_21-04-1971.pdf	6288	1971-04-21	1971		to	C Rajagopalchari		unresolved	letter	letter
6289-Letter_to_Mr_Minoo_Masani_11-04-1971.pdf	6289	1971-04-11	1971		to	Minoo Masani	minoo-masani	resolved	letter	letter
629-For_Favour_of_Publication_26-07-1962.pdf	629	1962-07-26	1962							
6290-Letter_to_Mr_Maharaja_Sriraj_21-04-1971.pdf	6290	1971-04-21	1971		to	Maharaja Sriraj		unresolved	letter	letter
6291-Letter_to_Mr_Yaswant_Kumar_Choudhary_21-04-1971.pdf	6291	1971-04-21	1971		to	Yaswant Kumar Choudhary		unresolved	letter	letter
6292-Letter_to_Mr_Ram_Avatar_Prasad_Varua_21-04-1971.pdf	6292	1971-04-21	1971		to	Ram Avatar Prasad Varua		unresolved	letter	letter
6293-Letter_to_Mr_Minoo_Masani_12-05-1971.pdf	6293	1971-05-12	1971		to	Minoo Masani	minoo-masani	resolved	letter	letter
6294-Letter_to_Mr_Battu_Singh_Verma_13-04-1971.pdf	6294	1971-04-13	1971		to	Battu Singh Verma		unresolved	letter	letter
6295-Letter_From_Mr_Battu_Singh_Verma_04-04-1971.pdf	6295	1971-04-04	1971		from	Battu Singh Verma		unresolved	letter	letter
6296-Extract_From_Mr_K_K_Kurvillas_Letter_10-04-1971.pdf	6296	1971-04-10	1971						letter	letter
6297-Letter_to_Mr_Minoo_Masani_12-04-1971.pdf	6297	1971-04-12	1971		to	Minoo Masani	minoo-masani	resolved	letter	letter
6298-Letter_To_Dr_R_C_Cooper_09-04-1971.pdf	6298	1971-04-09	1971		to	R C Cooper		unresolved	letter	letter
6299-Letter_to_Mr_Minoo_Masani_06-04-1971.pdf	6299	1971-04-06	1971		to	Minoo Masani	minoo-masani	resolved	letter	letter
63-Telegram_to_Mr_Minoo_Masani_11-03-1971.pdf	63	1971-03-11	1971		to	Minoo Masani	minoo-masani	resolved	telegram	telegram
630-Lecture_Notes_for_Talk_to_the_Progressive_Group_26-07-1962.pdf	630	1962-07-26	1962						speech	speech
6300-Letter_to_Mr_Minoo_Masani_06-04-1971.pdf	6300	1971-04-06	1971		to	Minoo Masani	minoo-masani	resolved	letter	letter
6301-Letter_to_Mr_Minoo_Masani_05-04-1971.pdf	6301	1971-04-05	1971		to	Minoo Masani	minoo-masani	resolved	letter	letter
6302-Letter_to_Mr_Minoo_Masani_05-04-1971.pdf	6302	1971-04-05	1971		to	Minoo Masani	minoo-masani	resolved	letter	letter
6303-Letter_to_Mr_Minoo_Masani_08-04-1971.pdf	6303	1971-04-08	1971		to	Minoo Masani	minoo-masani	resolved	letter	letter
6304-Letter_to_Mr_Minoo_Masani_05-04-1971.pdf	6304	1971-04-05	1971		to	Minoo Masani	minoo-masani	resolved	letter	letter
6305-Letter_to_Mr_Minoo_Masani_05-04-1971.pdf	6305	1971-04-05	1971		to	Minoo Masani	minoo-masani	resolved	letter	letter
6306-Letter_to_Mr_Minoo_Masani_08-04-1971.pdf	6306	1971-04-08	1971		to	Minoo Masani	minoo-masani	resolved	letter	letter
6307-Letter_to_Mr_Minoo_Masani_04-04-1971.pdf	6307	1971-04-04	1971		to	Minoo Masani	minoo-masani	resolved	letter	letter
6308-Letter_From_Mr_Battu_Singh_Verma_04-04-1971.pdf	6308	1971-04-04	1971		from	Battu Singh Verma		unresolved	letter	letter
6309-Letter_to_Mr_Minoo_Masani.pdf	6309				to	Minoo Masani	minoo-masani	resolved	letter	letter
631-For_Favour_of_Publication_26-06-1962.pdf	631	1962-06-26	1962							
6310-Letter_To_Dr_R_C_Cooper.pdf	6310				to	R C Cooper		unresolved	letter	letter
6311-Letter_to_Col_H_R_Pasricha_07-04-1971.pdf	6311	1971-04-07	1971		to	H R Pasricha		unresolved	letter	letter
6312-Letter_to_Mr_Minoo_Masani_05-04-1971.pdf	6312	1971-04-05	1971		to	Minoo Masani	minoo-masani	resolved	letter	letter
6313-Letter_to_Mr_Minoo_Masani_06-04-1971.pdf	6313	1971-04-06	1971		to	Minoo Masani	minoo-masani	resolved	letter	letter
6314-Telegram_to_Mr_Minoo_Masani_08-04-1971.pdf	6314	1971-04-08	1971		to	Minoo Masani	minoo-masani	resolved	telegram	telegram
6315-Telegram_to_Mr_Minoo_Masani_04-04-1971.pdf	6315	1971-04-04	1971		to	Minoo Masani	minoo-masani	resolved	telegram	telegram
6316-For_Favour_Of_Publication_03-04-1971.pdf	6316	1971-04-03	1971							
6317-Speech_of_Mr_Minoo_Masani_07-04-1971.pdf	6317	1971-04-07	1971						speech	speech
6318-Speech_of_Mr_Minoo_Masani_07-04-1971.pdf	6318	1971-04-07	1971						speech	speech
6319-The_Presidents_Report_On_Political_Development_21-07-1970.pdf	6319	1970-07-21	1970						report	occasional_paper
632-Lecture_Notes_for_Mr_Masani_Speech_18-06-1962.pdf	632	1962-06-18	1962						speech	speech
6320-Letter_From_Mr_Minoo_Masani_02-04-1971.pdf	6320	1971-04-02	1971		from	Minoo Masani	minoo-masani	resolved	letter	letter
6321-Cut_The_Guardian_Knot-Swarajya_01-04-1971.pdf	6321	1971-04-01	1971							
6322-The_Call_Of_Humanity-Swarajya_24-04-1971.pdf	6322	1971-04-24	1971							
6323-The_Call_Of_Humanity-Swarajya_24-04-1971.pdf	6323	1971-04-24	1971							
6324-Masanis_Resignation-March_Of_The_Nation_24-04-1971.pdf	6324	1971-04-24	1971							
6325-Swatantra_Adopts_9-Point_Plan_Plan_For_72-Statesman_19-04-1971.pdf	6325	1971-04-19	1971							
6326-Dandekar_To_Officiate_As_Swatantra_President-Hindu_19-04-1971.pdf	6326	1971-04-19	1971							
6327-M_R_Masani-Economic_Times_19-04-1971.pdf	6327	1971-04-19	1971							
6328-Masanis_Resignation-Hindustan_Times_19-04-1971.pdf	6328	1971-04-19	1971							
6329-Masanis_Resignation_Accepted-Hindustan_Times_19-04-1971.pdf	6329	1971-04-19	1971							
633-For_Favour_of_Publication_18-06-1962.pdf	633	1962-06-18	1962							
6330-Dandekar_To_Act_As_Interim_Chief-Indian_Express_19-04-1971.pdf	6330	1971-04-19	1971						press_note	press_note
6331-Party_Council_Accepts_Masanis_Resignation-Times_Of_India_19-04-1971.pdf	6331	1971-04-19	1971							
6332-Resignation_Decision_Irrevocable-Masani-Statesman_18-04-1971.pdf	6332	1971-04-18	1971							
6333-Masani-No_Need_To_Desolve_Party-Indian_Express_17-04-1971.pdf	6333	1971-04-17	1971						press_note	press_note
6334-Resignation_Of_Masani_To_Be_Taken_Up_Today-Times_Of_India_17-04-1971.pdf	6334	1971-04-17	1971							
6335-CR_Ask_To_Swatantra_to_Fight_Totalitarian_Trends-Hindu_17-04-1971.pdf	6335	1971-04-17	1971							
6336-An_Appeal_To_Congress-Polstar_11-04-1971.pdf	6336	1971-04-11	1971							
6337-All_Eyes_On_India.pdf	6337									
6338-Govt_Can_Have_No_Alibis_Now-Masani-Times_Of_India_13-04-1971.pdf	6338	1971-04-13	1971							
6339-Masani_Goes-March_Of_The_Nation_10-04-1971.pdf	6339	1971-04-10	1971							
634-The_Constructive_Path_to_Disarmanent_By_Adam_Adil.pdf	634									
6340-Resolution_Accepting_Mr_Minoo_Masanis_Resignation_18-04-1971.pdf	6340	1971-04-18	1971						resolution	resolution
6341-All_Eyes_On_India.pdf	6341									
6342-Refreshing-Himmat_16-04-1971.pdf	6342	1971-04-16	1971							
6343-Finding_An_Identity-Hindustan_Times_16-04-1971.pdf	6343	1971-04-16	1971							
6344-A_Message_From_Rajaji_To_The_National_Executive_Meeting_14-04-1971.pdf	6344	1971-04-14	1971		from	Rajaji To The National Executive Meeting		unresolved		
6345-Pheruman_Group_Wants_Sant_To_Quit_Politics-Times_Of_India_10-04-1971.pdf	6345	1971-04-10	1971							
6346-Jantar_Mantar-Hindustan_Times_07-04-1971.pdf	6346	1971-04-07	1971							
6347-No_Room_For_Right_Wing_Party_06-04-1971.pdf	6347	1971-04-06	1971							
6348-Masani_Asked_Not_To_Quit-Indian_Express_05-04-1971.pdf	6348	1971-04-05	1971						press_note	press_note
6349-Masani_Resigns_As_Swatantra_Chairman-Hindu_04-04-1971.pdf	6349	1971-04-04	1971							
635-Plan_Dominates_Budget_07-06-1962.pdf	635	1962-06-07	1962							
6350-Masani_Quits_Swatantra_Chairmanship-Hindustan_Times_04-04-1971.pdf	6350	1971-04-04	1971							
6351-Ranga_May_Be_Swatantra_Chief-Hindustan_Times_05-04-1971.pdf	6351	1971-04-05	1971							
6352-Masani_Resigns_From_Party_Post-Statesman_04-04-1971.pdf	6352	1971-04-04	1971							
6353-Masani_Resigns_As_Swatantra_Chairman-Hindu_04-04-1971.pdf	6353	1971-04-04	1971							
6354-Masani_Quits_Swatantra_Chairmanship-Hindustan_Times_04-04-1971.pdf	6354	1971-04-04	1971							
6355-Ranga_May_Be_Swatantra_Chief-Hindustan_Times_05-04-1971.pdf	6355	1971-04-05	1971							
6356-Masani_Resigns_From_Party_Post-Statesman_04-04-1971.pdf	6356	1971-04-04	1971							
6357-M_R_Masani_Quits_As_Party_Chief-Times_Of_India_04-04-1971.pdf	6357	1971-04-04	1971							
6358-Masani_Quits-Sunday_Standard_04-04-1971.pdf	6358	1971-04-04	1971							
6359-For_Favour_Of_Publication_03-04-1971.pdf	6359	1971-04-03	1971							
636-For_Favour_of_Publication_07-06-1962.pdf	636	1962-06-07	1962							
6360-For_Favour_Of_Publication_02-04-1971.pdf	6360	1971-04-02	1971							
637-For_Favour_of_Publication_07-06-1962.pdf	637	1962-06-07	1962							
638-The_Role_Of_Taxation_in_Planned_Economy_31-05-1962.pdf	638	1962-05-31	1962							
639-Forum_of_Free_enterprise-Press_Release_01-06-1962.pdf	639	1962-06-01	1962						press_note	press_note
64-Letter_to_Mr_Y_Gadilingana_Goud_17-03-1971.pdf	64	1971-03-17	1971		to	Y Gadilingana Goud		unresolved	letter	letter
640-For_Favour_of_Publication_30-05-1962.pdf	640	1962-05-30	1962							
641-Talk_on_Some_World_Trends_for_the_Lions_Club_30-05-1962.pdf	641	1962-05-30	1962						speech	speech
642-Some_World_Trends_27-04-1962.pdf	642	1962-04-27	1962							
643-State_Enterprises_The_Second_Olompians_12-04-1962.pdf	643	1962-04-12	1962							
644-Planning_&_Delivery_04-04-1962.pdf	644	1962-04-04	1962							
645-Rotary_Club_Speech_on_UN_Day_24-10-1961.pdf	645	1961-10-24	1961						speech	speech
646-Universal_Declaration_Of_Human_Rights.pdf	646									
647-Tata_Personnel_Officers_Conference_27-09-1961.pdf	647	1961-09-27	1961							
648-The_First_Tata_Personnel_&_Labour_Officers_Conference_09-02-1953.pdf	648	1953-02-09	1953							
649-The_Tata_Iron_and_Steel_Co_Ltd_26-08-1954.pdf	649	1954-08-26	1954							
65-Letter_to_Mr_Minoo_Masani_06-03-1971.pdf	65	1971-03-06	1971		to	Minoo Masani	minoo-masani	resolved	letter	letter
650-Speech_on_the_III_Plan_in_Lok_Sabha_23-08-1961.pdf	650	1961-08-23	1961						speech	speech
651-PSS-Annual_Willingdon_Sports_Club_Dinner_09-06-1961.pdf	651	1961-06-09	1961							
652-Lecture_Notes_for_Speech_on_the_Finance_Bill_20-04-1961.pdf	652	1961-04-20	1961						speech	speech
653-Financier-Times_of_India_19-03-1961.pdf	653	1961-03-19	1961							
654-Wages_in_Private_and_Public_Sectors.pdf	654									
655-Ministry_of_Transport_and_Communications_05-04-1961.pdf	655	1961-04-05	1961							
656-Notes_for_Speech_on_Budget_in_Lok_Sabha_15-03-1961.pdf	656	1961-03-15	1961						speech	speech
657-Meeting_of_the_British_Group_of_Liberal_International_15-02-1961.pdf	657	1961-02-15	1961							
658-Notes_for_Talk_HSL_Training_Centre_15-03-1961.pdf	658	1961-03-15	1961						speech	speech
659-Note_on_the_II_and_III_Plans_British_Group_of_the_Liberal_International_15-02-1961.pdf	659	1961-02-15	1961							
66-Letter_to_Mr_P_B_Meckoni_17-03-1971.pdf	66	1971-03-17	1971		to	P B Meckoni		unresolved	letter	letter
660-London_Press_Conference_15-02-1961.pdf	660	1961-02-15	1961						press_note	press_note
661-Agrarian_Organisational_Pattern.pdf	661									
662-India_Revisited_28-01-1961.pdf	662	1961-01-28	1961							
663-Indias_Ambitious_New_Plan_26-01-1961.pdf	663	1961-01-26	1961							
664-A_Smaller_Share_for_The_Private_Sector_04-02-1961.pdf	664	1961-02-04	1961							
665-Unity_Was_Main_Theme_At_Session_08-01-1961.pdf	665	1961-01-08	1961							
666-Purge_of_Party_Incompetents_in_China_17-02-1961.pdf	666	1961-02-17	1961							
667-Costs_Wages_and_Work-Loads-The_Business_World_27-01-1961.pdf	667	1961-01-27	1961							
668-Land_Politics_in_Maharashtra-The_Times_of_India.pdf	668									
669-India_Faces_15th-The_Economic_Situation_and_the_Jan-1961.pdf	669	1961-01	1961							
67-Letter_to_Mr_Minoo_Masani.pdf	67				to	Minoo Masani	minoo-masani	resolved	letter	letter
670-Indo-Pakistan_A_Federation_to_Meet_China_16-01-1961.pdf	670	1961-01-16	1961							
671-Speech_at_the_Elphinstone_College_23-12-1960.pdf	671	1960-12-23	1960						speech	speech
672-Effective_Thinking_is_Impossible_16-12-1960.pdf	672	1960-12-16	1960							
673-Attached_Note_On_Education_16-12-1960.pdf	673	1960-12-16	1960							
674-On_Education.pdf	674									
675-Letter_to_Mr_Minoo_Masani_18-12-1960.pdf	675	1960-12-18	1960		to	Minoo Masani	minoo-masani	resolved	letter	letter
676-On_Education.pdf	676									
677-Talk_to_Voltas_Management_Conference_17-12-1960.pdf	677	1960-12-17	1960						speech	speech
678-Lecture_Notes_for_Speech_10-12-1960.pdf	678	1960-12-10	1960						speech	speech
679-Lecture_Notes_for_Flag_&_Founders_Day_09-12-1960.pdf	679	1960-12-09	1960						speech	speech
68-Letter_to_Mr_Hanumantha_Rao_17-03-1971.pdf	68	1971-03-17	1971		to	Hanumantha Rao		unresolved	letter	letter
680-Talk_to_Delhi_Management_Assn_06-12-1960.pdf	680	1960-12-06	1960						speech	speech
681-Lecture_Notes_for_Talk_at_the_Tata_Staff_College_11-11-1960.pdf	681	1960-11-11	1960						speech	speech
682-Mcmurry_Bombay_Seminar_08-11-1960.pdf	682	1960-11-08	1960							
683-Problems_of_Democracy_in_India_28-10-1960.pdf	683	1960-10-28	1960							
684-The_Service_Economy-Growth_in_a_New_Direction_31-10-1960.pdf	684	1960-10-31	1960							
685-Lecture_Notes_for_Ivor_Youngs_Dinner-Discussion_11-10-1960.pdf	685	1960-10-11	1960						speech	speech
686-Lecture_Notes_for_Mr_MRM_Speech_29-09-1960.pdf	686	1960-09-29	1960						speech	speech
687-Lecture_Notes_for_Speech_of_Mr_MRM_on_Tibet_27-09-1960.pdf	687	1960-09-27	1960						speech	speech
688-Lecture_Notes_of_Speech_at_Madras_18-09-1960.pdf	688	1960-09-18	1960						speech	speech
689-Third_Plan_Finance-The_Times_of_India_21-08-1960.pdf	689	1960-08-21	1960							
69-Letter_to_Mr_Minoo_Masani_11-03-1971.pdf	69	1971-03-11	1971		to	Minoo Masani	minoo-masani	resolved	letter	letter
690-A_Policy_for_Foreign_Aid_20-05-1960.pdf	690	1960-05-20	1960							
691-Leakages_From_Foreign_Aid_19-08-1960.pdf	691	1960-08-19	1960							
692-Third_Plan_Finance-The_Times_of_India_03-08-1960.pdf	692	1960-08-03	1960							
693-Inflation_and_Society_09-07-1960.pdf	693	1960-07-09	1960							
694-The_Right_Road_to_Indian_Progress-April_1960.pdf	694	1960-04	1960							
695-Markets_of_the_Sixties-April_1960.pdf	695	1960-04	1960							
696-The_Bruning_Mans_Smallest_Copying_Machine-April_1960.pdf	696	1960-04	1960							
697-The_All_New_Aero_Commander_500A.pdf	697									
698-DRS_Get_Together-100th_Issue_of_Freedom_First_01-09-1960.pdf	698	1960-09-01	1960							
699-Debate_on_Draft_Plan_24-08-1960.pdf	699	1960-08-24	1960							
7-Letter_to_Mr_Minoo_Masani_17-02-1971.pdf	7	1971-02-17	1971		to	Minoo Masani	minoo-masani	resolved	letter	letter
70-Letter_to_Mr_K_D_Merchant_17-03-1971.pdf	70	1971-03-17	1971		to	K D Merchant		unresolved	letter	letter
700-Africa_Society_ICCF_Meeting_24-03-1960.pdf	700	1960-03-24	1960							
701-For_Favour_of_Publication_18-01-1960.pdf	701	1960-01-18	1960							
702-Mr_Masani_Speech_in_Parliament_25-12-1959.pdf	702	1959-12-25	1959						speech	speech
703-The_Wrong_Enemy-Hindustan_Times_25-11-1959.pdf	703	1959-11-25	1959							
704-Motion_for_Adjournment_26-11-1959.pdf	704	1959-11-26	1959							
705-Calling_Attention_to_Matter_of_Urgent_Public_importance_25-11-1959.pdf	705	1959-11-25	1959							
706-For_Favour_of_Publication_23-11-1959.pdf	706	1959-11-23	1959							
707-Letter_to_Mr_Minoo_Masani_23-10-1963.pdf	707	1963-10-23	1963		to	Minoo Masani	minoo-masani	resolved	letter	letter
708-Before_the_Economic_Club_of_Detroit_07-10-1963.pdf	708	1963-10-07	1963							
709-Seminar_Notes-The_Indian_Attitude_to_the_Soviet_Union_30-09-1963.pdf	709	1963-09-30	1963							
71-Letter_to_Mr_Minoo_Masani_11-03-1971.pdf	71	1971-03-11	1971		to	Minoo Masani	minoo-masani	resolved	letter	letter
710-Mr_Masani_Speech_23-10-1963.pdf	710	1963-10-23	1963						speech	speech
711-For_Favour_of_Publication_11-11-1963.pdf	711	1963-11-11	1963							
712-For_Favour_of_Publication_11-11-1963.pdf	712	1963-11-11	1963							
713-Five_Days_In_Formosa_and_Quemoy_05-11-1963.pdf	713	1963-11-05	1963							
714-Five_Days_In_Formosa_and_Quemoy_05-11-1963.pdf	714	1963-11-05	1963							
715-For_Favour_of_Publication_05-11-1963.pdf	715	1963-11-05	1963							
716-A_Visit_to_National_China_29-11-1963.pdf	716	1963-11-29	1963							
717-India-Ater_Two_months_Absence_Abroad_11-11-1963.pdf	717	1963-11-11	1963							
718-Important_Speeches_21-12-1963.pdf	718	1963-12-21	1963						speech	speech
719-For_Favour_of_Publication_04-04-1964.pdf	719	1964-04-04	1964							
72-Letter_to_Mr_Merchants_Association_17-03-1971.pdf	72	1971-03-17	1971		to	Merchants Association		unresolved	letter	letter
720-Discussion_On_Transport_Demands-March_1964.pdf	720	1964-03	1964							
721-Mr_MR_Masani_Speech_in_Lok_Sabha_16-04-1964.pdf	721	1964-04-16	1964						speech	speech
722-For_Favour_of_Publication_05-02-1964.pdf	722	1964-02-05	1964							
723-Inter-State_Transport_By_Road.pdf	723									
724-Preventive_Detention_By_Minoo_Masani.pdf	724									
725-Third_Plan_An_Alternative_16-12-1963.pdf	725	1963-12-16	1963							
726-The_Third_Plan_An_Alternative_16-12-1963.pdf	726	1963-12-16	1963							
727-The_Third_Plan_An_Alternative.pdf	727									
728-For_Favour_of_Publication_09-12-1963.pdf	728	1963-12-09	1963							
729-Are_We_to_be_Trampled_on_By_Minoo_Masani_03-05-1964.pdf	729	1964-05-03	1964							
73-Telegram_to_Mr_Minoo_Masani_13-03-1971.pdf	73	1971-03-13	1971		to	Minoo Masani	minoo-masani	resolved	telegram	telegram
730-Text_Book_In_India_By_Minoo_Masani_26-05-1964.pdf	730	1964-05-26	1964							
731-Sounding_Board_12-05-1964.pdf	731	1964-05-12	1964							
732-Food_Shortage_and_High_Prices-Sep_1964.pdf	732	1964-09	1964							
733-India_After_Nehru-May_1962.pdf	733	1962-05	1962							
734-India_After_Nehru_10-08-1964.pdf	734	1964-08-10	1964							
735-For_Favour_of_Publication_06-08-1964.pdf	735	1964-08-06	1964							
736-For_Favour_of_Publication_06-08-1964.pdf	736	1964-08-06	1964							
737-For_Favour_of_Publication_21-07-1964.pdf	737	1964-07-21	1964							
738-For_Favour_of_Publication_17-07-1964.pdf	738	1964-07-17	1964							
739-Property_In_Land_28-06-1964.pdf	739	1964-06-28	1964							
74-Letter_to_Mrs_Durga_Joshi_17-03-1971.pdf	74	1971-03-17	1971		to	Durga Joshi		unresolved	letter	letter
740-For_Favour_of_Publication_09-06-1964.pdf	740	1964-06-09	1964							
741-India_Versus_The_Bomb.pdf	741									
742-The_Sagging_Rupee_10-11-1964.pdf	742	1964-11-10	1964							
743-For_Favour_of_Publication_02-11-1964.pdf	743	1964-11-02	1964							
744-For_Favour_of_Publication_10-09-1964.pdf	744	1964-09-10	1964							
745-Transport_Co-ordination-1964.pdf	745	1964	1964							
746-Food_Shortage_and_High_Prices_06-08-1964.pdf	746	1964-08-06	1964							
747-Bombay_Regions_Delegate_Representation.pdf	747									
748-Office_Bearers_&_Members_of_the_Excutive_Committee_of_the_Swatantra_Party.pdf	748									
749-Under_Certificate_of_Posting_21-09-1974.pdf	749	1974-09-21	1974							
75-Telegram_to_Mr_Minoo_Masani.pdf	75				to	Minoo Masani	minoo-masani	resolved	telegram	telegram
750-Resolution_on_the_State_of_Emergency_Holding_of_Election.pdf	750								resolution	resolution
751-Letter_to_Mr_Girish_Munshi_13-01-1975.pdf	751	1975-01-13	1975		to	Girish Munshi		unresolved	letter	letter
752-National_Headquarters_Circular_no.pdf	752								circular	circular
753-National_Headquarters_Circular_no.pdf	753								circular	circular
754-For_Favour_of_Publication_23-01-1975.pdf	754	1975-01-23	1975							
755-Minutes_of_the_Executive_Committee_19-11-1974.pdf	755	1974-11-19	1974						minutes	minutes
756-Minutes_of_the_Executive_Committee_28-10-1974.pdf	756	1974-10-28	1974						minutes	minutes
757-Minutes_of_the_Executive_Committee_12-10-1974.pdf	757	1974-10-12	1974						minutes	minutes
758-Minutes_of_the_Executive_Committee_12-10-1974.pdf	758	1974-10-12	1974						minutes	minutes
759-Public_Meeting_at_Matunga_14-12-1974.pdf	759	1974-12-14	1974							
76-Letter_to_Miss_Rati_Cooper_16-03-1971.pdf	76	1971-03-16	1971		to	Rati Cooper		unresolved	letter	letter
760-Minutes_of_the_Executive_Committee_09-04-1975.pdf	760	1975-04-09	1975						minutes	minutes
761-Letter_to_Mr_Srikumar_26-04-1975.pdf	761	1975-04-26	1975		to	Srikumar		unresolved	letter	letter
762-Letter_to_Mr_Girish_Munshi_15-04-1975.pdf	762	1975-04-15	1975		to	Girish Munshi		unresolved	letter	letter
763-Letter_to_Raja_11-04-1975.pdf	763	1975-04-11	1975		to	Raja		unresolved	letter	letter
764-Letter_About_Residential_Telephone_Connection_12-04-1975.pdf	764	1975-04-12	1975						letter	letter
765-Minutes_of_the_Excutive_Committee_21-12-1974.pdf	765	1974-12-21	1974						minutes	minutes
766-Letter_About_Recollection_of_Subscriptions_for_the_White_Star_07-08-1970.pdf	766	1970-08-07	1970						letter	letter
767-Letter_to_KS_Srinivasan_28-10-1970.pdf	767	1970-10-28	1970		to	KS Srinivasan		unresolved	letter	letter
768-Letter_to_Sharayu_Daftary_10-11-1970.pdf	768	1970-11-10	1970		to	Sharayu Daftary		unresolved	letter	letter
769-Letter_About_Raja_Birthday_Celebration_02-12-1970.pdf	769	1970-12-02	1970						letter	letter
77-Letter_to_Mr_Arvind_Parakh_16-03-1971.pdf	77	1971-03-16	1971		to	Arvind Parakh		unresolved	letter	letter
770-Sixth_National_Convention_02-12-1970.pdf	770	1970-12-02	1970						souvenir	edited_volume
771-Letter_to_Mrs_Sharayu_A_Daftary_25-11-1970.pdf	771	1970-11-25	1970		to	Sharayu A Daftary		unresolved	letter	letter
772-For_the_use_of_General_Council_Members_09-04-1972.pdf	772	1972-04-09	1972							
773-General_Seceratary_s_Circular_no_321_27-11-1974.pdf	773	1974-11-27	1974						circular	circular
774-Letter_to_Mr_Minoo_Masani_25-12-1974.pdf	774	1974-12-25	1974		to	Minoo Masani	minoo-masani	resolved	letter	letter
775-Letter_to_VP_Bhatia_18-12-1974.pdf	775	1974-12-18	1974		to	VP Bhatia		unresolved	letter	letter
776-Letter_to_Mr_Minoo_Masani_17-12-1974.pdf	776	1974-12-17	1974		to	Minoo Masani	minoo-masani	resolved	letter	letter
777-Letter_to_Mr_Minoo_Masani_17-12-1974.pdf	777	1974-12-17	1974		to	Minoo Masani	minoo-masani	resolved	letter	letter
778-Letter_to_Mr_Minoo_Masani_16-12-1974.pdf	778	1974-12-16	1974		to	Minoo Masani	minoo-masani	resolved	letter	letter
779-Letter_to_Mr_Minoo_Masani_16-12-1974.pdf	779	1974-12-16	1974		to	Minoo Masani	minoo-masani	resolved	letter	letter
78-Telegram_to_Mr_Minoo_Masani_12-03-1971.pdf	78	1971-03-12	1971		to	Minoo Masani	minoo-masani	resolved	telegram	telegram
780-Resolution_of_the_Swantantra_Party_National_General_Council_08-12-1974.pdf	780	1974-12-08	1974						resolution	resolution
781-Letter_to_VP_Bhatia_13-12-1974.pdf	781	1974-12-13	1974		to	VP Bhatia		unresolved	letter	letter
782-Letter_to_Mr_Minoo_Masani_07-12-1974.pdf	782	1974-12-07	1974		to	Minoo Masani	minoo-masani	resolved	letter	letter
783-Letter_to_GK_Sundaram_04-12-1974.pdf	783	1974-12-04	1974		to	GK Sundaram		unresolved	letter	letter
784-Letter_to_Mr_Minoo_Masani_03-12-1974.pdf	784	1974-12-03	1974		to	Minoo Masani	minoo-masani	resolved	letter	letter
785-Letter_to_Mr_Minoo_Masani_26-11-1974.pdf	785	1974-11-26	1974		to	Minoo Masani	minoo-masani	resolved	letter	letter
786-Memo_to_Mr_Minoo_Masani_28-11-1974.pdf	786	1974-11-28	1974		to	Minoo Masani	minoo-masani	resolved	memo	circular
787-Letter_to_Mr_Minoo_Masani_20-11-1974.pdf	787	1974-11-20	1974		to	Minoo Masani	minoo-masani	resolved	letter	letter
788-Letter_to_Mr_Shahajanand_Singh_19-11-1974.pdf	788	1974-11-19	1974		to	Shahajanand Singh		unresolved	letter	letter
789-Letter_to_P.pdf	789				to	P		unresolved	letter	letter
79-Letter_to_Mr_A_D_Rawal_16-03-1971.pdf	79	1971-03-16	1971		to	A D Rawal		unresolved	letter	letter
790-Letter_to_A_Duraisamy_18-11-1974.pdf	790	1974-11-18	1974		to	A Duraisamy		unresolved	letter	letter
791-Letter_to_Mr_Minoo_Masani_04-11-1974.pdf	791	1974-11-04	1974		to	Minoo Masani	minoo-masani	resolved	letter	letter
792-Letter_to_PC_Mohapatra_18-11-1974.pdf	792	1974-11-18	1974		to	PC Mohapatra		unresolved	letter	letter
793-Letter_to_Mr_Minoo_Masani_21-07-1974.pdf	793	1974-07-21	1974		to	Minoo Masani	minoo-masani	resolved	letter	letter
794-Letter_to_VS_Srikumar_18-11-1974.pdf	794	1974-11-18	1974		to	VS Srikumar		unresolved	letter	letter
795-Kerla_State_Council_of_Swatantra_party_10-11-1974.pdf	795	1974-11-10	1974							
796-Letter_to_Mr_V_P_Bhatia_16-10-1974.pdf	796	1974-10-16	1974		to	V P Bhatia		unresolved	letter	letter
797-Letter_to_VT_Sreenivasan_14-11-1974.pdf	797	1974-11-14	1974		to	VT Sreenivasan		unresolved	letter	letter
798-Letter_to_Mr_Minoo_Masani_03-09-1974.pdf	798	1974-09-03	1974		to	Minoo Masani	minoo-masani	resolved	letter	letter
799-Letter_to_Mr_Minoo_Masani_24-08-1974.pdf	799	1974-08-24	1974		to	Minoo Masani	minoo-masani	resolved	letter	letter
8-Letter_to_Mr_L_M_Singhvi_30-03-1971.pdf	8	1971-03-30	1971		to	L M Singhvi		unresolved	letter	letter
80-Letter_to_Mr_Minoo_Masani_11-03-1971.pdf	80	1971-03-11	1971		to	Minoo Masani	minoo-masani	resolved	letter	letter
800-Letter_to_P_Rangaswami_10-10-1974.pdf	800	1974-10-10	1974		to	P Rangaswami		unresolved	letter	letter
801-Letter_to_P_Rangaswami_24-09-1974.pdf	801	1974-09-24	1974		to	P Rangaswami		unresolved	letter	letter
802-Letter_to_VS_Srikumar_11-09-1974.pdf	802	1974-09-11	1974		to	VS Srikumar		unresolved	letter	letter
803-Letter_to_Mr_Minoo_Masani_28-08-1974.pdf	803	1974-08-28	1974		to	Minoo Masani	minoo-masani	resolved	letter	letter
804-Letter_to_BD_Pandey_11-09-1974.pdf	804	1974-09-11	1974		to	BD Pandey		unresolved	letter	letter
805-Letter_to_Mr_Minoo_Masani_11-08-1974.pdf	805	1974-08-11	1974		to	Minoo Masani	minoo-masani	resolved	letter	letter
806-Letter_to_MD_Joseph_11-09-1974.pdf	806	1974-09-11	1974		to	MD Joseph		unresolved	letter	letter
807-Letter_to_Mr_Minoo_Masani_18-08-1976.pdf	807	1976-08-18	1976		to	Minoo Masani	minoo-masani	resolved	letter	letter
808-Letter_to_Bhagwan_Das_Sharma_11-09-1974.pdf	808	1974-09-11	1974		to	Bhagwan Das Sharma		unresolved	letter	letter
809-Letter_to_Mohan_lal_jadav_10-09-1974.pdf	809	1974-09-10	1974		to	Mohan lal jadav		unresolved	letter	letter
81-Letter_to_Mr_Thakore_Saheb_16-03-1971.pdf	81	1971-03-16	1971		to	Thakore Saheb		unresolved	letter	letter
810-Letter_to_Mr_Minoo_Masani_25-08-1974.pdf	810	1974-08-25	1974		to	Minoo Masani	minoo-masani	resolved	letter	letter
811-Letter_to_RS_Bharati_10-09-1974.pdf	811	1974-09-10	1974		to	RS Bharati		unresolved	letter	letter
812-Letter_to_JG_Tiwari_10-09-1974.pdf	812	1974-09-10	1974		to	JG Tiwari		unresolved	letter	letter
813-Letter_to_Mr_Minoo_Masani_27-08-1974.pdf	813	1974-08-27	1974		to	Minoo Masani	minoo-masani	resolved	letter	letter
814-Letter_to_HR_Pashricha_10-09-1974.pdf	814	1974-09-10	1974		to	HR Pashricha		unresolved	letter	letter
815-Letter_to_Mr_Minoo_Masani_26-08-1974.pdf	815	1974-08-26	1974		to	Minoo Masani	minoo-masani	resolved	letter	letter
816-Letter_to_P_kodanda_Rao_09-09-1974.pdf	816	1974-09-09	1974		to	P kodanda Rao	p-kodanda-rao	resolved	letter	letter
817-Letter_to_Mr_Minoo_Masani_02-09-1974.pdf	817	1974-09-02	1974		to	Minoo Masani	minoo-masani	resolved	letter	letter
818-Letter_to_Man_Singh_09-09-1974.pdf	818	1974-09-09	1974		to	Man Singh		unresolved	letter	letter
819-Letter_to_Mr_Minoo_Masani_28-08-1974.pdf	819	1974-08-28	1974		to	Minoo Masani	minoo-masani	resolved	letter	letter
82-Telegram_to_Mr_Minoo_Masani_11-03-1971.pdf	82	1971-03-11	1971		to	Minoo Masani	minoo-masani	resolved	telegram	telegram
820-Letter_to_VGK_Unnitham_01-09-1974.pdf	820	1974-09-01	1974		to	VGK Unnitham		unresolved	letter	letter
821-Letter_to_Mr_Minoo_Masani_08-08-1974.pdf	821	1974-08-08	1974		to	Minoo Masani	minoo-masani	resolved	letter	letter
822-Letter_to_James_Cherian_01-09-1974.pdf	822	1974-09-01	1974		to	James Cherian		unresolved	letter	letter
823-Kochn_Veedu_09-08-1974.pdf	823	1974-08-09	1974							
824-National_Headquarters_Circular_no.pdf	824								circular	circular
825-Letter_to_Sridharmurthy_21-08-1974.pdf	825	1974-08-21	1974		to	Sridharmurthy		unresolved	letter	letter
826-Letter_to_Mr_Minoo_Masani_12-08-1974.pdf	826	1974-08-12	1974		to	Minoo Masani	minoo-masani	resolved	letter	letter
827-Letter_to_N_K_Ganapaiah_14-08-1974.pdf	827	1974-08-14	1974		to	N K Ganapaiah		unresolved	letter	letter
828-Letter_to_Mr_Minoo_Masani_21-08-1974.pdf	828	1974-08-21	1974		to	Minoo Masani	minoo-masani	resolved	letter	letter
829-General_Seceratary_s_letter_no_320_20-08-1974.pdf	829	1974-08-20	1974						letter	letter
83-Letter_to_Miss_Kusumkumari_Joshi_16-03-1791.pdf	83		1791	year_out_of_range	to	Kusumkumari Joshi		unresolved	letter	letter
830-Resolution_of_National_Convention_05-08-1974.pdf	830	1974-08-05	1974						resolution	resolution
831-General_Seceratary_s_letter_no_320_20-08-1974.pdf	831	1974-08-20	1974						letter	letter
832-Resolution_of_National_Convention_04-08-1974.pdf	832	1974-08-04	1974						resolution	resolution
833-Letter_to_Adil_Billimorie_21-08-1974.pdf	833	1974-08-21	1974		to	Adil Billimorie		unresolved	letter	letter
834-Letter_to_Minoo_Tata_21-08-1974.pdf	834	1974-08-21	1974		to	Minoo Tata		unresolved	letter	letter
835-Resolution_Adopted_by_the_State_Council_of_Swatantra_Party_06-07-1974.pdf	835	1974-07-06	1974						resolution	resolution
836-Karnataka_Swantara_Party_Workers_Meeting_19-08-1974.pdf	836	1974-08-19	1974							
837-Letter_to_VT_Sreenivasan_14-08-1974.pdf	837	1974-08-14	1974		to	VT Sreenivasan		unresolved	letter	letter
838-Letter_to_Mr_Minoo_Masani_06-08-1974.pdf	838	1974-08-06	1974		to	Minoo Masani	minoo-masani	resolved	letter	letter
839-Letter_to_P_Rangaswami_14-08-1974.pdf	839	1974-08-14	1974		to	P Rangaswami		unresolved	letter	letter
84-Letter_to_Viraj_Radio_16-03-1791.pdf	84		1791	year_out_of_range	to	Viraj Radio		unresolved	letter	letter
840-Letter_to_P_Rangaswami_08-08-1974.pdf	840	1974-08-08	1974		to	P Rangaswami		unresolved	letter	letter
841-Letter_to_R_kalamegham_14-08-1974.pdf	841	1974-08-14	1974		to	R kalamegham		unresolved	letter	letter
842-Letter_to_Mr_Minoo_Masani_09-08-1974.pdf	842	1974-08-09	1974		to	Minoo Masani	minoo-masani	resolved	letter	letter
843-Executive_Committee_of_Swatantra_Party_15-07-1974.pdf	843	1974-07-15	1974							
844-Congratulation_on_Heroic_Lead_at_Delhi_06-08-1974.pdf	844	1974-08-06	1974							
845-Letter_to_Mr_Minoo_Masani_06-08-1974.pdf	845	1974-08-06	1974		to	Minoo Masani	minoo-masani	resolved	letter	letter
846-Swatantra_party_Convention_04-08-1974.pdf	846	1974-08-04	1974						souvenir	edited_volume
847-Points_for_Press_Conference.pdf	847								press_note	press_note
848-Resolution_05-08-1974.pdf	848	1974-08-05	1974						resolution	resolution
849-Meeting_of_the_State_Council_of_the_Swatantra_party_06-07-1974.pdf	849	1974-07-06	1974							
85-Telegram_to_Mr_Minoo_Masani_13-03-1971.pdf	85	1971-03-13	1971		to	Minoo Masani	minoo-masani	resolved	telegram	telegram
850-National_Convention_of_the_Swatantra_Party_04-08-1974.pdf	850	1974-08-04	1974						souvenir	edited_volume
851-Draft_Resolution_for_National_Convention_04-08-1974.pdf	851	1974-08-04	1974						resolution	resolution
852-National_Convention_of_the_Swatantra_Party.pdf	852								souvenir	edited_volume
853-National_Convention_of_the_Swatantra_Party_04-08-1974.pdf	853	1974-08-04	1974						souvenir	edited_volume
854-Letter_to_Piloo_Mody_31-07-1974.pdf	854	1974-07-31	1974		to	Piloo Mody	piloo-mody	resolved	letter	letter
855-Letter_to_RD_Patel_30-07-1974.pdf	855	1974-07-30	1974		to	RD Patel		unresolved	letter	letter
856-Letter_to_Mr_Minoo_Masani_23-07-1974.pdf	856	1974-07-23	1974		to	Minoo Masani	minoo-masani	resolved	letter	letter
857-Letter_to_Mr_Minoo_Masani_27-07-1974.pdf	857	1974-07-27	1974		to	Minoo Masani	minoo-masani	resolved	letter	letter
858-Letter_to_Mr_Minoo_Masani_20-07-1974.pdf	858	1974-07-20	1974		to	Minoo Masani	minoo-masani	resolved	letter	letter
859-Letter_to_SS_Ahuja_24-07-1974.pdf	859	1974-07-24	1974		to	SS Ahuja		unresolved	letter	letter
86-Letter_to_Mr_Nautamlal_16-03-1971.pdf	86	1971-03-16	1971		to	Nautamlal		unresolved	letter	letter
860-Letter_to_Mr_Minoo_Masani_23-07-1974.pdf	860	1974-07-23	1974		to	Minoo Masani	minoo-masani	resolved	letter	letter
861-National_Executive_Circular_no_121_23-07-1974.pdf	861	1974-07-23	1974						circular	circular
862-Letter_to_Mr_Minoo_Masani_22-07-1974.pdf	862	1974-07-22	1974		to	Minoo Masani	minoo-masani	resolved	letter	letter
863-Letter_to_Piloo_Mody_22-07-1974.pdf	863	1974-07-22	1974		to	Piloo Mody	piloo-mody	resolved	letter	letter
864-Letter_to_Piloo_Mody_16-07-1974.pdf	864	1974-07-16	1974		to	Piloo Mody	piloo-mody	resolved	letter	letter
865-National_Executive_of_Swatantra_party_09-07-1974.pdf	865	1974-07-09	1974							
866-Letter_to_Kusum_Kumar_Joshi_18-07-1974.pdf	866	1974-07-18	1974		to	Kusum Kumar Joshi		unresolved	letter	letter
867-Letter_to_Mr_Minoo_Masani_18-07-1974.pdf	867	1974-07-18	1974		to	Minoo Masani	minoo-masani	resolved	letter	letter
868-Resolution_For_Consideration_by_the_National_Convention_04-08-1974.pdf	868	1974-08-04	1974						resolution	resolution
869-Letter_to_N_Dandekar_17-07-1974.pdf	869	1974-07-17	1974		to	N Dandekar	n-dandekar	resolved	letter	letter
87-Telegram_to_Mr_Minoo_Masani_11-03-1971.pdf	87	1971-03-11	1971		to	Minoo Masani	minoo-masani	resolved	telegram	telegram
870-Letter_to_HM_Patel_17-07-1974.pdf	870	1974-07-17	1974		to	HM Patel		unresolved	letter	letter
871-Letter_About_national_Convention_16-07-1974.pdf	871	1974-07-16	1974						letter	letter
872-Letter_About_national_Convention_16-07-1974.pdf	872	1974-07-16	1974						letter	letter
873-National_Convention_of_the_Swatantra_Party_04-08-1974.pdf	873	1974-08-04	1974						souvenir	edited_volume
874-The_Move_to_Dissolve_the_Swatantra_party_16-07-1974.pdf	874	1974-07-16	1974							
875-Letter_to_Om_Prakash_Pathik_16-07-1974.pdf	875	1974-07-16	1974		to	Om Prakash Pathik		unresolved	letter	letter
876-National_Executive_Circular_no_121_13-07-1974.pdf	876	1974-07-13	1974						circular	circular
877-Letter_to_Piloo_Mody_13-07-1974.pdf	877	1974-07-13	1974		to	Piloo Mody	piloo-mody	resolved	letter	letter
878-Letter_to_Mr_Minoo_Masani_10-07-1974.pdf	878	1974-07-10	1974		to	Minoo Masani	minoo-masani	resolved	letter	letter
879-Letter_to_Sumatilal_P_Shah_15-07-1974.pdf	879	1974-07-15	1974		to	Sumatilal P Shah		unresolved	letter	letter
88-Letter_to_Mr_Jivrajbhai_16-03-1971.pdf	88	1971-03-16	1971		to	Jivrajbhai		unresolved	letter	letter
880-Letter_to_Mr_Minoo_Masani_10-07-1974.pdf	880	1974-07-10	1974		to	Minoo Masani	minoo-masani	resolved	letter	letter
881-Letter_to_Piloo_Mody_15-07-1974.pdf	881	1974-07-15	1974		to	Piloo Mody	piloo-mody	resolved	letter	letter
882-Letter_to_Piloo_Mody_15-07-1974.pdf	882	1974-07-15	1974		to	Piloo Mody	piloo-mody	resolved	letter	letter
883-Letter_to_Mr_Minoo_Masani_11-07-1974.pdf	883	1974-07-11	1974		to	Minoo Masani	minoo-masani	resolved	letter	letter
884-Draft_Resolution_for_National_Convention_04-08-1974.pdf	884	1974-08-04	1974						resolution	resolution
885-Letter_to_Piloo_Mody_11-07-1974.pdf	885	1974-07-11	1974		to	Piloo Mody	piloo-mody	resolved	letter	letter
886-Letter_to_Madhu_Mehta_12-07-1974.pdf	886	1974-07-12	1974		to	Madhu Mehta		unresolved	letter	letter
887-Letter_to_Girish_Munshi_11-07-1974.pdf	887	1974-07-11	1974		to	Girish Munshi		unresolved	letter	letter
888-Complaints_Regarding_the_Delegates_Quota_06-07-1974.pdf	888	1974-07-06	1974							
889-Letter_to_Sumatilal_P_Shah_10-07-1974.pdf	889	1974-07-10	1974		to	Sumatilal P Shah		unresolved	letter	letter
89-Letter_to_Mr_Ramjibhai_Talsania_16-03-1971.pdf	89	1971-03-16	1971		to	Ramjibhai Talsania		unresolved	letter	letter
890-Letter_to_Mr_Minoo_Masani_02-07-1974.pdf	890	1974-07-02	1974		to	Minoo Masani	minoo-masani	resolved	letter	letter
891-Letter_to_Piloo_Mody_08-07-1974.pdf	891	1974-07-08	1974		to	Piloo Mody	piloo-mody	resolved	letter	letter
892-National_Convention_of_the_Swatantra_Party.pdf	892								souvenir	edited_volume
893-Meeting_of_the_State_Council_of_the_Swatantra_party_06-07-1974.pdf	893	1974-07-06	1974							
894-Letter_to_N_K_Ganapaiah_03-07-1974.pdf	894	1974-07-03	1974		to	N K Ganapaiah		unresolved	letter	letter
895-Letter_to_Mr_Minoo_Masani_26-06-1974.pdf	895	1974-06-26	1974		to	Minoo Masani	minoo-masani	resolved	letter	letter
896-Letter_to_SP_Shah_03-07-1974.pdf	896	1974-07-03	1974		to	SP Shah		unresolved	letter	letter
897-Letter_to_Mr_Minoo_Masani_13-06-1974.pdf	897	1974-06-13	1974		to	Minoo Masani	minoo-masani	resolved	letter	letter
898-Letter_to_Piloo_Mody_01-07-1974.pdf	898	1974-07-01	1974		to	Piloo Mody	piloo-mody	resolved	letter	letter
899-Letter_to_GK_Sundaram_27-06-1974.pdf	899	1974-06-27	1974		to	GK Sundaram		unresolved	letter	letter
9-Letter_to_Mr_Minoo_Masani_24-03-1971.pdf	9	1971-03-24	1971		to	Minoo Masani	minoo-masani	resolved	letter	letter
90-Letter_to_Harjivanbhai_Sheth_16-03-1971.pdf	90	1971-03-16	1971		to	Harjivanbhai Sheth		unresolved	letter	letter
900-Telegram_to_Mr_Minoo_Masani_27-07-1974.pdf	900	1974-07-27	1974		to	Minoo Masani	minoo-masani	resolved	telegram	telegram
901-Letter_to_Mr_Minoo_Masani_26-06-1974.pdf	901	1974-06-26	1974		to	Minoo Masani	minoo-masani	resolved	letter	letter
902-Meeting_of_the_State_Council_of_the_Swatantra_party_22-06-1974.pdf	902	1974-06-22	1974							
903-Letter_to_Madhu_Mehta_29-06-1974.pdf	903	1974-06-29	1974		to	Madhu Mehta		unresolved	letter	letter
904-Letter_to_Jairam_26-06-1968.pdf	904	1968-06-26	1968		to	Jairam		unresolved	letter	letter
905-Letter_About_Two_Party_System_in_India_16-06-1974.pdf	905	1974-06-16	1974						letter	letter
906-Letter_to_Mr_Minoo_Masani_12-06-1974.pdf	906	1974-06-12	1974		to	Minoo Masani	minoo-masani	resolved	letter	letter
907-Draft_Minutes_of_the_Meeting_of_the_general_Council_10-06-1974.pdf	907	1974-06-10	1974						minutes	minutes
908-Draft_Statement_of_Policy.pdf	908								press_note	press_note
909-Letter_to_Mr_Minoo_Masani_12-06-1974.pdf	909	1974-06-12	1974		to	Minoo Masani	minoo-masani	resolved	letter	letter
91-Letter_to_Rasiklalbhai_16-03-1971.pdf	91	1971-03-16	1971		to	Rasiklalbhai		unresolved	letter	letter
910-Letter_to_Mr_Minoo_Masani_06-06-1974.pdf	910	1974-06-06	1974		to	Minoo Masani	minoo-masani	resolved	letter	letter
911-Letter_to_Piloo_Mody_06-06-1974.pdf	911	1974-06-06	1974		to	Piloo Mody	piloo-mody	resolved	letter	letter
912-General_Council_Circular_No_55_13-05-1974.pdf	912	1974-05-13	1974						circular	circular
913-Charan_Back_Strikers_17-05-1974.pdf	913	1974-05-17	1974							
914-Minutes_of_the_State_Council_Meeting_of_the_Swatantra_Party_27-04-1974.pdf	914	1974-04-27	1974						minutes	minutes
915-Letter_to_Mr_Minoo_Masani_01-06-1974.pdf	915	1974-06-01	1974		to	Minoo Masani	minoo-masani	resolved	letter	letter
916-Letter_to_K_Sundaram_30-05-1974.pdf	916	1974-05-30	1974		to	K Sundaram		unresolved	letter	letter
917-Letter_to_Mr_Minoo_Masani_03-06-1974.pdf	917	1974-06-03	1974		to	Minoo Masani	minoo-masani	resolved	letter	letter
918-Letter_to_J_Ramabardhan_30-05-1974.pdf	918	1974-05-30	1974		to	J Ramabardhan		unresolved	letter	letter
919-Letter_to_Mr_Minoo_Masani_27-05-1974.pdf	919	1974-05-27	1974		to	Minoo Masani	minoo-masani	resolved	letter	letter
92-Letter_to_Mr_Minoo_Masani_05-03-1971.pdf	92	1971-03-05	1971		to	Minoo Masani	minoo-masani	resolved	letter	letter
920-Letter_to_Mr_Minoo_Masani_27-05-1974.pdf	920	1974-05-27	1974		to	Minoo Masani	minoo-masani	resolved	letter	letter
921-Letter_to_Mr_Minoo_Masani_01-06-1974.pdf	921	1974-06-01	1974		to	Minoo Masani	minoo-masani	resolved	letter	letter
922-Letter_to_Mr_Minoo_Masani_29-04-1974.pdf	922	1974-04-29	1974		to	Minoo Masani	minoo-masani	resolved	letter	letter
923-Letter_to_Mr_Minoo_Masani.pdf	923				to	Minoo Masani	minoo-masani	resolved	letter	letter
924-Letter_to_Mathu_Mehta_20-05-1974.pdf	924	1974-05-20	1974		to	Mathu Mehta		unresolved	letter	letter
925-Letter_to_Mr_Minoo_Masani_30-05-1974.pdf	925	1974-05-30	1974		to	Minoo Masani	minoo-masani	resolved	letter	letter
926-Letter_to_Mr_Minoo_Masani_28-05-1974.pdf	926	1974-05-28	1974		to	Minoo Masani	minoo-masani	resolved	letter	letter
927-Letter_to_S_GopalKrishnan_28-05-1974.pdf	927	1974-05-28	1974		to	S GopalKrishnan		unresolved	letter	letter
928-Letter_to_Piloo_Mody_25-04-1974.pdf	928	1974-04-25	1974		to	Piloo Mody	piloo-mody	resolved	letter	letter
929-Letter_to_A_Seshadri_28-05-1974.pdf	929	1974-05-28	1974		to	A Seshadri		unresolved	letter	letter
93-Letter_To_Fali_Wadia_15-03-1971.pdf	93	1971-03-15	1971		to	Fali Wadia		unresolved	letter	letter
930-Letter_to_Mr_Minoo_Masani_24-04-1974.pdf	930	1974-04-24	1974		to	Minoo Masani	minoo-masani	resolved	letter	letter
931-Letter_to_Sumatilal_Shah_24-05-1974.pdf	931	1974-05-24	1974		to	Sumatilal Shah		unresolved	letter	letter
932-Letter_to_Mr_Minoo_Masani_20-05-1974.pdf	932	1974-05-20	1974		to	Minoo Masani	minoo-masani	resolved	letter	letter
933-Letter_to_Mr_Minoo_Masani_13-03-1974.pdf	933	1974-03-13	1974		to	Minoo Masani	minoo-masani	resolved	letter	letter
934-Letter_to_Ghasiram_Majhi_17-05-1974.pdf	934	1974-05-17	1974		to	Ghasiram Majhi		unresolved	letter	letter
935-Letter_to_Mody_22-04-1974.pdf	935	1974-04-22	1974		to	Mody		unresolved	letter	letter
936-Letter_to_Mr_Minoo_Masani_15-04-1974.pdf	936	1974-04-15	1974		to	Minoo Masani	minoo-masani	resolved	letter	letter
937-Letter_to_Mr_Minoo_Masani_07-04-1974.pdf	937	1974-04-07	1974		to	Minoo Masani	minoo-masani	resolved	letter	letter
938-Letter_to_Dahyabhai_V_Patel_17-05-1974.pdf	938	1974-05-17	1974		to	Dahyabhai V Patel		unresolved	letter	letter
939-Letter_to_Dahyabhai_V_Patel_25-03-1974.pdf	939	1974-03-25	1974		to	Dahyabhai V Patel		unresolved	letter	letter
94-Letter_to_Mulubhai_Nautamalal_Mehta_11-03-1971.pdf	94	1971-03-11	1971		to	Mulubhai Nautamalal Mehta		unresolved	letter	letter
940-Greeting_to_the_Delegates_22-03-1974.pdf	940	1974-03-22	1974							
941-Letter_to_Raju_30-06-1974.pdf	941	1974-06-30	1974		to	Raju		unresolved	letter	letter
943-Lette_to_Mr_Masani_27-02-1963.pdf	943	1963-02-27	1963							
944-Letter_to_Raja_14-03-1963.pdf	944	1963-03-14	1963		to	Raja		unresolved	letter	letter
945-Letter_to_Raja_16-03-1963.pdf	945	1963-03-16	1963		to	Raja		unresolved	letter	letter
946-Letter_to_bhailal_15-03-1963.pdf	946	1963-03-15	1963		to	bhailal		unresolved	letter	letter
947-Letter_to_Raja_16-03-1963.pdf	947	1963-03-16	1963		to	Raja		unresolved	letter	letter
948-Letter_to_Raja_23-03-1963.pdf	948	1963-03-23	1963		to	Raja		unresolved	letter	letter
949-Letter_to_Shri_Kannamwar_14-10-1963.pdf	949	1963-10-14	1963		to	Kannamwar		unresolved	letter	letter
95-Letter_to_Mr_Minoo_Masani_25-01-1971.pdf	95	1971-01-25	1971		to	Minoo Masani	minoo-masani	resolved	letter	letter
950-Letter_to_Dahyabhai_V_Patel_08-08-1963.pdf	950	1963-08-08	1963		to	Dahyabhai V Patel		unresolved	letter	letter
951-Letter_to_Mr_Minoo_Masani_24-07-1963.pdf	951	1963-07-24	1963		to	Minoo Masani	minoo-masani	resolved	letter	letter
952-Letter_to_Kripalani_15-07-1963.pdf	952	1963-07-15	1963		to	Kripalani		unresolved	letter	letter
953-Letter_to_Kripalani_04-07-1963.pdf	953	1963-07-04	1963		to	Kripalani		unresolved	letter	letter
954-Letter_to_JN_from_Urli_Kanchan_07-03-1957.pdf	954	1957-03-07	1957		to	JN from Urli Kanchan		unresolved	letter	letter
955-Thiruvannamalai_Poll_Straight_Fight_Between_Congress_DMK_29-06-1963.pdf	955	1963-06-29	1963							
956-GPCC_to_Take_Action_Against_Rebal_Partymen_25-03-1963.pdf	956	1963-03-25	1963							
957-Munshi_for_Counting_Emergency_26-06-1963.pdf	957	1963-06-26	1963							
958-Call_to_Retain_Emergency_26-06-1963.pdf	958	1963-06-26	1963							
959-Emergency_Must_Stay_Says_Munshi_25-06-1963.pdf	959	1963-06-25	1963							
96-Letter_to_Mr_Minoo_Masani_11-03-1971.pdf	96	1971-03-11	1971		to	Minoo Masani	minoo-masani	resolved	letter	letter
960-Call_to_Retain_Emergency_26-06-1963.pdf	960	1963-06-26	1963							
961-No_Swatantra_Split_on_Language_Issue_26-06-1963.pdf	961	1963-06-26	1963							
962-Lette_to_Mr_Masani_29-06-1963.pdf	962	1963-06-29	1963							
963-Letter_to_Kripalani_29-06-1963.pdf	963	1963-06-29	1963		to	Kripalani		unresolved	letter	letter
964-Letter_to_Kripalani_28-06-1963.pdf	964	1963-06-28	1963		to	Kripalani		unresolved	letter	letter
965-Letter_to_Mr_Minoo_Masani_28-06-1963.pdf	965	1963-06-28	1963		to	Minoo Masani	minoo-masani	resolved	letter	letter
966-Letter_to_Mr_Minoo_Masani_27-06-1963.pdf	966	1963-06-27	1963		to	Minoo Masani	minoo-masani	resolved	letter	letter
967-Letter_to_Kripalani_20-06-1963.pdf	967	1963-06-20	1963		to	Kripalani		unresolved	letter	letter
968-Letter_to_Jayaprakash_Narayan_27-06-1963.pdf	968	1963-06-27	1963		to	Jayaprakash Narayan	jayaprakash-narayan	resolved	letter	letter
969-Letter_to_C_Rajagopalachari_26-06-1963.pdf	969	1963-06-26	1963		to	C Rajagopalachari	c-rajagopalachari	resolved	letter	letter
97-Letter_to_Mr_Ahmed_Kassam_Koonda_11-03-1971.pdf	97	1971-03-11	1971		to	Ahmed Kassam Koonda		unresolved	letter	letter
970-Letter_to_Kripalani_26-06-1963.pdf	970	1963-06-26	1963		to	Kripalani		unresolved	letter	letter
971-Letter_to_NG_Ranga_26-06-1963.pdf	971	1963-06-26	1963		to	NG Ranga		unresolved	letter	letter
972-Swatantra_Split_Over_Language_Question_20-06-1963.pdf	972	1963-06-20	1963							
973-Munshi_Wants_Emergency_to_Continue-Times_of_India_26-06-1963.pdf	973	1963-06-26	1963							
974-Munshi_Wants_Emergency_to_Continue-Times_of_India.pdf	974									
975-Letter_to_Deendayal_Upadhyaya_25-06-1963.pdf	975	1963-06-25	1963		to	Deendayal Upadhyaya		unresolved	letter	letter
976-Letter_to_Dahyabhai_V_Patel_24-06-1963.pdf	976	1963-06-24	1963		to	Dahyabhai V Patel		unresolved	letter	letter
977-Letter_to_Mr_Minoo_Masani_21-06-1963.pdf	977	1963-06-21	1963		to	Minoo Masani	minoo-masani	resolved	letter	letter
978-Letter_to_Raja_19-06-1963.pdf	978	1963-06-19	1963		to	Raja		unresolved	letter	letter
979-Letter_to_Mr_Minoo_Masani_20-06-1963.pdf	979	1963-06-20	1963		to	Minoo Masani	minoo-masani	resolved	letter	letter
98-Letter_to_Miss_Rati_Cooper_04-03-1971.pdf	98	1971-03-04	1971		to	Rati Cooper		unresolved	letter	letter
980-Letter_to_Sardar_Kapur_Singhjee_20-06-1963.pdf	980	1963-06-20	1963		to	Kapur Singhjee		unresolved	letter	letter
981-Letter_to_Mr_Minoo_Masani_20-06-1963.pdf	981	1963-06-20	1963		to	Minoo Masani	minoo-masani	resolved	letter	letter
982-Letter_to_Raja_19-06-1963.pdf	982	1963-06-19	1963		to	Raja		unresolved	letter	letter
983-Efforts_at_Opposition_Unity_19-06-1963.pdf	983	1963-06-19	1963							
984-Letter_to_Mr_Minoo_Masani_19-06-1963.pdf	984	1963-06-19	1963		to	Minoo Masani	minoo-masani	resolved	letter	letter
985-Letter_to_Mr_Minoo_Masani_19-06-1963.pdf	985	1963-06-19	1963		to	Minoo Masani	minoo-masani	resolved	letter	letter
986-Letter_to_Mr_Minoo_Masani_19-06-1963.pdf	986	1963-06-19	1963		to	Minoo Masani	minoo-masani	resolved	letter	letter
987-Letter_to_Raja_19-06-1963.pdf	987	1963-06-19	1963		to	Raja		unresolved	letter	letter
988-Letter_to_Mr_Minoo_Masani_19-06-1963.pdf	988	1963-06-19	1963		to	Minoo Masani	minoo-masani	resolved	letter	letter
989-Letter_to_Mr_Minoo_Masani_17-06-1963.pdf	989	1963-06-17	1963		to	Minoo Masani	minoo-masani	resolved	letter	letter
99-Letter_to_Mr_Harisn_Chinai_05-03-1971.pdf	99	1971-03-05	1971		to	Harisn Chinai		unresolved	letter	letter
990-Letter_to_Mr_Minoo_Masani_17-06-1963.pdf	990	1963-06-17	1963		to	Minoo Masani	minoo-masani	resolved	letter	letter
991-Letter_to_Mr_Minoo_Masani_02-11-1963.pdf	991	1963-11-02	1963		to	Minoo Masani	minoo-masani	resolved	letter	letter
992-MR_Masanis_Supplementary_Report_to_the_Central_Organising.pdf	992								report	occasional_paper
993-Report_to_the_Central_Organising_Committee_on_Their_Visit_to_Bihar.pdf	993								report	occasional_paper
994-Letter_to_SK_Kooka_31-08-1964.pdf	994	1964-08-31	1964		to	SK Kooka		unresolved	letter	letter
995-Letter_to_Mr_Minoo_Masani_09-09-1964.pdf	995	1964-09-09	1964		to	Minoo Masani	minoo-masani	resolved	letter	letter
996-Letter_About_Issue_Ticket.pdf	996								letter	letter
997-Letter_About_Discuss_Affairs_in_Rajasthan_and_About_Party_in_General_02-09-1964.pdf	997	1964-09-02	1964						letter	letter
998-Letter_to_Mr_Minoo_Masani_28-08-1964.pdf	998	1964-08-28	1964		to	Minoo Masani	minoo-masani	resolved	letter	letter
999-Telegram_to_Mr_Minoo_Masani_28-08-1964.pdf	999	1964-08-28	1964		to	Minoo Masani	minoo-masani	resolved	telegram	telegram
