file	archive_id	pages	bytes	text_layer	ocr_quality	chars_per_page	word_hit	junk_ratio	dpi	colour	separation	legibility	ink_pct
1-Letter_to_Mr_Suresh_Singh_19-04-1971.pdf	1	1	124001	none	none	0.0	0.0	0.0	128	y	83.2	weak	4.4
10-Letter_to_Mr_Minoo_Masani_30-03-1971.pdf	10	1	188996	none	none	0.0	0.0	0.0	128	y	103.0	adequate	8.7
100-Letter_to_Miss_Kusumkumari_Joshi_05-03-1971.pdf	100	1	156633	none	none	0.0	0.0	0.0	128	y	88.6	weak	8.2
1000-Letter_to_Mr_Minoo_Masani_27-08-1964.pdf	1000	1	156726	none	none	0.0	0.0	0.0	128	n	58.7	faint	6.0
1001-Letter_from_Ayesh.pdf	1001	1	111292	none	none	0.0	0.0	0.0	128	n	68.4	weak	2.9
1002-Inter_Parliamentary_Union_Conference_26-08-1964.pdf	1002	1	144116	none	none	0.0	0.0	0.0	128	n	104.3	adequate	4.4
1003-Letter_to_Mr_Minoo_Masani_22-08-1964.pdf	1003	2	302895	none	none	0.0	0.0	0.0	128	y	90.5	adequate	8.3
1004-Letter_to_Mr_Minoo_Masani_17-08-1964.pdf	1004	1	178322	none	none	0.0	0.0	0.0	128	n	99.7	adequate	6.0
1005-Letter_to_Mr_Minoo_Masani_17-08-1964.pdf	1005	4	609385	none	none	0.0	0.0	0.0	128	y	53.6	faint	32.0
1006-Letter_to_Mr_Minoo_Masani_10-08-1964.pdf	1006	1	192303	none	none	0.0	0.0	0.0	128	n	48.3	faint	22.0
1007-Letter_to_Raja_03-08-1964.pdf	1007	1	209779	none	none	0.0	0.0	0.0	128	n	126.2	adequate	6.5
1008-Letter_to_NG_Ranga_03-08-1964.pdf	1008	1	176292	none	none	0.0	0.0	0.0	128	n	112.8	adequate	4.3
1009-Letter_to_NG_Ranga_03-08-1964.pdf	1009	2	356641	none	none	0.0	0.0	0.0	128	n	108.2	adequate	7.8
101-Letter_to_Mr_Madhu_Mehta_04-03-1971.pdf	101	1	104529	none	none	0.0	0.0	0.0	128	y	74.1	weak	2.0
1010-Letter_to_Mr_Minoo_Masani_02-08-1964.pdf	1010	1	98751	none	none	0.0	0.0	0.0	128	y	102.4	adequate	4.2
1011-Telegram_to_NG_Ranga_31-07-1964.pdf	1011	2	343522	none	none	0.0	0.0	0.0	128	n	67.6	weak	10.5
1012-Letter_to_NG_Ranga_17-06-1963.pdf	1012	1	211109	none	none	0.0	0.0	0.0	128	n	100.1	adequate	10.5
1013-Letter_to_Kripalani_17-06-1963.pdf	1013	1	172563	none	none	0.0	0.0	0.0	128	n	59.4	faint	16.7
1014-Letter_to_Kripalani_16-06-1963.pdf	1014	1	115275	none	none	0.0	0.0	0.0	128	y	109.6	adequate	7.8
1015-Letter_to_C_Rajagopalachari_16-06-1963.pdf	1015	1	60074	none	none	0.0	0.0	0.0	128	y	72.3	weak	3.7
1016-Letter_to_Bhailal_13-06-1963.pdf	1016	1	167162	none	none	0.0	0.0	0.0	128	n	102.3	adequate	7.2
1017-Letter_to_Mr_Minoo_Masani_11-06-1963.pdf	1017	2	431356	none	none	0.0	0.0	0.0	128	n	43.7	faint	18.6
1018-Letter_to_Mr_Minoo_Masani_11-06-1963.pdf	1018	1	110409	none	none	0.0	0.0	0.0	128	y	69.2	weak	7.0
1019-The_Minimum_Programme.pdf	1019	13	2215183	none	none	0.0	0.0	0.0	128	n	94.6	adequate	13.9
102-Letter_to_Mr_N_Dandeker_04-03-1971.pdf	102	1	123557	none	none	0.0	0.0	0.0	128	y	82.1	weak	4.0
1020-Letter_to_Kripalani_12-06-2013.pdf	1020	1	140406	none	none	0.0	0.0	0.0	128	n	80.1	weak	6.8
1021-Letter_to_HR_Pashricha_11-06-1963.pdf	1021	1	177097	none	none	0.0	0.0	0.0	128	n	119.9	adequate	11.2
1022-Letter_to_Kripalani_08-06-1963.pdf	1022	6	1059702	none	none	0.0	0.0	0.0	128	n	119.0	adequate	10.4
1023-Letter_to_Kripalani_08-06-1963.pdf	1023	2	279664	none	none	0.0	0.0	0.0	128	n	96.4	adequate	12.1
1024-Letter_to_Mr_Minoo_Masani_03-06-1963.pdf	1024	6	1185845	none	none	0.0	0.0	0.0	128	n	104.6	adequate	10.9
1025-Letter_to_Mr_Minoo_Masani_01-04-1963.pdf	1025	2	318648	none	none	0.0	0.0	0.0	128	n	79.2	weak	7.4
1026-Letter_to_Mr_Minoo_Masani_27-03-1963.pdf	1026	1	150518	none	none	0.0	0.0	0.0	128	y	94.5	adequate	11.8
1027-Letter_to_Shanu_pratap_Singh_25-03-1963.pdf	1027	1	73921	none	none	0.0	0.0	0.0	128	y	30.9	faint	26.8
1028-Letter_to_Raja_26-03-1963.pdf	1028	2	351620	none	none	0.0	0.0	0.0	128	n	107.5	adequate	9.3
1029-Letter_to_Masani_18-03-1963.pdf	1029	1	135580	none	none	0.0	0.0	0.0	128	n	71.4	weak	6.6
103-Letter_to_Mr_N_J_Dhebar_04-03-1971.pdf	103	1	124662	none	none	0.0	0.0	0.0	128	y	96.6	adequate	2.4
1030-Telegram_to_NG_Ranga_15-01-1963.pdf	1030	1	113312	none	none	0.0	0.0	0.0	128	n	65.4	weak	7.1
1031-Letter_to_Raja_16-01-1963.pdf	1031	2	266686	none	none	0.0	0.0	0.0	128	n	49.3	faint	26.5
1032-Letter_to_Mr_Minoo_Masani_16-01-1963.pdf	1032	1	105972	none	none	0.0	0.0	0.0	128	y	49.7	faint	49.1
1033-No_Capitalisation.pdf	1033	2	301152	none	none	0.0	0.0	0.0	128	y	42.7	faint	39.5
1034-Letter_to_Mr_Minoo_Masani_16-01-1963.pdf	1034	1	90860	none	none	0.0	0.0	0.0	128	y	117.2	adequate	5.3
1035-Letter_to_Mr_Minoo_Masani_19-01-1963.pdf	1035	2	162856	none	none	0.0	0.0	0.0	128	y	93.7	adequate	5.7
1036-Letter_to_Mr_Minoo_Masani_19-01-1963.pdf	1036	1	145640	none	none	0.0	0.0	0.0	128	n	82.4	weak	6.5
1037-Letter_to_Raja_19-01-1963.pdf	1037	1	169649	none	none	0.0	0.0	0.0	128	n	114.2	adequate	9.7
1038-Letter_to_Mr_Minoo_Masani_20-01-1963.pdf	1038	1	152426	none	none	0.0	0.0	0.0	128	y	93.3	adequate	11.6
1039-Letter_to_NG_Ranga_25-01-1963.pdf	1039	2	234604	none	none	0.0	0.0	0.0	128	n	98.1	adequate	6.4
104-Lette_to_Mr_Masani_and_Kalyani_27-02-1971.pdf	104	1	87775	none	none	0.0	0.0	0.0	128	y	97.1	adequate	4.7
1040-Letter_to_Mr_Minoo_Masani_22-01-1963.pdf	1040	1	96354	none	none	0.0	0.0	0.0	128	y	98.3	adequate	9.6
1041-Letter_to_Raja_22-01-1963.pdf	1041	3	377412	none	none	0.0	0.0	0.0	128	y	110.2	adequate	8.1
1042-Letter_to_Mr_Minoo_Masani_22-01-1963.pdf	1042	2	207812	none	none	0.0	0.0	0.0	128	n	105.6	adequate	5.6
1043-Letter_to_Mr_Minoo_Masani_23-01-1963.pdf	1043	1	101689	none	none	0.0	0.0	0.0	128	n	81.5	weak	5.7
1044-Telegram_to_Mr_Minoo_Masani_22-01-1963.pdf	1044	2	242566	none	none	0.0	0.0	0.0	128	y	87.6	weak	10.8
1045-Letter_to_Mr_Minoo_Masani_23-01-1963.pdf	1045	1	106607	none	none	0.0	0.0	0.0	128	n	93.6	adequate	4.0
1046-Letter_to_Mr_Minoo_Masani_23-01-1963.pdf	1046	1	140077	none	none	0.0	0.0	0.0	128	y	91.0	adequate	9.9
1047-Letter_to_Raja_23-01-1963.pdf	1047	3	390532	none	none	0.0	0.0	0.0	128	y	108.7	adequate	9.7
1048-Letter_to_Raja_19-01-1963.pdf	1048	1	145270	none	none	0.0	0.0	0.0	128	y	94.3	adequate	8.9
1049-Letter_to_Mr_Minoo_Masani_24-01-1963.pdf	1049	1	101421	none	none	0.0	0.0	0.0	128	y	106.7	adequate	8.4
105-Election_work_report_by_Shri_H_J_Dhebar_27-02-1971.pdf	105	2	329771	none	none	0.0	0.0	0.0	128	y	76.7	weak	6.3
1050-Letter_to_Raja_10-02-1963.pdf	1050	1	160857	none	none	0.0	0.0	0.0	128	n	48.9	faint	36.8
1051-Tour_Programme_of_Raja_24-01-1963.pdf	1051	1	79889	none	none	0.0	0.0	0.0	128	y	126.4	adequate	3.5
1052-Telegram_to_NG_Ranga_29-01-1963.pdf	1052	1	105024	none	none	0.0	0.0	0.0	128	y	90.2	adequate	7.4
1053-JP_Defers_to_Visit_Pakistan_01-02-1963.pdf	1053	1	111098	none	none	0.0	0.0	0.0	128	y	79.6	weak	4.9
1054-Letter_to_Mr_Minoo_Masani_04-02-1963.pdf	1054	1	128603	none	none	0.0	0.0	0.0	128	y	70.9	weak	30.8
1055-Letter_to_Mr_Minoo_Masani_06-02-1963.pdf	1055	2	238410	none	none	0.0	0.0	0.0	128	y	61.3	weak	30.9
1056-Non_Alignment_Policy.pdf	1056	2	136246	none	none	0.0	0.0	0.0	128	y	112.4	adequate	16.9
1057-Letter_to_Raja_05-02-1963.pdf	1057	1	194674	none	none	0.0	0.0	0.0	128	n	103.0	adequate	9.9
1058-Letter_to_Mr_Minoo_Masani_13-02-1963.pdf	1058	1	185137	none	none	0.0	0.0	0.0	128	n	114.1	adequate	7.3
1059-Letter_to_Raja_14-02-1963.pdf	1059	1	135498	none	none	0.0	0.0	0.0	128	n	84.0	weak	4.3
106-Letter_to_Mr_A_Latif_04-03-1971.pdf	106	1	96950	none	none	0.0	0.0	0.0	128	y	71.7	weak	1.9
1060-Letter_to_Raja_19-02-1963.pdf	1060	1	195114	none	none	0.0	0.0	0.0	128	n	134.9	strong	10.2
1061-Letter_to_B_Shiva_Rao_20-02-1963.pdf	1061	1	92144	none	none	0.0	0.0	0.0	128	y	105.1	adequate	3.9
1062-Letter_to_Mr_Minoo_Masani_20-02-1963.pdf	1062	1	178217	none	none	0.0	0.0	0.0	128	n	125.8	adequate	8.1
1063-Letter_to_Raja_23-02-1963.pdf	1063	1	207626	none	none	0.0	0.0	0.0	128	n	89.9	weak	8.9
1064-Letter_to_Raja_23-02-1963.pdf	1064	1	159839	none	none	0.0	0.0	0.0	128	n	123.3	adequate	7.0
1065-Letter_to_Mr_Minoo_Masani_24-02-1963.pdf	1065	1	141612	none	none	0.0	0.0	0.0	128	y	135.8	strong	11.7
1066-Letter_to_Raja_25-02-1963.pdf	1066	1	229588	none	none	0.0	0.0	0.0	128	n	147.7	strong	8.7
1067-Letter_to_Mr_Minoo_Masani_26-02-1963.pdf	1067	4	570662	none	none	0.0	0.0	0.0	128	y	85.1	weak	5.8
1068-Letter_to_Mr_Minoo_Masani_27-02-1963.pdf	1068	1	118096	none	none	0.0	0.0	0.0	128	y	92.4	adequate	5.7
1069-Letter_to_Mr_Minoo_Masani_05-03-1963.pdf	1069	1	106732	none	none	0.0	0.0	0.0	128	y	107.7	adequate	5.1
107-Letter_to_Prof_N_G_Ranga_04-03-1971.pdf	107	1	113277	none	none	0.0	0.0	0.0	128	y	78.7	weak	2.6
1070-Letter_About_Budget_Passed.pdf	1070	1	98163	none	none	0.0	0.0	0.0	128	y	111.2	adequate	6.2
1071-Letter_to_Mr_Minoo_Masani_05-03-1963.pdf	1071	1	97032	none	none	0.0	0.0	0.0	128	y	95.7	adequate	5.2
1072-Letter_to_Raja_08-03-1963.pdf	1072	2	398555	none	none	0.0	0.0	0.0	128	n	123.7	adequate	7.7
1073-Letter_to_Raja_09-03-1963.pdf	1073	2	308410	none	none	0.0	0.0	0.0	128	n	78.9	weak	7.1
1074-Letter_to_Arvind_Mafatlal_15-03-1963.pdf	1074	1	90564	none	none	0.0	0.0	0.0	128	y	92.6	adequate	4.7
1075-Letter_to_Mr_Minoo_Masani_17-03-1963.pdf	1075	2	276885	none	none	0.0	0.0	0.0	128	n	91.9	adequate	4.5
1076-Swatantra_Newsletter_No-75_August-September-1970.pdf	1076	16	5181485	none	none	0.0	0.0	0.0	128	y	80.0	weak	15.4
1077-Swatantra_Newsletter_No-03_January-1960.pdf	1077	10	2771711	none	none	0.0	0.0	0.0	128	n	87.8	weak	8.8
1078-Swatantra_Newsletter_No-04_Febuary-1960.pdf	1078	8	2211642	none	none	0.0	0.0	0.0	128	n	92.3	adequate	9.4
1079-Swatantra_Newsletter_No-07_June-1960.pdf	1079	12	3238652	none	none	0.0	0.0	0.0	128	n	60.5	weak	12.2
108-Letter_to_Mrs_Dabeh_Sawhny_04-03-1971.pdf	108	1	131861	none	none	0.0	0.0	0.0	128	y	93.7	adequate	5.1
1080-Swatantra_Newsletter_No-08_July-1960.pdf	1080	9	2717548	none	none	0.0	0.0	0.0	128	n	78.4	weak	9.4
1081-Swatantra_Newsletter_No-09_August-1960.pdf	1081	15	4435725	none	none	0.0	0.0	0.0	128	n	73.4	weak	10.2
1082-Swatantra_Newsletter_No-70_October-December-1970.pdf	1082	16	5099954	none	none	0.0	0.0	0.0	128	y	76.0	weak	24.9
1083-Swatantra_Newsletter_No-75_August-September-1970.pdf	1083	16	5405323	none	none	0.0	0.0	0.0	128	y	80.0	weak	14.6
1084-Swatantra_Newsletter_No-74_june-july-1970.pdf	1084	17	5398722	none	none	0.0	0.0	0.0	128	n	80.8	weak	20.8
1085-Swatantra_Newsletter_No-73_April-May-1970.pdf	1085	14	4422988	none	none	0.0	0.0	0.0	128	n	96.0	adequate	13.9
1086-Swatantra_Newsletter_No-72_February-March-1970.pdf	1086	18	5531446	none	none	0.0	0.0	0.0	128	n	92.6	adequate	11.5
1087-Swatantra_Newsletter_No-71_January-1970.pdf	1087	13	3553211	none	none	0.0	0.0	0.0	128	y	77.6	weak	40.6
1088-Swatantra_Newsletter_No-70_October-december-1989.pdf	1088	12	3283784	none	none	0.0	0.0	0.0	134	n	117.6	adequate	8.1
1089-Swatantra_Newsletter_No-69_June_September-1969.pdf	1089	16	4554341	none	none	0.0	0.0	0.0	128	n	90.5	adequate	10.3
109-Letter_to_Mr_I_T_Mirchandani_04-03-1971.pdf	109	1	115916	none	none	0.0	0.0	0.0	128	y	92.3	adequate	2.9
1090-Swatantra_Newsletter_No-68_April_May-1969.pdf	1090	16	5006658	none	none	0.0	0.0	0.0	128	n	97.5	adequate	10.9
1091-Swatantra_Newsletter_No-67_March-1969.pdf	1091	16	4976149	none	none	0.0	0.0	0.0	128	n	93.9	adequate	11.2
1092-Swatantra_Newsletter_No-66_January-February-1969.pdf	1092	12	3483228	none	none	0.0	0.0	0.0	128	n	89.8	weak	11.1
1093-With_the_Compliments_of_N_Dandeker_23-11-1977.pdf	1093	3	236568	none	none	0.0	0.0	0.0	128	y	77.4	weak	35.8
1094-Questionnaire_of_Committee_on_Poll_Express.pdf	1094	1	185752	none	none	0.0	0.0	0.0	128	n	82.4	weak	9.2
1095-Swatantra_party_Constitution_14-04-1973.pdf	1095	12	1883676	none	none	0.0	0.0	0.0	128	y	89.9	weak	10.7
1096-Circulated_for_Electric_Public_Opinion_11-07-1985.pdf	1096	2	609238	none	none	0.0	0.0	0.0	128	n	109.6	adequate	13.1
1097-City_Civil_Court_Madras.pdf	1097	22	3935886	none	none	0.0	0.0	0.0	128	y	95.6	adequate	7.5
1098-Letter_to_KK_Savariya_15-06-1984.pdf	1098	1	95847	none	none	0.0	0.0	0.0	128	n	117.3	adequate	5.3
1099-Letter_to_R_Hawkins_05-04-1984.pdf	1099	5	556069	none	none	0.0	0.0	0.0	128	n	131.0	strong	7.4
11-Letter_To_Mr_Yaskov_Morris_29-03-1971.pdf	11	1	107489	none	none	0.0	0.0	0.0	128	y	90.4	adequate	2.6
110-Letter_to_Tony_03-03-1971.pdf	110	1	132172	none	none	0.0	0.0	0.0	128	y	82.6	weak	5.4
1100-Letter_to_Mr_Roy_02-04-1984.pdf	1100	7	803845	none	none	0.0	0.0	0.0	128	n	136.7	strong	5.8
1101-Letter_to_Mr_Minoo_Masani_23-11-1984.pdf	1101	2	211658	none	none	0.0	0.0	0.0	128	n	51.8	faint	17.4
1102-Letter_to_Mr_Minoo_Masani_16-08-1983.pdf	1102	3	574625	none	none	0.0	0.0	0.0	128	y	89.5	weak	8.9
1103-Letter_to_Mr_Minoo_Masani_07-05-1983.pdf	1103	1	116465	none	none	0.0	0.0	0.0	128	y	92.4	adequate	6.8
1104-Letter_to_Mr_Minoo_Masani_29-09-1981.pdf	1104	3	547918	none	none	0.0	0.0	0.0	128	y	103.0	adequate	7.7
1105-Letter_to_S_Krishnan_23-09-1981.pdf	1105	1	143921	none	none	0.0	0.0	0.0	128	n	116.4	adequate	6.4
1106-Swatantra_party_to_be_Revived_22-09-1981.pdf	1106	1	110413	none	none	0.0	0.0	0.0	128	n	60.3	weak	14.3
1107-Move_to_Revive_Swatantra_Party_22-09-1981.pdf	1107	1	106377	none	none	0.0	0.0	0.0	128	n	72.9	weak	8.0
1108-Letter_to_Tajnarian_yadav_18-09-1981.pdf	1108	1	98177	none	none	0.0	0.0	0.0	128	n	124.5	adequate	5.2
1109-Letter_to_S_Krishnan_14-09-1981.pdf	1109	1	61391	none	none	0.0	0.0	0.0	128	n	141.1	strong	4.5
111-Letter_to_Mr_Jairam_Patel_03-03-1971.pdf	111	1	129018	none	none	0.0	0.0	0.0	128	y	93.9	adequate	6.0
1110-Letter_to_S_Krishnan_10-09-1981.pdf	1110	5	727742	none	none	0.0	0.0	0.0	128	y	106.4	adequate	6.0
1111-Letter_to_S_Sitaraman_02-10-1980.pdf	1111	1	74454	none	none	0.0	0.0	0.0	128	n	111.2	adequate	2.9
1112-Letter_to_Mr_Minoo_Masani_27-10-1980.pdf	1112	1	159300	none	none	0.0	0.0	0.0	128	n	112.1	adequate	6.3
1113-Letter_to_Mr_Minoo_Masani_07-04-1980.pdf	1113	1	123658	none	none	0.0	0.0	0.0	128	y	109.6	adequate	6.5
1114-Letter_to_J_Venkiteswaran_24-03-1980.pdf	1114	1	76960	none	none	0.0	0.0	0.0	128	n	118.8	adequate	4.4
1115-Letter_to_Mr_Minoo_Masani_21-03-1980.pdf	1115	1	149121	none	none	0.0	0.0	0.0	128	n	103.2	adequate	6.5
1116-Letter_to_Mr_Minoo_Masani_13-03-1980.pdf	1116	1	150767	none	none	0.0	0.0	0.0	128	n	134.2	strong	7.9
1117-Indian_Express_27-02-1980.pdf	1117	3	188749	none	none	0.0	0.0	0.0	128	y	56.0	faint	19.8
1118-Letter_to_Govind_Singh_19-02-1980.pdf	1118	1	116833	none	none	0.0	0.0	0.0	128	n	130.8	strong	9.4
1119-Letter_to_Mr_Minoo_Masani_15-02-1980.pdf	1119	1	97682	none	none	0.0	0.0	0.0	128	n	63.6	weak	4.1
112-Letter_to_Mr_N_A_Palkhivala_03-03-1971.pdf	112	1	124992	none	none	0.0	0.0	0.0	128	y	90.6	adequate	5.1
1120-Letter_to_Mr_Minoo_Masani_28-01-1980.pdf	1120	1	140311	none	none	0.0	0.0	0.0	128	n	63.1	weak	9.2
1121-Letter_to_Govind_Singh_01-02-1980.pdf	1121	1	91612	none	none	0.0	0.0	0.0	128	y	114.8	adequate	5.8
1122-Letter_to_Harihar_Patel_09-10-1979.pdf	1122	1	148667	none	none	0.0	0.0	0.0	128	n	97.8	adequate	9.7
1123-Letter_to_Mr_Minoo_Masani_03-10-1979.pdf	1123	1	111824	none	none	0.0	0.0	0.0	128	y	83.8	weak	9.8
1124-Letter_to_Patel_22-09-1979.pdf	1124	2	239780	none	none	0.0	0.0	0.0	128	n	81.3	weak	21.3
1125-Letter_to_B_Satyanaryan_05-10-1979.pdf	1125	1	132616	none	none	0.0	0.0	0.0	128	n	135.8	strong	8.6
1126-Letter_to_Mr_Minoo_Masani_01-10-1979.pdf	1126	2	243658	none	none	0.0	0.0	0.0	128	n	90.7	adequate	6.6
1127-Letter_to_Mr_Minoo_Masani_06-07-1978.pdf	1127	1	95720	none	none	0.0	0.0	0.0	128	n	139.2	strong	5.5
1128-Letter_to_Mr_Minoo_Masani.pdf	1128	2	287232	none	none	0.0	0.0	0.0	128	n	111.1	adequate	4.7
1129-Letter_to_Mr_Minoo_Masani_03-07-1978.pdf	1129	2	204518	none	none	0.0	0.0	0.0	128	y	112.0	adequate	8.2
113-Letter_to_Mr_Jairam_Patel_03-03-1971.pdf	113	1	136530	none	none	0.0	0.0	0.0	128	y	99.8	adequate	5.7
1130-Parties_Arrears_Indian_Express_04-05-1978.pdf	1130	1	83010	none	none	0.0	0.0	0.0	128	n	100.5	adequate	4.8
1131-Letter_to_Mr_Minoo_Masani_09-02-1978.pdf	1131	1	182096	none	none	0.0	0.0	0.0	128	n	125.7	adequate	7.7
1132-Letter_to_Mr_Minoo_Masani_03-10-1977.pdf	1132	2	260305	none	none	0.0	0.0	0.0	128	n	141.2	strong	6.2
1133-Letter_to_Mr_Minoo_Masani_29-07-1977.pdf	1133	1	108177	none	none	0.0	0.0	0.0	128	n	86.4	weak	6.2
1134-Letter_to_Mr_Minoo_Masani_29-07-1977.pdf	1134	2	87969	none	none	0.0	0.0	0.0	128	y	87.0	weak	9.0
1135-Letter_to_Mr_Minoo_Masani_26-07-1977.pdf	1135	1	97607	none	none	0.0	0.0	0.0	128	n	68.4	weak	5.9
1136-Letter_to_Mr_Minoo_Masani_22-07-1977.pdf	1136	1	146245	none	none	0.0	0.0	0.0	128	n	81.1	weak	8.7
1137-Letter_to_Mr_Minoo_Masani_22-07-1977.pdf	1137	1	103285	none	none	0.0	0.0	0.0	128	y	125.8	adequate	7.0
1138-Letter_to_Mr_Minoo_Masani_20-07-1977.pdf	1138	1	92239	none	none	0.0	0.0	0.0	128	y	98.3	adequate	5.5
1139-Letter_to_Mr_Minoo_Masani_18-07-1977.pdf	1139	1	162458	none	none	0.0	0.0	0.0	128	n	93.2	adequate	7.6
114-Letter_to_Mr_J_B_Kripalani_03-03-1971.pdf	114	1	118737	none	none	0.0	0.0	0.0	128	y	96.0	adequate	3.1
1140-List_of_Invitees_For_the_Discussion_29-07-1977.pdf	1140	1	165080	none	none	0.0	0.0	0.0	128	n	87.1	weak	5.6
1141-Letter_to_Girish_Munshi_29-04-1977.pdf	1141	3	382298	none	none	0.0	0.0	0.0	128	n	136.4	strong	4.9
1142-Minutes_of_the_Meeting_of_the_National_Executive_28-04-1977.pdf	1142	4	795367	none	none	0.0	0.0	0.0	128	y	101.2	adequate	9.1
1143-Letter_About_Meeting_of_Maharashtra_State_Council_20-04-1977.pdf	1143	1	128392	none	none	0.0	0.0	0.0	128	n	100.5	adequate	4.0
1144-Letter_to_Girish_Munshi_15-04-1977.pdf	1144	1	94308	none	none	0.0	0.0	0.0	128	n	135.2	strong	3.7
1145-Letter_to_the_Enforcement_Officer_11-04-1977.pdf	1145	2	186977	none	none	0.0	0.0	0.0	128	y	83.3	weak	9.3
1146-Letter_to_SV_Raju_11-04-1977.pdf	1146	1	106915	none	none	0.0	0.0	0.0	128	n	111.0	adequate	3.3
1147-Letter_to_Mr_Minoo_Masani_08-04-1977.pdf	1147	1	100333	none	none	0.0	0.0	0.0	128	y	85.4	weak	3.5
1148-Letter_to_Girish_Munshi_08-04-1977.pdf	1148	1	100706	none	none	0.0	0.0	0.0	128	y	117.4	adequate	4.8
1149-Letter_to_Mr_Minoo_Masani_07-04-1977.pdf	1149	1	98390	none	none	0.0	0.0	0.0	128	n	70.4	weak	3.6
115-Letter_to_Mr_Minoo_Masani_02-03-1971.pdf	115	2	333277	none	none	0.0	0.0	0.0	128	y	63.2	weak	24.3
1150-Letter_to_SV_Raju_04-04-1977.pdf	1150	1	96116	none	none	0.0	0.0	0.0	128	y	125.7	adequate	3.4
1151-Letter_to_Girish_Munshi_04-04-1977.pdf	1151	1	99768	none	none	0.0	0.0	0.0	128	y	131.8	strong	3.8
1152-Letter_to_Mr_Minoo_Masani_01-04-1977.pdf	1152	1	107361	none	none	0.0	0.0	0.0	128	y	66.2	weak	5.7
1153-Letter_to_Mr_Minoo_Masani_01-04-1977.pdf	1153	1	155691	none	none	0.0	0.0	0.0	128	n	75.6	weak	8.1
1154-Shake_Off_Fear_Strengthen_Democracy-Hindustani_Movement_31-01-1977.pdf	1154	3	632729	none	none	0.0	0.0	0.0	128	n	84.2	weak	9.0
1155-Letter_to_Girish_Munshi_31-01-1977.pdf	1155	5	1275241	none	none	0.0	0.0	0.0	128	y	104.2	adequate	15.1
1156-Telegram_to_M_R_Masam.pdf	1156	1	132896	none	none	0.0	0.0	0.0	128	y	86.8	weak	11.1
1157-Letter_to_SriKumar_20-01-1977.pdf	1157	1	86124	none	none	0.0	0.0	0.0	128	n	92.8	adequate	2.9
1158-Telegram_to_Mr_Minoo_Masani_19-01-1977.pdf	1158	1	130093	none	none	0.0	0.0	0.0	128	y	97.8	adequate	9.4
1159-Manav_Nirman-Hindustani_Movement_10-01-1977.pdf	1159	2	617378	none	none	0.0	0.0	0.0	128	n	82.6	weak	15.5
116-Letter_to_Mr_Minoo_Masani_01-03-1971.pdf	116	1	237326	none	none	0.0	0.0	0.0	128	y	79.9	weak	10.8
1160-Letter_to_Mr_Minoo_Masani_30-11-1976.pdf	1160	3	481180	none	none	0.0	0.0	0.0	128	n	40.0	faint	22.3
1161-Letter_to_Mr_Minoo_Masani_28-11-1976.pdf	1161	6	768297	none	none	0.0	0.0	0.0	128	y	75.5	weak	9.5
1162-Letter_to_Mr_Minoo_Masani_18-10-1976.pdf	1162	5	810837	none	none	0.0	0.0	0.0	128	y	111.9	adequate	9.0
1163-Letter_from_V_S_Srikumar_17-09-1976.pdf	1163	1	116379	none	none	0.0	0.0	0.0	128	y	76.8	weak	8.0
1164-Minutes_of_the_Meeting_of_the_National_Executive_of_the_Swatantra_Party_29-06-1976.pdf	1164	2	473799	none	none	0.0	0.0	0.0	128	n	77.4	weak	11.6
1165-Letter_to_Mr_Minoo_Masani_14-06-1976.pdf	1165	2	260085	none	none	0.0	0.0	0.0	128	y	100.5	adequate	28.0
1166-Letter_to_Mr_Minoo_Masani_28-05-1976.pdf	1166	2	302564	none	none	0.0	0.0	0.0	128	y	104.7	adequate	28.5
1167-Receipt_of_Donation_01-03-1976.pdf	1167	1	60931	none	none	0.0	0.0	0.0	128	y	105.9	adequate	7.0
1168-Circular_to_Party_Workers_11-02-1976.pdf	1168	3	570716	none	none	0.0	0.0	0.0	128	n	62.2	weak	17.0
1169-Meeting_of_the_National_Executive_and_the_National_General_Council_31-12-1975.pdf	1169	2	559351	none	none	0.0	0.0	0.0	128	n	69.1	weak	13.3
117-Letter_to_Mr_Minoo_Masani_27-02-1971.pdf	117	1	145909	none	none	0.0	0.0	0.0	128	y	83.7	weak	4.2
1170-Receipt_of_Donation_08-01-1976.pdf	1170	1	62402	none	none	0.0	0.0	0.0	128	y	102.0	adequate	7.4
1171-Letter_to_RS_Bharati_05-01-1976.pdf	1171	1	106865	none	none	0.0	0.0	0.0	128	n	119.5	adequate	5.8
1172-Letter_to_Mr_Minoo_Masani_12-12-1975.pdf	1172	1	88061	none	none	0.0	0.0	0.0	128	y	64.3	weak	6.3
1173-Receipt_of_Donation_02-11-1975.pdf	1173	1	59783	none	none	0.0	0.0	0.0	128	y	108.7	adequate	6.9
1174-Letter_to_Accounts_Officer_Revenue_Department_09-12-1975.pdf	1174	1	163458	none	none	0.0	0.0	0.0	128	y	148.2	strong	13.1
1175-Rajaji_Jayanthi_Public_Meeting_08-12-1975.pdf	1175	1	108401	none	none	0.0	0.0	0.0	128	y	33.4	faint	52.2
1176-Rajaji-Some_Vignettes-Swarajya_06-12-1975.pdf	1176	4	933427	none	none	0.0	0.0	0.0	128	y	101.9	adequate	14.8
1177-Letter_to_Mr_Minoo_Masani_03-11-1975.pdf	1177	2	262369	none	none	0.0	0.0	0.0	128	y	113.6	adequate	27.4
1178-Letter_to_Mr_Minoo_Masani_21-11-1975.pdf	1178	2	318889	none	none	0.0	0.0	0.0	128	y	101.5	adequate	29.1
1179-Telegram_to_Mr_Minoo_Masani_04-12-1975.pdf	1179	1	113731	none	none	0.0	0.0	0.0	128	y	75.6	weak	8.1
118-Letter_to_Mr_Minoo_Masani_26-02-1971.pdf	118	1	150310	none	none	0.0	0.0	0.0	128	y	96.8	adequate	4.4
1180-Confirmation_copy_for_Flight.pdf	1180	1	106517	none	none	0.0	0.0	0.0	128	n	93.0	adequate	4.1
1181-Telegram_to_MR_Mathani_05-10-1975.pdf	1181	5	661762	none	none	0.0	0.0	0.0	128	y	74.0	weak	16.1
1182-Letter_to_Raju_28-11-1975.pdf	1182	2	187901	none	none	0.0	0.0	0.0	128	y	104.0	adequate	13.2
1183-Letter_from_Mr_Minoo_Masani.pdf	1183	1	108477	none	none	0.0	0.0	0.0	128	y	103.0	adequate	6.0
1184-Letter_to_Mr_Minoo_Masani_26-11-1975.pdf	1184	1	157884	none	none	0.0	0.0	0.0	128	n	105.7	adequate	8.3
1185-Mr_Basudu_Ray_of_Statesman_who_was_Leaving_for_Calcutta_26-11-1975.pdf	1185	1	98149	none	none	0.0	0.0	0.0	128	n	112.4	adequate	3.0
1186-Letter_to_Mr_Minoo_Masani_12-11-1975.pdf	1186	2	154309	none	none	0.0	0.0	0.0	128	y	68.8	weak	6.9
1187-Receipt_of_Donation_06-11-1975.pdf	1187	1	60594	none	none	0.0	0.0	0.0	128	y	109.7	adequate	7.0
1188-Meeting_of_the_State_Council_of_the_Swatantra_party_30-10-1975.pdf	1188	1	96730	none	none	0.0	0.0	0.0	128	y	106.3	adequate	5.7
1189-Receipt_of_Donation_No-119_08-10-1975.pdf	1189	1	60129	none	none	0.0	0.0	0.0	128	y	97.9	adequate	7.2
119-Letter_to_Mr_Minoo_Masani_26-02-1971.pdf	119	1	108198	none	none	0.0	0.0	0.0	128	y	102.1	adequate	3.0
1190-Receipt_of_Donation_No-118_12-09-1975.pdf	1190	1	61795	none	none	0.0	0.0	0.0	128	y	96.1	adequate	7.2
1191-Receipt_of_Donation_No-114_12-08-1975.pdf	1191	1	62671	none	none	0.0	0.0	0.0	128	y	95.4	adequate	7.8
1192-Receipt_of_Donation_No-113_14-07-1975.pdf	1192	1	61176	none	none	0.0	0.0	0.0	128	y	95.8	adequate	7.9
1193-Receipt_of_Donation_No-111_16-05-1975.pdf	1193	1	62598	none	none	0.0	0.0	0.0	128	y	102.5	adequate	8.1
1194-Meeting_of_the_National_Executive_Committee_09-04-1975.pdf	1194	4	850177	none	none	0.0	0.0	0.0	128	n	64.0	weak	10.6
1195-Letter_to_N_Dandekar_27-05-1975.pdf	1195	1	92019	none	none	0.0	0.0	0.0	128	n	128.7	adequate	3.1
1196-With_the_Compliments_of_N_Dandeker_22-05-1975.pdf	1196	3	529623	none	none	0.0	0.0	0.0	128	y	60.7	weak	12.9
1197-Letter_to_Shaha_Janand_Singh_23-05-1975.pdf	1197	1	129664	none	none	0.0	0.0	0.0	128	n	103.4	adequate	4.6
1198-Letter_from_Abhay_Anand.pdf	1198	5	811711	none	none	0.0	0.0	0.0	128	y	82.6	weak	22.3
1199-Circular_No-322_01-05-1975.pdf	1199	4	1010179	none	none	0.0	0.0	0.0	128	n	72.0	weak	11.4
12-Letter_to_Mr_Minoo_Masani_17-03-1971.pdf	12	1	106649	none	none	0.0	0.0	0.0	128	y	80.0	weak	4.3
120-Telegram_to_Mr_Minoo_Masani_16-03-1971.pdf	120	1	111142	none	none	0.0	0.0	0.0	128	y	76.0	weak	7.5
1200-Letter_from_V_S_Srikumar_26-04-1975.pdf	1200	3	515587	none	none	0.0	0.0	0.0	128	y	113.8	adequate	12.4
1201-Letter_to_SV_Raju_06-05-1975.pdf	1201	2	267287	none	none	0.0	0.0	0.0	128	y	93.0	adequate	4.6
1202-Letter_to_Harihar_Patel_05-05-1975.pdf	1202	1	112071	none	none	0.0	0.0	0.0	128	n	116.3	adequate	3.5
1203-Letter_to_Mr_Minoo_Masani_09-04-1975.pdf	1203	1	135785	none	none	0.0	0.0	0.0	128	n	83.6	weak	5.6
1204-Letter_to_Nabakrusha_Choudhury_04-04-1975.pdf	1204	2	539944	none	none	0.0	0.0	0.0	128	n	124.7	adequate	16.0
1205-Letter_to_Mr_Minoo_Masani_25-04-1975.pdf	1205	1	74821	none	none	0.0	0.0	0.0	128	y	75.3	weak	7.2
1206-Letter_to_PK_Deo_23-04-1975.pdf	1206	1	110409	none	none	0.0	0.0	0.0	128	n	131.7	strong	5.1
1207-Receipt_of_Donation_No-108_16-04-1975.pdf	1207	1	61278	none	none	0.0	0.0	0.0	128	y	93.2	adequate	7.3
1208-Letter_to_Badal_Gangopadhya_15-04-1975.pdf	1208	1	88784	none	none	0.0	0.0	0.0	128	n	122.1	adequate	4.1
1209-Letter_to_Piloo_Mody_08-04-1975.pdf	1209	1	153485	none	none	0.0	0.0	0.0	128	n	109.8	adequate	7.7
121-Telegram_to_Mr_Minoo_Masani_09-03-1971.pdf	121	1	111292	none	none	0.0	0.0	0.0	128	y	66.4	weak	9.4
1210-Meeting_of_the_State_Council_of_the_Swatantra_party_31-03-1975.pdf	1210	1	163139	none	none	0.0	0.0	0.0	128	y	103.6	adequate	9.9
1211-Letter_to_RS_Bharati_14-03-1975.pdf	1211	1	100798	none	none	0.0	0.0	0.0	128	n	132.7	strong	4.9
1213-Letter_to_Mr_Minoo_Masani_06-03-1975.pdf	1213	1	159290	none	none	0.0	0.0	0.0	128	n	95.5	adequate	6.9
1214-Letter_to_Mr_Minoo_Masani_08-03-1975.pdf	1214	4	650399	none	none	0.0	0.0	0.0	128	n	81.7	weak	19.8
1215-Letter_to_BD_Pandey_03-03-1975.pdf	1215	1	120097	none	none	0.0	0.0	0.0	128	n	123.6	adequate	5.6
1216-Letter_to_Mr_Minoo_Masani_25-02-1975.pdf	1216	2	288814	none	none	0.0	0.0	0.0	128	y	73.3	weak	26.8
1217-Letter_to_VT_Sreenivasan_18-02-1975.pdf	1217	2	237445	none	none	0.0	0.0	0.0	128	n	117.4	adequate	3.6
1218-Letter_from_V_S_Srikumar_11-02-1975.pdf	1218	1	110815	none	none	0.0	0.0	0.0	128	y	91.9	adequate	8.2
1219-Receipt_of_Donation_No-104_11-02-1975.pdf	1219	1	60207	none	none	0.0	0.0	0.0	128	y	92.2	adequate	7.5
122-Telegram_to_Mr_Minoo_Masani_01-03-1971.pdf	122	1	114367	none	none	0.0	0.0	0.0	128	y	66.3	weak	7.2
1220-Receipt_of_Donation_No-106_07-02-1975.pdf	1220	1	59524	none	none	0.0	0.0	0.0	128	y	98.9	adequate	7.0
1221-Letter_to_Mr_Minoo_Masani_06-02-1975.pdf	1221	1	114825	none	none	0.0	0.0	0.0	128	y	60.3	weak	7.3
1222-Letter_to_RS_Bharati_03-03-1975.pdf	1222	1	87138	none	none	0.0	0.0	0.0	128	n	142.3	strong	3.8
1223-Letter_to_Mr_Minoo_Masani_30-01-1975.pdf	1223	2	301165	none	none	0.0	0.0	0.0	128	y	80.7	weak	23.3
1224-Minutes_of_the_Meeting_of_the_National_Executive_of_the_Swatantra_Party_22-01-1975.pdf	1224	4	949614	none	none	0.0	0.0	0.0	128	n	105.8	adequate	8.6
1225-Letter_to_Madhu_Mehta_24-01-1975.pdf	1225	1	96732	none	none	0.0	0.0	0.0	128	n	127.6	adequate	2.1
1226-Letter_to_Mr_Minoo_Masani_18-01-1975.pdf	1226	1	195963	none	none	0.0	0.0	0.0	128	n	105.9	adequate	8.2
1227-Letter_to_Mr_Minoo_Masani_18-01-1975.pdf	1227	1	109819	none	none	0.0	0.0	0.0	128	n	104.5	adequate	5.6
1228-Letter_to_Mr_Minoo_Masani_17-01-1975.pdf	1228	1	137171	none	none	0.0	0.0	0.0	128	n	95.0	adequate	8.9
1229-Letter_to_VS_Srikumar_14-01-1975.pdf	1229	1	117075	none	none	0.0	0.0	0.0	128	n	140.1	strong	9.4
123-Telegram_to_Mr_Minoo_Masani_01-03-1971.pdf	123	1	104589	none	none	0.0	0.0	0.0	128	y	75.2	weak	4.4
1230-Letter_to_Mr_Minoo_Masani_09-01-1975.pdf	1230	1	143455	none	none	0.0	0.0	0.0	128	n	100.3	adequate	8.1
1231-letter_from_VP_Bhatia_09-01-1975.pdf	1231	1	263388	none	none	0.0	0.0	0.0	128	n	112.7	adequate	11.2
1232-Press_Statement_Released_by_Girish_Munshi_16-10-1974.pdf	1232	1	167868	none	none	0.0	0.0	0.0	128	n	108.1	adequate	6.6
1233-Passed_by_the_Election_Commission_on_the_Formation_of_the_Bharatiya_Lok_Dal_03-01-1975.pdf	1233	3	824586	none	none	0.0	0.0	0.0	128	n	94.3	adequate	9.9
1234-Receipt_of_Donation_No-102_01-01-1975.pdf	1234	1	63884	none	none	0.0	0.0	0.0	128	y	105.6	adequate	7.9
1235-Letter_from_Mr_Minoo_Masani_08-03-1967.pdf	1235	1	143713	none	none	0.0	0.0	0.0	128	n	174.2	strong	5.7
1236-Letter_to_Mr_Minoo_Masani_11-08-1970.pdf	1236	1	103799	none	none	0.0	0.0	0.0	128	n	190.8	strong	7.1
1237-Letter_to_Mr_Minoo_Masani_09-12-1970.pdf	1237	1	117026	none	none	0.0	0.0	0.0	128	n	151.7	strong	5.6
1238-Letter_from_KC_Pant_08-12-1970.pdf	1238	1	111454	none	none	0.0	0.0	0.0	128	n	169.9	strong	3.6
1239-The_Salaries_and_Allowances_of_Ministers_Bill-1970.pdf	1239	1	66181	none	none	0.0	0.0	0.0	128	n	102.3	adequate	1.7
124-Telegram_to_Mr_Minoo_Masani_28-02-1971.pdf	124	1	115243	none	none	0.0	0.0	0.0	128	y	78.7	weak	7.5
1240-The_Salaries_and_Allowances_of_Ministers_Bill_No-132_1970.pdf	1240	9	1154716	none	none	0.0	0.0	0.0	128	n	138.4	strong	2.8
1241-Letter_from_N_Dandekar_16-11-1970.pdf	1241	1	78149	none	none	0.0	0.0	0.0	128	n	132.5	strong	5.1
1242-The_Salaries_and_Allowances_of_Ministers_Bill-1970.pdf	1242	2	414016	none	none	0.0	0.0	0.0	128	n	133.1	strong	7.1
1243-Letter_to_Mr_Minoo_Masani_08-09-1970.pdf	1243	1	80904	none	none	0.0	0.0	0.0	128	n	123.6	adequate	2.2
1244-Letter_to_Mr_Minoo_Masani_28-08-1970.pdf	1244	1	140138	none	none	0.0	0.0	0.0	128	n	126.9	adequate	4.5
1245-The_Salaries_and_Allowances_of_Ministers_Bill-1970.pdf	1245	6	1957693	none	none	0.0	0.0	0.0	128	y	156.7	strong	8.4
1246-New_Age_of_British_Steel-New_Statesman_21-08-1970.pdf	1246	2	1140751	none	none	0.0	0.0	0.0	128	y	147.2	strong	17.1
1247-With_the_Compliments_of_N_Dandeker_18-08-1970.pdf	1247	1	68621	none	none	0.0	0.0	0.0	128	y	64.7	weak	22.0
1248-The_Salaries_and_Allowances_of_Ministers_Bill-1970.pdf	1248	8	1563713	none	none	0.0	0.0	0.0	128	y	151.3	strong	6.0
1249-The_Salaries_and_Allowances_of_Ministers_Bill-1970.pdf	1249	2	363727	none	none	0.0	0.0	0.0	128	n	121.6	adequate	5.6
125-Telegram_to_Mr_Minoo_Masani_02-03-1971.pdf	125	1	107513	none	none	0.0	0.0	0.0	128	y	68.0	weak	6.1
1250-Outlay_on_Ministers_Doubled_in_Decade-Times_25-08-1970.pdf	1250	3	357344	none	none	0.0	0.0	0.0	128	y	155.8	strong	22.7
1251-How_much_dows_cabinet_cost.pdf	1251	1	53044	none	none	0.0	0.0	0.0	128	y	120.8	adequate	23.5
1252-The_Salaries_and_Allowances_of_Ministers_Bill-1970.pdf	1252	3	432194	none	none	0.0	0.0	0.0	128	n	121.7	adequate	3.8
1253-Expenses_on_MInisters_Shoot_Up.pdf	1253	2	689088	none	none	0.0	0.0	0.0	128	n	119.6	adequate	11.6
1254-Letter_to_N_Dandekar_05-08-1970.pdf	1254	1	111203	none	none	0.0	0.0	0.0	128	n	142.8	strong	5.7
1255-The_Salaries_and_Allowances_of_Ministers_Bill_No-47_27-12-1969.pdf	1255	1	185149	none	none	0.0	0.0	0.0	128	n	142.1	strong	5.5
1256-The_Salaries_and_Allowances_of_Ministers_12-08-1952.pdf	1256	7	1443798	none	none	0.0	0.0	0.0	128	n	148.7	strong	6.4
1257-Letter_to_M_Savino_10-11-1970.pdf	1257	1	123136	none	none	0.0	0.0	0.0	128	n	141.6	strong	3.1
1258-Letter_to_Mr_Minoo_Masani_10-11-1970.pdf	1258	1	123507	none	none	0.0	0.0	0.0	128	n	147.4	strong	3.9
1259-Letter_from_Mr_Minoo_Masani_06-08-1970.pdf	1259	1	290986	none	none	0.0	0.0	0.0	128	n	133.3	strong	6.7
126-Telegram_to_Mr_Minoo_Masani_01-03-1971.pdf	126	1	101184	none	none	0.0	0.0	0.0	128	y	70.7	weak	6.3
1260-Letter_from_Mr_Minoo_Masani_06-08-1970.pdf	1260	1	307554	none	none	0.0	0.0	0.0	128	n	126.2	adequate	6.4
1261-Letter_from_Mr_Minoo_Masani_17-12-1969.pdf	1261	1	192382	none	none	0.0	0.0	0.0	128	n	162.1	strong	7.5
1262-Consultative_Bodies_Conversion_06-08-1970.pdf	1262	2	91439	none	none	0.0	0.0	0.0	128	y	112.9	adequate	24.4
1263-Letter_from_PK_Deo_31-07-1970.pdf	1263	4	736722	none	none	0.0	0.0	0.0	128	n	126.4	adequate	6.4
1264-The_Constitution_Amendment_Bill-1967_By_P_K_Deo.pdf	1264	5	292503	none	none	0.0	0.0	0.0	128	n	131.6	strong	2.0
1265-Letter_from_NG_Ranga_28-07-1970.pdf	1265	2	471425	none	none	0.0	0.0	0.0	128	n	124.0	adequate	7.5
1266-The_Judges_Inquiry_Act_05-12-1968.pdf	1266	7	1033124	none	none	0.0	0.0	0.0	128	n	141.8	strong	4.9
1267-Letter_from_PK_Patnaik_03-03-1970.pdf	1267	1	101737	none	none	0.0	0.0	0.0	128	n	154.5	strong	2.7
1268-Letter_from_Mr_Minoo_Masani_27-02-1970.pdf	1268	2	308386	none	none	0.0	0.0	0.0	128	n	125.2	adequate	3.7
1269-Letter_to_Mr_Minoo_Masani_06-02-1970.pdf	1269	1	161713	none	none	0.0	0.0	0.0	128	n	127.0	adequate	5.6
127-Telegram_to_Mr_Minoo_Masani_01-03-1971.pdf	127	1	112502	none	none	0.0	0.0	0.0	128	y	89.5	weak	4.7
1270-Letter_from_Mr_Minoo_Masani_27-02-1970.pdf	1270	1	203225	none	none	0.0	0.0	0.0	128	n	137.7	strong	5.1
1271-Notice_of_Amendments_to_Bills_20-02-1970.pdf	1271	2	296041	none	none	0.0	0.0	0.0	128	n	144.7	strong	4.5
1272-Letter_from_Mr_Minoo_Masani_15-12-1969.pdf	1272	1	147974	none	none	0.0	0.0	0.0	128	n	157.4	strong	4.5
1273-Letter_from_Mr_Minoo_Masani_04-12-1969.pdf	1273	3	312953	none	none	0.0	0.0	0.0	128	n	139.8	strong	3.6
1274-Letter_to_The_Speaker-Lok_Sabha_03-12-1969.pdf	1274	1	238052	none	none	0.0	0.0	0.0	128	n	168.2	strong	9.4
1275-Letter_from_Madhu_Limaye_13-11-1969.pdf	1275	5	475398	none	none	0.0	0.0	0.0	128	n	140.7	strong	2.6
1276-Letter_to_Acting_President_06-08-1969.pdf	1276	2	420016	none	none	0.0	0.0	0.0	128	n	132.1	strong	8.8
1277-Letter_to_Acting_President_30-07-1969.pdf	1277	2	518545	none	none	0.0	0.0	0.0	128	n	140.9	strong	10.4
1278-Speech_of_Mr_Minoo_Masani_23-12-1967.pdf	1278	5	1715571	none	none	0.0	0.0	0.0	128	n	97.5	adequate	10.4
1279-Nomination_of_High_Commissioner_Designate_to_U_K_27-11-1967.pdf	1279	8	2166593	none	none	0.0	0.0	0.0	128	n	99.2	adequate	8.0
128-Letter_to_Mr_Minoo_Masani_27-02-1971.pdf	128	2	286931	none	none	0.0	0.0	0.0	128	y	71.4	weak	23.9
1280-Letter_to_Acting_President_24-07-1969.pdf	1280	1	126415	none	none	0.0	0.0	0.0	128	n	139.6	strong	4.7
1281-For_Favour_of_Publication_24-07-1969.pdf	1281	2	294313	none	none	0.0	0.0	0.0	128	n	142.1	strong	3.6
1282-Letter_to_Prime_Minister_23-07-1969.pdf	1282	2	449020	none	none	0.0	0.0	0.0	128	n	136.1	strong	5.5
1283-Letter_to_Prime_Minister_23-07-1969.pdf	1283	2	384168	none	none	0.0	0.0	0.0	128	n	136.4	strong	7.0
1284-For_Favour_of_Publication_23-07-1969.pdf	1284	1	210740	none	none	0.0	0.0	0.0	128	n	150.1	strong	5.8
1285-Letter_from_Mr_Minoo_Masani_22-07-1969.pdf	1285	1	120659	none	none	0.0	0.0	0.0	128	n	167.9	strong	4.4
1286-Letter_to_Secretary-Lok_Sabha_20-07-1969.pdf	1286	2	185700	none	none	0.0	0.0	0.0	128	n	186.5	strong	3.1
1287-Letter_from_Mr_Minoo_Masani_01-08-1968.pdf	1287	2	582475	none	none	0.0	0.0	0.0	96	n	206.4	strong	4.2
1288-Letter_to_NG_Ranga_03-06-1968.pdf	1288	1	190871	none	none	0.0	0.0	0.0	128	n	172.7	strong	7.4
1289-For_Favour_of_Publication_11-05-1968.pdf	1289	3	1116425	none	none	0.0	0.0	0.0	128	n	133.0	strong	10.2
129-Statement_of_Mr_Minoo_Masani_For_Publication_03-05-1967.pdf	129	10	1523317	none	none	0.0	0.0	0.0	128	y	73.8	weak	10.3
1290-Ministry_of_External_Affairs.pdf	1290	3	357407	none	none	0.0	0.0	0.0	128	n	138.7	strong	2.7
1291-Letter_to_Mr_Minoo_Masani_25-03-1963.pdf	1291	1	53952	none	none	0.0	0.0	0.0	128	n	121.3	adequate	1.8
1292-Letter_to_CC_Desai_24-03-1968.pdf	1292	1	155782	none	none	0.0	0.0	0.0	128	y	158.4	strong	4.8
1293-Letter_to_Mr_Minoo_Masani_19-02-1968.pdf	1293	1	99428	none	none	0.0	0.0	0.0	128	n	132.4	strong	5.4
1294-For_Favour_of_Publication_15-02-1968.pdf	1294	1	138970	none	none	0.0	0.0	0.0	128	n	124.8	adequate	3.6
1295-Indias_Naval_Expansion_Programme_13-03-1968.pdf	1295	1	171947	none	none	0.0	0.0	0.0	128	n	164.7	strong	6.2
1296-Letter_to_Mr_Minoo_Masani_08-03-1968.pdf	1296	1	62718	none	none	0.0	0.0	0.0	128	n	125.1	adequate	3.1
1297-Letter_to_Mr_Minoo_Masani_23-02-1968.pdf	1297	1	63140	none	none	0.0	0.0	0.0	128	n	142.1	strong	3.1
1298-Letter_from_Mr_Minoo_Masani_22-02-1968.pdf	1298	1	275454	none	none	0.0	0.0	0.0	128	y	133.9	strong	2.2
1299-Letter_to_Mr_Minoo_Masani_06-02-1968.pdf	1299	1	103285	none	none	0.0	0.0	0.0	128	n	213.8	strong	9.8
13-Letter_to_Mr_Nagen_Bakshi_29-03-1971.pdf	13	1	125153	none	none	0.0	0.0	0.0	128	y	105.8	adequate	3.2
130-Note_on_Indian_General_Election_Feb-1967.pdf	130	3	495225	none	none	0.0	0.0	0.0	128	n	83.4	weak	17.9
1300-Notice_of_Amendments_to_Bills_12-02-1968.pdf	1300	2	643360	none	none	0.0	0.0	0.0	128	n	204.2	strong	12.3
1301-Letter_from_Mr_Minoo_Masani_23-03-1967.pdf	1301	1	117489	none	none	0.0	0.0	0.0	128	n	223.7	strong	12.2
1302-Letter_from_Mr_Minoo_Masani_03-02-1968.pdf	1302	4	883215	none	none	0.0	0.0	0.0	128	y	159.0	strong	16.3
1303-Letter_from_Mr_Minoo_Masani_13-12-1967.pdf	1303	6	1683009	none	none	0.0	0.0	0.0	128	y	129.5	adequate	24.7
1304-Nomination_of_High_Commissioner_Designate_to_U_K_27-11-1967.pdf	1304	26	5065571	none	none	0.0	0.0	0.0	128	y	128.5	adequate	5.5
1305-Letter_from_Mr_Minoo_Masani_09-11-1967.pdf	1305	1	161569	none	none	0.0	0.0	0.0	128	n	112.5	adequate	5.2
1306-Extracts_from_an_Article_By_Mr_justice_SS_Dhavan_29-01-1966.pdf	1306	2	308867	none	none	0.0	0.0	0.0	128	n	114.5	adequate	4.0
1307-Letter_to_Mr_Minoo_Masani_24-11-1967.pdf	1307	1	98391	none	none	0.0	0.0	0.0	128	n	105.0	adequate	2.6
1308-Letter_to_Mr_Minoo_Masani_21-11-1967.pdf	1308	1	87992	none	none	0.0	0.0	0.0	128	n	157.4	strong	2.6
1309-Letter_from_Mr_Minoo_Masani_21-11-1967.pdf	1309	2	167953	none	none	0.0	0.0	0.0	128	n	134.3	strong	2.1
131-Transcripted_speech_delivered_by_Mr_Masani_06-07-1967.pdf	131	21	4142468	none	none	0.0	0.0	0.0	128	n	72.5	weak	17.1
1310-Letter_from_Mr_Minoo_Masani_20-11-1967.pdf	1310	1	129197	none	none	0.0	0.0	0.0	128	n	141.6	strong	4.0
1311-Letter_to_Mr_Minoo_Masani_18-11-1967.pdf	1311	2	104670	none	none	0.0	0.0	0.0	128	n	121.0	adequate	2.7
1312-Letter_to_Mr_Minoo_Masani_14-11-1967.pdf	1312	2	118859	none	none	0.0	0.0	0.0	128	n	129.8	adequate	6.5
1313-Letter_to_Morarji_Desai_10-11-1967.pdf	1313	1	322244	none	none	0.0	0.0	0.0	128	n	138.6	strong	8.8
1314-Letter_from_Mr_Minoo_Masani_14-11-1967.pdf	1314	1	105096	none	none	0.0	0.0	0.0	128	n	148.9	strong	3.2
1315-Letter_to_Morarji_Desai_10-11-1967.pdf	1315	4	1246030	none	none	0.0	0.0	0.0	128	n	135.7	strong	8.3
1316-Letter_from_Mr_Minoo_Masani_09-11-1967.pdf	1316	3	446191	none	none	0.0	0.0	0.0	128	n	107.6	adequate	4.9
1317-Calling_Attention_Notice_20-11-1967.pdf	1317	2	115057	none	none	0.0	0.0	0.0	128	n	95.2	adequate	2.1
1318-Deficit_Financing_16-11-1967.pdf	1318	1	143619	none	none	0.0	0.0	0.0	128	n	104.2	adequate	4.1
1319-Release_of_Sheikh_Abdullah_15-11-1967.pdf	1319	2	244541	none	none	0.0	0.0	0.0	128	n	133.0	strong	3.7
132-The_Hidden_Telephone_Tax-Hindustan_Times_01-07-1967.pdf	132	1	240291	none	none	0.0	0.0	0.0	128	y	73.8	weak	27.5
1320-Letter_to_Mr_Minoo_Masani_24-07-1967.pdf	1320	1	90618	none	none	0.0	0.0	0.0	128	n	121.3	adequate	4.0
1321-Letter_from_Morarji_Desai_24-07-1967.pdf	1321	1	120774	none	none	0.0	0.0	0.0	128	n	131.7	strong	3.6
1322-Letter_from_Mr_Minoo_Masani_19-07-1967.pdf	1322	1	63333	none	none	0.0	0.0	0.0	128	n	192.0	strong	2.1
1323-Letter_to_Prime_Minister_05-06-1967.pdf	1323	1	105260	none	none	0.0	0.0	0.0	128	n	133.9	strong	4.2
1324-Letter_to_Ajoy_Mukherjee_19-06-1967.pdf	1324	2	624537	none	none	0.0	0.0	0.0	128	n	104.3	adequate	8.7
1325-Notice_of_Amendments_to_Bills_13-06-1967.pdf	1325	5	338815	none	none	0.0	0.0	0.0	128	n	113.9	adequate	1.5
1326-Letter_to_Mr_Minoo_Masani_26-05-1967.pdf	1326	1	145536	none	none	0.0	0.0	0.0	128	n	96.7	adequate	6.9
1327-Letter_from_Mr_Minoo_Masani_22-05-1967.pdf	1327	1	134583	none	none	0.0	0.0	0.0	128	n	148.2	strong	4.2
1328-Letter_from_Mr_Minoo_Masani_28-04-1967.pdf	1328	1	126923	none	none	0.0	0.0	0.0	128	n	163.7	strong	2.2
1329-Letter_to_Mr_Minoo_Masani_25-04-1967.pdf	1329	1	97889	none	none	0.0	0.0	0.0	128	n	131.2	strong	4.7
133-The_Hidden_Telephone_Tax-Case_for_a_Telecommunications_Corporation.pdf	133	4	692567	none	none	0.0	0.0	0.0	128	y	80.5	weak	11.8
1330-Letter_to_Piloo_H_Mody_26-04-1967.pdf	1330	1	205746	none	none	0.0	0.0	0.0	128	n	121.6	adequate	4.6
1331-Letter_to_Mr_Minoo_Masani_21-04-1967.pdf	1331	1	155692	none	none	0.0	0.0	0.0	128	n	152.5	strong	4.8
1332-Letter_to_Mr_Minoo_Masani_18-04-1967.pdf	1332	1	72574	none	none	0.0	0.0	0.0	128	n	91.1	adequate	2.9
1333-Letter_to_B_Bhagwati_14-04-1967.pdf	1333	3	289163	none	none	0.0	0.0	0.0	128	n	163.2	strong	3.0
1334-Letter_to_Ram_Subhag_Singh_10-04-1967.pdf	1334	2	261726	none	none	0.0	0.0	0.0	128	n	151.8	strong	8.2
1335-Letter_to_B_Bhagwati_10-04-1967.pdf	1335	3	400165	none	none	0.0	0.0	0.0	128	n	128.1	adequate	3.3
1336-Letter_from_Mr_Minoo_Masani_07-04-1967.pdf	1336	1	65526	none	none	0.0	0.0	0.0	128	n	140.6	strong	4.1
1337-General_Information_Relating_to_Parliamentary_and_Other_Matters_05-04-1967.pdf	1337	6	524739	none	none	0.0	0.0	0.0	128	n	117.0	adequate	4.7
1338-Letter_to_Ram_Subhag_Singh_04-04-1967.pdf	1338	2	206670	none	none	0.0	0.0	0.0	128	n	130.7	strong	3.2
1339-Letter_to_Mr_Minoo_Masani_03-04-1967.pdf	1339	1	94716	none	none	0.0	0.0	0.0	128	n	80.6	weak	3.9
134-Morarjis_Breakfast_Nations_Last_Supper-March_Of_The_Nation_24-06-1967.pdf	134	1	370798	none	none	0.0	0.0	0.0	128	y	77.4	weak	39.6
1340-Letter_to_Mr_Minoo_Masani_01-04-1967.pdf	1340	1	113483	none	none	0.0	0.0	0.0	128	n	104.2	adequate	4.2
1341-Letter_to_Mr_Minoo_Masani_31-03-1967.pdf	1341	1	99198	none	none	0.0	0.0	0.0	128	n	101.5	adequate	4.6
1342-Letter_to_Mr_Minoo_Masani_29-03-1967.pdf	1342	1	51830	none	none	0.0	0.0	0.0	128	n	105.3	adequate	2.2
1343-Letter_from_Mr_Minoo_Masani_28-03-1967.pdf	1343	1	85452	none	none	0.0	0.0	0.0	128	n	145.8	strong	4.1
1344-Uncorrected-Not_for_Publication-The_Motion_was_Adopted_28-03-1967.pdf	1344	2	250497	none	none	0.0	0.0	0.0	128	n	174.2	strong	4.5
1345-Letter_to_Indira_Gandhi_28-03-1967.pdf	1345	1	188845	none	none	0.0	0.0	0.0	128	n	108.5	adequate	6.1
1346-Statement_by_Way_of_Personal_Explanation_Made_By_Mr_MR_Masani_29-03-1967.pdf	1346	3	625301	none	none	0.0	0.0	0.0	128	n	113.0	adequate	7.0
1347-Letter_from_Mr_Minoo_Masani_28-03-1967.pdf	1347	2	160488	none	none	0.0	0.0	0.0	128	n	131.4	strong	2.3
1348-Letter_to_Mr_Minoo_Masani_27-03-1967.pdf	1348	1	67270	none	none	0.0	0.0	0.0	128	n	97.5	adequate	2.6
1349-Letter_from_Mr_Minoo_Masani_27-03-1967.pdf	1349	1	152909	none	none	0.0	0.0	0.0	128	n	109.4	adequate	5.5
135-For_Favour_of_Publication_24-01-1968.pdf	135	2	441422	none	none	0.0	0.0	0.0	128	y	58.0	faint	21.8
1350-Letter_to_Mr_Minoo_Masani_23-03-1967.pdf	1350	3	482067	none	none	0.0	0.0	0.0	128	n	120.5	adequate	5.7
1351-Letter_from_Mr_Minoo_Masani_21-03-1967.pdf	1351	1	151135	none	none	0.0	0.0	0.0	128	n	177.4	strong	5.8
1352-Letter_to_Mr_Minoo_Masani_20-03-1967.pdf	1352	1	137876	none	none	0.0	0.0	0.0	128	n	84.2	weak	8.0
1353-Relevant_Extract_from_the_House_of_the_People_Deoates_28-04-1953.pdf	1353	1	167364	none	none	0.0	0.0	0.0	128	n	85.2	weak	6.3
1354-Letter_to_Mr_Minoo_Masani_20-03-1967.pdf	1354	1	75441	none	none	0.0	0.0	0.0	128	n	110.1	adequate	3.4
1355-Meeting_of_the_Speaker_with_the_Leaders_of_Uroups_17-03-1967.pdf	1355	1	91557	none	none	0.0	0.0	0.0	128	n	99.7	adequate	2.4
1356-Letter_to_Mr_Minoo_Masani_15-03-1967.pdf	1356	1	127111	none	none	0.0	0.0	0.0	128	n	118.4	adequate	3.4
1357-Letter_to_Mr_Minoo_Masani_12-03-1967.pdf	1357	1	93325	none	none	0.0	0.0	0.0	128	n	94.4	adequate	2.9
1358-Telegram_from_Mr_Minoo_Masani_12-03-1967.pdf	1358	1	88855	none	none	0.0	0.0	0.0	128	n	184.8	strong	6.2
1359-Letter_from_SV_Raju_06-10-1977.pdf	1359	1	211658	none	none	0.0	0.0	0.0	128	n	116.6	adequate	11.4
136-For_Favour_of_Publication_24-01-1968.pdf	136	2	444059	none	none	0.0	0.0	0.0	128	y	60.3	weak	19.2
1360-Letter_to_SV_Raju_02-01-1977.pdf	1360	2	473851	none	none	0.0	0.0	0.0	128	y	63.9	weak	26.0
1361-Letter_to_SV_Raju_23-04-1977.pdf	1361	2	484531	none	none	0.0	0.0	0.0	128	y	72.2	weak	28.0
1362-Letter_from_SV_Raju_11-07-1977.pdf	1362	3	609373	none	none	0.0	0.0	0.0	128	n	121.2	adequate	11.0
1363-Discussion_About_Family_Planning_&_Janata_Politics_09-07-1977.pdf	1363	6	1204975	none	none	0.0	0.0	0.0	128	n	80.1	weak	7.0
1364-Letter_from_SV_Raju_15-06-1977.pdf	1364	1	134229	none	none	0.0	0.0	0.0	128	n	134.3	strong	2.7
1365-Letter_to_SV_Raju_04-05-1977.pdf	1365	1	131845	none	none	0.0	0.0	0.0	128	y	96.9	adequate	7.5
1366-Letter_to_SV_Raju_05-05-1977.pdf	1366	16	3082829	none	none	0.0	0.0	0.0	128	n	68.3	weak	8.0
1367-Letter_from_SV_Raju_27-04-1977.pdf	1367	1	203099	none	none	0.0	0.0	0.0	128	n	133.7	strong	14.9
1368-Letter_from_SV_Raju_13-04-1977.pdf	1368	1	164964	none	none	0.0	0.0	0.0	128	n	107.3	adequate	9.4
1369-Letter_from_SV_Raju_04-04-1977.pdf	1369	2	417257	none	none	0.0	0.0	0.0	128	n	74.0	weak	11.1
137-For_Favour_of_Publication_24-01-1968.pdf	137	2	447175	none	none	0.0	0.0	0.0	128	y	59.0	faint	23.7
1370-Letter_to_SV_Raju_14-05-1977.pdf	1370	2	472679	none	none	0.0	0.0	0.0	128	n	95.6	adequate	12.6
1371-Letter_from_SV_Raju_15-11-1977.pdf	1371	2	293190	none	none	0.0	0.0	0.0	128	y	109.7	adequate	10.0
1372-Freedom_First_14-02-1980.pdf	1372	3	170529	none	none	0.0	0.0	0.0	128	y	106.2	adequate	21.1
1373-Indias_Ballot-Box_Revolution_11-02-1978.pdf	1373	6	702358	none	none	0.0	0.0	0.0	128	y	100.1	adequate	9.4
1374-When_the_Wind_Blows-Indias_Ballot_Box_Revolution.pdf	1374	6	1015911	none	none	0.0	0.0	0.0	128	y	90.3	adequate	8.4
1375-Letter_from_SV_Raju_27-04-1977.pdf	1375	1	254981	none	none	0.0	0.0	0.0	128	n	130.3	strong	18.5
1376-Letter_to_SV_Raju_05-04-1977.pdf	1376	1	144059	none	none	0.0	0.0	0.0	128	n	84.9	weak	3.7
1377-Letter_from_SV_Raju_26-04-1977.pdf	1377	3	720131	none	none	0.0	0.0	0.0	128	n	114.0	adequate	16.7
1378-Letter_to_SV_Raju_20-04-1977.pdf	1378	1	148220	none	none	0.0	0.0	0.0	128	n	70.0	weak	7.1
1379-Indemnity_Bond_04-06-1987.pdf	1379	2	428767	none	none	0.0	0.0	0.0	128	n	88.7	weak	16.4
138-Economic_Development_And_Political_Stability_06-01-1968.pdf	138	12	2081327	none	none	0.0	0.0	0.0	128	n	79.5	weak	10.2
1380-Letter_to_SV_Raju_29-12-1981.pdf	1380	3	811661	none	none	0.0	0.0	0.0	128	n	104.5	adequate	10.5
1381-Letter_to_SV_Raju_19-08-1982.pdf	1381	4	791230	none	none	0.0	0.0	0.0	128	y	93.4	adequate	8.6
1382-Provisional_Certificate_of_Vinod_Raju_19-05-1983.pdf	1382	2	347281	none	none	0.0	0.0	0.0	128	n	70.7	weak	8.0
1383-Minutes_of_the_Meeting_of_the_Trustees_of_the_Rajaji_Foundation_24-01-1984.pdf	1383	3	583787	none	none	0.0	0.0	0.0	128	n	142.7	strong	9.4
1384-Letter_from_SV_Raju_25-06-1984.pdf	1384	3	474647	none	none	0.0	0.0	0.0	128	n	102.5	adequate	6.1
1385-Letter_to_Mr_Minoo_Masani_16-10-1984.pdf	1385	1	122856	none	none	0.0	0.0	0.0	128	n	78.3	weak	3.5
1386-List_ofComplain_Lodged_by_Sason_Panday_17-09-1984.pdf	1386	4	1042192	none	none	0.0	0.0	0.0	128	n	89.3	weak	10.9
1387-Letter_from_SV_Raju_Jan-1985.pdf	1387	1	228733	none	none	0.0	0.0	0.0	128	n	133.4	strong	14.9
1388-Letter_from_SV_Raju_20-02-1985.pdf	1388	1	123590	none	none	0.0	0.0	0.0	128	n	123.4	adequate	3.8
1389-Letter_to_SV_Raju_05-01-1985.pdf	1389	1	60247	none	none	0.0	0.0	0.0	128	y	116.7	adequate	5.4
139-Swatantra-The_Credibility_Gap-Swarajya_Annual_Number-1968.pdf	139	3	651958	none	none	0.0	0.0	0.0	128	y	77.2	weak	21.7
1390-Letter_from_SV_Raju_15-10-1985.pdf	1390	1	111432	none	none	0.0	0.0	0.0	128	n	86.4	weak	43.6
1391-Letter_to_SV_Raju_22-09-1985.pdf	1391	2	133899	none	none	0.0	0.0	0.0	128	y	111.7	adequate	8.4
1392-Statement_Showing_Computation_of_Taxable_Income_31-12-1985.pdf	1392	2	264562	none	none	0.0	0.0	0.0	128	n	113.0	adequate	5.0
1393-Talent_House_31-12-1985.pdf	1393	1	124568	none	none	0.0	0.0	0.0	128	n	113.0	adequate	5.3
1394-Letter_from_SV_Raju_29-12-1976.pdf	1394	1	124812	none	none	0.0	0.0	0.0	128	n	128.2	adequate	7.1
1395-Letter_to_Raju_14-12-1974.pdf	1395	3	141943	none	none	0.0	0.0	0.0	128	y	76.9	weak	11.2
1396-Letter_to_SV_Raju_26-12-1974.pdf	1396	2	336904	none	none	0.0	0.0	0.0	128	y	81.1	weak	24.9
1397-Letter_to_Omkar_Nath_Tiku_08-09-1963.pdf	1397	1	89299	none	none	0.0	0.0	0.0	128	y	108.3	adequate	3.5
1398-Letter_to_Mr_Narendra_Bhatia_13-12-1974.pdf	1398	2	427172	none	none	0.0	0.0	0.0	128	y	81.5	weak	43.7
1399-National_Alternative_to_Congress_14-12-1974.pdf	1399	3	854483	none	none	0.0	0.0	0.0	128	y	93.3	adequate	12.4
14-Letter_to_Mrs_K_S_Alva_29-03-1971.pdf	14	1	127460	none	none	0.0	0.0	0.0	128	y	86.9	weak	3.0
140-What_is_wrong_with_our_opposition.pdf	140	4	838054	none	none	0.0	0.0	0.0	128	n	144.2	strong	18.8
1400-Letter_to_SV_Raju_10-12-1974.pdf	1400	2	315453	none	none	0.0	0.0	0.0	128	y	82.7	weak	25.8
1401-Resolutions_of_the_Swatantra_Party_National_General_Council_08-12-1974.pdf	1401	2	515965	none	none	0.0	0.0	0.0	128	n	86.9	weak	8.7
1402-Letter_to_VS_Srikumar_06-12-1974.pdf	1402	3	581810	none	none	0.0	0.0	0.0	128	n	132.6	strong	9.8
1403-Letter_from_SV_Raju_05-12-1974.pdf	1403	1	110434	none	none	0.0	0.0	0.0	128	n	100.4	adequate	5.6
1404-Letter_to_SV_Raju_03-12-1974.pdf	1404	1	128971	none	none	0.0	0.0	0.0	128	n	126.6	adequate	4.7
1405-Letter_to_SV_Raju_29-11-1974.pdf	1405	2	356992	none	none	0.0	0.0	0.0	128	y	84.9	weak	23.0
1406-Letter_to_SV_Raju_21-11-1974.pdf	1406	2	336889	none	none	0.0	0.0	0.0	128	y	130.2	strong	9.4
1407-Invitation_to_a_Meeting_to_Choose_a_Representative_People_Committee_18-11-1974.pdf	1407	2	435166	none	none	0.0	0.0	0.0	128	n	75.7	weak	7.9
1408-Letter_from_GK_Sundram_20-11-1974.pdf	1408	3	357738	none	none	0.0	0.0	0.0	128	y	91.4	adequate	6.3
1409-Letter_to_SV_Raju_20-11-1974.pdf	1409	1	193196	none	none	0.0	0.0	0.0	128	n	83.9	weak	12.7
141-Publication_for_What_is_wrong_with_our_opposition.pdf	141	3	519869	none	none	0.0	0.0	0.0	128	y	101.4	adequate	13.4
1410-Letter_to_SV_Raju_14-11-1974.pdf	1410	4	760703	none	none	0.0	0.0	0.0	128	n	93.5	adequate	10.7
1411-Letter_to_Srikumar_07-11-1974.pdf	1411	4	828477	none	none	0.0	0.0	0.0	128	n	125.3	adequate	9.4
1412-Letter_to_CN_Sudhan_04-11-1974.pdf	1412	2	353819	none	none	0.0	0.0	0.0	128	n	136.0	strong	6.9
1413-Letter_to_SV_Raju_02-11-1974.pdf	1413	3	473339	none	none	0.0	0.0	0.0	128	y	74.9	weak	6.1
1414-Letter_to_SV_Raju_31-10-1974.pdf	1414	2	306783	none	none	0.0	0.0	0.0	128	y	71.3	weak	21.8
1415-Letter_to_SV_Raju_31-10-1974.pdf	1415	2	385587	none	none	0.0	0.0	0.0	128	n	92.1	adequate	24.6
1416-Letter_to_SV_Raju_24-10-1974.pdf	1416	2	300458	none	none	0.0	0.0	0.0	128	y	87.6	weak	20.9
1417-Letter_to_SV_Raju_21-10-1974.pdf	1417	2	317287	none	none	0.0	0.0	0.0	128	y	75.2	weak	24.3
1418-Letter_to_SV_Raju_20-10-1974.pdf	1418	2	293779	none	none	0.0	0.0	0.0	128	n	81.1	weak	4.9
1419-Letter_to_SV_Raju_20-10-1974.pdf	1419	5	907888	none	none	0.0	0.0	0.0	128	n	93.6	adequate	6.3
142-Publication_for_What_is_wrong_with_our_opposition.pdf	142	4	729196	none	none	0.0	0.0	0.0	128	n	106.5	adequate	12.8
1420-SV_Raju_will_the_Compliments_of_Swatantra_Party_07-10-1974.pdf	1420	1	369164	none	none	0.0	0.0	0.0	128	n	69.5	weak	20.4
1421-Letter_to_SV_Raju_28-09-1974.pdf	1421	2	271081	none	none	0.0	0.0	0.0	128	y	86.1	weak	22.6
1422-Letter_to_SV_Raju_26-09-1974.pdf	1422	2	364302	none	none	0.0	0.0	0.0	128	y	91.6	adequate	29.2
1423-Letter_to_SV_Raju_25-09-1974.pdf	1423	1	115767	none	none	0.0	0.0	0.0	128	y	58.5	faint	6.9
1424-Letter_to_SV_Raju_25-09-1974.pdf	1424	2	413078	none	none	0.0	0.0	0.0	128	y	81.0	weak	29.2
1425-Letter_to_SV_Raju_24-09-1974.pdf	1425	2	298251	none	none	0.0	0.0	0.0	128	y	46.1	faint	35.0
1426-Letter_to_SV_Raju_18-09-1974.pdf	1426	2	264245	none	none	0.0	0.0	0.0	128	y	42.8	faint	19.3
1427-Letter_to_IS_Bhargava_17-09-1974.pdf	1427	1	163121	none	none	0.0	0.0	0.0	128	n	143.9	strong	10.0
1428-Letter_to_MR_Arya_17-09-1974.pdf	1428	1	207536	none	none	0.0	0.0	0.0	128	n	140.8	strong	16.4
1429-Letter_to_SV_Raju_17-09-1974.pdf	1429	2	292336	none	none	0.0	0.0	0.0	128	n	73.4	weak	7.8
143-Swiss_Press_Review_and_News_Report.pdf	143	3	663586	none	none	0.0	0.0	0.0	128	y	82.3	weak	14.5
1430-Letter_to_SV_Raju_16-09-1974.pdf	1430	1	108105	none	none	0.0	0.0	0.0	128	n	74.8	weak	6.2
1431-Letter_to_Piloo_Mody_13-09-1974.pdf	1431	1	143877	none	none	0.0	0.0	0.0	128	n	114.7	adequate	9.4
1432-Letter_to_SV_Raju_13-09-1974.pdf	1432	2	314107	none	none	0.0	0.0	0.0	128	y	77.2	weak	23.7
1433-Letter_to_SV_Raju_13-09-1974.pdf	1433	2	242417	none	none	0.0	0.0	0.0	128	y	110.5	adequate	7.1
1434-Letter_to_Piloo_Mody_24-08-1974.pdf	1434	2	399996	none	none	0.0	0.0	0.0	128	n	111.0	adequate	9.8
1435-Letter_to_Madhu_Mehta_28-07-1974.pdf	1435	4	916466	none	none	0.0	0.0	0.0	128	n	117.9	adequate	13.5
1436-Letter_to_SV_Raju_13-09-1974.pdf	1436	1	133597	none	none	0.0	0.0	0.0	128	y	86.6	weak	8.1
1437-Letter_to_SV_Raju_13-09-1974.pdf	1437	2	293498	none	none	0.0	0.0	0.0	128	y	67.4	weak	9.2
1438-Letter_from_SV_Raju_11-09-1974.pdf	1438	1	154005	none	none	0.0	0.0	0.0	128	n	141.6	strong	8.5
1439-Letter_to_SV_Raju_05-09-1974.pdf	1439	2	323396	none	none	0.0	0.0	0.0	128	y	82.4	weak	24.8
144-For_Favour_of_Publication_22-12-1967.pdf	144	2	493283	none	none	0.0	0.0	0.0	128	n	74.6	weak	17.2
1440-Letter_to_SV_Raju_04-09-1974.pdf	1440	5	899998	none	none	0.0	0.0	0.0	128	n	40.4	faint	27.8
1441-Letter_to_SV_Raju_03-09-1974.pdf	1441	1	83238	none	none	0.0	0.0	0.0	128	y	59.8	faint	7.9
1442-Letter_to_SV_Raju_18-08-1974.pdf	1442	4	722366	none	none	0.0	0.0	0.0	128	n	39.6	faint	22.3
1443-Resolution_on_Strengthening_the_Swatantra_Party.pdf	1443	5	980503	none	none	0.0	0.0	0.0	128	n	98.1	adequate	6.5
1444-Letter_to_Mr_Minoo_Masani_10-08-1974.pdf	1444	3	523204	none	none	0.0	0.0	0.0	128	y	98.0	adequate	7.6
1445-Swatantra_Janatha_No-18_15-08-1974.pdf	1445	3	351405	none	none	0.0	0.0	0.0	128	y	102.3	adequate	9.2
1446-Plaint_Under_Order_VII_Rule_ICPG.pdf	1446	9	1613170	none	none	0.0	0.0	0.0	128	n	93.0	adequate	16.0
1447-A_Meeting_of_the_Executive-Committee_of_the_Swatantra_Party_07-08-1974.pdf	1447	8	748887	none	none	0.0	0.0	0.0	128	n	107.4	adequate	5.4
1448-Seventh_National_Convention_of_the_Swatntra_Party_05-08-1974.pdf	1448	4	822810	none	none	0.0	0.0	0.0	128	n	78.3	weak	8.5
1449-The_United_States_22-07-1974.pdf	1449	1	143734	none	none	0.0	0.0	0.0	128	n	75.9	weak	10.0
145-Time_to_speak_up_for_the_Upperdog.pdf	145	3	522365	none	none	0.0	0.0	0.0	128	n	134.8	strong	13.7
1450-Rajaji_Speaks_On_Fifth_National_Convention_at_Bhubaneswar_05-10-1968.pdf	1450	3	411132	none	none	0.0	0.0	0.0	128	y	105.9	adequate	10.2
1451-Draft_Resolution_for_National_Convention_05-08-1974.pdf	1451	2	460244	none	none	0.0	0.0	0.0	128	n	59.4	faint	20.4
1452-The_National_Convention_of_the_Swatantra_Party_04-08-1974.pdf	1452	8	1238479	none	none	0.0	0.0	0.0	128	y	125.3	adequate	12.5
1453-Letter_from_SV_Raju_07-08-1974.pdf	1453	4	479127	none	none	0.0	0.0	0.0	128	y	90.8	adequate	5.3
1454-Swatantra_Party_Opinion.pdf	1454	9	1446120	none	none	0.0	0.0	0.0	128	n	75.5	weak	16.9
1455-Sassoon_J_David_&_Co_Ltd_30-04-1974.pdf	1455	1	93652	none	none	0.0	0.0	0.0	128	n	151.3	strong	4.8
1456-Letter_to_SV_Raju_30-07-1974.pdf	1456	2	393556	none	none	0.0	0.0	0.0	128	n	39.1	faint	25.4
1457-Letter_to_MR_Arya_26-07-1974.pdf	1457	1	106652	none	none	0.0	0.0	0.0	128	y	132.0	strong	5.5
1458-Plaint_Under_Order_VII_Rule_ICPG.pdf	1458	5	1054564	none	none	0.0	0.0	0.0	128	y	108.5	adequate	9.5
1459-letter_from_VP_Bhatia_25-07-1974.pdf	1459	1	138694	none	none	0.0	0.0	0.0	128	n	110.7	adequate	5.3
146-Time_to_speak_up_for_the_Upperdog.pdf	146	3	523620	none	none	0.0	0.0	0.0	128	n	134.0	strong	13.9
1460-letter_from_VP_Bhatia_25-07-1974.pdf	1460	2	268762	none	none	0.0	0.0	0.0	128	n	102.5	adequate	6.3
1461-Registration_Reciept_26-03-1974.pdf	1461	1	191456	none	none	0.0	0.0	0.0	128	n	102.6	adequate	11.0
1462-Magistrate_Order_14-08-1974.pdf	1462	1	204173	none	none	0.0	0.0	0.0	128	n	69.7	weak	10.2
1463-Letter_to_N_Dandekar_25-07-1974.pdf	1463	3	582125	none	none	0.0	0.0	0.0	128	n	146.2	strong	10.0
1464-Letter_to_Mr_Minoo_Masani_23-07-1974.pdf	1464	1	193092	none	none	0.0	0.0	0.0	128	n	83.1	weak	7.1
1465-Some_Points_About_Swatantra_Party_16-07-1974.pdf	1465	2	323227	none	none	0.0	0.0	0.0	128	n	127.3	adequate	8.7
1466-Letter_to_SV_Raju_15-07-1974.pdf	1466	1	127279	none	none	0.0	0.0	0.0	128	y	98.9	adequate	7.4
1467-Letter_from_Madhu_Mehta_13-07-1974.pdf	1467	1	134088	none	none	0.0	0.0	0.0	128	n	95.9	adequate	5.1
1468-Letter_from_VS_Srikumar_11-07-1974.pdf	1468	4	1364190	none	none	0.0	0.0	0.0	128	n	107.4	adequate	16.2
1469-Telegram_to_S_V_Raju.pdf	1469	1	108010	none	none	0.0	0.0	0.0	128	y	69.3	weak	7.7
147-Democrats_Dilemma-The_White_Star.pdf	147	4	835742	none	none	0.0	0.0	0.0	128	n	122.0	adequate	17.5
1470-Letter_to_SV_Raju_09-07-1974.pdf	1470	2	251299	none	none	0.0	0.0	0.0	128	y	78.3	weak	8.7
1471-Letter_to_SV_Raju_07-07-1974.pdf	1471	2	301871	none	none	0.0	0.0	0.0	128	y	77.0	weak	9.1
1472-Draft_Minutes_of_the_State_Council_Meeting_of_the_Swatantra_Party_06-07-1974.pdf	1472	2	409866	none	none	0.0	0.0	0.0	128	n	85.8	weak	8.2
1473-Letter_from_Piloo_Mody_06-07-1974.pdf	1473	2	455018	none	none	0.0	0.0	0.0	128	n	103.7	adequate	8.3
1474-Telegram_from_Mr_Minoo_Masani.pdf	1474	1	112396	none	none	0.0	0.0	0.0	128	y	67.2	weak	8.3
1475-Letter_to_SV_Raju_05-07-1974.pdf	1475	2	361598	none	none	0.0	0.0	0.0	128	n	84.8	weak	10.9
1476-Letter_to_SV_Raju_02-07-1974.pdf	1476	2	244794	none	none	0.0	0.0	0.0	128	n	132.0	strong	9.2
1477-Next_National_Convention_of_the_Party_01-07-1974.pdf	1477	2	345771	none	none	0.0	0.0	0.0	128	n	112.6	adequate	8.0
1478-Letter_to_Madhu_Mehta_29-06-1974.pdf	1478	2	560501	none	none	0.0	0.0	0.0	128	n	101.4	adequate	11.2
1479-Letter_from_SV_Raju_28-06-1974.pdf	1479	1	218902	none	none	0.0	0.0	0.0	128	n	129.3	adequate	9.3
148-A_Report_from_Europe-The_Onlooker.pdf	148	2	509176	none	none	0.0	0.0	0.0	128	y	135.3	strong	41.0
1480-Sixth_National_Convention_15-04-1974.pdf	1480	1	176516	none	none	0.0	0.0	0.0	128	n	67.5	weak	7.5
1481-Letter_from_Madhu_Mehta_19-06-1974.pdf	1481	3	583349	none	none	0.0	0.0	0.0	128	n	115.7	adequate	9.0
1482-Letter_to_SV_Raju_24-06-1974.pdf	1482	2	314774	none	none	0.0	0.0	0.0	128	y	81.4	weak	25.9
1483-Letter_from_Piloo_Mody_16-06-1974.pdf	1483	4	1009791	none	none	0.0	0.0	0.0	128	n	84.7	weak	9.2
1484-Letter_to_SV_Raju_14-06-1974.pdf	1484	1	120465	none	none	0.0	0.0	0.0	128	n	105.4	adequate	7.4
1485-For_Favour_of_Publication_10-06-1974.pdf	1485	1	212969	none	none	0.0	0.0	0.0	128	n	71.3	weak	11.7
1486-Letter_to_Mr_Minoo_Masani_12-06-1974.pdf	1486	2	344074	none	none	0.0	0.0	0.0	128	n	82.9	weak	6.9
1487-Draft_Programme_&_Policies_of_the_National_Alternative.pdf	1487	7	1147651	none	none	0.0	0.0	0.0	128	n	64.7	weak	16.5
1488-For_Favour_of_Publication_10-06-1974.pdf	1488	4	721166	none	none	0.0	0.0	0.0	128	y	110.7	adequate	9.4
1489-Letter_to_Piloo_Mody_06-06-1974.pdf	1489	2	356375	none	none	0.0	0.0	0.0	128	n	88.9	weak	8.1
149-Publication_for_A_Report_from_Europe.pdf	149	4	693195	none	none	0.0	0.0	0.0	128	y	101.6	adequate	12.9
1490-Letter_to_SV_Raju_04-06-1974.pdf	1490	2	251728	none	none	0.0	0.0	0.0	128	y	89.2	weak	23.3
1491-Letter_to_SV_Raju_27-04-1974.pdf	1491	2	281600	none	none	0.0	0.0	0.0	128	y	72.7	weak	7.9
1492-Letter_from_SV_Raju_13-04-1974.pdf	1492	1	151562	none	none	0.0	0.0	0.0	128	n	117.3	adequate	9.4
1493-Letter_to_SV_Raju_11-04-1974.pdf	1493	2	352564	none	none	0.0	0.0	0.0	128	n	90.0	adequate	26.2
1494-Resolutions_Passed_at_the_National_Excutive_Meeting_of_the_Swatantra_Party_07-04-1974.pdf	1494	4	845661	none	none	0.0	0.0	0.0	128	n	85.6	weak	7.6
1495-Letter_to_Piloo_Mody_26-03-1974.pdf	1495	1	170026	none	none	0.0	0.0	0.0	128	n	156.2	strong	12.9
1496-Letter_to_SV_Raju_19-03-1974.pdf	1496	1	172150	none	none	0.0	0.0	0.0	128	n	83.8	weak	8.6
1497-Letter_to_SV_Raju_18-03-1974.pdf	1497	1	198667	none	none	0.0	0.0	0.0	128	n	93.0	adequate	9.8
1498-Letter_to_Gopal_Krishna_08-03-1974.pdf	1498	2	541328	none	none	0.0	0.0	0.0	128	n	84.0	weak	19.5
1499-Letter_to_SV_Raju_10-03-1974.pdf	1499	3	370464	none	none	0.0	0.0	0.0	128	y	100.0	adequate	6.3
15-Letter_to_Mr_Minoo_Masani_15-03-1971.pdf	15	2	445744	none	none	0.0	0.0	0.0	128	y	87.3	weak	8.4
150-Publication_for_A_Report_from_Europe.pdf	150	4	656948	none	none	0.0	0.0	0.0	128	y	95.4	adequate	13.5
1500-Preparatory_Meeting_to_Consider_Revival_of_Swatantra_Party_29-08-1981.pdf	1500	2	413972	none	none	0.0	0.0	0.0	128	n	75.2	weak	6.9
1501-Swatantra_Newsletter_No-11_October-1960.pdf	1501	8	2320223	none	none	0.0	0.0	0.0	137	n	77.5	weak	15.4
1502-Swatantra_Newsletter_No-12_November-1960.pdf	1502	10	3386504	none	none	0.0	0.0	0.0	128	n	77.8	weak	15.4
1503-Swatantra_Newsletter_No-13_December-1960.pdf	1503	10	3530930	none	none	0.0	0.0	0.0	128	n	76.9	weak	16.4
1504-Swatantra_Newsletter_No-14_January-1961.pdf	1504	8	2834799	none	none	0.0	0.0	0.0	128	n	75.3	weak	21.7
1505-Swatantra_Newsletter_No-15_February-1961.pdf	1505	6	2105194	none	none	0.0	0.0	0.0	128	n	79.5	weak	18.5
1506-Swatantra_Newsletter_No-16_March-1961.pdf	1506	12	4404817	none	none	0.0	0.0	0.0	128	n	82.8	weak	17.8
1507-Swatantra_Newsletter_No-17_April-1961.pdf	1507	10	3479745	none	none	0.0	0.0	0.0	128	n	82.5	weak	17.6
1508-Swatantra_Newsletter_No-18_May-1961.pdf	1508	10	3409494	none	none	0.0	0.0	0.0	128	n	84.6	weak	15.2
1509-Swatantra_Newsletter_No-19_June-1961.pdf	1509	6	2042690	none	none	0.0	0.0	0.0	128	n	80.8	weak	17.5
151-Where_do_we_go_from_here-The_Onlooker.pdf	151	4	716757	none	none	0.0	0.0	0.0	128	y	112.5	adequate	22.5
1510-Swatantra_Newsletter_No-20_July-1961.pdf	1510	6	2130792	none	none	0.0	0.0	0.0	128	n	78.3	weak	21.1
1511-Swatantra_Newsletter_No-22_September-1961.pdf	1511	12	4254964	none	none	0.0	0.0	0.0	128	n	78.1	weak	19.4
1512-Swatantra_Newsletter_No-23_June-1962.pdf	1512	8	2185021	none	none	0.0	0.0	0.0	128	n	74.7	weak	15.1
1513-Swatantra_Newsletter_No-24_July-1962.pdf	1513	8	2289868	none	none	0.0	0.0	0.0	128	n	65.4	weak	18.4
1514-Swatantra_Newsletter_No-25_August-1962.pdf	1514	8	2684433	none	none	0.0	0.0	0.0	128	n	84.1	weak	20.1
1515-Swatantra_Newsletter_No-26_September-1962.pdf	1515	6	1995007	none	none	0.0	0.0	0.0	128	n	81.0	weak	21.5
1516-Swatantra_Newsletter_No-27_October-1962.pdf	1516	8	2333031	none	none	0.0	0.0	0.0	128	n	62.0	weak	24.6
1517-Swatantra_Newsletter_No-28_November-1962.pdf	1517	8	2520273	none	none	0.0	0.0	0.0	128	n	77.3	weak	18.7
1518-Swatantra_Newsletter_No-29_December-1962.pdf	1518	16	5582431	none	none	0.0	0.0	0.0	128	n	79.6	weak	23.6
1519-Swatantra_Newsletter_No-30_January-1963.pdf	1519	10	3549344	none	none	0.0	0.0	0.0	128	n	81.0	weak	23.3
152-Publication_for_Where_do_we_go_from_here-The_Onlooker_24-05-1969.pdf	152	4	664958	none	none	0.0	0.0	0.0	128	y	108.3	adequate	15.7
1520-Swatantra_Newsletter_No-31_February-1963.pdf	1520	12	3987640	none	none	0.0	0.0	0.0	128	n	90.3	adequate	17.0
1521-Swatantra_Newsletter_No-32_March-1963.pdf	1521	12	4263541	none	none	0.0	0.0	0.0	128	n	77.8	weak	21.7
1522-Swatantra_Newsletter_No-33_April-1963.pdf	1522	20	7388530	none	none	0.0	0.0	0.0	128	n	86.4	weak	22.4
1523-Swatantra_Newsletter_No-34_May-1963.pdf	1523	8	2969149	none	none	0.0	0.0	0.0	128	n	87.1	weak	24.8
1524-Swatantra_Newsletter_No-35_June-July-1963.pdf	1524	6	2041055	none	none	0.0	0.0	0.0	128	n	86.8	weak	22.4
1525-Swatantra_Newsletter_No-36_August-1963.pdf	1525	6	2096643	none	none	0.0	0.0	0.0	128	n	85.0	weak	22.5
1526-Swatantra_Newsletter_No-37_September-1963.pdf	1526	12	4505994	none	none	0.0	0.0	0.0	128	n	92.1	adequate	25.1
1527-Swatantra_Newsletter_No-38_October-1963.pdf	1527	15	5376844	none	none	0.0	0.0	0.0	128	n	88.2	weak	25.3
1528-Swatantra_Newsletter_No-39_November-1963.pdf	1528	8	2715327	none	none	0.0	0.0	0.0	128	n	81.8	weak	22.0
1529-Swatantra_Newsletter_No-40_December-1963.pdf	1529	10	3462400	none	none	0.0	0.0	0.0	128	n	83.8	weak	21.8
153-Publication_for_Where_do_we_go_from_here-The_Onlooker_24-05-1969.pdf	153	4	660819	none	none	0.0	0.0	0.0	128	y	107.2	adequate	15.6
1530-Swatantra_Newsletter_No-41_January-February-1964.pdf	1530	12	3965097	none	none	0.0	0.0	0.0	128	n	80.5	weak	20.8
1531-Swatantra_Newsletter_No-42_March-1964.pdf	1531	20	7484580	none	none	0.0	0.0	0.0	128	n	94.4	adequate	19.9
1532-Swatantra_Newsletter_No-43_April-May-1964.pdf	1532	20	7459105	none	none	0.0	0.0	0.0	128	n	88.2	weak	18.8
1533-Swatantra_Newsletter_No-44_June-1964.pdf	1533	8	2771592	none	none	0.0	0.0	0.0	128	n	92.3	adequate	19.0
1534-Swatantra_Newsletter_No-45_July-1964.pdf	1534	10	3297212	none	none	0.0	0.0	0.0	128	n	90.4	adequate	16.9
1535-Swatantra_Newsletter_No-46_August-September-1964.pdf	1535	8	2941907	none	none	0.0	0.0	0.0	128	n	91.7	adequate	17.3
1536-Swatantra_Newsletter_No-47_October-November-1964.pdf	1536	16	5456254	none	none	0.0	0.0	0.0	128	n	87.7	weak	12.4
1537-Swatantra_Newsletter_No-01_15-10-1959.pdf	1537	10	2496375	none	none	0.0	0.0	0.0	128	n	47.3	faint	20.7
1538-Swatantra_Newsletter_No-03_January-1960.pdf	1538	11	2511772	none	none	0.0	0.0	0.0	128	n	85.8	weak	11.3
1539-Swatantra_Newsletter_No-04_Febuary-1960.pdf	1539	8	1863709	none	none	0.0	0.0	0.0	128	n	89.2	weak	12.3
154-Planning_and_the_Politician-The_Onlooker.pdf	154	2	508173	none	none	0.0	0.0	0.0	128	n	160.5	strong	27.5
1540-Swatantra_Newsletter_No-05_March-1960.pdf	1540	6	1370952	none	none	0.0	0.0	0.0	128	n	82.9	weak	12.4
1541-Swatantra_Newsletter_No-06_April-May-1960.pdf	1541	11	2569944	none	none	0.0	0.0	0.0	128	n	77.7	weak	29.5
1542-Swatantra_Newsletter_No-07_June-1960.pdf	1542	12	2576438	none	none	0.0	0.0	0.0	128	n	70.3	weak	36.3
1543-Swatantra_Newsletter_No-08_July-1960.pdf	1543	9	2219503	none	none	0.0	0.0	0.0	128	n	78.0	weak	14.2
1544-Swatantra_Newsletter_No-09_August-1960.pdf	1544	15	3633389	none	none	0.0	0.0	0.0	128	n	70.2	weak	15.6
1545-Swatantra_Newsletter_No-10_September-1960.pdf	1545	10	2779818	none	none	0.0	0.0	0.0	128	n	79.1	weak	24.8
1546-Central_Parliamentary_Board_Meeting_Aug-Sep-1967.pdf	1546	17	5332345	none	none	0.0	0.0	0.0	128	n	92.1	adequate	11.5
1547-General_Council_to_Meet_in_Bombay_May-1966.pdf	1547	9	3059810	none	none	0.0	0.0	0.0	128	n	93.6	adequate	15.5
1548-The_Conflict_With_Pakistan_September-1965.pdf	1548	12	3847286	none	none	0.0	0.0	0.0	128	n	92.1	adequate	11.9
1549-Protest_Against_High_Taxes_March-April-1966.pdf	1549	22	7011635	none	none	0.0	0.0	0.0	128	n	90.6	adequate	13.8
155-The_Indian_Image_at_Home_and_Abroad-The_Illustrated_Weekly_of_India_13-08-1967.pdf	155	2	595264	none	none	0.0	0.0	0.0	128	y	119.6	adequate	24.9
1550-A_Month_of_Tragedy_Jan-Feb-1966.pdf	1550	18	5730140	none	none	0.0	0.0	0.0	128	n	90.1	adequate	11.9
1551-National_Excutive_Resolutions_Oct-Nov-1965.pdf	1551	16	5237004	none	none	0.0	0.0	0.0	128	n	91.7	adequate	16.4
1552-Swatantra_Wins_at_Keonjhar_July-Aug-1965.pdf	1552	6	1715341	none	none	0.0	0.0	0.0	128	n	72.7	weak	15.7
1553-Meetings_of_the_Central_Parliamentary_Board_June-1965.pdf	1553	6	1863633	none	none	0.0	0.0	0.0	128	n	78.0	weak	16.4
1554-Central_Parliamentary_Board_Meeting_April-May-1965.pdf	1554	14	4266776	none	none	0.0	0.0	0.0	128	n	78.9	weak	15.0
1555-General_Council_to_Meet_in_Bombay_Jan-Feb-1965.pdf	1555	6	1885900	none	none	0.0	0.0	0.0	128	n	90.0	adequate	12.7
1556-Swatantra_in_Parliament_Oct-Nov-1964.pdf	1556	16	5352412	none	none	0.0	0.0	0.0	128	n	82.3	weak	15.4
1557-The_Union_Budget_March-1964.pdf	1557	16	5857850	none	none	0.0	0.0	0.0	128	n	91.4	adequate	17.4
1558-The_Third_National_Convention_Jan-Feb-1964.pdf	1558	12	3931566	none	none	0.0	0.0	0.0	128	n	82.9	weak	16.5
1559-National_Convention_Dec-1963.pdf	1559	10	3512470	none	none	0.0	0.0	0.0	128	n	91.7	adequate	16.9
156-Report_On_Kashmir_By_Minoo_Masani.pdf	156	4	598292	none	none	0.0	0.0	0.0	128	y	89.9	weak	12.5
1560-The_Seventeenth_Amendment_Oct-1963.pdf	1560	15	5478162	none	none	0.0	0.0	0.0	128	n	97.9	adequate	18.7
1561-Drop_the_Seventeenth_Amendment_Bill_Sep-1963.pdf	1561	12	4494861	none	none	0.0	0.0	0.0	128	n	93.1	adequate	20.7
1562-The_Rajkot_Triumph_June-July-1963.pdf	1562	6	2064260	none	none	0.0	0.0	0.0	128	n	89.1	weak	18.4
1563-A_D_Shroff_Comments_on_the_Union_Budget_May-1963.pdf	1563	8	2923428	none	none	0.0	0.0	0.0	128	n	92.6	adequate	20.3
1564-Meetings_of_the_Central_Organising_Committee_March-1963.pdf	1564	12	4228228	none	none	0.0	0.0	0.0	128	n	80.0	weak	17.7
1565-Meeting_of_the_Parliamentary_Board_Feb-1963.pdf	1565	11	3829417	none	none	0.0	0.0	0.0	128	n	90.4	adequate	16.8
1566-The_Emergency_Jan-1963.pdf	1566	8	2934709	none	none	0.0	0.0	0.0	128	n	82.9	weak	19.2
1567-The_National_Emergency_Dec-1962.pdf	1567	16	5649714	none	none	0.0	0.0	0.0	128	n	81.9	weak	17.8
1568-Village_Panchayat_Elections_in_Orrisa_Aug-1962.pdf	1568	8	2730150	none	none	0.0	0.0	0.0	128	n	85.8	weak	18.4
1569-Parliamentary_Boards_Decision_on_Panchayat_and_Muncipal_Elections_July-1962.pdf	1569	7	2267638	none	none	0.0	0.0	0.0	128	n	89.8	weak	14.7
157-Report_On_Kashmir_By_Minoo_Masani.pdf	157	4	608741	none	none	0.0	0.0	0.0	128	y	95.1	adequate	11.7
1570-Central_Organising_Committee_and_General_Council_Meetings_Aug-1960.pdf	1570	11	2999641	none	none	0.0	0.0	0.0	128	n	67.4	weak	15.0
1571-The_Elections_and_After_June-1962.pdf	1571	7	2132998	none	none	0.0	0.0	0.0	128	n	81.6	weak	15.0
1572-Swatantra_party_on_the_Party_April-1963.pdf	1572	20	7430678	none	none	0.0	0.0	0.0	128	n	93.3	adequate	18.2
1573-The_Union_Budget_March-1964.pdf	1573	16	5866634	none	none	0.0	0.0	0.0	128	n	89.7	weak	17.5
1574-Party_First_Training_Course_Aug-Sep-1964.pdf	1574	8	2237890	none	none	0.0	0.0	0.0	128	n	114.5	adequate	15.6
1575-First_Kerala_State_Convention_Dec-1964.pdf	1575	10	3223413	none	none	0.0	0.0	0.0	128	n	83.7	weak	15.8
1576-General_Council_to_Meet_in_Bombay_Jan-Feb-1965.pdf	1576	6	1876853	none	none	0.0	0.0	0.0	128	n	88.8	weak	13.4
1577-Central_Meetings_in_Bombay_June-1966.pdf	1577	12	3980617	none	none	0.0	0.0	0.0	128	n	94.0	adequate	13.1
1578-Devaluation_July-1966.pdf	1578	12	4057926	none	none	0.0	0.0	0.0	128	n	89.5	weak	15.4
1579-Tribute_to_a_Grand_Old_Man_Nov-1963.pdf	1579	14	4287634	none	none	0.0	0.0	0.0	134	n	91.0	adequate	15.5
158-Report_On_Kashmir_By_Minoo_Masani-The_Onlooker.pdf	158	2	503901	none	none	0.0	0.0	0.0	128	n	141.1	strong	30.9
1580-Fundamental_Rights_Front_June-July-1970.pdf	1580	4	1288823	none	none	0.0	0.0	0.0	128	n	82.3	weak	18.9
1581-Save_India_Aug-Sep-1970.pdf	1581	16	5681496	none	none	0.0	0.0	0.0	128	y	78.0	weak	21.9
1582-The_Emergency_Jan-1963.pdf	1582	4	1491058	none	none	0.0	0.0	0.0	128	n	83.0	weak	18.9
1583-A_Blow_for_Clean_Politics_April-May-1970.pdf	1583	10	3250523	none	none	0.0	0.0	0.0	128	n	90.0	adequate	16.3
1584-Presidents_Acceptance_Speech_Jan-1970.pdf	1584	10	3050106	none	none	0.0	0.0	0.0	128	n	82.0	weak	13.7
1585-Central_Committee_Meetings_Oct-Dec-1969.pdf	1585	6	1616433	none	none	0.0	0.0	0.0	128	n	84.8	weak	14.3
1586-Central_Meetings_in_New_Delhi_July-1967.pdf	1586	12	3800097	none	none	0.0	0.0	0.0	128	n	88.8	weak	14.4
1587-A_Black_Day_June-1964.pdf	1587	16	5242173	none	none	0.0	0.0	0.0	128	n	96.8	adequate	15.8
1588-Rajajis_Mission_Abroad_Oct-1962.pdf	1588	13	4230461	none	none	0.0	0.0	0.0	128	n	71.3	weak	18.6
1589-Meetings_of_Central_Committees_Aug-Dec-1968.pdf	1589	6	1834612	none	none	0.0	0.0	0.0	128	n	82.4	weak	14.7
159-The_West_Asian_Imbroglio.pdf	159	6	691069	none	none	0.0	0.0	0.0	128	y	84.8	weak	14.2
1590-All_India_Kisan_Sammelan_April-May-1964.pdf	1590	8	2680087	none	none	0.0	0.0	0.0	128	n	82.8	weak	16.4
1591-The_Rajkot_Triumph_June-July-1963.pdf	1591	10	3155743	none	none	0.0	0.0	0.0	128	n	79.4	weak	16.2
1592-Swatantra_Unites_Parliament_Against_Government.pdf	1592	4	1120143	none	none	0.0	0.0	0.0	128	n	90.0	adequate	17.6
1593-Swatantra_in_Parliament_19-05-1969.pdf	1593	50	16238825	none	none	0.0	0.0	0.0	128	y	92.4	adequate	17.7
1594-Swatantra_Party_Second_National_Convention_26-05-1961.pdf	1594	24	2823102	none	none	0.0	0.0	0.0	128	y	106.7	adequate	8.6
1595-Swatantra_Party_National_Convention_20-03-1960.pdf	1595	13	1526585	none	none	0.0	0.0	0.0	128	n	120.8	adequate	5.0
1596-Swatantra_Party_Fifth_National_Convention_06-10-1968.pdf	1596	33	4055883	none	none	0.0	0.0	0.0	128	n	120.7	adequate	7.2
1597-Swatantra_Party_Fourth_National_Convention_13-12-1966.pdf	1597	35	4716931	none	none	0.0	0.0	0.0	128	n	135.5	strong	5.6
1598-Swatantra_Party_Third_National_Convention_02-02-1964.pdf	1598	35	4482040	none	none	0.0	0.0	0.0	134	n	158.4	strong	5.7
1599-Swatantra_Party_Fourth_National_Convention_13-12-1966.pdf	1599	35	4940554	none	none	0.0	0.0	0.0	128	n	120.9	adequate	6.6
16-Letter_to_Mr_P_D_Patwari_29-03-1971.pdf	16	2	150196	none	none	0.0	0.0	0.0	128	y	92.7	adequate	3.8
160-The_Democrats_Dilemma_12-08-1967.pdf	160	1	227501	none	none	0.0	0.0	0.0	128	y	88.4	weak	19.4
1600-Swatantra_Party_Fifth_National_Convention_06-10-1968.pdf	1600	24	3597262	none	none	0.0	0.0	0.0	128	y	125.9	adequate	9.8
1601-Swatantra_Party_Fourth_National_Convention_13-12-1966.pdf	1601	17	1772147	none	none	0.0	0.0	0.0	128	n	112.0	adequate	10.7
1602-Swatantra_Party_Fifth_National_Convention_06-10-1968.pdf	1602	24	3325467	none	none	0.0	0.0	0.0	128	n	111.0	adequate	11.5
1603-Swatantra_Party_First_National_Convention_19-03-1960.pdf	1603	6	716686	none	none	0.0	0.0	0.0	128	y	88.6	weak	31.4
1604-Walchandnagar_a_Symbol_of_Agrico-Industrial_Revolution.pdf	1604	207	45450711	none	none	0.0	0.0	0.0	128	n	139.0	strong	11.2
1605-The_Swatantra_Party_By_SV_Raju.pdf	1605	36	4886208	full	good	2287.4	0.842	0.0018	128	n	105.1	adequate	10.4
1606-First_Swatantra_Budget_27-02-1965.pdf	1606	29	2884330	full	good	1679.9	0.86	0.0012	134	y	125.4	adequate	9.6
1607-The_Swatantra_Party-Third_National_Convention_1st&2nd-FEB-1964.pdf	1607	131	20052146	full	good	1506.0	0.784	0.0046	128	y	112.1	adequate	30.1
1608-Swatantra_Party_Election_Manifesto-1967.pdf	1608	26	2113556	full	good	1136.2	0.853	0.0002	140	y	119.8	adequate	5.1
1609-Swatantra_Party-Fifth_National_Convention_5th&6th-OCTOBER-1968.pdf	1609	9	852359	full	good	1033.3	0.836	0.0063	136	n	112.2	adequate	15.3
161-Must_India_Go_The_Vietnam_Way.pdf	161	17	2284486	none	none	0.0	0.0	0.0	128	y	108.0	adequate	26.3
1610-Socialism_An_Ism_That_Has_Become_A_Warm.pdf	1610	6	644709	full	good	1716.0	0.826	0.0011	128	n	100.1	adequate	13.4
1611-Swatantra_Party_Election_Manifesto_March-1972.pdf	1611	6	846172	full	good	2923.5	0.841	0.0021	140	n	96.6	adequate	17.9
1612-The_Government_Employees_Strike.pdf	1612	20	3094758	full	good	2412.3	0.831	0.0043	128	n	120.4	adequate	11.4
1613-Swatantra_Party_Manifesto.pdf	1613	20	2432796	full	good	1424.2	0.848	0.0006	128	n	118.8	adequate	12.5
1614-Swatantra_Party_Preparatory_Convention_1st&2nd-August-1959.pdf	1614	13	1646256	full	good	1733.8	0.882	0.0009	128	n	128.3	adequate	7.0
1615-Philosophies_Of_Industrial_Welfare.pdf	1615	15	1413756	full	good	1328.6	0.878	0.0009	134	n	118.6	adequate	9.6
1616-Swatantra_Party_General_Secretarys_Report-Fourth_National_Convention_1966.pdf	1616	35	4348575	full	good	1759.2	0.827	0.0029	128	n	146.3	strong	5.7
1617-A_Plea_For_Realism_Some_Speech_Delivered_In_Parliament_May-Aug-1957.pdf	1617	70	11657728	full	good	1745.8	0.888	0.0029	128	n	131.5	strong	7.2
1618-17th_Amendment_Vs_Farm_Family_Freedom.pdf	1618	13	1139102	full	good	1244.8	0.831	0.0007	128	y	134.3	strong	9.6
1619-Indian_Council_Of_World_Affairs-The_Outlook_For_The_United_Nations.pdf	1619	22	2052168	full	good	1467.8	0.852	0.0011	134	n	126.6	adequate	9.3
162-For_Favour_of_Publication_06-07-1967.pdf	162	2	343344	none	none	0.0	0.0	0.0	128	y	81.2	weak	9.5
1620-Swatantra_Party_Constitution_General_Council_In_Bombay_30-06-1964.pdf	1620	8	772475	full	good	1361.8	0.831	0.0008	128	n	131.5	strong	9.1
1621-For_Farm_Family_and_Freedom-Swatantra_Party_Programme-1971.pdf	1621	17	2391137	full	good	1852.7	0.865	0.0021	128	y	101.1	adequate	34.8
1622-Swatantra_Party_Election_Manifesto-1967.pdf	1622	25	2206328	full	good	1138.0	0.826	0.0041	134	y	135.3	strong	6.0
1623-Democracy_&_Development.pdf	1623	143	22404981	partial	good	2138.1	0.847	0.0005	128	y	110.8	adequate	21.4
1624-A_plea_For_The_Mixed_Economy-National_Information_&_Publication_Ltd.pdf	1624	38	2740717	partial	good	1281.9	0.88	0.0024	164	n	148.5	strong	21.4
1625-Naxalbari.pdf	1625	20	2629003	full	good	1812.3	0.842	0.0017	134	y	126.4	adequate	20.5
1626-Inaugural_Address-Swatantra_Party_6th_National_Convention.pdf	1626	26	3733799	partial	good	1945.8	0.845	0.0015	128	y	130.1	strong	5.1
1627-Swatantra_Party_Mid-Term_Report-General_Council_Swatantra_Party_15-16-Nov-1969.pdf	1627	34	3288514	full	good	1263.4	0.828	0.0006	134	n	147.5	strong	5.4
1628-Why_I_Oppose_Communism.pdf	1628	56	3701861	full	good	1806.2	0.839	0.0013	140	y	159.1	strong	9.6
1629-A_plea_For_The_Mixed_Economy-National_Information_&_Publication_Ltd.pdf	1629	40	2688017	full	good	1306.8	0.871	0.0016	146	y	136.4	strong	31.0
163-For_Favour_of_Publication_06-07-1967.pdf	163	2	342808	none	none	0.0	0.0	0.0	128	y	79.7	weak	9.0
1630-The_Missed_Opportunity-The_Central_Budget-1967-1968.pdf	1630	47	3907573	full	good	1505.8	0.858	0.0014	146	n	124.0	adequate	6.6
1631-Soviet_Sidelights.pdf	1631	105	8017571	full	good	1085.8	0.861	0.0006	134	y	126.1	adequate	18.0
1632-Picture_Of_A_Plan.pdf	1632	71	10191340	full	good	1377.6	0.869	0.0019	128	y	146.5	strong	25.3
1633-Soviet_Sidelights.pdf	1633	100	9428836	full	good	1041.9	0.832	0.0011	134	y	128.6	adequate	21.2
1634-Picture_Of_A_Plan.pdf	1634	71	9930444	full	good	1386.2	0.87	0.0034	128	y	133.1	strong	25.2
1635-How_to_Start_A_Party_Unit.pdf	1635	4	508502	full	good	2360.0	0.792	0.0089	146	n	120.1	adequate	12.2
1636-Swatantra_Answer_To_Chinese_Communist_Challenge.pdf	1636	51	7094502	full	good	2070.8	0.874	0.001	140	n	140.2	strong	9.7
1637-Inaugural_Address-Swatantra_Party_6th_National_Convention.pdf	1637	25	3471692	full	good	2071.0	0.836	0.0016	128	y	119.1	adequate	9.3
1638-Inaugural_Address-Swatantra_Party_6th_National_Convention.pdf	1638	23	3206532	full	good	2091.7	0.851	0.0004	134	y	121.8	adequate	9.2
1639-Letter_to_Comrades.pdf	1639	20	2487998	full	good	1629.7	0.871	0.0018	128	n	115.0	adequate	11.1
164-Talk_For_the_Bombay_Industries_Association_14-07-1968.pdf	164	15	2037760	none	none	0.0	0.0	0.0	128	y	36.8	faint	24.1
1640-Swatantra_Party_Manifesto.pdf	1640	20	2195572	full	garbled	604.3	0.164	0.1016	128	n	96.8	adequate	13.3
1641-Swatantra_Party_Constitution_General_Council_In_Bombay_30-06-1964.pdf	1641	6	446119	full	degraded	1411.0	0.68	0.0048	140	n	90.6	adequate	9.0
1642-For_Farm_Family_and_Freedom-Swatantra_Party_Programme-1971.pdf	1642	17	2201898	full	good	1842.0	0.868	0.0028	128	y	103.3	adequate	34.4
1643-17th_Amendment_Vs_Farm_Family_Freedom.pdf	1643	13	829239	none	none	0.0	0.0	0.0	185	y	150.9	strong	9.2
1644-Swatantra_Party_Fourth_National_Convention_New_Delhi_12-12-1966.pdf	1644	182	36957445	none	none	0.0	0.0	0.0	128	y	138.2	strong	42.5
1645-Swatantra_Party_Souvenir-1961.pdf	1645	209	45858239	none	none	0.0	0.0	0.0	128	n	154.4	strong	9.5
1646-Rajaji_89_A_Garland_Of_Tributes.pdf	1646	81	15327457	none	none	0.0	0.0	0.0	128	y	95.7	adequate	42.6
1647-Swatantra_Party_Receipts_&_Payments_01-07-1959_to_30-06-1960.pdf	1647	11	2485460	none	none	0.0	0.0	0.0	128	n	48.7	faint	16.9
1648-The_Swatantra_Party_Preparatory_Convention_Held_On_1st&2nd-08-1959.pdf	1648	8	1145310	none	none	0.0	0.0	0.0	128	n	81.3	weak	16.6
1649-Swatanrtra_Party_Convention_25-10-1959.pdf	1649	4	1174534	none	none	0.0	0.0	0.0	128	n	86.4	weak	12.7
165-Poor_Dears_By_Minoo_Masani.pdf	165	4	416609	none	none	0.0	0.0	0.0	128	y	99.6	adequate	15.6
1650-Swatantra_Party_Vs_National_Congress_18-08-1959.pdf	1650	6	1222570	none	none	0.0	0.0	0.0	128	y	84.5	weak	8.0
1651-Original_Allocation_Of_Grants_To_The_Regional_Committees_In_The_State.pdf	1651	1	119981	none	none	0.0	0.0	0.0	128	n	99.1	adequate	4.6
1652-Letter_to_Hindustan_Construction_Co_Ltd_15-10-1959.pdf	1652	6	457929	none	none	0.0	0.0	0.0	128	n	137.5	strong	3.8
1653-Letter_to_Mr_S_Y_Krishnaswamy_17-11-1959.pdf	1653	1	175641	none	none	0.0	0.0	0.0	128	n	113.0	adequate	7.8
1654-Letter_to_Mr_H_P_Modi.pdf	1654	1	162616	none	none	0.0	0.0	0.0	128	n	110.8	adequate	2.8
1655-Telegram_to_Mr_S_Y_Krishnaswamy_17-11-1959.pdf	1655	1	141025	none	none	0.0	0.0	0.0	128	n	103.4	adequate	7.6
1656-Letter_to_Mr_S_Y_Krishnaswamy_17-11-1959.pdf	1656	2	308767	none	none	0.0	0.0	0.0	128	n	34.9	faint	23.6
1657-Letter_to_Ram_Rai_Munshi_16-11-1959.pdf	1657	1	157434	none	none	0.0	0.0	0.0	128	n	123.6	adequate	4.7
1658-Letter_to_Mr_H_N_Hota_16-11-1959.pdf	1658	1	183416	none	none	0.0	0.0	0.0	128	n	119.2	adequate	4.4
1659-Late_Sardar_Vallabhbhai_Patel_86th_Birth_Anniversary_Meeting_09-11-1959.pdf	1659	2	63538	none	none	0.0	0.0	0.0	128	n	132.7	strong	4.8
166-Reflection_On_Republic_Day-1968.pdf	166	4	690496	none	none	0.0	0.0	0.0	128	n	61.3	weak	22.1
1660-Letter_to_Dr_Cooper_16-11-1959.pdf	1660	1	72701	none	none	0.0	0.0	0.0	128	n	119.1	adequate	3.7
1661-Swatantra_Party_Notice_For_Meeting_09-11-1959.pdf	1661	1	98613	none	none	0.0	0.0	0.0	128	n	134.7	strong	4.3
1662-Letter_to_Kaikhusru_07-11-1959.pdf	1662	1	198697	none	none	0.0	0.0	0.0	128	n	121.1	adequate	7.4
1663-Letter_To_Mr_Minoo_Masani_06-11-1959.pdf	1663	3	335558	none	none	0.0	0.0	0.0	128	n	113.0	adequate	9.5
1664-Letter_to_Chiranjilal_Loyalka_06-11-1959.pdf	1664	1	119802	none	none	0.0	0.0	0.0	128	n	120.3	adequate	3.1
1665-Letter_to_Mr_H_P_Modi_06-11-1959.pdf	1665	6	992373	none	none	0.0	0.0	0.0	128	n	76.2	weak	12.0
1666-Letter_to_Mr_H_P_Modi_06-11-1959.pdf	1666	1	165313	none	none	0.0	0.0	0.0	128	n	89.8	weak	6.9
1667-Letter_to_Mr_G_Rajagopalachari_03-11-1959.pdf	1667	1	149898	none	none	0.0	0.0	0.0	128	n	87.2	weak	8.1
1668-Letter_to_Pandit_B_N_Chaturvedi_02-11-1959.pdf	1668	1	132410	none	none	0.0	0.0	0.0	128	n	113.3	adequate	4.9
1669-Swatantra_Party_Minutes_of_Meeting_29-10-1959.pdf	1669	2	344355	none	none	0.0	0.0	0.0	128	n	83.3	weak	49.3
167-A-Speech_of_Mr_Minoo_Masani_26-02-1968.pdf	167	46	6031568	none	none	0.0	0.0	0.0	128	n	54.8	faint	15.1
167-Letter_to_Mr_Minoo_Masani_27-03-1968.pdf	167	1	66494	none	none	0.0	0.0	0.0	128	y	88.7	weak	5.9
1670-Letter_to_Mr_Purshotam_Das_28-10-1959.pdf	1670	1	120417	none	none	0.0	0.0	0.0	128	y	111.3	adequate	6.9
1671-Letter_to_Mr_H_P_Modi_25-10-1959.pdf	1671	2	233039	none	none	0.0	0.0	0.0	128	y	68.0	weak	27.8
1672-Letter_to_Mr_H_P_Modi_23-10-1959.pdf	1672	1	166964	none	none	0.0	0.0	0.0	128	n	63.4	weak	10.0
1673-Letter_to_Mr_S_S_Mariswamy_22-10-1959.pdf	1673	1	118674	none	none	0.0	0.0	0.0	128	n	92.5	adequate	5.1
1674-Letter_to_Mr_H_P_Modi.pdf	1674	1	193911	none	none	0.0	0.0	0.0	128	n	93.3	adequate	9.6
1675-Letter_to_Mr_H_P_Modi_20-10-1959.pdf	1675	2	168232	none	none	0.0	0.0	0.0	128	y	97.4	adequate	5.9
1676-Letter_to_A_A_Jasdenvala_20-10-1959.pdf	1676	1	58441	none	none	0.0	0.0	0.0	128	y	93.3	adequate	3.8
1677-Letter_to_Jal_J_Gazdar_20-10-1959.pdf	1677	1	59113	none	none	0.0	0.0	0.0	128	y	81.7	weak	92.3
1678-Letter_to_Mrs_F_J_Gazdar_20-10-1959.pdf	1678	1	53381	none	none	0.0	0.0	0.0	128	y	99.8	adequate	2.9
1679-Letter_to_Mr_C_Rajagopalachari_20-10-1959.pdf	1679	2	280592	none	none	0.0	0.0	0.0	128	y	103.8	adequate	15.2
168-Do_Not_Trespass-The_White_Star.pdf	168	6	1316838	none	none	0.0	0.0	0.0	128	n	107.1	adequate	16.1
1680-Letter_to_Mr_S_Y_Krishnaswamy_19-10-1959.pdf	1680	1	118271	none	none	0.0	0.0	0.0	128	n	105.7	adequate	6.8
1681-Letter_to_Mr_H_P_Modi_17-10-1959.pdf	1681	1	83314	none	none	0.0	0.0	0.0	128	y	60.1	weak	9.9
1682-Letter_to_Mr_H_P_Modi_16-10-1959.pdf	1682	1	121911	none	none	0.0	0.0	0.0	128	y	48.6	faint	10.2
1683-Swatantra_Newsletter_No-1_15-10-1959.pdf	1683	10	2441113	none	none	0.0	0.0	0.0	128	n	42.7	faint	20.7
1684-Letter_to_Mr_A_D_Shroff_15-10-1959.pdf	1684	3	273215	none	none	0.0	0.0	0.0	128	y	69.1	weak	14.3
1685-Letter_to_Mr_Homi_Modi_14-10-1959.pdf	1685	3	574308	none	none	0.0	0.0	0.0	128	n	132.2	strong	12.0
1686-Letter_to_Mr_Homi_Modi.pdf	1686	1	102525	none	none	0.0	0.0	0.0	128	n	27.0	faint	32.7
1687-Letter_to_Mr_Homi_Modi.pdf	1687	1	109929	none	none	0.0	0.0	0.0	128	n	81.0	weak	3.4
1688-Swatanrtra_Party_Statement_of_Remittances_10-10-1959.pdf	1688	1	118417	none	none	0.0	0.0	0.0	128	n	80.4	weak	5.3
1689-Letter_to_Chimanlal_B_Parikh_12-10-1959.pdf	1689	1	101497	none	none	0.0	0.0	0.0	128	n	111.1	adequate	2.8
169-A_Monstrosity_In_The_Making-World_Trade.pdf	169	10	1585539	none	none	0.0	0.0	0.0	128	y	111.5	adequate	12.9
1690-Swatantra_Party_Minutes_of_Meeting_09-10-1959.pdf	1690	2	381829	none	none	0.0	0.0	0.0	128	n	75.6	weak	9.8
1691-Letter_to_Raja_Bahadur_Singh_07-10-1959.pdf	1691	1	139830	none	none	0.0	0.0	0.0	128	n	131.6	strong	7.7
1692-Letter_to_Mr_R_Agni_Bhoj_07-10-1959.pdf	1692	1	157218	none	none	0.0	0.0	0.0	128	n	130.0	strong	8.7
1693-Letter_to_Mr_Kalayan_Singh_06-10-1959.pdf	1693	1	114933	none	none	0.0	0.0	0.0	128	n	116.0	adequate	4.3
1694-Letter_to_Mr_Ranbir_Singh_Jain_05-10-1959.pdf	1694	1	120343	none	none	0.0	0.0	0.0	128	n	112.6	adequate	6.2
1695-Letter_to_Mr_Homi_Modi_03-10-1959.pdf	1695	2	517787	none	none	0.0	0.0	0.0	128	n	111.6	adequate	15.3
1696-Letter_to_General_Nathu_Singh_01-10-1959.pdf	1696	1	157819	none	none	0.0	0.0	0.0	128	n	105.9	adequate	10.3
1697-Letter_to_Mr_Homi_Modi_29-09-1959.pdf	1697	2	255549	none	none	0.0	0.0	0.0	128	y	89.2	weak	6.1
1698-Letter_to_Mr_H_P_Modi_29-09-1959.pdf	1698	9	1464865	none	none	0.0	0.0	0.0	128	y	89.1	weak	28.8
1699-Letter_to_Mr_C_Rajagopalachari_29-09-1959.pdf	1699	4	635235	none	none	0.0	0.0	0.0	128	y	108.3	adequate	15.2
17-Letter_to_Mr_Minoo_Masani_16-03-1971.pdf	17	1	155844	none	none	0.0	0.0	0.0	128	y	81.8	weak	8.5
170-The_Outlook_for_Party_Ploitics_in_India.pdf	170	15	2159062	none	none	0.0	0.0	0.0	128	y	70.9	weak	36.4
1700-Letter_to_Mr_Lynn_28-09-1959.pdf	1700	1	105104	none	none	0.0	0.0	0.0	128	y	106.7	adequate	4.5
1701-Letter_to_A_P_28-09-1959.pdf	1701	3	394281	none	none	0.0	0.0	0.0	128	y	67.2	weak	10.5
1702-Letter_to_Mr_S_Y_Krishnaswamy_27-09-1959.pdf	1702	5	945855	none	none	0.0	0.0	0.0	128	n	77.9	weak	15.4
1703-Letter_to_Mr_Homi_Modi_26-09-1959.pdf	1703	2	167062	none	none	0.0	0.0	0.0	128	y	83.1	weak	24.3
1704-Letter_to_Mr_Homi_Modi_26-09-1959.pdf	1704	1	259283	none	none	0.0	0.0	0.0	128	n	86.1	weak	15.7
1705-Letter_to_Mr_K_N_Munshi_25-09-1959.pdf	1705	1	148853	none	none	0.0	0.0	0.0	128	n	131.7	strong	5.8
1706-Letter_to_Mr_H_P_Modi_23-09-1959.pdf	1706	2	313007	none	none	0.0	0.0	0.0	128	n	92.9	adequate	8.4
1707-Letter_to_Mr_J_F_Jehangir_23-09-1959.pdf	1707	2	195243	none	none	0.0	0.0	0.0	128	y	56.2	faint	22.7
1708-Swatantra_Party_Minutes_of_Meeting_24-09-1959.pdf	1708	2	389345	none	none	0.0	0.0	0.0	128	n	74.5	weak	11.7
1709-Letter_to_Mr_S_Y_Krishnaswamy_23-09-1959.pdf	1709	1	163758	none	none	0.0	0.0	0.0	128	n	114.9	adequate	11.9
171-The_Review_of_Road_Transport_in_India_28-10-1968.pdf	171	2	370328	none	none	0.0	0.0	0.0	128	n	121.0	adequate	15.5
1710-Letter_to_Mr_Homi_Modi_21-09-1959.pdf	1710	3	233618	none	none	0.0	0.0	0.0	128	y	78.0	weak	38.4
1711-Letter_to_Mr_Homi_Modi_21-09-1959.pdf	1711	2	226341	none	none	0.0	0.0	0.0	128	y	62.4	weak	19.8
1712-Letter_to_Mr_N_C_Zamindar_14-09-1959.pdf	1712	1	125193	none	none	0.0	0.0	0.0	128	n	114.6	adequate	4.2
1713-Letter_to_Mr_Homi_Modi_13-09-1959.pdf	1713	2	336432	none	none	0.0	0.0	0.0	128	n	81.5	weak	6.8
1714-Letter_to_Mr_Homi_Modi_10-09-1959.pdf	1714	2	216700	none	none	0.0	0.0	0.0	128	y	53.1	faint	26.6
1715-Letter_to_Mr_Homi_Modi_08-09-1959.pdf	1715	1	108388	none	none	0.0	0.0	0.0	128	y	43.2	faint	60.2
1716-Letter_to_Mr_C_Rajagopalachari_07-09-1959.pdf	1716	1	133961	none	none	0.0	0.0	0.0	128	n	127.4	adequate	9.5
1717-Letter_to_Mr_Homi_Modi_14-08-1959.pdf	1717	2	176346	none	none	0.0	0.0	0.0	128	y	65.8	weak	46.3
1718-Letter_to_Mr_C_Rajagopalachari_09-08-1959.pdf	1718	1	124149	none	none	0.0	0.0	0.0	128	y	83.7	weak	7.0
1719-Letter_to_Mr_Homi_Modi_09-08-1959.pdf	1719	1	112429	none	none	0.0	0.0	0.0	128	y	63.9	weak	9.4
172-The_Review_of_Road_Transport_in_India.pdf	172	4	718916	none	none	0.0	0.0	0.0	128	n	136.6	strong	15.9
1720-Letter_to_Mr_Homi_Modi_10-08-1959.pdf	1720	1	84536	none	none	0.0	0.0	0.0	128	y	87.6	weak	7.4
1721-Letter_to_General_Nathu_Singh_08-09-1959.pdf	1721	1	127999	none	none	0.0	0.0	0.0	128	n	110.1	adequate	6.8
1722-Letter_to_Mr_Homi_Modi_27-08-1959.pdf	1722	2	210964	none	none	0.0	0.0	0.0	128	y	62.7	weak	15.5
1723-Letter_to_Mr_S_Y_Krishnaswamy_08-09-1959.pdf	1723	1	158419	none	none	0.0	0.0	0.0	128	n	105.8	adequate	10.0
1724-Letter_To_Mr_Minoo_Masani_03-09-1959.pdf	1724	1	183786	none	none	0.0	0.0	0.0	128	n	77.0	weak	16.0
1725-Letter_to_Mr_Homi_Modi_01-09-1959.pdf	1725	1	131711	none	none	0.0	0.0	0.0	128	n	47.7	faint	10.1
1726-Letter_to_Mr_S_Y_Krishnaswamy_28-08-1959.pdf	1726	1	244711	none	none	0.0	0.0	0.0	128	n	68.6	weak	16.0
1727-Letter_To_Mr_Minoo_Masani_29-08-1959.pdf	1727	1	140136	none	none	0.0	0.0	0.0	128	y	98.6	adequate	10.2
1728-Letter_to_Mr_Homi_Modi_28-08-1959.pdf	1728	1	96324	none	none	0.0	0.0	0.0	128	y	87.0	weak	3.2
1729-Letter_to_Mr_Homi_Modi_06-09-1959.pdf	1729	1	113888	none	none	0.0	0.0	0.0	128	n	43.8	faint	15.0
173-Last_Hope_or_Lost_Hope-Swatantra_Sonvenir.pdf	173	2	261646	none	none	0.0	0.0	0.0	128	n	81.2	weak	11.8
1730-Letter_From_Mr_Raghavendra_Pratap_Singh_02-09-1959.pdf	1730	1	155484	none	none	0.0	0.0	0.0	128	n	56.6	faint	10.3
1731-Letter_to_Mr_Hukum_Singh_04-09-1959.pdf	1731	1	93050	none	none	0.0	0.0	0.0	128	y	117.7	adequate	8.0
1732-Letter_to_Mr_Homi_Modi_31-08-1959.pdf	1732	1	154450	none	none	0.0	0.0	0.0	128	n	53.4	faint	9.7
1733-Swatantra_Party_Minutes_of_Meeting_21-08-1959.pdf	1733	3	584893	none	none	0.0	0.0	0.0	128	n	92.9	adequate	8.5
1734-Swatantra_Party_Notice_For_Meeting_31-08-1959.pdf	1734	1	71575	none	none	0.0	0.0	0.0	128	y	97.7	adequate	3.4
1735-Letter_to_Mr_Homi_Modi_05-09-1959.pdf	1735	3	243290	none	none	0.0	0.0	0.0	128	y	77.9	weak	4.2
1736-Letter_to_Sirdar_P_S_Sodhbans_04-08-1959.pdf	1736	1	157310	none	none	0.0	0.0	0.0	128	n	124.8	adequate	9.6
1737-Letter_to_Mr_Homi_Modi_30-07-1959.pdf	1737	1	93542	none	none	0.0	0.0	0.0	128	y	83.3	weak	6.0
1738-Letter_to_Mr_Homi_Modi_21-07-1959.pdf	1738	2	254867	none	none	0.0	0.0	0.0	128	y	45.6	faint	21.9
1739-Letter_From_Sirdar_P_S_Sodhbans_01-07-1959.pdf	1739	2	495222	none	none	0.0	0.0	0.0	128	n	77.8	weak	12.1
174-Letter_to_Mr_S_V_Raju_19-09-1968.pdf	174	1	119842	none	none	0.0	0.0	0.0	128	y	111.8	adequate	4.2
1740-Letter_to_Mr_C_Rajagopalachari_19-06-1959.pdf	1740	5	996503	none	none	0.0	0.0	0.0	128	n	78.2	weak	16.9
1741-International_Whos_Who.pdf	1741	1	128874	none	none	0.0	0.0	0.0	128	y	78.3	weak	8.8
1742-Some_Extracts_From_Transcript_Of_Prime_Ministers_Press_Conference_07-08-1959.pdf	1742	4	937388	none	none	0.0	0.0	0.0	128	y	75.2	weak	33.0
1743-Letter_to_Mr_Raghavendra_Pratap_Singh_22-09-1959.pdf	1743	2	208659	none	none	0.0	0.0	0.0	128	n	28.8	faint	26.8
1744-Letter_to_Mr_Homi_Modi_09-08-1959.pdf	1744	1	142394	none	none	0.0	0.0	0.0	128	y	78.3	weak	16.6
1745-Proceeeding_Of_The_Organising_Committee_Of_Swatantra_Party_22-08-1959.pdf	1745	6	1012689	none	none	0.0	0.0	0.0	128	y	89.4	weak	9.3
1746-Swatantra_Party_Receipts_&_Payments_01-06-1959_to_22-09-1959.pdf	1746	1	148151	none	none	0.0	0.0	0.0	128	n	95.6	adequate	8.6
1747-Swatantra_Party_Minutes_of_Meeting_03-09-1959.pdf	1747	3	586028	none	none	0.0	0.0	0.0	128	n	86.0	weak	9.5
1748-Letter_to_Mr_Homi_Modi_10-09-1959.pdf	1748	2	225703	none	none	0.0	0.0	0.0	128	y	56.0	faint	13.9
1749-The_Constitution_Committee_23-08-1959.pdf	1749	2	321947	none	none	0.0	0.0	0.0	128	y	68.5	weak	15.6
175-Publication_for_Last_Hope_or_Lost_Hope.pdf	175	2	323522	none	none	0.0	0.0	0.0	128	n	130.5	strong	11.4
1750-Proceeeding_Of_An_Informal_Meeting_06-08-1959.pdf	1750	4	761477	none	none	0.0	0.0	0.0	128	y	50.0	faint	25.8
1751-Letter_to_N_G_Ranga_09-08-1959.pdf	1751	1	96294	none	none	0.0	0.0	0.0	128	y	90.3	adequate	7.7
1752-Swatantra_Party_Statement_Of_Financial_Position_08-08-1959.pdf	1752	1	130746	none	none	0.0	0.0	0.0	128	n	124.1	adequate	7.3
1753-Revised_Statement_Of_Principles.pdf	1753	8	1432446	none	none	0.0	0.0	0.0	128	n	74.7	weak	12.6
1754-Letter_to_Mr_Homi_Modi_15-08-1959.pdf	1754	1	95158	none	none	0.0	0.0	0.0	128	y	45.1	faint	19.6
1755-Letter_to_Mr_N_C_Zamindar_12-08-1959.pdf	1755	1	143839	none	none	0.0	0.0	0.0	128	y	101.4	adequate	12.2
1756-Letter_to_Mr_Homi_Modi_07-08-1959.pdf	1756	2	182578	none	none	0.0	0.0	0.0	128	y	60.2	weak	22.6
1757-Letter_From_Mr_C_V_Ramanatha_06-08-1959.pdf	1757	2	180634	none	none	0.0	0.0	0.0	128	y	63.0	weak	9.9
1758-Letter_to_Mr_C_V_Ramanatha_30-05-1959.pdf	1758	1	81926	none	none	0.0	0.0	0.0	128	y	43.7	faint	21.2
1759-Liberty_Of_The_Indivisual.pdf	1759	8	2362621	none	none	0.0	0.0	0.0	128	y	79.2	weak	31.0
176-Publication_for_Last_Hope_or_Lost_Hope.pdf	176	2	313268	none	none	0.0	0.0	0.0	128	n	126.6	adequate	11.7
1760-Letter_to_Mr_N_C_Zamindar_24-08-1959.pdf	1760	1	121952	none	none	0.0	0.0	0.0	128	y	92.8	adequate	10.5
1761-Letter_to_Mr_S_Y_Krishnaswamy_24-08-1959.pdf	1761	1	119313	none	none	0.0	0.0	0.0	128	n	131.8	strong	5.5
1762-Letter_to_Mr_Homi_Modi_24-08-1959.pdf	1762	1	96690	none	none	0.0	0.0	0.0	128	y	60.5	weak	93.1
1763-Letter_to_N_G_Ranga.pdf	1763	1	63773	none	none	0.0	0.0	0.0	128	y	30.2	faint	33.4
1764-Letter_to_Mr_C_Rajagopalachari_14-08-1959.pdf	1764	1	159435	none	none	0.0	0.0	0.0	128	n	61.8	weak	16.8
1765-Swatantra_Party_Agenda_For_Meeting_22-08-1959.pdf	1765	12	1946146	none	none	0.0	0.0	0.0	128	y	89.8	weak	6.2
1766-Letter_to_Major_S_R_Bamji_21-08-1959.pdf	1766	7	856849	none	none	0.0	0.0	0.0	128	y	78.1	weak	53.4
1767-Letter_to_Mr_Ruttonchund_Master_21-08-1959.pdf	1767	1	113249	none	none	0.0	0.0	0.0	128	n	140.7	strong	5.1
1768-Letter_to_Mr_Homi_Modi_19-08-1959.pdf	1768	2	295505	none	none	0.0	0.0	0.0	128	y	75.0	weak	6.9
1769-Letter_to_Mr_Homi_Modi_15-08-1959.pdf	1769	3	432982	none	none	0.0	0.0	0.0	128	y	71.9	weak	6.9
177-Publication_for_Last_Hope_or_Lost_Hope.pdf	177	2	313916	none	none	0.0	0.0	0.0	128	y	122.1	adequate	11.7
1770-Letter_to_Mr_Homi_Modi_07-08-1959.pdf	1770	1	121747	none	none	0.0	0.0	0.0	128	y	57.0	faint	5.3
1771-Letter_to_Mr_Homi_Modi_02-08-1959.pdf	1771	1	147367	none	none	0.0	0.0	0.0	128	y	65.7	weak	8.3
1772-Letter_to_Mr_Homi_Modi_03-08-1959.pdf	1772	3	434968	none	none	0.0	0.0	0.0	128	y	60.1	weak	8.0
1773-Letter_to_Mr_Homi_Modi_14-07-1959.pdf	1773	2	310944	none	none	0.0	0.0	0.0	128	y	73.1	weak	7.8
1774-Letter_to_Mr_Homi_Modi_16-07-1959.pdf	1774	3	463900	none	none	0.0	0.0	0.0	128	y	82.0	weak	7.7
1775-Letter_to_Mr_Homi_Modi_22-07-1959.pdf	1775	2	291372	none	none	0.0	0.0	0.0	128	y	61.7	weak	8.6
1776-Letter_to_Mr_Homi_Modi_27-07-1959.pdf	1776	2	284673	none	none	0.0	0.0	0.0	128	y	70.8	weak	6.9
1777-Letter_to_Mr_Homi_Modi_09-07-1959.pdf	1777	2	315916	none	none	0.0	0.0	0.0	128	y	97.3	adequate	7.8
1778-Letter_to_Raja_Hutheesing_20-08-1959.pdf	1778	3	346415	none	none	0.0	0.0	0.0	128	y	87.0	weak	15.9
1779-Letter_to_Mr_B_B_Kapasi_20-08-1959.pdf	1779	2	167857	none	none	0.0	0.0	0.0	128	y	90.8	adequate	3.2
178-Business_Vs_Bureaucracy_By_Mr_Masani.pdf	178	6	1152060	none	none	0.0	0.0	0.0	128	n	116.8	adequate	26.4
1780-Letter_to_R_V_Murthy_20-08-1959.pdf	1780	2	172574	none	none	0.0	0.0	0.0	128	n	100.7	adequate	48.2
1781-Letter_to_Mr_Homi_Modi_16-08-1959.pdf	1781	1	93208	none	none	0.0	0.0	0.0	128	y	78.6	weak	5.1
1782-Commerce_An_Unbecoming_Reply_15-08-1959.pdf	1782	4	1544554	none	none	0.0	0.0	0.0	128	y	85.5	weak	20.2
1783-Commerce_Fresh_Hope_For_Democracy_In_India_08-08-1959.pdf	1783	4	1537648	none	none	0.0	0.0	0.0	128	y	86.4	weak	20.2
1784-Letter_to_Mr_B_N_Anantani_19-08-1959.pdf	1784	2	252425	none	none	0.0	0.0	0.0	128	y	82.7	weak	7.4
1785-Re-Dedication_15-08-1959.pdf	1785	4	656505	none	none	0.0	0.0	0.0	128	y	85.9	weak	10.5
1786-Swatantra_Party_Notice_For_Meeting_13-08-1959.pdf	1786	1	88891	none	none	0.0	0.0	0.0	128	y	94.5	adequate	4.7
1787-Swatantra_Party_Minutes_of_Meeting_12-08-1959.pdf	1787	2	383745	none	none	0.0	0.0	0.0	128	n	73.3	weak	10.3
1788-Letter_to_D_N_D_Khandalavala_19-08-1959.pdf	1788	1	123219	none	none	0.0	0.0	0.0	128	n	108.7	adequate	4.8
1789-Letter_to_Mr_Homi_Modi_13-08-1959.pdf	1789	2	123623	none	none	0.0	0.0	0.0	128	y	61.7	weak	31.7
179-Discussion_with_the_Monopolies_Commissions.pdf	179	5	662041	none	none	0.0	0.0	0.0	128	n	112.8	adequate	7.5
1790-Letter_to_Mr_S_Y_Krishnaswamy_08-08-1959.pdf	1790	2	178191	none	none	0.0	0.0	0.0	128	n	114.3	adequate	2.6
1791-Letter_to_Mrs_Lynn_06-08-1959.pdf	1791	3	471590	none	none	0.0	0.0	0.0	128	n	116.7	adequate	11.1
1792-Letter_to_Mr_Homi_Modi_04-08-1959.pdf	1792	2	240829	none	none	0.0	0.0	0.0	128	y	83.9	weak	14.4
1793-Letter_From_Mr_S_Y_Krishnaswamy_04-08-1959.pdf	1793	1	113781	none	none	0.0	0.0	0.0	128	n	92.6	adequate	5.6
1794-Swatantra_Party_Minutes_of_Meeting_24-09-1959.pdf	1794	2	378043	none	none	0.0	0.0	0.0	128	n	97.1	adequate	9.5
1795-Swatantra_Party_List_Of_Member_Of_The_Central_Organising_Committee.pdf	1795	1	123642	none	none	0.0	0.0	0.0	128	y	52.2	faint	22.0
1796-Letter_to_Isaac_Mathai_06-08-1959.pdf	1796	1	93720	none	none	0.0	0.0	0.0	128	y	51.1	faint	37.9
1797-Letter_to_Mr_Homi_Modi_03-08-1959.pdf	1797	2	301576	none	none	0.0	0.0	0.0	128	y	81.2	weak	11.6
1798-India_Is_Greater_Than_Hindi.pdf	1798	3	735252	none	none	0.0	0.0	0.0	128	n	72.3	weak	12.9
1799-Swatantra_Party_Notice_For_Meeting_05-08-1959.pdf	1799	1	76671	none	none	0.0	0.0	0.0	128	y	86.7	weak	4.8
18-Letter_to_Mr_Ramchandra_M_Barot_29-03-1971.pdf	18	1	117525	none	none	0.0	0.0	0.0	128	y	90.6	adequate	3.2
180-Monopolies_and_Restrietive_Trade_Discussion_On_Parliament_03-08-1968.pdf	180	35	6168433	none	none	0.0	0.0	0.0	128	y	131.5	strong	13.3
1800-Swatantra_Party_Minutes_of_Meeting_02-08-1959.pdf	1800	2	317838	none	none	0.0	0.0	0.0	128	n	54.1	faint	24.4
1801-Swatantra_Party_Notice_29-07-1959.pdf	1801	1	76767	none	none	0.0	0.0	0.0	128	y	103.1	adequate	4.4
1802-Swatantra_Party_Notice_28-07-1959.pdf	1802	1	72845	none	none	0.0	0.0	0.0	128	y	99.7	adequate	4.3
1803-Letter_to_HP_Mody_30-07-1959.pdf	1803	1	90762	none	none	0.0	0.0	0.0	128	y	65.0	weak	7.6
1804-Letter_from_HP_Mody_30-07-1959.pdf	1804	3	325791	none	none	0.0	0.0	0.0	128	y	97.1	adequate	6.8
1805-Letter_to_HP_Mody_28-07-1959.pdf	1805	1	110003	none	none	0.0	0.0	0.0	128	n	30.8	faint	22.7
1807-Letter_to_HP_Mody_23-07-1959.pdf	1807	15	2377349	none	none	0.0	0.0	0.0	128	y	82.7	weak	9.3
1808-Letter_from_Piloo_Mody_20-07-1959.pdf	1808	4	777757	none	none	0.0	0.0	0.0	128	n	87.6	weak	17.2
1809-Letter_to_T_Sadasivam_22-07-1959.pdf	1809	1	121153	none	none	0.0	0.0	0.0	128	n	90.4	adequate	8.6
181-Accelerating_Economic_Development_With_Political_Stability_26-12-1968.pdf	181	6	1211232	none	none	0.0	0.0	0.0	128	y	79.1	weak	24.1
1810-Letter_to_HP_Mody_30-06-1959.pdf	1810	1	158368	none	none	0.0	0.0	0.0	128	y	77.3	weak	10.3
1811-The_Kerala_Satyagraha-Swarajya_20-06-1959.pdf	1811	16	4386645	none	none	0.0	0.0	0.0	128	y	118.1	adequate	14.5
1812-Letter_to_BB_Kapashi_22-07-1959.pdf	1812	1	120914	none	none	0.0	0.0	0.0	128	n	108.7	adequate	3.4
1813-Letter_to_Secretary-Indian_Exporter_&_Importer_22-07-1959.pdf	1813	1	112013	none	none	0.0	0.0	0.0	128	n	118.6	adequate	3.4
1814-Letter_to_HP_Mody_08-07-1959.pdf	1814	1	97084	none	none	0.0	0.0	0.0	128	y	64.9	weak	72.4
1815-The_New_political_Party-The_Indian_Exporter_&_Importer_June-1959.pdf	1815	2	463225	none	none	0.0	0.0	0.0	128	y	115.1	adequate	16.7
1816-Letter_from_R_Hateria_29-06-1959.pdf	1816	3	545298	none	none	0.0	0.0	0.0	128	y	59.9	faint	19.1
1817-Letter_to_YD_Tyagi_22-07-1959.pdf	1817	1	129585	none	none	0.0	0.0	0.0	128	y	128.7	adequate	5.2
1818-Letter_to_HP_Mody_14-07-1959.pdf	1818	1	267908	none	none	0.0	0.0	0.0	128	n	101.5	adequate	15.9
1819-Letter_to_HH_Maharawal_16-07-1959.pdf	1819	1	140565	none	none	0.0	0.0	0.0	128	y	75.6	weak	9.2
182-Co-relation_Between_Economic_Development_and_Political_Stability_26-12-1968.pdf	182	6	1177441	none	none	0.0	0.0	0.0	128	y	128.8	adequate	15.5
1820-Letter_to_HP_Mody_13-07-1959.pdf	1820	1	94446	none	none	0.0	0.0	0.0	128	y	58.2	faint	59.0
1821-Letter_to_HP_Mody_08-07-1959.pdf	1821	1	99055	none	none	0.0	0.0	0.0	128	y	104.0	adequate	4.8
1822-Prime_Ministers_Press_Conference_07-07-1959.pdf	1822	3	670914	none	none	0.0	0.0	0.0	128	n	68.6	weak	30.8
1823-Letter_to_Rasiklal_Jani_22-07-1959.pdf	1823	9	980487	none	none	0.0	0.0	0.0	128	y	74.8	weak	26.2
1824-Letter_to_TN_Bhargava_20-07-1959.pdf	1824	1	129661	none	none	0.0	0.0	0.0	128	n	119.5	adequate	5.3
1825-Letter_from_RV_Murthy_14-07-1959.pdf	1825	1	138861	none	none	0.0	0.0	0.0	128	n	106.1	adequate	5.4
1826-Letter_from_TN_Bhargava_10-07-1959.pdf	1826	1	106245	none	none	0.0	0.0	0.0	128	y	87.3	weak	13.5
1827-Organising_Committee_for_Greater_Bombay-Swatantra_Party_14-07-1959.pdf	1827	3	454756	none	none	0.0	0.0	0.0	128	y	61.8	weak	15.8
1828-Letter_from_R_Hateria_09-07-1959.pdf	1828	2	306686	none	none	0.0	0.0	0.0	128	y	85.2	weak	8.8
1829-Speech_by_HP_Mody_06-07-1959.pdf	1829	6	990218	none	none	0.0	0.0	0.0	128	n	78.1	weak	6.5
183-Co-relation_Between_Economic_Development_and_Political_Stability.pdf	183	6	1173957	none	none	0.0	0.0	0.0	128	n	129.5	adequate	15.4
1830-Letter_to_HP_Mody_29-06-1959.pdf	1830	3	309976	none	none	0.0	0.0	0.0	128	y	69.6	weak	35.5
1831-Swatantra_Party_Letter_22-06-1959.pdf	1831	1	117975	none	none	0.0	0.0	0.0	128	n	126.8	adequate	3.6
1832-Letter_to_HP_Mody_19-06-1959.pdf	1832	2	209014	none	none	0.0	0.0	0.0	128	n	59.3	faint	12.1
1833-Letter_to_TM_Mathew_15-06-1959.pdf	1833	3	339049	none	none	0.0	0.0	0.0	128	y	68.5	weak	50.1
1834-Letter_to_HP_Mody_17-06-1959.pdf	1834	1	113647	none	none	0.0	0.0	0.0	128	y	54.1	faint	56.7
1835-Letter_to_HP_Mody_11-06-1959.pdf	1835	1	97503	none	none	0.0	0.0	0.0	128	y	94.5	adequate	5.4
1836-Letter_from_NH_Mapara_10-06-1959.pdf	1836	10	1547189	none	none	0.0	0.0	0.0	128	n	67.4	weak	14.0
1837-For_Study_&_Information_12-06-1959.pdf	1837	3	527884	none	none	0.0	0.0	0.0	128	n	78.5	weak	11.1
1838-The_AICC_Planning_Seminar_17-06-1959.pdf	1838	1	184339	none	none	0.0	0.0	0.0	128	n	79.9	weak	12.8
1839-Swatantra_Party_Rajasthan_Constituency.pdf	1839	1	202070	none	none	0.0	0.0	0.0	128	n	56.6	faint	13.6
184-Co-relation_Between_Economic_Development_and_Political_Stability.pdf	184	6	1181089	none	none	0.0	0.0	0.0	128	n	130.0	strong	15.4
1840-Swatantra_Party_West_Bengal_Constituency.pdf	1840	2	371812	none	none	0.0	0.0	0.0	128	n	61.2	weak	12.5
1841-Swatantra_Party_Andhra_Constituency.pdf	1841	5	912145	none	none	0.0	0.0	0.0	128	n	66.2	weak	10.9
1842-Swatantra_Party_Mysore_Constituency.pdf	1842	13	2414597	none	none	0.0	0.0	0.0	128	n	68.5	weak	10.2
1843-Swatantra_Party_Madhya_Pradesh_Constituency.pdf	1843	2	394938	none	none	0.0	0.0	0.0	128	n	73.6	weak	9.9
1844-Swatantra_Party_Kerala_Constituency.pdf	1844	3	533461	none	none	0.0	0.0	0.0	128	n	70.9	weak	8.6
1845-Swatantra_Party_Bombay_Constituency.pdf	1845	6	1148890	none	none	0.0	0.0	0.0	128	n	47.4	faint	17.5
1846-Swatantra_Party_Bihar_Constituency.pdf	1846	1	155073	none	none	0.0	0.0	0.0	128	n	35.1	faint	27.7
1847-Swatantra_Party_Assam_Constituency.pdf	1847	1	99399	none	none	0.0	0.0	0.0	128	y	33.5	faint	35.2
1848-Swatantra_Party_Orissa_Constituency.pdf	1848	1	179859	none	none	0.0	0.0	0.0	128	n	70.5	weak	11.9
1849-Swatantra_Party_Punjab_Constituency.pdf	1849	2	345358	none	none	0.0	0.0	0.0	128	n	55.7	faint	15.3
185-The_New_Liberalism_in_India.pdf	185	8	1672838	none	none	0.0	0.0	0.0	128	n	144.5	strong	17.9
1850-Swatantra_Party_Madras_Constituency.pdf	1850	12	2439913	none	none	0.0	0.0	0.0	128	n	61.4	weak	15.9
1851-Swatantra_Party_Delhi_Constituency.pdf	1851	2	419363	none	none	0.0	0.0	0.0	128	n	60.1	weak	14.9
1852-Swatantra_Party_Uttar_Pradesh_Constituency.pdf	1852	5	1104076	none	none	0.0	0.0	0.0	128	n	84.0	weak	11.4
1853-Swatantra_Party_Uttar_Pradesh_Constituency.pdf	1853	10	2237809	none	none	0.0	0.0	0.0	128	n	80.9	weak	10.9
1854-Swatantra_Party_Souvenir_1960.pdf	1854	166	34746764	none	none	0.0	0.0	0.0	128	y	111.8	adequate	33.0
1855-The_Constitution_Twenty_Five_Years_Later.pdf	1855	64	7639750	none	none	0.0	0.0	0.0	128	n	110.3	adequate	10.5
1856-Swatantra_Party-Preparatory_Convention_August-1959.pdf	1856	44	8398225	none	none	0.0	0.0	0.0	128	n	129.3	adequate	9.0
1857-Letter_from_GV_Pant_28-11-1959.pdf	1857	4	572023	none	none	0.0	0.0	0.0	128	n	85.4	weak	20.9
1858-Letter_from_MS_Sundaresan_23-11-1965.pdf	1858	1	120450	none	none	0.0	0.0	0.0	128	n	41.3	faint	23.7
1859-Seventh_Meeting_of_the_Jawaharlal_Nehru_Portrait_Parliamentary_Committee_18-11-1965.pdf	1859	2	412089	none	none	0.0	0.0	0.0	128	n	65.4	weak	13.5
186-Democrats_Must_Unite-The_Realist_Annual.pdf	186	8	1413818	none	none	0.0	0.0	0.0	128	y	83.9	weak	15.5
1860-Letter_to_Dahyabhai_V_Patel_23-11-1965.pdf	1860	2	361470	none	none	0.0	0.0	0.0	128	n	98.8	adequate	33.8
1861-Minutes_of_Meeting-Swatantra_Party_22-11-1965.pdf	1861	1	134581	none	none	0.0	0.0	0.0	128	n	96.3	adequate	6.8
1862-Letter_to_Lal_bahadur_Shstri_21-11-1965.pdf	1862	21	3150926	none	none	0.0	0.0	0.0	128	n	112.9	adequate	12.7
1863-Letter_to_Hukum_Singh_21-11-1965.pdf	1863	2	548800	none	none	0.0	0.0	0.0	128	n	118.1	adequate	24.5
1864-Letter_to_Mr_Minoo_Masani_19-11-1965.pdf	1864	1	84824	none	none	0.0	0.0	0.0	128	y	111.5	adequate	5.4
1865-Letter_to_Mr_Minoo_Masani_17-11-1965.pdf	1865	2	338035	none	none	0.0	0.0	0.0	128	n	65.7	weak	20.1
1866-Letter_to_MS_Sundaresan_17-11-1965.pdf	1866	1	83068	none	none	0.0	0.0	0.0	128	n	42.5	faint	45.9
1867-Letter_to_Mr_Minoo_Masani_16-11-1965.pdf	1867	1	108927	none	none	0.0	0.0	0.0	128	n	110.0	adequate	9.3
1868-Letter_to_Mr_Minoo_Masani_17-08-1965.pdf	1868	1	85053	none	none	0.0	0.0	0.0	128	n	39.8	faint	38.4
1869-Letter_to_N_Raghavan_Pillai_09-08-1965.pdf	1869	1	116517	none	none	0.0	0.0	0.0	128	n	62.9	weak	30.5
187-JP-The_Man_By_Monoo_Masani.pdf	187	3	321673	none	none	0.0	0.0	0.0	128	n	123.3	adequate	24.2
1870-Letter_to_Mr_Minoo_Masani_21-07-1965.pdf	1870	11	2203176	none	none	0.0	0.0	0.0	128	n	81.3	weak	14.8
1871-Seventh_Meeting_of_the_Jawaharlal_Nehru_Portrait_Parliamentary_Committee_16-11-1965.pdf	1871	2	369095	none	none	0.0	0.0	0.0	128	n	60.3	weak	19.1
1872-Letter_to_The_Members_of_the_Central_Committee_Swatantra_Party_15-11-1965.pdf	1872	2	386265	none	none	0.0	0.0	0.0	128	n	71.0	weak	20.8
1873-Letter_from_Mr_Minoo_Masani.pdf	1873	4	454385	none	none	0.0	0.0	0.0	128	y	66.7	weak	13.7
1874-Letter_to_Mr_Minoo_Masani_08-11-1965.pdf	1874	2	267072	none	none	0.0	0.0	0.0	128	n	71.8	weak	8.6
1875-Letter_from_KN_Krishnan_01-11-1965.pdf	1875	1	114491	none	none	0.0	0.0	0.0	128	n	68.5	weak	9.4
1876-Letter_from_Mr_Minoo_Masani_08-11-1965.pdf	1876	1	182436	none	none	0.0	0.0	0.0	128	n	102.1	adequate	17.8
1877-Letter_to_Mr_Minoo_Masani_31-10-1965.pdf	1877	3	550785	none	none	0.0	0.0	0.0	128	n	96.4	adequate	16.0
1878-Letter_from_Mr_Minoo_Masani_16-09-1965.pdf	1878	2	225116	none	none	0.0	0.0	0.0	128	n	59.4	faint	27.3
1879-Swatantra_Party_Circular_03-09-1965.pdf	1879	1	100668	none	none	0.0	0.0	0.0	128	y	104.5	adequate	4.2
188-Warning_Against_Anthoritarion_Backlash.pdf	188	4	866542	none	none	0.0	0.0	0.0	128	n	105.0	adequate	13.8
1880-Letter_to_Mr_Minoo_Masani_04-09-1965.pdf	1880	1	109094	none	none	0.0	0.0	0.0	128	n	59.3	faint	8.7
1881-Letter_from_Mr_Minoo_Masani_01-09-1965.pdf	1881	1	99465	none	none	0.0	0.0	0.0	128	n	52.6	faint	10.3
1882-Swatantra_Party_Notice_24-08-1965.pdf	1882	1	85812	none	none	0.0	0.0	0.0	128	y	130.8	strong	3.5
1883-Telegram_to_Mr_Minoo_Masani.pdf	1883	2	248672	none	none	0.0	0.0	0.0	128	y	63.1	weak	14.8
1884-Letter_to_Mr_Minoo_Masani_18-08-1965.pdf	1884	1	180861	none	none	0.0	0.0	0.0	128	n	55.8	faint	20.6
1885-Swatantra_Party_Notice_19-08-1965.pdf	1885	1	95396	none	none	0.0	0.0	0.0	128	y	111.9	adequate	7.2
1886-Letter_from_Satyanarayan_Sinha_14-08-1965.pdf	1886	1	91087	none	none	0.0	0.0	0.0	128	y	80.0	weak	6.3
1887-Letter_from_Mr_Minoo_Masani_12-08-1965.pdf	1887	2	257183	none	none	0.0	0.0	0.0	128	y	77.3	weak	8.4
1888-Lok_Sabha_Summons_05-06-1965.pdf	1888	2	184278	none	none	0.0	0.0	0.0	128	y	85.9	weak	5.0
1889-Letter_to_Mr_Minoo_Masani_10-08-1965.pdf	1889	2	268433	none	none	0.0	0.0	0.0	128	n	65.5	weak	36.3
189-How_The_People_Really_Voted-Indian_Express_01-06-1977.pdf	189	1	286724	none	none	0.0	0.0	0.0	128	y	73.7	weak	26.6
1890-Letter_from_Mr_Minoo_Masani_09-08-1965.pdf	1890	1	98033	none	none	0.0	0.0	0.0	128	n	98.4	adequate	6.4
1891-Letter_from_Mr_Minoo_Masani_05-08-1965.pdf	1891	1	159507	none	none	0.0	0.0	0.0	128	n	95.9	adequate	10.5
1892-Letter_to_Mr_Minoo_Masani_05-08-1965.pdf	1892	1	197097	none	none	0.0	0.0	0.0	128	n	104.1	adequate	13.8
1893-Letter_to_AP_Jain_05-08-1965.pdf	1893	1	91420	none	none	0.0	0.0	0.0	128	n	100.4	adequate	4.4
1894-Telegram_from_Mr_Minoo_Masani.pdf	1894	1	95346	none	none	0.0	0.0	0.0	128	n	93.2	adequate	3.8
1895-Letter_to_AP_Jain_04-05-1965.pdf	1895	1	93609	none	none	0.0	0.0	0.0	128	n	99.7	adequate	4.7
1896-Lok_Sabha_Bulletin-Part_II_21-07-1965.pdf	1896	4	454375	none	none	0.0	0.0	0.0	128	y	87.9	weak	8.3
1897-Letter_to_Secretary-Lok_Sabha.pdf	1897	1	84364	none	none	0.0	0.0	0.0	128	n	100.1	adequate	4.5
1898-Letter_to_Mr_Minoo_Masani_03-08-1965.pdf	1898	1	154339	none	none	0.0	0.0	0.0	128	n	83.7	weak	12.1
1899-Telegram_to_Mr_Minoo_Masani.pdf	1899	1	89557	none	none	0.0	0.0	0.0	128	y	69.3	weak	8.9
19-Letter_to_Mr_Minoo_Masani_16-03-1971.pdf	19	3	258001	none	none	0.0	0.0	0.0	128	y	67.2	weak	8.1
190-Over_To_The_Young-Youth_Times_28-04-1977.pdf	190	4	786615	none	none	0.0	0.0	0.0	128	y	115.1	adequate	23.4
1900-Letter_from_Mr_Minoo_Masani_30-07-1965.pdf	1900	1	148673	none	none	0.0	0.0	0.0	128	n	61.3	weak	25.0
1901-Letter_from_Mr_Minoo_Masani_30-07-1965.pdf	1901	1	137080	none	none	0.0	0.0	0.0	128	n	57.2	faint	23.8
1902-Letter_from_Mr_Minoo_Masani_29-07-1965.pdf	1902	1	122384	none	none	0.0	0.0	0.0	128	n	46.3	faint	20.3
1903-Letter_to_Mr_Minoo_Masani_29-07-1965.pdf	1903	1	110250	none	none	0.0	0.0	0.0	128	y	122.8	adequate	6.2
1904-Letter_to_N_Dandekar_26-07-1965.pdf	1904	3	421813	none	none	0.0	0.0	0.0	128	n	114.7	adequate	10.0
1905-Letter_to_Mr_Minoo_Masani_28-07-1965.pdf	1905	2	175303	none	none	0.0	0.0	0.0	128	y	87.5	weak	4.3
1906-Letter_to_Secretary-Lok_Sabha_24-07-1965.pdf	1906	1	86491	none	none	0.0	0.0	0.0	128	y	73.3	weak	5.8
1907-Letter_to_Mr_Minoo_Masani_27-07-1965.pdf	1907	1	139916	none	none	0.0	0.0	0.0	128	n	67.3	weak	13.0
1908-Letter_to_Mr_Minoo_Masani_27-07-1965.pdf	1908	2	169497	none	none	0.0	0.0	0.0	128	y	47.8	faint	23.9
1909-Letter_to_N_Dandekar_26-07-1965.pdf	1909	2	349918	none	none	0.0	0.0	0.0	128	n	125.6	adequate	9.4
191-Free_China-A_good_Friend.pdf	191	1	78894	none	none	0.0	0.0	0.0	128	y	79.6	weak	13.7
1910-Letter_to_Mr_Minoo_Masani_20-07-1965.pdf	1910	5	649519	none	none	0.0	0.0	0.0	128	n	88.9	weak	10.4
1911-Letter_to_Mohida_15-06-1965.pdf	1911	1	152866	none	none	0.0	0.0	0.0	128	n	103.3	adequate	9.3
1912-Letter_to_Mr_Minoo_Masani_14-06-1965.pdf	1912	1	96415	none	none	0.0	0.0	0.0	128	y	108.4	adequate	4.5
1913-Lok_Sabha_Bulletin-Part_II_29-04-1965.pdf	1913	4	387736	none	none	0.0	0.0	0.0	128	y	83.0	weak	5.1
1914-Lok_Sabha_Bulletin-Part_II_30-04-1965.pdf	1914	10	870971	none	none	0.0	0.0	0.0	128	y	88.9	weak	5.2
1915-Letter_to_Mr_Minoo_Masani_27-04-1965.pdf	1915	2	244459	none	none	0.0	0.0	0.0	128	n	83.3	weak	28.5
1916-Letter_to_Mr_Minoo_Masani_07-04-1965.pdf	1916	2	262775	none	none	0.0	0.0	0.0	128	n	63.3	weak	8.5
1917-Letter_to_Mr_Minoo_Masani_06-04-1965.pdf	1917	1	182764	none	none	0.0	0.0	0.0	128	n	66.5	weak	13.5
1918-Letter_from_NG_Ranga_15-03-1965.pdf	1918	1	147286	none	none	0.0	0.0	0.0	128	n	87.6	weak	9.4
1919-Letter_from_Mr_Minoo_Masani_02-04-1965.pdf	1919	1	95421	none	none	0.0	0.0	0.0	128	n	32.8	faint	34.0
192-Chile-The_Facts_And_The_Lessons_24-11-1973.pdf	192	2	361786	none	none	0.0	0.0	0.0	128	y	50.3	faint	29.0
1920-Form_of_Cut_Motions_for_Token_Cut_22-03-1965.pdf	1920	4	453060	none	none	0.0	0.0	0.0	128	n	47.6	faint	28.1
1921-Letter_from_Mr_Minoo_Masani_12-03-1965.pdf	1921	1	117594	none	none	0.0	0.0	0.0	128	n	50.1	faint	29.3
1922-Letter_from_GHG_Raman_11-03-1965.pdf	1922	3	526988	none	none	0.0	0.0	0.0	128	n	65.0	weak	16.5
1923-Letter_to_Fredie_Letter_09-03-1965.pdf	1923	1	112527	none	none	0.0	0.0	0.0	128	n	59.5	faint	34.3
1924-Letter_to_Mr_Minoo_Masani_08-03-1965.pdf	1924	4	584442	none	none	0.0	0.0	0.0	128	n	77.9	weak	6.9
1925-Letter_from_Mr_Minoo_Masani_12-03-1965.pdf	1925	1	126852	none	none	0.0	0.0	0.0	128	n	68.6	weak	16.6
1926-Swatantra_Party_Circular_04-03-1965.pdf	1926	1	106824	none	none	0.0	0.0	0.0	128	y	129.3	adequate	5.9
1927-Letter_to_Mr_Minoo_Masani_04-03-1965.pdf	1927	1	100590	none	none	0.0	0.0	0.0	128	y	39.4	faint	36.5
1928-Presentation_of_Budget_27-02-1965.pdf	1928	5	850381	none	none	0.0	0.0	0.0	128	n	54.1	faint	18.9
1929-Letter_to_Mr_Minoo_Masani_05-03-1965.pdf	1929	2	190552	none	none	0.0	0.0	0.0	128	y	40.0	faint	31.1
193-Free_And_Fair_11-02-1977.pdf	193	3	443104	none	none	0.0	0.0	0.0	128	y	86.9	weak	54.0
1930-Guilty_Men-The_Hindustan_Times_05-03-1965.pdf	1930	1	251061	none	none	0.0	0.0	0.0	128	n	84.0	weak	22.7
1931-For_Favour_of_Publication_27-02-1965.pdf	1931	5	138160	none	none	0.0	0.0	0.0	128	y	94.0	adequate	57.0
1932-Letter_from_Tan_Singh_26-02-1965.pdf	1932	1	105874	none	none	0.0	0.0	0.0	128	n	35.3	faint	41.9
1933-Letter_from_Mr_Minoo_Masani_26-02-1965.pdf	1933	1	95013	none	none	0.0	0.0	0.0	128	n	30.6	faint	39.0
1934-Letter_to_Mr_Minoo_Masani_26-02-1965.pdf	1934	1	69255	none	none	0.0	0.0	0.0	128	y	94.0	adequate	4.0
1935-Swatantra_Party_Circular_25-02-1965.pdf	1935	4	399985	none	none	0.0	0.0	0.0	128	y	68.4	weak	17.5
1936-Letter_from_Mr_Minoo_Masani_23-02-1965.pdf	1936	1	104278	none	none	0.0	0.0	0.0	128	n	37.5	faint	40.4
1937-Letter_from_Mr_Minoo_Masani_23-02-1965.pdf	1937	3	176256	none	none	0.0	0.0	0.0	128	y	64.5	weak	42.2
1938-Swatantra_Party_Circular_20-02-1965.pdf	1938	1	125377	none	none	0.0	0.0	0.0	128	n	47.7	faint	20.5
1939-Letter_from_Mr_Minoo_Masani_19-02-1965.pdf	1939	1	119948	none	none	0.0	0.0	0.0	128	n	62.0	weak	23.3
194-Foreign_Aid_Must_Go-Mysindia_28-05-1972.pdf	194	2	636895	none	none	0.0	0.0	0.0	128	y	66.5	weak	29.4
1940-Lok_Sabha_Amendments_19-02-1965.pdf	1940	7	1122193	none	none	0.0	0.0	0.0	128	n	79.4	weak	38.2
1941-Letter_from_Mr_Minoo_Masani_19-02-1965.pdf	1941	1	112869	none	none	0.0	0.0	0.0	128	n	44.1	faint	26.3
1942-Swatantra_Party_Circular_17-02-1965.pdf	1942	1	86440	none	none	0.0	0.0	0.0	128	y	126.6	adequate	7.5
1943-Letter_to_Mr_Minoo_Masani_04-02-1965.pdf	1943	2	250483	none	none	0.0	0.0	0.0	128	y	72.5	weak	7.5
1944-Letter_to_Mr_Minoo_Masani_02-02-1965.pdf	1944	2	215079	none	none	0.0	0.0	0.0	128	y	107.5	adequate	7.1
1945-Swatantra_Party_Circular_27-01-1965.pdf	1945	1	94701	none	none	0.0	0.0	0.0	128	n	86.5	weak	2.9
1946-Letter_to_Mr_Minoo_Masani_27-01-1965.pdf	1946	2	262680	none	none	0.0	0.0	0.0	128	n	125.7	adequate	8.4
1947-Letter_to_Mr_Minoo_Masani_22-01-1965.pdf	1947	1	139287	none	none	0.0	0.0	0.0	128	n	83.9	weak	9.0
1948-Letter_from_Mr_Minoo_Masani_19-01-1965.pdf	1948	1	123513	none	none	0.0	0.0	0.0	128	n	36.7	faint	36.8
1949-Letter_from_Mr_Minoo_Masani_18-01-1965.pdf	1949	1	155368	none	none	0.0	0.0	0.0	128	n	102.5	adequate	8.8
195-The_Challenge_Of_The_Chinese_Bomb-II.pdf	195	11	1828225	none	none	0.0	0.0	0.0	128	y	75.2	weak	12.8
1950-Letter_to_Mr_Minoo_Masani_08-01-1965.pdf	1950	2	187536	none	none	0.0	0.0	0.0	128	y	88.9	weak	3.2
1951-Telegram_to_Mr_Minoo_Masani.pdf	1951	1	91287	none	none	0.0	0.0	0.0	128	y	108.5	adequate	6.2
1952-Letter_from_Mr_Minoo_Masani_15-12-1964.pdf	1952	1	159283	none	none	0.0	0.0	0.0	128	n	84.4	weak	9.9
1953-Letter_to_Mr_Minoo_Masani_14-12-1964.pdf	1953	2	286333	none	none	0.0	0.0	0.0	128	n	83.3	weak	11.8
1954-Letter_to_Mr_Minoo_Masani_14-12-1964.pdf	1954	1	138793	none	none	0.0	0.0	0.0	128	n	88.1	weak	10.2
1955-Speech_of_PK_Deo_in_Lok_Sabha_04-12-1964.pdf	1955	3	455669	none	none	0.0	0.0	0.0	128	n	68.3	weak	11.2
1956-Letter_from_Kapur_Singh_26-11-1964.pdf	1956	1	113879	none	none	0.0	0.0	0.0	128	n	142.1	strong	7.4
1957-Swatantra_Party_Circular_18-11-1964.pdf	1957	1	85019	none	none	0.0	0.0	0.0	128	n	114.9	adequate	3.1
1958-Letter_to_Mr_Minoo_Masani_23-11-1964.pdf	1958	1	105769	none	none	0.0	0.0	0.0	128	n	76.1	weak	6.7
1959-Letter_to_Mr_Minoo_Masani_17-11-1964.pdf	1959	2	336102	none	none	0.0	0.0	0.0	128	y	75.5	weak	14.0
196-Masani_Pines_For_Army_Takeover-Z_Magazine.pdf	196	7	1263221	none	none	0.0	0.0	0.0	128	y	88.9	weak	22.0
1960-Letter_to_Sardar_Swaran_Singh_07-11-1964.pdf	1960	2	279447	none	none	0.0	0.0	0.0	128	n	80.3	weak	12.0
1961-Letter_to_Sardar_Swaran_Singh_17-11-1964.pdf	1961	1	129733	none	none	0.0	0.0	0.0	128	y	88.5	weak	12.7
1962-Letter_to_Rama_Swarup_19-08-1964.pdf	1962	2	377065	none	none	0.0	0.0	0.0	128	n	100.2	adequate	10.5
1963-Letter_to_AP_Jain_12-11-1964.pdf	1963	1	98440	none	none	0.0	0.0	0.0	128	n	88.5	weak	5.7
1964-Letter_to_Mr_Minoo_Masani_30-10-1964.pdf	1964	2	263625	none	none	0.0	0.0	0.0	128	n	70.4	weak	31.7
1965-Letter_to_AP_Jain_27-10-1964.pdf	1965	1	114830	none	none	0.0	0.0	0.0	128	n	82.4	weak	6.1
1966-Letter_to_Mr_Minoo_Masani_23-10-1964.pdf	1966	1	123359	none	none	0.0	0.0	0.0	128	n	77.8	weak	7.4
1967-Letter_from_N_Dandekar_03-10-1964.pdf	1967	1	92746	none	none	0.0	0.0	0.0	128	y	88.1	weak	5.0
1968-Letter_to_Mr_Minoo_Masani_01-10-1964.pdf	1968	2	278959	none	none	0.0	0.0	0.0	128	y	63.4	weak	13.6
1969-Letter_from_Mr_Minoo_Masani_25-09-1964.pdf	1969	1	144412	none	none	0.0	0.0	0.0	128	n	97.7	adequate	7.0
197-He_Speaks_For_Indias_Conscience.pdf	197	6	531722	none	none	0.0	0.0	0.0	128	y	68.4	weak	17.1
1970-Letter_to_Yashpal_Singh_22-09-1964.pdf	1970	2	282662	none	none	0.0	0.0	0.0	128	n	80.6	weak	8.6
1971-Letter_from_Mr_Minoo_Masani_25-09-1964.pdf	1971	1	140239	none	none	0.0	0.0	0.0	128	n	129.1	adequate	5.8
1972-Letter_to_Yashpal_Singh_22-09-1964.pdf	1972	1	159060	none	none	0.0	0.0	0.0	128	n	122.9	adequate	8.9
1973-Letter_to_Mr_Minoo_Masani_16-09-1964.pdf	1973	1	83105	none	none	0.0	0.0	0.0	128	y	109.9	adequate	7.1
1974-Telegram_from_Mr_Minoo_Masani_05-09-1964.pdf	1974	2	176459	none	none	0.0	0.0	0.0	128	y	95.2	adequate	5.7
1975-Letter_to_AP_Jain_02-09-1964.pdf	1975	1	160799	none	none	0.0	0.0	0.0	128	n	84.7	weak	11.1
1976-Letter_from_Mr_Minoo_Masani_01-09-1964.pdf	1976	2	224942	none	none	0.0	0.0	0.0	128	n	49.6	faint	26.3
1977-Letter_from_Mr_Minoo_Masani_25-08-1964.pdf	1977	1	124827	none	none	0.0	0.0	0.0	128	n	94.0	adequate	6.0
1978-Letter_to_AP_Jain_21-08-1964.pdf	1978	1	92827	none	none	0.0	0.0	0.0	128	y	117.9	adequate	4.0
1979-Letter_to_Mr_Minoo_Masani_19-08-1964.pdf	1979	1	191279	none	none	0.0	0.0	0.0	128	n	98.3	adequate	12.2
198-Summary_of_Mr_Masanis_Speech_19-08-1963.pdf	198	4	520037	none	none	0.0	0.0	0.0	128	y	61.5	weak	21.1
1980-Swatantra_Party_Circular_17-08-1964.pdf	1980	2	136306	none	none	0.0	0.0	0.0	128	y	75.2	weak	23.8
1981-Meeting_of_Parliamentary_Group_06-09-1964.pdf	1981	1	109271	none	none	0.0	0.0	0.0	128	n	32.4	faint	29.0
1982-Letter_to_Mr_Minoo_Masani_24-08-1964.pdf	1982	1	188945	none	none	0.0	0.0	0.0	128	n	94.9	adequate	12.3
1983-Letter_to_Mr_Minoo_Masani_20-08-1964.pdf	1983	1	137124	none	none	0.0	0.0	0.0	128	n	70.4	weak	11.9
1984-Letter_to_AP_Jain_20-08-1964.pdf	1984	1	98766	none	none	0.0	0.0	0.0	128	n	111.8	adequate	3.7
1985-Letter_to_Mr_Minoo_Masani_29-07-1964.pdf	1985	1	118830	none	none	0.0	0.0	0.0	128	n	102.2	adequate	5.2
1986-Letter_to_Mr_Minoo_Masani_13-07-1964.pdf	1986	1	117962	none	none	0.0	0.0	0.0	128	n	58.7	faint	10.9
1987-letter_from_AP_Jain_08-07-1964.pdf	1987	4	652861	none	none	0.0	0.0	0.0	128	y	80.5	weak	10.2
1988-Letter_to_AP_Jain_04-07-1964.pdf	1988	1	127099	none	none	0.0	0.0	0.0	128	n	83.3	weak	7.9
1989-Letter_to_Mr_Minoo_Masani_27-06-1964.pdf	1989	2	306787	none	none	0.0	0.0	0.0	128	n	56.0	faint	25.3
199-The_Dilemma_of_The_Liberal.pdf	199	2	324290	none	none	0.0	0.0	0.0	128	y	88.3	weak	22.2
1990-Letter_from_Mr_Minoo_Masani_24-06-1964.pdf	1990	4	542427	none	none	0.0	0.0	0.0	128	y	85.8	weak	15.6
1991-Letter_to_AP_Jain_17-06-1964.pdf	1991	1	91974	none	none	0.0	0.0	0.0	128	y	94.2	adequate	4.7
1992-Letter_to_Mr_Minoo_Masani_13-06-1964.pdf	1992	1	186471	none	none	0.0	0.0	0.0	128	n	65.5	weak	24.8
1993-A_Brief_But_Tragic_Session-The_Hindu_11-06-1964.pdf	1993	2	495851	none	none	0.0	0.0	0.0	128	y	91.7	adequate	37.7
1994-letter_from_AP_Jain_09-06-1964.pdf	1994	2	351638	none	none	0.0	0.0	0.0	128	n	81.7	weak	15.3
1995-Letter_to_Babubhai_Vaidya_13-06-1964.pdf	1995	2	255784	none	none	0.0	0.0	0.0	128	n	62.6	weak	17.0
1996-Letter_to_Mr_Minoo_Masani_25-05-1964.pdf	1996	2	184100	none	none	0.0	0.0	0.0	128	y	85.7	weak	7.0
1997-Letter_to_NG_Ranga_01-06-1964.pdf	1997	2	337013	none	none	0.0	0.0	0.0	128	n	44.1	faint	32.8
1998-Letter_from_HH_Maharaja_PK_Deo_01-06-1964.pdf	1998	2	370488	none	none	0.0	0.0	0.0	128	n	133.7	strong	13.0
1999-Letter_About_Swatantra_Party_Bills_03-05-1964.pdf	1999	2	79085	none	none	0.0	0.0	0.0	128	y	69.4	weak	7.2
2-Letter_to_Mr_Minoo_Masani_07-04-1971.pdf	2	1	113423	none	none	0.0	0.0	0.0	128	n	58.2	faint	4.0
20-Letter_to_Mr_Bhikshu_Jannadas_26-03-1971.pdf	20	1	127059	none	none	0.0	0.0	0.0	128	y	91.5	adequate	2.2
200-UPASI_Annual_Conference-The_Planters_Chronicle.pdf	200	10	1875088	none	none	0.0	0.0	0.0	128	y	96.6	adequate	24.3
2000-Letter_from_Mr_Minoo_Masani_01-05-1964.pdf	2000	3	373156	none	none	0.0	0.0	0.0	128	y	64.6	weak	22.3
2001-Lok_Sabha_Bulletin-Part_II_29-04-1964.pdf	2001	4	426415	none	none	0.0	0.0	0.0	128	n	83.4	weak	7.4
2002-Lok_Sabha_Bulletin-Part_II_29-04-1964.pdf	2002	3	303404	none	none	0.0	0.0	0.0	128	n	75.2	weak	7.7
2003-The_Facts_Regarding_the_Nomination_21-04-1964.pdf	2003	1	170555	none	none	0.0	0.0	0.0	128	n	77.2	weak	15.0
2004-Letter_to_Mr_Minoo_Masani_28-03-1964.pdf	2004	1	119307	none	none	0.0	0.0	0.0	128	n	87.5	weak	13.1
2005-Statement_Showing_Arrears_of_Contribution_01-03-1964.pdf	2005	1	171369	none	none	0.0	0.0	0.0	128	n	65.7	weak	17.1
2006-Letter_from_Secretary_of_Mr_Minoo_Masani_06-04-1964.pdf	2006	1	131882	none	none	0.0	0.0	0.0	128	n	86.3	weak	9.3
2007-Letter_from_Mr_Minoo_Masani_31-03-1964.pdf	2007	1	93899	none	none	0.0	0.0	0.0	128	n	68.1	weak	6.1
2008-Letter_from_Mr_Minoo_Masani_28-03-1964.pdf	2008	1	96421	none	none	0.0	0.0	0.0	128	n	42.8	faint	20.5
2009-Letter_to_Mr_Minoo_Masani_23-03-1964.pdf	2009	2	295744	none	none	0.0	0.0	0.0	128	n	81.0	weak	11.2
201-The_Four_Horse-Traders_Of_The_Indian_Apocalypse-The_Daily_Telegraph_24-09-1979.pdf	201	4	3067478	none	none	0.0	0.0	0.0	128	n	164.7	strong	20.6
2010-Letter_from_Mr_Minoo_Masani_17-03-1964.pdf	2010	1	77379	none	none	0.0	0.0	0.0	128	n	118.2	adequate	5.3
2011-Letter_from_Mr_Minoo_Masani_11-03-1964.pdf	2011	1	117561	none	none	0.0	0.0	0.0	128	n	87.2	weak	7.6
2012-A_Meeting_of_the_Executive-Committee_of_the_Swatantra_Party_10-03-1964.pdf	2012	1	101094	none	none	0.0	0.0	0.0	128	y	106.1	adequate	9.4
2013-Ministry_of_Education.pdf	2013	9	897494	none	none	0.0	0.0	0.0	128	n	50.6	faint	24.3
2014-Letter_to_Mr_Minoo_Masani_03-03-1964.pdf	2014	2	188166	none	none	0.0	0.0	0.0	128	y	44.3	faint	24.3
2015-Constitution_of_Sanyukt_Sadachar_Samiti.pdf	2015	3	718520	none	none	0.0	0.0	0.0	128	n	72.7	weak	16.4
2016-Summary_Record_of_the_Meeting_of_the_Samyukta_Sadachar_Samiti_24-02-1964.pdf	2016	2	430719	none	none	0.0	0.0	0.0	128	n	59.0	faint	16.8
2017-Summary_Record_of_the_Proceedings_of_the_Meeting_26-02-1964.pdf	2017	2	398147	none	none	0.0	0.0	0.0	128	n	57.6	faint	16.4
2018-Ministry_of_Home_Affairs.pdf	2018	15	2611120	none	none	0.0	0.0	0.0	128	y	57.3	faint	20.0
2019-Constitution_of_Sanyukt_Sadachar_Samiti.pdf	2019	3	654672	none	none	0.0	0.0	0.0	128	n	68.7	weak	16.3
202-For_Favour_of_Publication_30-07-1963.pdf	202	2	321774	none	none	0.0	0.0	0.0	128	y	52.1	faint	13.3
2020-Sanyukt_Sadachar_Samiti_Pledge.pdf	2020	2	278492	none	none	0.0	0.0	0.0	128	n	57.7	faint	12.3
2021-Letter_from_Mr_Minoo_Masani_03-03-1964.pdf	2021	1	105675	none	none	0.0	0.0	0.0	128	n	62.6	weak	9.1
2022-Letter_to_Mr_Minoo_Masani_21-02-1964.pdf	2022	1	135833	none	none	0.0	0.0	0.0	128	n	62.9	weak	8.2
2023-Letter_to_AP_Jain_02-03-1964.pdf	2023	1	151125	none	none	0.0	0.0	0.0	128	n	75.7	weak	10.4
2024-Letter_to_Mr_Minoo_Masani_29-02-1964.pdf	2024	1	63897	none	none	0.0	0.0	0.0	128	y	67.6	weak	93.3
2025-Swatantra_Party_Circular_29-02-1964.pdf	2025	2	205452	none	none	0.0	0.0	0.0	128	y	80.4	weak	5.0
2026-Letter_to_PK_Deo_21-02-1964.pdf	2026	1	166909	none	none	0.0	0.0	0.0	128	n	71.2	weak	10.4
2027-Letter_from_Mr_Minoo_Masani_20-02-1964.pdf	2027	1	159324	none	none	0.0	0.0	0.0	128	n	71.5	weak	11.0
2028-Swatantra_Party_Circular_19-02-1964.pdf	2028	1	113909	none	none	0.0	0.0	0.0	128	n	34.9	faint	28.1
2029-Letter_from_Mr_Minoo_Masani.pdf	2029	1	124624	none	none	0.0	0.0	0.0	128	n	53.9	faint	11.2
203-The_Time_to_Fight-Now_or_Never_28-07-1963.pdf	203	1	190412	none	none	0.0	0.0	0.0	128	y	47.5	faint	31.0
2030-Letter_to_AP_Jain_21-01-1964.pdf	2030	1	136728	none	none	0.0	0.0	0.0	128	n	82.9	weak	6.9
2031-Letter_from_Mr_Minoo_Masani_17-01-1964.pdf	2031	1	83375	none	none	0.0	0.0	0.0	128	n	88.4	weak	3.5
2032-Telegram_from_Mr_Minoo_Masani_23-12-1963.pdf	2032	2	170479	none	none	0.0	0.0	0.0	128	y	46.2	faint	25.2
2033-Swatantra_Party_Circular_06-12-1963.pdf	2033	1	83662	none	none	0.0	0.0	0.0	128	y	60.5	weak	5.9
2034-Telegram_from_Mr_Minoo_Masani_30-11-1963.pdf	2034	1	98576	none	none	0.0	0.0	0.0	128	y	85.8	weak	7.1
2035-Letter_from_Mr_Minoo_Masani_27-11-1963.pdf	2035	1	88957	none	none	0.0	0.0	0.0	128	n	29.3	faint	42.5
2036-Letter_to_NG_Ranga_16-11-1963.pdf	2036	1	135422	none	none	0.0	0.0	0.0	128	y	110.2	adequate	19.7
2037-Letter_to_Mr_Minoo_Masani_06-11-1963.pdf	2037	1	184390	none	none	0.0	0.0	0.0	128	n	61.9	weak	11.7
2038-Letter_to_AP_Jain_05-11-1963.pdf	2038	1	100521	none	none	0.0	0.0	0.0	128	y	87.5	weak	7.7
2039-Letter_from_Mr_Minoo_Masani_22-08-1963.pdf	2039	1	122199	none	none	0.0	0.0	0.0	128	n	70.2	weak	6.5
204-For_Favour_of_Publication_30-07-1963.pdf	204	2	334172	none	none	0.0	0.0	0.0	128	y	58.5	faint	12.7
2040-Telegram_to_Mr_Minoo_Masani.pdf	2040	1	117481	none	none	0.0	0.0	0.0	128	n	61.4	weak	10.8
2041-Letter_from_Mr_Minoo_Masani_16-08-1963.pdf	2041	1	111683	none	none	0.0	0.0	0.0	128	n	43.0	faint	56.7
2042-Telegram_to_Mr_Minoo_Masani_13-08-1963.pdf	2042	2	136901	none	none	0.0	0.0	0.0	128	y	78.6	weak	50.8
2043-Letter_to_Mr_Minoo_Masani_09-08-1963.pdf	2043	1	177837	none	none	0.0	0.0	0.0	128	n	76.2	weak	12.0
2044-Letter_to_AP_Jain_07-08-1963.pdf	2044	1	145235	none	none	0.0	0.0	0.0	128	n	111.8	adequate	5.8
2045-Letter_from_Mr_Minoo_Masani_07-08-1963.pdf	2045	3	402386	none	none	0.0	0.0	0.0	128	n	72.6	weak	9.5
2046-Letter_from_Mr_Minoo_Masani_07-08-1963.pdf	2046	3	403823	none	none	0.0	0.0	0.0	128	n	76.4	weak	12.9
2047-Letter_from_Mr_Minoo_Masani_06-08-1963.pdf	2047	1	107583	none	none	0.0	0.0	0.0	128	n	43.9	faint	24.2
2048-Letter_to_Mr_Minoo_Masani_05-08-1963.pdf	2048	1	140636	none	none	0.0	0.0	0.0	128	n	88.2	weak	10.4
2049-Letter_to_Mr_Minoo_Masani_03-08-1963.pdf	2049	1	94053	none	none	0.0	0.0	0.0	128	y	90.1	adequate	5.2
205-The_Role_of_an_Opposition_Party_in_India_22-07-1963.pdf	205	10	1255777	none	none	0.0	0.0	0.0	128	y	81.4	weak	21.0
2050-Letter_to_Mr_Minoo_Masani_31-07-1963.pdf	2050	1	174978	none	none	0.0	0.0	0.0	128	n	95.6	adequate	13.9
2051-The_Common_Wealth_Club_of_India.pdf	2051	2	303818	none	none	0.0	0.0	0.0	128	n	67.5	weak	12.3
2052-Letter_to_Mr_Minoo_Masani_27-07-1963.pdf	2052	1	138959	none	none	0.0	0.0	0.0	128	n	107.9	adequate	11.0
2053-Letter_to_AP_Jain_25-07-1963.pdf	2053	2	263641	none	none	0.0	0.0	0.0	128	y	73.2	weak	16.4
2054-Letter_to_AP_Jain_24-07-1963.pdf	2054	1	93248	none	none	0.0	0.0	0.0	128	n	32.5	faint	29.7
2055-Letter_to_Mr_Minoo_Masani_19-07-1963.pdf	2055	1	155242	none	none	0.0	0.0	0.0	128	y	112.3	adequate	11.4
2056-Swatantra_Party_Circular_29-06-1963.pdf	2056	1	91219	none	none	0.0	0.0	0.0	128	y	80.0	weak	4.1
2057-Letter_to_Mr_Minoo_Masani_26-06-1963.pdf	2057	1	124919	none	none	0.0	0.0	0.0	128	n	59.7	faint	10.6
2058-Emergency_Must_Stay_Says_Munshi-The_Hindustan_Times_26-06-1963.pdf	2058	1	60555	none	none	0.0	0.0	0.0	128	y	95.9	adequate	92.2
2059-Letter_to_AP_Jain_18-06-1963.pdf	2059	1	134281	none	none	0.0	0.0	0.0	128	n	87.6	weak	8.1
206-Article_sent_to_Industrial_and_Engineering_18-06-1963.pdf	206	4	479211	none	none	0.0	0.0	0.0	128	y	68.9	weak	12.6
2060-Letter_to_Mr_Minoo_Masani_15-06-1963.pdf	2060	2	357139	none	none	0.0	0.0	0.0	128	n	119.7	adequate	10.0
2061-Letter_to_AP_Jain_12-06-1963.pdf	2061	1	111740	none	none	0.0	0.0	0.0	128	n	60.0	weak	10.1
2062-Letter_to_Mr_Minoo_Masani_08-06-1963.pdf	2062	1	100794	none	none	0.0	0.0	0.0	128	n	77.2	weak	5.9
2063-Letter_to_Mr_Minoo_Masani_07-06-1963.pdf	2063	1	152417	none	none	0.0	0.0	0.0	128	n	62.7	weak	8.9
2064-Letter_to_Mr_Minoo_Masani_10-06-1963.pdf	2064	1	191772	none	none	0.0	0.0	0.0	128	n	107.6	adequate	7.6
2065-The_Conceot_of_the_Public_Good.pdf	2065	26	3896104	none	none	0.0	0.0	0.0	128	n	45.5	faint	18.7
2066-Workers_Participation_in_Management_by_Mr_Minoo_Masani.pdf	2066	13	2954194	none	none	0.0	0.0	0.0	128	y	82.7	weak	8.4
2067-Indias_Spriraling_Price_Line-MR_Pai.pdf	2067	1	322536	none	none	0.0	0.0	0.0	128	n	164.1	strong	35.7
2068-What_is_the_Rupee.pdf	2068	1	260653	none	none	0.0	0.0	0.0	128	n	138.1	strong	19.0
2069-Value_of_the_Rupee.pdf	2069	1	280875	none	none	0.0	0.0	0.0	128	n	135.4	strong	17.1
207-For_Favour_of_Publication_14-07-1963.pdf	207	2	335927	none	none	0.0	0.0	0.0	128	y	51.2	faint	19.0
2070-Is_World_Comparision_Valid.pdf	2070	1	250611	none	none	0.0	0.0	0.0	128	n	142.5	strong	15.2
2071-Price_Rise_in_India_Cannot_be_Compared_With_the_Price_Elsewhere_in_the_World_for_the_Following_Reasons.pdf	2071	1	274376	none	none	0.0	0.0	0.0	128	n	132.7	strong	15.6
2072-Whereas_in_India.pdf	2072	1	239013	none	none	0.0	0.0	0.0	128	n	146.6	strong	14.4
2073-Aggravating_Factors.pdf	2073	1	256221	none	none	0.0	0.0	0.0	128	n	148.7	strong	20.4
2074-Centralised_Comprehensive_Planning.pdf	2074	1	256800	none	none	0.0	0.0	0.0	128	n	142.5	strong	17.4
2075-The_Natural_Order_of_Economic_Growth.pdf	2075	1	99201	none	none	0.0	0.0	0.0	300	n	164.2	strong	17.2
2076-Under_the_Centralised_Comprehensive_Planning.pdf	2076	1	297212	none	none	0.0	0.0	0.0	128	n	128.9	adequate	16.8
2077-Centralised_Comprehensive_Planning_has_Another_Characterstic.pdf	2077	1	245266	none	none	0.0	0.0	0.0	128	n	141.6	strong	13.7
2078-Profits_of_the_Public_Sector_and_Government_Undertakings.pdf	2078	1	252250	none	none	0.0	0.0	0.0	128	n	150.1	strong	17.8
2079-Return_on_State_Investments.pdf	2079	1	273282	none	none	0.0	0.0	0.0	128	n	138.2	strong	16.2
208-Mr_Masanis_Speech_At_Sundarbai_Hall.pdf	208	15	2571463	none	none	0.0	0.0	0.0	128	y	108.1	adequate	10.5
2080-The_Amount_Invested_in_Public_Sector_Undertakings.pdf	2080	1	275064	none	none	0.0	0.0	0.0	128	n	135.3	strong	15.4
2081-Short_Term_Causes.pdf	2081	1	299398	none	none	0.0	0.0	0.0	128	n	122.7	adequate	16.2
2082-State_Takeover_of_Wholesale_Wheat_Trade_in_April_1973.pdf	2082	1	309676	none	none	0.0	0.0	0.0	128	n	134.4	strong	22.9
2083-Demonetisation.pdf	2083	1	222096	none	none	0.0	0.0	0.0	128	n	142.0	strong	9.9
2084-Black_Money.pdf	2084	1	232484	none	none	0.0	0.0	0.0	128	n	132.1	strong	10.2
2085-Nationalisation_the_third_Suggested_Remedy.pdf	2085	1	291822	none	none	0.0	0.0	0.0	128	n	131.6	strong	15.8
2086-Consumer_Resistance.pdf	2086	1	292070	none	none	0.0	0.0	0.0	128	n	139.0	strong	17.8
2087-The_Real_Answer_to_the_Problem_of_Inflation.pdf	2087	1	266948	none	none	0.0	0.0	0.0	128	n	130.9	strong	15.1
2088-The_Public_Sector-Consolidation_of.pdf	2088	1	245045	none	none	0.0	0.0	0.0	128	n	125.7	adequate	10.9
2089-Foundation_of_Economic_Growth_Savings.pdf	2089	1	251630	none	none	0.0	0.0	0.0	128	n	122.4	adequate	11.1
209-For_Favour_of_Publication_04-06-1963.pdf	209	2	312628	none	none	0.0	0.0	0.0	128	y	41.9	faint	14.9
2090-Tax_Reduction.pdf	2090	1	244791	none	none	0.0	0.0	0.0	128	n	141.7	strong	12.7
2091-Inflation.pdf	2091	1	149246	none	none	0.0	0.0	0.0	128	n	90.7	adequate	4.5
2092-Meeting_of_Swatantra_Party_24-01-1977.pdf	2092	4	483309	none	none	0.0	0.0	0.0	128	y	114.6	adequate	38.5
2093-Letter_from_SV_Raju_28-01-1977.pdf	2093	1	228665	none	none	0.0	0.0	0.0	128	n	119.1	adequate	11.4
2094-Letter_to_SV_Raju_05-01-1977.pdf	2094	2	253445	none	none	0.0	0.0	0.0	128	y	104.9	adequate	5.4
2095-Letter_from_SV_Raju_20-01-1977.pdf	2095	1	181887	none	none	0.0	0.0	0.0	128	n	113.0	adequate	9.5
2096-Telegram_Receipt.pdf	2096	2	142605	none	none	0.0	0.0	0.0	128	y	43.9	faint	50.5
2097-Letter_from_SV_Raju_20-01-1977.pdf	2097	1	106713	none	none	0.0	0.0	0.0	128	n	78.5	weak	4.8
2098-Telegram_to_S_V_Raju_19-01-1977.pdf	2098	1	151272	none	none	0.0	0.0	0.0	128	n	81.7	weak	6.5
2099-Letter_from_SV_Raju_10-01-1977.pdf	2099	1	127631	none	none	0.0	0.0	0.0	128	n	96.7	adequate	3.2
21-Letter_to_Mr_Minoo_Masani_23-03-1971.pdf	21	3	669781	none	none	0.0	0.0	0.0	128	y	78.7	weak	20.1
210-Remarks_of_Mr_Minoo_Masani_at_a_Public_Meeting_11-04-1963.pdf	210	1	233379	none	none	0.0	0.0	0.0	128	y	68.2	weak	18.2
2100-Letter_to_SV_Raju_06-01-1977.pdf	2100	1	130101	none	none	0.0	0.0	0.0	128	n	96.2	adequate	8.2
2101-Letter_from_SV_Raju_10-01-1977.pdf	2101	1	115054	none	none	0.0	0.0	0.0	128	n	94.6	adequate	4.0
2102-Letter_to_SV_Raju_03-01-1977.pdf	2102	5	594508	none	none	0.0	0.0	0.0	128	y	115.1	adequate	36.5
2103-Letter_from_SV_Raju_28-12-1976.pdf	2103	2	240116	none	none	0.0	0.0	0.0	128	y	96.2	adequate	13.4
2104-Letter_from_SV_Raju_29-12-1976.pdf	2104	1	159082	none	none	0.0	0.0	0.0	128	y	120.1	adequate	17.6
2105-Letter_to_SV_Raju_15-12-1976.pdf	2105	2	310712	none	none	0.0	0.0	0.0	128	n	68.4	weak	28.9
2106-Letter_from_SV_Raju_08-12-1976.pdf	2106	1	169179	none	none	0.0	0.0	0.0	128	n	93.4	adequate	13.3
2107-Letter_from_SV_Raju.pdf	2107	2	428902	none	none	0.0	0.0	0.0	128	n	85.8	weak	14.6
2108-Letter_to_SV_Raju_04-12-1976.pdf	2108	1	116829	none	none	0.0	0.0	0.0	128	y	80.0	weak	5.6
2109-Letter_from_VS_Srikumar_26-11-1976.pdf	2109	1	150755	none	none	0.0	0.0	0.0	128	y	96.6	adequate	12.3
211-Address_By_The_Chief_Guest.pdf	211	12	2203291	none	none	0.0	0.0	0.0	128	y	74.0	weak	12.8
2110-Letter_to_SV_Raju_22-11-1976.pdf	2110	2	321467	none	none	0.0	0.0	0.0	128	y	72.6	weak	9.3
2111-Letter_to_SV_Raju_30-11-1976.pdf	2111	1	217033	none	none	0.0	0.0	0.0	128	n	63.4	weak	15.4
2112-Criminal_Appeal_No-414_1976.pdf	2112	2	401442	none	none	0.0	0.0	0.0	128	n	75.7	weak	15.7
2113-Letter_from_SV_Raju_31-03-1976.pdf	2113	1	96121	none	none	0.0	0.0	0.0	128	y	126.7	adequate	8.5
2114-Letter_from_SV_Raju_12-11-1976.pdf	2114	1	146402	none	none	0.0	0.0	0.0	128	n	98.0	adequate	15.3
2115-Letter_from_SV_Raju_10-11-1976.pdf	2115	1	91940	none	none	0.0	0.0	0.0	128	y	108.8	adequate	6.1
2116-Letter_to_SV_Raju_04-11-1976.pdf	2116	2	216074	none	none	0.0	0.0	0.0	128	y	74.8	weak	9.4
2117-Letter_to_SV_Raju_27-10-1976.pdf	2117	1	117888	none	none	0.0	0.0	0.0	128	y	86.0	weak	10.2
2118-A_Tired_Document_from_Tired_Men-Freedom_First.pdf	2118	6	1365794	none	none	0.0	0.0	0.0	128	n	78.6	weak	15.3
2119-Draft_Policy_Statement_for_the_Janata_Party.pdf	2119	10	2168493	none	none	0.0	0.0	0.0	128	n	99.6	adequate	10.6
212-A_Lethal_Budget-Freedom_First-April-1963.pdf	212	2	445192	none	none	0.0	0.0	0.0	128	y	67.4	weak	22.6
2120-Swatantra_Says_No_Mandate-Statesman_28-10-1976.pdf	2120	2	260853	none	none	0.0	0.0	0.0	128	n	70.1	weak	28.4
2121-Letter_from_SV_Raju_01-10-1976.pdf	2121	1	121023	none	none	0.0	0.0	0.0	128	n	93.4	adequate	9.7
2122-Letter_from_VS_Srikumar_17-09-1976.pdf	2122	3	547394	none	none	0.0	0.0	0.0	128	y	74.5	weak	11.5
2123-Letter_to_SV_Raju_14-09-1976.pdf	2123	1	133275	none	none	0.0	0.0	0.0	128	n	77.2	weak	8.9
2124-Letter_to_SV_Raju_26-08-1976.pdf	2124	2	258924	none	none	0.0	0.0	0.0	128	y	87.4	weak	27.4
2125-Letter_to_SV_Raju_14-08-1976.pdf	2125	2	270663	none	none	0.0	0.0	0.0	128	y	96.4	adequate	26.8
2126-Letter_to_SV_Raju_22-07-1976.pdf	2126	2	303785	none	none	0.0	0.0	0.0	128	y	78.1	weak	28.0
2127-Letter_to_SV_Raju_04-07-1976.pdf	2127	2	245589	none	none	0.0	0.0	0.0	128	y	80.7	weak	22.9
2128-Meeting_of_the_National_Executive_of_the_Swatantra_Party_29-06-1976.pdf	2128	5	758864	none	none	0.0	0.0	0.0	128	y	99.1	adequate	9.9
2129-Letter_to_SV_Raju_02-07-1976.pdf	2129	1	162408	none	none	0.0	0.0	0.0	128	n	107.9	adequate	12.7
213-Mr_Masanis_Speech_At_Sundarbai_Hall_25-03-1963.pdf	213	9	1422022	none	none	0.0	0.0	0.0	128	y	47.8	faint	12.9
2130-Swatantra_to_Keep_off-The_Indian_Express_29-06-1976.pdf	2130	1	107812	none	none	0.0	0.0	0.0	128	n	79.2	weak	18.6
2131-Swatantra_Terms_for_Merger-Times_of_India_29-06-1976.pdf	2131	1	106819	none	none	0.0	0.0	0.0	128	n	63.4	weak	22.7
2132-Letter_to_SV_Raju_26-06-1976.pdf	2132	1	168321	none	none	0.0	0.0	0.0	128	n	92.9	adequate	9.3
2133-Resolution_on_the_Formation_of_the_New_Party.pdf	2133	2	308574	none	none	0.0	0.0	0.0	128	n	81.6	weak	8.8
2134-Letters_from_bhanu_Pratap_Singh_25-06-1976.pdf	2134	3	501513	none	none	0.0	0.0	0.0	128	n	92.0	adequate	11.6
2135-Letter_to_SV_Raju_09-06-1976.pdf	2135	2	287883	none	none	0.0	0.0	0.0	128	y	95.6	adequate	27.8
2136-Letter_from_SV_Raju_08-06-1976.pdf	2136	1	157994	none	none	0.0	0.0	0.0	128	n	112.8	adequate	10.2
2137-Letter_to_SV_Raju_24-05-1976.pdf	2137	2	260039	none	none	0.0	0.0	0.0	128	y	101.5	adequate	27.6
2138-Letter_to_SV_Raju_19-05-1976.pdf	2138	2	255772	none	none	0.0	0.0	0.0	128	y	124.1	adequate	7.4
2139-Letter_to_SV_Raju_07-05-1976.pdf	2139	2	251808	none	none	0.0	0.0	0.0	128	y	76.3	weak	8.3
214-For_Favour_of_Publication_16-03-1963.pdf	214	1	155349	none	none	0.0	0.0	0.0	128	y	52.3	faint	11.0
2140-Letter_from_VS_Srikumar_21-01-1976.pdf	2140	2	332702	none	none	0.0	0.0	0.0	128	y	121.0	adequate	18.3
2141-Meeting_of_the_National_Executive_and_the_National_General_Council_29-11-1975.pdf	2141	2	487820	none	none	0.0	0.0	0.0	128	n	58.6	faint	16.8
2142-Swatantra_Party_Circular_11-02-1976.pdf	2142	3	554601	none	none	0.0	0.0	0.0	128	n	56.4	faint	19.8
2143-Meeting_of_the_Members_of_the_Congress_21-03-1976.pdf	2143	4	744170	none	none	0.0	0.0	0.0	128	n	137.5	strong	17.2
2144-Letter_to_Jayaprakash.pdf	2144	2	358163	none	none	0.0	0.0	0.0	128	n	121.9	adequate	14.1
2145-Receipt_of_Donation_No-127_02-12-1975.pdf	2145	4	231673	none	none	0.0	0.0	0.0	128	y	97.2	adequate	7.4
2146-Letter_to_SV_Raju_01-12-1975.pdf	2146	2	256464	none	none	0.0	0.0	0.0	128	y	92.2	adequate	28.1
2147-Letter_to_SV_Raju_27-11-1975.pdf	2147	9	1429306	none	none	0.0	0.0	0.0	128	n	72.6	weak	14.3
2148-Statement_Given_by_Girish_Munshi.pdf	2148	1	157377	none	none	0.0	0.0	0.0	128	y	79.3	weak	11.0
2149-Letter_to_SV_Raju_11-06-1975.pdf	2149	1	141307	none	none	0.0	0.0	0.0	128	n	78.0	weak	10.3
215-The_Budget-A_Victory_For_Communist_China.pdf	215	2	291952	none	none	0.0	0.0	0.0	128	y	44.3	faint	33.8
2150-Letter_to_SV_Raju_07-06-1975.pdf	2150	1	99098	none	none	0.0	0.0	0.0	128	y	68.1	weak	7.0
2151-Letter_to_Mr_Girish_Munshi_22-05-1975.pdf	2151	1	181456	none	none	0.0	0.0	0.0	128	n	78.6	weak	20.7
2152-Letter_to_SV_Raju.pdf	2152	2	321641	none	none	0.0	0.0	0.0	128	y	57.8	faint	40.3
2153-Receipt_of_Donation_No-141_20-05-1975.pdf	2153	1	59284	none	none	0.0	0.0	0.0	128	y	80.2	weak	7.8
2154-Letter_to_SV_Raju_12-05-1975.pdf	2154	1	108959	none	none	0.0	0.0	0.0	128	n	124.7	adequate	4.4
2155-Letter_from_VS_Srikumar_26-04-1975.pdf	2155	1	179948	none	none	0.0	0.0	0.0	128	n	111.2	adequate	14.3
2156-Letter_to_Radhakrishna_07-04-1975.pdf	2156	2	408123	none	none	0.0	0.0	0.0	128	n	97.9	adequate	11.3
2157-Letter_to_Mr_Girish_Munshi_19-04-1975.pdf	2157	1	144533	none	none	0.0	0.0	0.0	128	n	84.3	weak	9.8
2158-letter_from_Mr_Girish_Munshi_01-05-1975.pdf	2158	4	931308	none	none	0.0	0.0	0.0	128	n	61.4	weak	14.3
2159-Minutes_of_the_Meeting_of_the_National_Executive_of_the_Swatantra_Party_09-04-1975.pdf	2159	4	772357	none	none	0.0	0.0	0.0	128	n	57.4	faint	15.3
216-For_Favour_of_Publication_08-03-1963.pdf	216	1	175601	none	none	0.0	0.0	0.0	128	y	42.4	faint	21.9
2160-Letter_to_SV_Raju_05-04-1975.pdf	2160	1	142384	none	none	0.0	0.0	0.0	128	n	71.2	weak	10.3
2161-Letter_to_SV_Raju_31-03-1975.pdf	2161	2	240695	none	none	0.0	0.0	0.0	128	y	62.4	weak	29.6
2162-Letter_to_SV_Raju_31-03-1975.pdf	2162	2	225089	none	none	0.0	0.0	0.0	128	n	114.1	adequate	6.4
2163-Letter_to_SV_Raju_30-03-1975.pdf	2163	1	120105	none	none	0.0	0.0	0.0	128	n	64.6	weak	7.7
2164-Receipt_of_Donation_No-107_29-03-1975.pdf	2164	1	56168	none	none	0.0	0.0	0.0	128	y	90.0	adequate	7.1
2165-Letter_to_SV_Raju_28-03-1975.pdf	2165	2	248685	none	none	0.0	0.0	0.0	128	y	72.4	weak	29.5
2166-Letter_to_SV_Raju_19-03-1975.pdf	2166	2	259507	none	none	0.0	0.0	0.0	128	y	70.1	weak	28.5
2167-Letter_to_SV_Raju_25-03-1975.pdf	2167	2	257671	none	none	0.0	0.0	0.0	128	y	63.2	weak	29.8
2168-Letter_to_SV_Raju_04-03-1975.pdf	2168	1	138249	none	none	0.0	0.0	0.0	128	n	73.9	weak	9.5
2169-National_Headquarters_Circular_no.pdf	2169	1	181992	none	none	0.0	0.0	0.0	128	n	84.5	weak	10.9
217-For_Favour_of_Publication_22-01-1963.pdf	217	1	118112	none	none	0.0	0.0	0.0	128	y	58.0	faint	8.9
2170-Letter_from_SV_Raju_28-02-1975.pdf	2170	1	156077	none	none	0.0	0.0	0.0	128	n	87.2	weak	13.2
2171-Letter_from_SV_Raju_18-02-1975.pdf	2171	1	128690	none	none	0.0	0.0	0.0	128	n	111.5	adequate	6.6
2172-Letter_to_SV_Raju_24-02-1975.pdf	2172	2	241573	none	none	0.0	0.0	0.0	128	y	60.7	weak	27.4
2173-Letter_to_SV_Raju_16-02-1975.pdf	2173	2	233096	none	none	0.0	0.0	0.0	128	y	53.6	faint	28.1
2174-Letter_to_SV_Raju_05-02-1975.pdf	2174	1	132175	none	none	0.0	0.0	0.0	128	n	72.7	weak	8.7
2175-Letter_to_SV_Raju_16-01-1975.pdf	2175	1	115220	none	none	0.0	0.0	0.0	128	y	105.8	adequate	5.9
2176-Letter_to_SV_Raju_16-01-1975.pdf	2176	2	282803	none	none	0.0	0.0	0.0	128	y	64.0	weak	37.8
2177-Letter_to_SV_Raju_15-01-1975.pdf	2177	2	279397	none	none	0.0	0.0	0.0	128	y	70.6	weak	27.3
2178-Letter_to_Piloo_Mody_15-01-1975.pdf	2178	1	139494	none	none	0.0	0.0	0.0	128	n	116.8	adequate	6.3
2179-Letter_to_SV_Raju_13-01-1975.pdf	2179	2	261320	none	none	0.0	0.0	0.0	128	y	74.3	weak	28.0
218-Speech_of_Mr_Minoo_Masani_21-01-1963.pdf	218	6	1097529	none	none	0.0	0.0	0.0	128	y	91.4	adequate	15.7
2180-Letter_from_SV_Raju_10-01-1975.pdf	2180	1	145460	none	none	0.0	0.0	0.0	128	n	131.8	strong	9.1
2181-Letter_from_VS_Srikumar_08-01-1974.pdf	2181	2	106563	none	none	0.0	0.0	0.0	128	y	108.2	adequate	10.8
2182-letter_from_Mr_Girish_Munshi_04-01-1975.pdf	2182	2	211166	none	none	0.0	0.0	0.0	128	y	91.0	adequate	7.9
2183-Letter_to_SV_Raju_01-01-1975.pdf	2183	3	551355	none	none	0.0	0.0	0.0	128	n	85.0	weak	10.7
2184-Letter_from_SV_Raju_14-03-1974.pdf	2184	3	422412	none	none	0.0	0.0	0.0	128	n	73.5	weak	11.5
2185-Letter_from_SV_Raju_14-03-1974.pdf	2185	1	139755	none	none	0.0	0.0	0.0	128	n	88.4	weak	13.7
2186-Letter_to_Ganapaiah_04-03-1974.pdf	2186	4	829479	none	none	0.0	0.0	0.0	128	n	92.3	adequate	37.3
2187-Letter_from_SV_Raju_14-03-1974.pdf	2187	3	304744	none	none	0.0	0.0	0.0	128	y	86.0	weak	22.1
2188-Letter_from_Mr_Minoo_Masani_13-03-1973.pdf	2188	1	113777	none	none	0.0	0.0	0.0	128	n	117.8	adequate	3.2
2189-Letter_from_Mr_Minoo_Masani_15-03-1973.pdf	2189	2	247168	none	none	0.0	0.0	0.0	128	n	110.3	adequate	9.2
219-For_Favour_of_Publication_21-01-1963.pdf	219	2	407332	none	none	0.0	0.0	0.0	128	y	61.8	weak	17.1
2190-Letter_to_Mr_Minoo_Masani_08-03-1973.pdf	2190	1	140422	none	none	0.0	0.0	0.0	128	y	120.5	adequate	12.5
2191-Minutes_of_the_Meeting_of_the_National_Executive_07-10-1972.pdf	2191	12	2273162	none	none	0.0	0.0	0.0	128	n	52.3	faint	22.2
2192-Letter_from_Mr_Minoo_Masani_23-10-1972.pdf	2192	2	214432	none	none	0.0	0.0	0.0	128	n	80.5	weak	10.0
2193-Minutes_of_the_Fourth_Meeting_of_the_General_Council_25-06-1972.pdf	2193	19	3553384	none	none	0.0	0.0	0.0	128	n	53.5	faint	18.7
2194-Letter_from_Mr_Minoo_Masani_13-06-1972.pdf	2194	1	138339	none	none	0.0	0.0	0.0	128	n	124.4	adequate	9.1
2195-Letter_to_Mr_Minoo_Masani_02-04-1972.pdf	2195	1	128132	none	none	0.0	0.0	0.0	128	n	94.5	adequate	11.3
2196-Letter_from_Mr_Minoo_Masani_23-05-1972.pdf	2196	1	156730	none	none	0.0	0.0	0.0	128	n	130.8	strong	10.9
2197-Letter_to_Mr_Minoo_Masani_17-05-1972.pdf	2197	2	286139	none	none	0.0	0.0	0.0	128	y	56.4	faint	15.2
2198-Letter_from_Mr_Minoo_Masani_23-05-1972.pdf	2198	1	111277	none	none	0.0	0.0	0.0	128	n	112.3	adequate	6.0
2199-Letter_to_Mr_Minoo_Masani_20-05-1972.pdf	2199	2	229333	none	none	0.0	0.0	0.0	128	y	61.1	weak	25.5
22-Letter_to_Mr_Minoo_Masani_25-03-1971.pdf	22	1	122157	none	none	0.0	0.0	0.0	128	y	81.3	weak	6.5
220-Time_to_Fight-Now_or_Never_28-11-1962.pdf	220	4	535875	none	none	0.0	0.0	0.0	128	n	71.4	weak	11.3
2200-Letter_from_Mr_Minoo_Masani_23-05-1972.pdf	2200	1	116082	none	none	0.0	0.0	0.0	128	n	129.8	adequate	4.0
2201-Letter_to_Mr_Minoo_Masani_17-05-1972.pdf	2201	1	95268	none	none	0.0	0.0	0.0	128	n	79.7	weak	6.3
2202-Letter_from_Mr_Minoo_Masani_18-05-1972.pdf	2202	1	133001	none	none	0.0	0.0	0.0	128	n	115.8	adequate	7.0
2203-Letter_to_Mr_Minoo_Masani_15-05-1972.pdf	2203	1	113379	none	none	0.0	0.0	0.0	128	y	98.7	adequate	6.2
2204-Letter_from_Mr_Minoo_Masani_21-03-1972.pdf	2204	1	97626	none	none	0.0	0.0	0.0	128	n	116.6	adequate	4.1
2205-Letter_to_Mr_Minoo_Masani_17-03-1972.pdf	2205	1	111915	none	none	0.0	0.0	0.0	128	y	80.0	weak	6.9
2206-Letter_to_Dhyan_S_Makhija_29-11-1971.pdf	2206	1	89450	none	none	0.0	0.0	0.0	128	n	85.2	weak	2.2
2207-Letter_to_Mr_Minoo_Masani_20-11-1971.pdf	2207	2	271712	none	none	0.0	0.0	0.0	128	y	94.8	adequate	9.0
2208-Letter_from_Mr_Minoo_Masani_02-11-1971.pdf	2208	3	344469	none	none	0.0	0.0	0.0	128	y	92.5	adequate	11.4
2209-The_Draft_Election_Manifesto_of_the_Swatantra_Party_March-1960.pdf	2209	1	185125	none	none	0.0	0.0	0.0	128	n	113.2	adequate	14.5
221-India_The_Aftermath-New_Outlook_15-01-1963.pdf	221	4	977190	none	none	0.0	0.0	0.0	128	n	111.3	adequate	21.3
2210-The_Draft_Election_Manifesto_of_the_Swatantra_Party_March-1960.pdf	2210	2	266063	none	none	0.0	0.0	0.0	128	n	114.2	adequate	8.3
2211-The_Draft_Election_Manifesto_of_the_Swatantra_Party.pdf	2211	16	3005797	none	none	0.0	0.0	0.0	128	n	63.0	weak	15.8
2212-Letter_from_Mr_Minoo_Masani_28-10-1971.pdf	2212	1	127755	none	none	0.0	0.0	0.0	128	n	107.4	adequate	6.7
2213-Letter_to_Mr_Minoo_Masani_15-10-1971.pdf	2213	2	384456	none	none	0.0	0.0	0.0	128	n	84.5	weak	13.4
2214-Meeting_of_the_Mysore_State_Excutive_Committee_19-09-1971.pdf	2214	1	172408	none	none	0.0	0.0	0.0	128	n	63.1	weak	24.1
2215-Letter_to_N_K_Ganapaiah_26-10-1971.pdf	2215	3	624737	none	none	0.0	0.0	0.0	128	n	54.6	faint	23.1
2216-Letter_from_Mr_Minoo_Masani_02-08-1971.pdf	2216	1	122673	none	none	0.0	0.0	0.0	128	n	84.0	weak	10.3
2217-Letter_from_Mr_Minoo_Masani_02-08-1971.pdf	2217	1	92659	none	none	0.0	0.0	0.0	128	n	51.8	faint	10.5
2218-Letter_to_Mr_Minoo_Masani_03-06-1971.pdf	2218	1	134354	none	none	0.0	0.0	0.0	128	n	83.4	weak	13.3
2219-Letter_from_Mr_Minoo_Masani_07-05-1971.pdf	2219	2	277070	none	none	0.0	0.0	0.0	128	n	61.8	weak	30.5
222-A_Democracy_At_War_22-11-1962.pdf	222	11	1540439	none	none	0.0	0.0	0.0	128	n	90.5	adequate	9.8
2220-Letter_from_Mr_Minoo_Masani_21-04-1971.pdf	2220	4	664713	none	none	0.0	0.0	0.0	128	n	52.3	faint	24.9
2221-Letter_from_Mr_Minoo_Masani_21-04-1971.pdf	2221	1	150855	none	none	0.0	0.0	0.0	128	n	71.2	weak	27.1
2222-Letter_to_Mr_Minoo_Masani_14-04-1971.pdf	2222	2	241533	none	none	0.0	0.0	0.0	128	n	90.0	adequate	5.1
2223-Letter_from_Mr_Minoo_Masani_15-04-1971.pdf	2223	1	89644	none	none	0.0	0.0	0.0	128	n	35.8	faint	31.4
2224-Letter_to_Mr_Minoo_Masani_03-04-1971.pdf	2224	1	191611	none	none	0.0	0.0	0.0	128	n	70.6	weak	14.9
2225-Letter_to_Mr_Minoo_Masani_12-04-1971.pdf	2225	2	361394	none	none	0.0	0.0	0.0	128	y	72.2	weak	34.5
2226-Letter_to_Mr_Minoo_Masani_23-10-1971.pdf	2226	2	158417	none	none	0.0	0.0	0.0	128	y	79.0	weak	10.2
2227-Lok_Sabha_Poll_Picture_At_A_Glance-1952-71-Times_Of_India_31-03-1971.pdf	2227	8	1705572	none	none	0.0	0.0	0.0	128	n	117.9	adequate	26.6
2228-Letter_to_Mr_Maharaja_Natwarsingh_05-11-1971.pdf	2228	1	109261	none	none	0.0	0.0	0.0	128	n	98.2	adequate	4.8
2229-Jan_Sangh_and_Muslim_Politics-january-March-1971.pdf	2229	8	1219885	none	none	0.0	0.0	0.0	128	y	83.8	weak	11.4
223-Annexure-B.pdf	223	1	102666	none	none	0.0	0.0	0.0	128	n	40.0	faint	8.6
2230-Hindu_Chauvinism-Study_In_Growth-January-March-1970.pdf	2230	6	954723	none	none	0.0	0.0	0.0	128	y	80.2	weak	12.8
2231-Masani_Flays_Partys_Role_In_Orissa-Times_Of_India_15-04-1973.pdf	2231	1	93018	none	none	0.0	0.0	0.0	128	n	55.8	faint	10.8
2232-The_Swatantra_Convention-Statesman_17-04-1973.pdf	2232	1	181420	none	none	0.0	0.0	0.0	128	n	63.4	weak	38.1
2233-Swatantras_Capers-Times_Of_India.pdf	2233	1	194474	none	none	0.0	0.0	0.0	128	n	77.6	weak	19.9
2234-Singh_Deo_Slams_Back_At_Masani_18-04-1973.pdf	2234	1	186504	none	none	0.0	0.0	0.0	128	n	82.2	weak	36.2
2235-Singh_Deo_Defends_Ties_With_Biju_Patnaik-Hindustan_Times_19-04-1973.pdf	2235	1	153234	none	none	0.0	0.0	0.0	128	n	82.4	weak	18.6
2236-Singh_Deo_Lashes_Out_At_Masani-Times_Of_India_19-04-1973.pdf	2236	1	164321	none	none	0.0	0.0	0.0	128	n	47.4	faint	23.1
2237-Not_Holding_The_Reins_Of_Govt_But_Dispelling_The_Congress_Socialist_Miasma_must_Be_sRatantra_Role_22-01-1973.pdf	2237	2	871881	none	none	0.0	0.0	0.0	128	n	91.3	adequate	31.2
2238-Fall_Out_From_The_Swatantra_National_Convention_23-04-1973.pdf	2238	4	923809	none	none	0.0	0.0	0.0	128	n	67.6	weak	26.1
2239-Swatantra_Asks_Centre_To_End_All_Controls_16-04-1973.pdf	2239	1	243773	none	none	0.0	0.0	0.0	128	n	84.2	weak	27.3
224-For_Favour_of_Publication_06-11-1962.pdf	224	1	205289	none	none	0.0	0.0	0.0	128	n	61.9	weak	14.3
2240-Masani_Sees_Stranglehold-Indian_Express_16-04-1973.pdf	2240	1	156803	none	none	0.0	0.0	0.0	128	n	51.1	faint	15.9
2241-Split_AP_Demands_Swatantra_Party-Times_Of_India_16-04-1973.pdf	2241	1	199954	none	none	0.0	0.0	0.0	128	n	72.5	weak	28.5
2242-Tide_In_Favour_Of_Swatantra-Piloo-Times_Of_India_15-04-1973.pdf	2242	1	186194	none	none	0.0	0.0	0.0	128	n	64.6	weak	26.2
2243-Need_To_Resurrect_Swatantra_Party_Stressed_At_Session-Statesman_15-04-1973.pdf	2243	1	189885	none	none	0.0	0.0	0.0	128	n	96.2	adequate	37.0
2244-Swatantra_Shift_To_Radicalism-Indian_Express_15-04-1973.pdf	2244	1	171897	none	none	0.0	0.0	0.0	128	n	63.4	weak	37.7
2245-Swatantra_Can_Form_Govt_In_1976-Piloo_Mody-Hindustan_Times_15-04-1973.pdf	2245	1	191424	none	none	0.0	0.0	0.0	128	n	67.1	weak	22.7
2246-Swatantra_Party_Men_Urged_To_Aim_High_&_Work_Hard-Statesman_14-04-1973.pdf	2246	1	202413	none	none	0.0	0.0	0.0	128	n	71.8	weak	26.0
2247-Writ_Puts_Govt_In_Tight_Spot_17-09-1987.pdf	2247	6	662853	none	none	0.0	0.0	0.0	128	y	105.5	adequate	51.1
2248-Challenging_A_Monopoly.pdf	2248	2	391872	none	none	0.0	0.0	0.0	128	n	88.6	weak	28.2
2249-Television_Sans_Vision-The_Sunday_Free_Press_Journal_13-09-1987.pdf	2249	2	426814	none	none	0.0	0.0	0.0	128	n	106.1	adequate	29.5
225-Annexure-A-Statement_on_the_Current_Emergency.pdf	225	2	318020	none	none	0.0	0.0	0.0	128	n	53.5	faint	10.5
2250-Bengal_Withdraws_From_AIR_TV_Panels-Times_Of_India_15-09-1987.pdf	2250	1	131594	none	none	0.0	0.0	0.0	128	n	68.1	weak	27.3
2251-Monopoly_On_AIR_&_TV_Challenged-The_Statesman_11-09-1987.pdf	2251	1	106161	none	none	0.0	0.0	0.0	128	n	74.1	weak	22.1
2252-Petition_Against_Govt_Monopoly_In_Broadcasting-The_Hindustan_Times_10-09-1987.pdf	2252	1	192115	none	none	0.0	0.0	0.0	128	y	76.7	weak	28.7
2253-Monopoly_On_AIR_&_TV_Challenged-The_Statesman_11-09-1987.pdf	2253	1	133311	none	none	0.0	0.0	0.0	128	n	69.3	weak	34.9
2254-Doordarshan-Denying_The_Peoples_Right_To_Know-Freedom_First-April-1987.pdf	2254	2	592623	none	none	0.0	0.0	0.0	128	n	106.9	adequate	22.1
2255-SC_Directive_On_AIR_TV_Autonomy_Plea-Indian_Express_29-04-1987.pdf	2255	1	172598	none	none	0.0	0.0	0.0	128	n	84.5	weak	37.7
2256-Writ_Puts_Govt_In_Tight_Spot-The_Afternoon_Despatch_&_Courier_17-09-1987.pdf	2256	8	1781568	none	none	0.0	0.0	0.0	128	n	124.7	adequate	23.2
2257-Doordarshan_In_Wrong-The_Times_Of_India_16-09-1987.pdf	2257	2	240552	none	none	0.0	0.0	0.0	128	y	92.5	adequate	33.6
2258-IOA_Blasts_Doordarshan-Times_Of_India_16-09-1987.pdf	2258	1	131127	none	none	0.0	0.0	0.0	128	n	95.5	adequate	12.1
2259-Govt_Monopoly_Over_Radio_TV_Illegal-Indian_Express_11-09-1987.pdf	2259	1	170245	none	none	0.0	0.0	0.0	128	y	84.8	weak	22.5
226-Speech_of_Mr_Minoo_Masani_31-10-1962.pdf	226	15	2249118	none	none	0.0	0.0	0.0	128	y	99.7	adequate	15.1
2260-Monopoly_Over_Radio_TV_Illegal-Indian_Express_10-09-1987.pdf	2260	1	131753	none	none	0.0	0.0	0.0	128	n	63.0	weak	30.8
2261-Writ_Puts_Govt_In_Tight_Spot-The_Afternoon_Despatch_&_Courier_17-09-1987.pdf	2261	8	840903	none	none	0.0	0.0	0.0	128	y	109.7	adequate	31.7
2262-The_High_Court_Of_Judicature_At_Bombay_Civil_Jurisdication_Writ_Petition_No-2955.pdf	2262	68	10834719	none	none	0.0	0.0	0.0	128	n	67.6	weak	14.0
2263-Get_Out_Soonest.pdf	2263	8	1735557	none	none	0.0	0.0	0.0	128	n	128.4	adequate	14.0
2264-Who_Owns_The_Air-Express_Magazine_11-10-1987.pdf	2264	4	1593215	none	none	0.0	0.0	0.0	128	n	113.7	adequate	40.3
2265-Radio_Not_Second_Channel_Can_Help_States_03-10-1987.pdf	2265	4	429672	none	none	0.0	0.0	0.0	128	y	108.6	adequate	67.1
2266-Challenging_A_Monopoly_06-10-1987.pdf	2266	2	394231	none	none	0.0	0.0	0.0	128	n	85.8	weak	20.9
2267-Patwardhan_Files_Writ_Plea_Against_Doordarshan-Indian_Express_24-08-1987.pdf	2267	2	226131	none	none	0.0	0.0	0.0	128	y	84.7	weak	37.7
2268-SC_Directive_On_AIR_TV_Autonomy_Plea-Indian_Express_29-04-1987.pdf	2268	2	287755	none	none	0.0	0.0	0.0	128	y	112.0	adequate	40.2
2269-Letter_to_Mr_Minoo_Masani_13-11-1987.pdf	2269	1	100946	none	none	0.0	0.0	0.0	128	y	43.9	faint	45.4
227-For_Favour_of_Publication_31-10-1962.pdf	227	1	145405	none	none	0.0	0.0	0.0	128	n	46.2	faint	14.5
2270-Letter_to_Mr_K_S_Venkateshwaran_27-11-1987.pdf	2270	1	85186	none	none	0.0	0.0	0.0	128	y	90.0	adequate	4.4
2271-Letter_to_Mr_Naoroz_Seervai_08-04-1987.pdf	2271	1	114602	none	none	0.0	0.0	0.0	128	n	72.1	weak	7.8
2272-The_High_Court_Of_Judicature_At_Bombay_Civil_Jurisdication_Writ_Petition_No-2955.pdf	2272	35	4840657	none	none	0.0	0.0	0.0	128	n	76.8	weak	46.0
2273-Doordarshan_A_Study_Of_Its_News_In_English_31-01-1987.pdf	2273	13	1909059	none	none	0.0	0.0	0.0	128	n	90.5	adequate	7.0
2274-Too_Much_Projection_Of_Ministers.pdf	2274	6	929393	none	none	0.0	0.0	0.0	128	n	71.4	weak	14.6
2275-Subpression_And_Censorship_Of_Inconvenient_News.pdf	2275	4	674132	none	none	0.0	0.0	0.0	128	n	89.6	weak	8.2
2276-Loaded_and_Distorted_News.pdf	2276	18	2819098	none	none	0.0	0.0	0.0	128	n	93.7	adequate	8.4
2277-The_Fundamental_Rights_Under_The_Constitution_And_The_Supreme_Court.pdf	2277	25	2652527	none	none	0.0	0.0	0.0	128	y	95.4	adequate	48.2
2278-The_Critical_Moment.pdf	2278	12	1464430	none	none	0.0	0.0	0.0	128	y	90.7	adequate	13.9
2279-Swatantra_Party_Constitution_14-04-1973.pdf	2279	12	1843630	none	none	0.0	0.0	0.0	128	y	117.2	adequate	11.3
228-Swatantra_Answer_to_Chinese_Communist_Challenge.pdf	228	27	4889776	none	none	0.0	0.0	0.0	128	y	81.6	weak	13.7
2280-Telegram-Dissolution_Of_Swatantra_Party_14-04-1973.pdf	2280	1	202093	none	none	0.0	0.0	0.0	128	n	141.0	strong	11.4
2281-Resolution_For_Consideration_By_The_National_Convention_Of_Swatantra_Party_04-08-1974.pdf	2281	2	488832	none	none	0.0	0.0	0.0	128	n	70.5	weak	13.0
2282-Resolution_On_National_Convention_Swatantra_Party_04-08-1974.pdf	2282	9	1594282	none	none	0.0	0.0	0.0	128	n	71.6	weak	14.2
2283-In_The_Bombay_City_Civil_Court_At_Bombay.pdf	2283	31	5481346	none	none	0.0	0.0	0.0	128	n	65.8	weak	21.7
2284-Letter_to_Mr_G_K_Munshi_06-05-1975.pdf	2284	3	360207	none	none	0.0	0.0	0.0	128	y	106.0	adequate	7.4
2285-Rent_and_Electricity_Charges_For_The_Month_Dec-1975_15-01-1976.pdf	2285	3	236512	none	none	0.0	0.0	0.0	128	y	107.7	adequate	4.8
2286-Rent_and_Electricity_Charges_For_The_Month_Nov-1975_17-12-1975.pdf	2286	3	229150	none	none	0.0	0.0	0.0	128	y	108.7	adequate	4.4
2287-Rent_and_Electricity_Charges_For_The_Month_Oct-1975_17-11-1975.pdf	2287	2	201155	none	none	0.0	0.0	0.0	128	y	104.1	adequate	2.8
2288-Rent_and_Electricity_Charges_For_The_Month_Sep-1975_11-10-1975.pdf	2288	2	242060	none	none	0.0	0.0	0.0	128	n	107.0	adequate	2.7
2289-Rent_and_Electricity_Charges_For_The_Month_Aug-1975_19-09-1975.pdf	2289	2	249454	none	none	0.0	0.0	0.0	128	n	91.3	adequate	2.8
229-Speech_of_Mr_Minoo_Masani_25-09-1962.pdf	229	4	802068	none	none	0.0	0.0	0.0	128	y	94.0	adequate	22.7
2290-Rent_and_Electricity_Charges_For_The_Month_July-1975_11-08-1975.pdf	2290	2	147034	none	none	0.0	0.0	0.0	164	n	139.3	strong	3.1
2291-Rent_and_Electricity_Charges_For_The_Month_June-1975_23-07-1975.pdf	2291	2	256153	none	none	0.0	0.0	0.0	128	n	94.1	adequate	49.8
2292-Rent_and_Electricity_Charges_For_The_Month_May-1975_20-06-1975.pdf	2292	2	246282	none	none	0.0	0.0	0.0	128	n	110.4	adequate	3.6
2293-Rent_and_Electricity_Charges_For_The_Month_Apr-1975_20-05-1975.pdf	2293	3	403569	none	none	0.0	0.0	0.0	128	n	104.0	adequate	2.8
2294-Letter_to_Mr_V_P_Bhatia_14-05-1975.pdf	2294	1	239399	none	none	0.0	0.0	0.0	128	n	97.1	adequate	8.5
2295-Letter_to_Mr_Girish_22-04-1975.pdf	2295	1	172439	none	none	0.0	0.0	0.0	128	n	99.8	adequate	7.0
2296-Letter_to_Mr_V_P_Bhatia_14-05-1975.pdf	2296	1	231206	none	none	0.0	0.0	0.0	128	n	110.5	adequate	10.0
2297-Letter_to_Swatantra_Party_06-05-1975.pdf	2297	1	99746	none	none	0.0	0.0	0.0	128	y	98.4	adequate	4.2
2298-Letter_to_Mr_Piloo_Mody_06-05-1975.pdf	2298	2	331143	none	none	0.0	0.0	0.0	128	n	132.2	strong	6.6
2299-Rent_and_Electricity_Charges_For_The_Month_Mar-1975_11-04-1975.pdf	2299	2	284607	none	none	0.0	0.0	0.0	128	n	78.9	weak	18.6
23-Letter_to_A_E_Gunawardena_25-03-1971.pdf	23	3	452202	none	none	0.0	0.0	0.0	128	y	80.8	weak	6.4
230-For_Favour_of_Publication_25-10-1962.pdf	230	1	178943	none	none	0.0	0.0	0.0	128	n	59.2	faint	13.8
2300-Rent_and_Electricity_Charges_For_The_Month_Feb-1975_13-03-1975.pdf	2300	4	553399	none	none	0.0	0.0	0.0	128	n	129.0	adequate	3.2
2301-Letter_to_Mr_V_P_Bhatia_22-02-1975.pdf	2301	4	482471	none	none	0.0	0.0	0.0	128	y	82.3	weak	7.1
2302-Letter_to_Mr_Piloo_Mody_22-02-1975.pdf	2302	2	224102	none	none	0.0	0.0	0.0	128	y	89.4	weak	52.2
2303-Rent_and_Electricity_Charges_For_The_Month_Jan-1975_15-02-1975.pdf	2303	3	310507	none	none	0.0	0.0	0.0	128	y	92.1	adequate	35.1
2304-Letter_to_Mr_Girish_Munshi_23-01-1975.pdf	2304	2	289590	none	none	0.0	0.0	0.0	128	n	92.7	adequate	3.8
2305-Letter_to_Mr_Girish_Munshi_23-01-1975.pdf	2305	1	140497	none	none	0.0	0.0	0.0	128	n	84.4	weak	97.3
2306-Letter_to_Mr_Piloo_Mody_29-01-1975.pdf	2306	1	141716	none	none	0.0	0.0	0.0	128	n	100.1	adequate	4.0
2307-Rent_and_Electricity_Charges_For_The_Month_Dec-1974_16-01-1975.pdf	2307	2	270165	none	none	0.0	0.0	0.0	128	n	87.1	weak	4.8
2308-Letter_to_Mr_V_P_Bhatia_26-12-1974.pdf	2308	1	117689	none	none	0.0	0.0	0.0	128	y	107.7	adequate	6.0
2309-Rent_and_Electricity_Charges_For_The_Month_Nov-1974_16-12-1974.pdf	2309	1	145871	none	none	0.0	0.0	0.0	128	n	108.4	adequate	2.2
231-Speech_of_Mr_Minoo_Masani-Defence_Against_China.pdf	231	3	574228	none	none	0.0	0.0	0.0	128	n	70.3	weak	14.5
2310-Rent_and_Electricity_Charges_For_The_Month_Oct-1974_26-11-1974.pdf	2310	1	136769	none	none	0.0	0.0	0.0	128	n	118.4	adequate	2.9
2311-Rent_and_Electricity_Charges_For_The_Month_Sep-1974_30-10-1974.pdf	2311	1	133456	none	none	0.0	0.0	0.0	128	n	112.8	adequate	2.5
2312-Morals_By_Legislation-The_Illustrated_Weekly_Of_India_15-08-1954.pdf	2312	4	1712520	none	none	0.0	0.0	0.0	128	n	129.2	adequate	31.2
2313-Freedoms_We_May_Lose-Times_Weekly_15-11-1954.pdf	2313	8	1849037	none	none	0.0	0.0	0.0	128	n	105.2	adequate	23.1
2314-Morals_By_Legislation.pdf	2314	11	2317878	none	none	0.0	0.0	0.0	128	n	107.1	adequate	7.6
2315-JPs_Programme_For_December_69.pdf	2315	1	149004	none	none	0.0	0.0	0.0	128	n	111.6	adequate	4.1
2316-Letter_to_Mr_Minoo_Masani_16-11-1969.pdf	2316	2	281664	none	none	0.0	0.0	0.0	128	n	88.8	weak	6.2
2317-Masani_Welcomes_Mrs_Gandhi_Offer_To_End_Controls-Statesman_10-10-1969.pdf	2317	1	156723	none	none	0.0	0.0	0.0	128	n	91.8	adequate	13.1
2318-What_Stirred_Us-Himmat_10-10-1969.pdf	2318	1	368104	none	none	0.0	0.0	0.0	128	n	93.7	adequate	17.2
2319-Masani_Lauds_Indira_Stand_On_Controls-Indian_Express_09-10-1969.pdf	2319	1	266513	none	none	0.0	0.0	0.0	128	n	108.6	adequate	12.6
232-JP-Through_Thirty_Years-Birthday_Celebration.pdf	232	4	805772	none	none	0.0	0.0	0.0	128	n	70.0	weak	25.3
2320-Masani_Welcomes_PMs_Offer_To_Lift_Controls-Times_Of_India_09-10-1969.pdf	2320	1	177022	none	none	0.0	0.0	0.0	128	n	38.7	faint	47.1
2321-Challenge_To_Industry-Hindustan_Times_09-10-1969.pdf	2321	1	211601	none	none	0.0	0.0	0.0	128	n	89.8	weak	7.2
2322-Controls_Indiras_Conditional_Offer-Economic_Times_06-10-1969.pdf	2322	4	810790	none	none	0.0	0.0	0.0	128	y	105.0	adequate	30.8
2323-Anti_Social_Elements_Must_Not_Get_Bank_Credit-PM-Times_Of_India_06-10-1969.pdf	2323	1	196401	none	none	0.0	0.0	0.0	128	n	65.5	weak	14.0
2324-Controls_On_Rational_Basis_PM_Asserts-Indian_Express_06-10-1969.pdf	2324	1	245352	none	none	0.0	0.0	0.0	128	n	105.4	adequate	9.1
2325-Prosperity_Long_Way_Off-PM-Indian_Express.pdf	2325	2	370353	none	none	0.0	0.0	0.0	128	n	70.4	weak	21.9
2326-Search_For_New_Image-The_Economic_Times_11-09-1969.pdf	2326	2	629579	none	none	0.0	0.0	0.0	128	y	84.6	weak	19.6
2327-Business_Initiative-The_Economic_Times_07-09-1969.pdf	2327	2	411914	none	none	0.0	0.0	0.0	128	y	71.9	weak	26.5
2328-Swatantra_Party_Statement_Of_Principles_01-08-1959.pdf	2328	4	729692	none	none	0.0	0.0	0.0	128	n	89.0	weak	9.8
2329-Sharad_Joshi_MP_Rajya_Sabha-Bio_Data.pdf	2329	10	2319972	none	none	0.0	0.0	0.0	135	n	71.6	weak	14.2
233-JP-Through_Thirty_Years-Birthday_Celebration.pdf	233	4	777040	none	none	0.0	0.0	0.0	128	n	55.4	faint	39.9
2330-With_Best_Compliments_From_Forum_Of_Free_Enterprise.pdf	2330	16	2292628	none	none	0.0	0.0	0.0	134	n	138.3	strong	13.2
2331-For_Favour_Of_Publication_14-05-1959.pdf	2331	4	1008821	none	none	0.0	0.0	0.0	128	n	97.8	adequate	10.8
2332-Swatantra_Party_Minutes_of_Meeting_13-02-1965.pdf	2332	8	1400641	none	none	0.0	0.0	0.0	128	n	74.7	weak	11.6
2333-Happy_New_Year_Greatings_Card_to_Minoo_Masani_01-01-1991.pdf	2333	3	194549	none	none	0.0	0.0	0.0	128	n	125.8	adequate	14.7
2334-Letter_to_Mr_Minoo_Masani_26-11-1989.pdf	2334	1	108021	none	none	0.0	0.0	0.0	128	n	105.9	adequate	3.5
2335-Letter_to_President_Mr_R_Venkataraman_21-11-1989.pdf	2335	1	165063	none	none	0.0	0.0	0.0	128	n	112.0	adequate	6.1
2336-Letter_to_Mr_Minoo_Masani_14-10-1989.pdf	2336	1	113447	none	none	0.0	0.0	0.0	128	n	125.7	adequate	2.9
2337-Letter_to_President_Mr_R_Venkataraman_04-10-1989.pdf	2337	1	224758	none	none	0.0	0.0	0.0	128	n	128.7	adequate	12.1
2338-Letter_to_President_Mr_R_Venkataraman_09-09-1987.pdf	2338	1	111006	none	none	0.0	0.0	0.0	128	n	94.5	adequate	96.7
2339-Letter_to_Mr_Minoo_Masani_27-08-1987.pdf	2339	1	142080	none	none	0.0	0.0	0.0	128	n	101.3	adequate	3.8
234-Letter_to_Mr_Minoo_Masani_28-09-1962.pdf	234	3	381798	none	none	0.0	0.0	0.0	128	n	61.4	weak	8.8
2340-Letter_to_President_Mr_R_Venkataraman_05-08-1987.pdf	2340	2	376253	none	none	0.0	0.0	0.0	128	n	122.2	adequate	8.6
2341-Heresies_About_The_Constitution-The_Times_Of_India_06-05-1987.pdf	2341	2	474288	none	none	0.0	0.0	0.0	128	y	89.3	weak	26.8
2342-Roots_Of_President-PM_Clash.pdf	2342	5	1258648	none	none	0.0	0.0	0.0	128	y	100.3	adequate	49.8
2343-Roots_Of_President-PM_Clash-Times_Of_India_29-03-1987.pdf	2343	4	1464386	none	none	0.0	0.0	0.0	128	n	126.3	adequate	28.1
2344-National_Govt_Not_Utopain_Say_Proposers.pdf	2344	2	555119	none	none	0.0	0.0	0.0	128	n	151.9	strong	23.2
2345-National_Govt_Not_Utopain_29-10-1987.pdf	2345	1	219355	none	none	0.0	0.0	0.0	128	n	98.6	adequate	9.4
2346-Letters-National_Govt-The_Times_Of_India_27-10-1987.pdf	2346	1	209549	none	none	0.0	0.0	0.0	128	n	125.1	adequate	10.3
2347-Letter_to_Regional_Transport_Officer_29-08-1989.pdf	2347	3	167798	none	none	0.0	0.0	0.0	128	y	99.9	adequate	10.1
2348-Letter_to_Regional_Transport_Officer_16-01-1989.pdf	2348	1	96170	none	none	0.0	0.0	0.0	128	n	94.0	adequate	5.7
2349-Letter_to_Regional_Transport_Officer_Regarding_Jeep_No-MRZ8939_08-09-1988.pdf	2349	3	182592	none	none	0.0	0.0	0.0	128	y	106.4	adequate	8.8
235-Government_Economic_Policies_25-08-1962.pdf	235	21	3752345	none	none	0.0	0.0	0.0	128	n	46.7	faint	15.4
2350-Letter_to_Regional_Transport_Officer_Regarding_Jeep_No-MRZ8939_09-12-1986.pdf	2350	3	203271	none	none	0.0	0.0	0.0	128	y	111.0	adequate	10.6
2351-Letter_to_Regional_Transport_Officer_Regarding_Jeep_No-MRZ8939_05-09-1986.pdf	2351	4	216064	none	none	0.0	0.0	0.0	128	y	107.1	adequate	11.0
2352-Letter_to_Regional_Transport_Officer_Regarding_Jeep_No-MRA4024_09-03-1985.pdf	2352	1	116257	none	none	0.0	0.0	0.0	128	n	115.5	adequate	5.8
2353-Letter_to_Regional_Transport_Officer_Regarding_Jeep_No-MRA4024_28-02-1985.pdf	2353	5	442904	none	none	0.0	0.0	0.0	128	y	85.3	weak	36.2
2354-Letter_to_Regional_Transport_Officer_Regarding_Jeep_No-MRA4093_28-12-1984.pdf	2354	1	126051	none	none	0.0	0.0	0.0	128	n	112.5	adequate	9.1
2355-Letter_to_Regional_Transport_Officer_Regarding_Jeep_No-MRA4024_17-10-1984.pdf	2355	5	446673	none	none	0.0	0.0	0.0	128	y	83.5	weak	12.5
2356-Letter_to_Regional_Transport_Officer_Regarding_Jeep_No-MRA4024_04-12-1983.pdf	2356	5	626551	none	none	0.0	0.0	0.0	128	y	76.3	weak	14.8
2357-Traffic_Offence_Notice_To_Mr_Minoo_Masani.pdf	2357	4	595383	none	none	0.0	0.0	0.0	128	y	81.1	weak	54.1
2358-Letter_to_The_Deputy_Commissioner_Of_Police_30-03-1982.pdf	2358	3	207807	none	none	0.0	0.0	0.0	128	n	91.5	adequate	54.8
2359-Letter_to_The_Deputy_Commissioner_Of_Police_19-03-1980.pdf	2359	4	309401	none	none	0.0	0.0	0.0	128	y	103.7	adequate	10.5
236-Publication_for_What_1962_Elections_Teach_About_1967_12-08-1962.pdf	236	9	1145571	none	none	0.0	0.0	0.0	128	y	81.3	weak	10.7
2360-Letter_to_Shri_Ghasirambabu_Majhi_07-12-1979.pdf	2360	1	120103	none	none	0.0	0.0	0.0	128	n	120.1	adequate	4.8
2361-Letter_to_Mr_P_K_Deo_07-12-1979.pdf	2361	2	112264	none	none	0.0	0.0	0.0	164	n	158.7	strong	2.8
2362-Letter_to_Mr_S_V_Raju_22-11-1979.pdf	2362	1	98132	none	none	0.0	0.0	0.0	128	n	74.4	weak	5.3
2363-Letter_to_Regional_Transport_Officer_12-11-1979.pdf	2363	1	98163	none	none	0.0	0.0	0.0	128	y	104.5	adequate	5.9
2364-Letter_to_Mr_P_K_Deo_09-11-1979.pdf	2364	1	132571	none	none	0.0	0.0	0.0	128	n	89.5	weak	5.3
2365-Traffic_Offence_Notice_To_Mr_Minoo_Masani.pdf	2365	4	538376	none	none	0.0	0.0	0.0	128	y	118.8	adequate	62.4
2366-Letter_to_The_Collector_Of_Bombay_09-19-1979.pdf	2366	4	348967	none	none	0.0	0.0	0.0	128	y	80.3	weak	14.8
2367-Arrears_Of_Municipal_Tax_In_Respect_Of_Vehicle_MRA4096_08-02-1977.pdf	2367	3	210642	none	none	0.0	0.0	0.0	128	y	96.7	adequate	10.9
2368-Letter_to_Regional_Transport_Officer_Regarding_Jeep_No-MRA4024_08-02-1977.pdf	2368	1	127397	none	none	0.0	0.0	0.0	128	n	113.1	adequate	7.9
2369-Letter_to_Regional_Transport_Officer_Regarding_Jeep_No-MRA4092_&_MRA4093_04-02-1977.pdf	2369	37	4297302	none	none	0.0	0.0	0.0	128	y	76.4	weak	18.3
237-The_1962_Elections-Lessons_For_1967-The_Illustrated_Weekly_of_India_12-08-1962.pdf	237	2	635529	none	none	0.0	0.0	0.0	128	y	65.7	weak	32.1
2370-Letter_to_Regional_Transport_Officer_23-11-1976.pdf	2370	19	1278321	none	none	0.0	0.0	0.0	128	y	89.1	weak	9.7
2371-Letter_to_Regional_Transport_Officer_18-03-1976.pdf	2371	3	237472	none	none	0.0	0.0	0.0	128	y	99.1	adequate	62.1
2372-Letter_to_Regional_Transport_Officer_17-03-1976.pdf	2372	1	158346	none	none	0.0	0.0	0.0	128	n	107.2	adequate	5.5
2373-Letter_to_Mr_V_P_Bhatia_17-03-1976.pdf	2373	7	546899	none	none	0.0	0.0	0.0	128	y	88.7	weak	10.4
2374-Letter_From_Associated_Cement_Companies_11-03-1976.pdf	2374	1	162398	none	none	0.0	0.0	0.0	128	n	106.1	adequate	5.2
2375-Letter_to_Regional_Transport_Officer_01-07-1975.pdf	2375	2	227825	none	none	0.0	0.0	0.0	128	y	96.7	adequate	4.7
2376-Letter_to_Mr_Minoo_Masani_20-03-1975.pdf	2376	1	175287	none	none	0.0	0.0	0.0	128	n	120.2	adequate	5.6
2377-Letter_to_Mr_V_P_Bhatia_20-03-1975.pdf	2377	1	167038	none	none	0.0	0.0	0.0	128	n	108.6	adequate	6.2
2378-Letter_to_Mr_P_J_Deshmukh_13-03-1975.pdf	2378	2	301418	none	none	0.0	0.0	0.0	128	n	113.9	adequate	9.7
2379-Letter_to_Mr_Minoo_Masani_07-03-1975.pdf	2379	1	122783	none	none	0.0	0.0	0.0	128	n	117.8	adequate	3.4
238-For_Favour_of_Publication_26-06-1962.pdf	238	2	261126	none	none	0.0	0.0	0.0	128	n	69.1	weak	68.6
2380-Letter_From_Mr_V_P_Bhatia_06-03-1975.pdf	2380	2	240804	none	none	0.0	0.0	0.0	128	n	88.4	weak	8.6
2381-Letter_to_Mr_Lingappa_05-03-1975.pdf	2381	3	409027	none	none	0.0	0.0	0.0	128	n	120.2	adequate	4.3
2382-Letter_to_Mr_N_W_Sawant_04-03-1975.pdf	2382	1	170491	none	none	0.0	0.0	0.0	128	n	109.4	adequate	10.7
2383-Letter_to_Mr_V_P_Bhatia_06-02-1975.pdf	2383	1	147940	none	none	0.0	0.0	0.0	128	n	166.9	strong	4.7
2384-Letter_to_The_Collector_Of_Bombay_05-02-1975.pdf	2384	1	165717	none	none	0.0	0.0	0.0	128	n	127.7	adequate	7.7
2385-Letter_to_The_Collector_Of_Bombay_13-12-1974.pdf	2385	1	172456	none	none	0.0	0.0	0.0	128	n	153.8	strong	7.7
2386-Letter_to_Mr_Minoo_Masani_08-01-1975.pdf	2386	1	206779	none	none	0.0	0.0	0.0	128	n	112.6	adequate	6.9
2387-Letter_to_Mr_V_P_Bhatia_19-12-1974.pdf	2387	1	162201	none	none	0.0	0.0	0.0	128	n	127.5	adequate	5.7
2388-Letter_to_Mr_S_V_Raju_17-12-1974.pdf	2388	1	173995	none	none	0.0	0.0	0.0	128	n	91.3	adequate	10.5
2389-Swatantra_Party_Resolution_For_National_Convention_04-08-1974.pdf	2389	2	435920	none	none	0.0	0.0	0.0	128	n	88.0	weak	14.1
239-Pitfalls_At_The_Poll_10-06-1962.pdf	239	1	65935	none	none	0.0	0.0	0.0	128	y	74.4	weak	39.4
2390-Swatantra_Party_Resolution_1_and_2_29-08-1974.pdf	2390	1	218649	none	none	0.0	0.0	0.0	128	n	90.9	adequate	8.4
2391-Letter_to_The_Collector_Of_Bombay_13-12-1974.pdf	2391	1	171164	none	none	0.0	0.0	0.0	128	n	118.4	adequate	7.4
2392-Letter_to_The_Collector_Of_Bombay_25-11-1974.pdf	2392	1	137151	none	none	0.0	0.0	0.0	128	n	125.3	adequate	4.1
2393-Letter_to_The_Collector_Of_Bombay_12-08-1974.pdf	2393	2	283419	none	none	0.0	0.0	0.0	128	n	129.2	adequate	6.9
2394-Letter_to_Mr_Shiv_Prasad_04-01-1988.pdf	2394	2	324205	none	none	0.0	0.0	0.0	128	n	119.4	adequate	6.2
2395-Letter_to_The_Collector_Of_Bombay_01-07-1987.pdf	2395	1	173309	none	none	0.0	0.0	0.0	128	n	105.4	adequate	7.7
2396-Letter_to_Mr_Minoo_Masani_10-12-1987.pdf	2396	1	191971	none	none	0.0	0.0	0.0	128	n	91.3	adequate	6.8
2397-Letter_to_Mr_K_K_Shah_12-11-1970.pdf	2397	2	338906	none	none	0.0	0.0	0.0	128	n	85.2	weak	51.2
2398-Letter_to_Mr_A_P_Sinha_29-04-1987.pdf	2398	1	134673	none	none	0.0	0.0	0.0	128	n	127.9	adequate	9.7
2399-Letter_to_Mr_Minoo_Masani_06-04-1987.pdf	2399	2	277547	none	none	0.0	0.0	0.0	128	n	115.2	adequate	4.6
24-A-Letter_to_Mr_Minoo_Masani_15-03-1971.pdf	24	1	163093	full	good	1005.0	0.828	0.01	128	y	130.7	strong	7.7
24-Letter_to_Sardar_Gian_Singh_Rarewala_24-03-1971.pdf	24	1	53758	full	degraded	429.0	0.648	0.006	128	n	115.0	adequate	3.2
240-For_Favour_of_Publication_07-06-1962.pdf	240	2	255856	none	none	0.0	0.0	0.0	128	y	69.3	weak	63.5
2400-Letter_to_Mr_A_P_Sinha_24-03-1987.pdf	2400	2	154360	none	none	0.0	0.0	0.0	128	y	80.6	weak	7.2
2401-Letter_to_Mr_Minoo_Masani_18-03-1987.pdf	2401	1	124779	none	none	0.0	0.0	0.0	128	n	78.4	weak	3.2
2402-Letter_to_Mr_A_P_Sinha_17-03-1987.pdf	2402	3	594433	none	none	0.0	0.0	0.0	128	n	113.2	adequate	9.3
2403-Letter_to_Mr_A_P_Sinha_10-03-1987.pdf	2403	1	12150	none	none	0.0	0.0	0.0	200	n	184.7	strong	3.7
2404-Letter_to_Mr_Minoo_Masani_27-02-1987.pdf	2404	1	206598	none	none	0.0	0.0	0.0	128	n	100.8	adequate	6.2
2405-Letter_to_Mr_A_P_Sinha_23-02-1987.pdf	2405	2	177197	none	none	0.0	0.0	0.0	164	n	158.6	strong	6.4
2406-Letter_to_Regional_Transport_Officer_06-05-1985.pdf	2406	2	171334	none	none	0.0	0.0	0.0	128	y	73.2	weak	36.6
2407-Letter_to_Regional_Transport_Officer_Regarding_Jeep_No-MRG2347_13-02-1985.pdf	2407	2	125442	none	none	0.0	0.0	0.0	128	y	75.7	weak	29.5
2408-Letter_to_Mr_Minoo_Masani_05-11-1984.pdf	2408	1	134150	none	none	0.0	0.0	0.0	128	n	93.4	adequate	6.1
2409-Letter_to_Regional_Transport_Officer_22-11-1976.pdf	2409	1	155408	none	none	0.0	0.0	0.0	128	n	90.2	adequate	5.2
241-For_Favour_of_Publication_26-07-1962.pdf	241	2	337990	none	none	0.0	0.0	0.0	128	n	53.6	faint	11.9
2410-Letter_to_Mr_S_R_Tracy_29-03-1976.pdf	2410	2	150340	none	none	0.0	0.0	0.0	164	n	129.7	adequate	51.5
2411-Letter_to_Regional_Transport_Officer_07-02-1984.pdf	2411	6	547776	none	none	0.0	0.0	0.0	128	y	93.0	adequate	34.8
2412-Letter_to_Mr_S_R_Tracy_29-03-1976.pdf	2412	2	378082	none	none	0.0	0.0	0.0	128	n	139.3	strong	8.7
2413-Letter_to_The_Deputy_Commissioner_Of_Police_02-07-1975.pdf	2413	1	188504	none	none	0.0	0.0	0.0	128	n	129.4	adequate	6.5
2414-Letter_to_Mr_V_P_Bhatia_02-07-1975.pdf	2414	1	171869	none	none	0.0	0.0	0.0	128	n	115.9	adequate	7.0
2415-Traffic_Offence_Notice_To_Mr_Minoo_Masani.pdf	2415	2	591903	none	none	0.0	0.0	0.0	128	n	85.5	weak	15.5
2416-Letter_to_Mr_Minoo_Masani_15-03-1975.pdf	2416	1	107338	none	none	0.0	0.0	0.0	128	y	98.4	adequate	5.6
2417-Letter_to_Mr_N_W_Sawant_11-03-1975.pdf	2417	2	315827	none	none	0.0	0.0	0.0	128	n	116.1	adequate	6.7
2418-Letter_to_The_Collector_Of_Bombay_12-08-1974.pdf	2418	2	246998	none	none	0.0	0.0	0.0	128	y	106.3	adequate	8.6
2419-Copies_Of_Correspondence_Relating_To_Jeep_No-MRG2347.pdf	2419	2	254133	none	none	0.0	0.0	0.0	128	n	83.4	weak	11.6
242-Thou_Shalt_Not_Travel.pdf	242	1	127420	none	none	0.0	0.0	0.0	128	n	78.4	weak	13.2
2420-Letter_to_The_Collector_Of_Bombay_12-08-1974.pdf	2420	1	154745	none	none	0.0	0.0	0.0	128	n	71.0	weak	5.3
2421-Letter_to_Regional_Transport_Officer_17-11-1970.pdf	2421	2	266227	none	none	0.0	0.0	0.0	128	n	98.0	adequate	4.5
2422-Letter_to_The_Collector_Of_Bombay_12-08-1974.pdf	2422	1	158090	none	none	0.0	0.0	0.0	128	n	123.9	adequate	7.3
2423-Letter_to_The_Collector_Of_Bombay_13-12-1974.pdf	2423	1	178990	none	none	0.0	0.0	0.0	128	n	121.2	adequate	6.3
2424-Letter_to_Mr_V_P_Bhatia_13-12-1974.pdf	2424	1	158922	none	none	0.0	0.0	0.0	128	n	127.8	adequate	5.3
2425-Letter_to_Mr_Minoo_Masani_08-01-1975.pdf	2425	1	159468	none	none	0.0	0.0	0.0	128	n	127.7	adequate	7.1
2426-Letter_From_Associated_Cement_Companies_11-03-1975.pdf	2426	1	137991	none	none	0.0	0.0	0.0	128	n	32.4	faint	26.3
2427-Letter_to_Regional_Transport_Officer_29-03-1976.pdf	2427	2	369530	none	none	0.0	0.0	0.0	128	n	122.1	adequate	7.7
2428-Letter_to_Mr_Minoo_Masani_18-11-1976.pdf	2428	2	309666	none	none	0.0	0.0	0.0	128	n	73.2	weak	14.9
2429-Letter_to_Regional_Transport_Officer_07-02-1985.pdf	2429	1	153130	none	none	0.0	0.0	0.0	128	n	94.1	adequate	11.1
243-Party_Politics_In_India.pdf	243	15	2154065	none	none	0.0	0.0	0.0	128	y	51.0	faint	11.6
2430-Letter_to_Mr_Minoo_Masani_05-11-1985.pdf	2430	2	252960	none	none	0.0	0.0	0.0	128	n	98.1	adequate	7.2
2431-Letter_to_Regional_Transport_Officer_Regarding_Jeep_No-MRG2347_13-02-1985.pdf	2431	1	112028	none	none	0.0	0.0	0.0	128	n	96.9	adequate	5.0
2432-Letter_to_Regional_Transport_Officer_Regarding_Jeep_No-MRG2347_06-05-1985.pdf	2432	1	114379	none	none	0.0	0.0	0.0	128	n	86.7	weak	6.7
2433-Letter_to_Regional_Transport_Officer_18-02-1986.pdf	2433	3	490490	none	none	0.0	0.0	0.0	128	n	107.7	adequate	6.9
2434-Letter_to_Mr_Minoo_Masani_18-11-1976.pdf	2434	2	307792	none	none	0.0	0.0	0.0	128	n	77.6	weak	13.4
2435-Letter_to_Regional_Transport_Officer_07-02-1985.pdf	2435	1	146930	none	none	0.0	0.0	0.0	128	n	95.4	adequate	11.4
2436-Letter_to_Mr_Minoo_Masani_05-11-1985.pdf	2436	1	122187	none	none	0.0	0.0	0.0	128	n	86.0	weak	6.9
2437-Letter_to_Regional_Transport_Officer_22-11-1976.pdf	2437	1	132329	none	none	0.0	0.0	0.0	128	n	100.5	adequate	8.2
2438-Letter_to_Regional_Transport_Officer_Regarding_Jeep_No-MRG2347_13-02-1985.pdf	2438	1	128000	none	none	0.0	0.0	0.0	128	n	111.5	adequate	5.1
2439-Letter_to_Regional_Transport_Officer_Regarding_Jeep_No-MRG2347_06-05-1985.pdf	2439	1	120941	none	none	0.0	0.0	0.0	128	n	97.4	adequate	6.8
244-JP_Appeal_To_Business_Management.pdf	244	5	1272783	none	none	0.0	0.0	0.0	128	n	126.1	adequate	14.2
2440-Letter_to_Regional_Transport_Officer_18-02-1986.pdf	2440	1	118667	none	none	0.0	0.0	0.0	128	n	100.2	adequate	6.3
2441-Copies_Of_Correspondence_Relating_To_Jeep_No-MRG2347.pdf	2441	1	164917	none	none	0.0	0.0	0.0	128	n	127.7	adequate	8.8
2442-Letter_to_Mr_S_R_Tracy_29-03-1976.pdf	2442	2	320583	none	none	0.0	0.0	0.0	128	n	117.3	adequate	7.0
2443-Notice_To_Mr_Minoo_Masani_18-11-1976.pdf	2443	2	275948	none	none	0.0	0.0	0.0	128	n	84.5	weak	17.9
2444-Letter_to_Regional_Transport_Officer_07-02-1985.pdf	2444	1	134173	none	none	0.0	0.0	0.0	128	n	105.3	adequate	11.0
2445-Notice_To_Mr_Minoo_Masani_05-11-1985.pdf	2445	1	110182	none	none	0.0	0.0	0.0	128	n	114.5	adequate	5.3
2446-Letter_to_Regional_Transport_Officer_22-11-1976.pdf	2446	1	117405	none	none	0.0	0.0	0.0	128	n	106.9	adequate	7.5
2447-Letter_to_Regional_Transport_Officer_Regarding_Jeep_No-MRG2347_13-02-1985.pdf	2447	1	103913	none	none	0.0	0.0	0.0	128	n	114.6	adequate	4.7
2448-Letter_to_Regional_Transport_Officer_Regarding_Jeep_No-MRG2347_06-05-1985.pdf	2448	1	106313	none	none	0.0	0.0	0.0	128	n	99.9	adequate	6.1
2449-Letter_to_Regional_Transport_Officer_18-02-1986.pdf	2449	1	97256	none	none	0.0	0.0	0.0	128	n	98.9	adequate	5.8
245-A_Second_Innings_For_Indira_Gandhi_19-01-1980.pdf	245	1	312026	none	none	0.0	0.0	0.0	128	y	75.8	weak	23.4
2450-Letter_to_Regional_Transport_Officer_29-03-1976.pdf	2450	2	303444	none	none	0.0	0.0	0.0	128	n	104.5	adequate	9.1
2451-Notice_To_Mr_Minoo_Masani_18-11-1976.pdf	2451	2	248479	none	none	0.0	0.0	0.0	128	n	72.9	weak	23.3
2452-Letter_to_Regional_Transport_Officer_07-02-1985.pdf	2452	1	132849	none	none	0.0	0.0	0.0	128	n	104.5	adequate	10.2
2453-Letter_to_Mr_Minoo_Masani_05-11-1985.pdf	2453	1	112359	none	none	0.0	0.0	0.0	128	n	107.4	adequate	5.6
2454-Letter_to_Regional_Transport_Officer_22-11-1976.pdf	2454	1	115718	none	none	0.0	0.0	0.0	128	n	112.0	adequate	7.9
2455-Letter_to_Regional_Transport_Officer_Regarding_Jeep_No-MRG2347_13-02-1985.pdf	2455	2	206852	none	none	0.0	0.0	0.0	128	n	105.9	adequate	5.5
2456-Letter_to_Regional_Transport_Officer_18-02-1986.pdf	2456	1	96296	none	none	0.0	0.0	0.0	128	n	97.9	adequate	5.8
2457-Letter_to_Mr_A_P_Sinha.pdf	2457	5	672914	none	none	0.0	0.0	0.0	128	y	76.6	weak	20.4
2458-Copies_Of_Correspondence_Relating_To_Jeep_No-MRG2347.pdf	2458	1	127325	none	none	0.0	0.0	0.0	128	n	133.4	strong	7.0
2459-Letter_to_Mr_A_P_Sinha.pdf	2459	3	420154	none	none	0.0	0.0	0.0	128	n	113.8	adequate	6.7
246-Homage_To_JP_By_Minoo_Masani_14-10-1979.pdf	246	3	1200535	none	none	0.0	0.0	0.0	128	y	127.6	adequate	34.5
2460-Swatantra_Party_Vehicle_No_MRG2347.pdf	2460	13	2002538	none	none	0.0	0.0	0.0	128	n	126.4	adequate	4.8
2461-A_New_Political_Party_Comes.pdf	2461	8	2772333	none	none	0.0	0.0	0.0	128	n	148.2	strong	33.1
2462-Swatantra_In_Parliament.pdf	2462	46	12268370	none	none	0.0	0.0	0.0	128	y	101.8	adequate	17.5
2463-Letter_to_Parmanand_Kejriwal_25-04-1977.pdf	2463	1	122375	none	none	0.0	0.0	0.0	128	n	99.6	adequate	4.5
2464-Letter_from_VS_Srikumar_25-04-1977.pdf	2464	3	411075	none	none	0.0	0.0	0.0	128	n	131.1	strong	7.5
2465-Letter_from_VS_Srikumar_21-04-1977.pdf	2465	1	135325	none	none	0.0	0.0	0.0	128	n	136.9	strong	11.7
2466-List_of_Swatantra_MPS_1971.pdf	2466	1	144186	none	none	0.0	0.0	0.0	128	n	26.9	faint	39.2
2467-Letter_to_SV_Raju_25-04-1977.pdf	2467	2	381918	none	none	0.0	0.0	0.0	128	n	67.1	weak	24.7
2468-Meeting_of_the_National_Executive_17-04-1977.pdf	2468	1	159608	none	none	0.0	0.0	0.0	128	n	92.5	adequate	4.4
2469-Minutes_of_the_Meeting_of_the_Maharashtra_State_Council_27-04-1977.pdf	2469	2	448214	none	none	0.0	0.0	0.0	128	n	83.7	weak	7.7
247-The_Four_Horse-Traders_Of_The_Indian_Apocalypse_24-03-1979.pdf	247	1	417327	none	none	0.0	0.0	0.0	128	n	58.2	faint	43.3
2470-Draft_Minutes_of_the_State_Council_Meeting_of_the_Swatantra_Party_06-07-1974.pdf	2470	3	622210	none	none	0.0	0.0	0.0	128	n	82.9	weak	7.3
2471-Minutes_of_the_State_Council_Meeting_of_the_Swatantra_Party_27-04-1974.pdf	2471	4	874734	none	none	0.0	0.0	0.0	128	n	76.5	weak	18.5
2472-Meeting_of_the_Joint_Meeting_of_the_Bombay_&_Maharashtra_Regional_Councils_15-09-1973.pdf	2472	3	640591	none	none	0.0	0.0	0.0	128	n	84.6	weak	7.9
2473-Minutes_of_the_National_Excutive_Committee_09-04-1975.pdf	2473	4	779386	none	none	0.0	0.0	0.0	128	n	57.8	faint	15.6
2474-Minutes_of_the_Executive_Committee_24-02-1975.pdf	2474	1	210274	none	none	0.0	0.0	0.0	128	n	72.5	weak	9.9
2475-Minutes_of_the_Executive_Committee_01-02-1975.pdf	2475	1	173073	none	none	0.0	0.0	0.0	128	n	84.5	weak	5.5
2476-Draft_Minutes_of_the_Meeting_of_the_National_Executive_of_the_Swatantra_Party_22-01-1975.pdf	2476	2	531131	none	none	0.0	0.0	0.0	128	n	106.8	adequate	10.5
2477-Swatantra_Party_Minutes_of_Meeting_21-12-1974.pdf	2477	1	199886	none	none	0.0	0.0	0.0	128	n	105.0	adequate	8.7
2478-Swatantra_Party_Minutes_of_Meeting_05-12-1974.pdf	2478	1	218342	none	none	0.0	0.0	0.0	128	n	101.5	adequate	9.7
2479-Swatantra_Party_Minutes_of_Meeting_30-11-1974.pdf	2479	2	341685	none	none	0.0	0.0	0.0	128	n	59.1	faint	19.5
248-A_Stude_Stuf_to_Gentlemen_07-12-1979.pdf	248	3	572334	none	none	0.0	0.0	0.0	128	n	109.8	adequate	9.4
2480-Swatantra_Party_Minutes_of_Meeting_19-11-1974.pdf	2480	1	196923	none	none	0.0	0.0	0.0	128	n	96.9	adequate	8.6
2481-Swatantra_Party_Minutes_of_Meeting_28-10-1974.pdf	2481	2	342139	none	none	0.0	0.0	0.0	128	n	74.6	weak	6.6
2482-Swatantra_Party_Minutes_of_Meeting_12-10-1974.pdf	2482	2	320447	none	none	0.0	0.0	0.0	128	n	94.7	adequate	5.9
2483-Swatantra_Party_Minutes_of_Meeting_17-08-1974.pdf	2483	2	306176	none	none	0.0	0.0	0.0	128	n	58.5	faint	21.0
2484-Swatantra_Party_Minutes_of_Meeting_15-07-1974.pdf	2484	1	167041	none	none	0.0	0.0	0.0	128	n	89.6	weak	5.7
2485-Swatantra_Party_Minutes_of_Meeting_27-04-1974.pdf	2485	2	402940	none	none	0.0	0.0	0.0	128	n	96.1	adequate	7.5
2486-Swatantra_Party_Minutes_of_Meeting_16-03-1974.pdf	2486	2	452106	none	none	0.0	0.0	0.0	128	n	74.3	weak	9.0
2487-Swatantra_Party_Minutes_of_Meeting_09-02-1974.pdf	2487	2	330338	none	none	0.0	0.0	0.0	128	n	82.2	weak	50.8
2488-Swatantra_Party_Minutes_of_Meeting_29-01-1974.pdf	2488	2	346124	none	none	0.0	0.0	0.0	128	n	101.9	adequate	7.3
2489-Swatantra_Party_Minutes_of_Meeting_19-01-1974.pdf	2489	3	581538	none	none	0.0	0.0	0.0	128	n	70.8	weak	18.2
249-Two_Styles_Of_Leadership.pdf	249	3	650572	none	none	0.0	0.0	0.0	128	n	97.7	adequate	10.6
2490-Swatantra_Party_Minutes_of_Meeting_12-12-1973.pdf	2490	3	655532	none	none	0.0	0.0	0.0	128	n	97.8	adequate	9.3
2491-Swatantra_Party_Minutes_of_Meeting_16-12-1973.pdf	2491	2	497859	none	none	0.0	0.0	0.0	128	n	90.7	adequate	10.6
2492-Swatantra_Party_Minutes_of_Meeting_25-11-1973.pdf	2492	5	1152856	none	none	0.0	0.0	0.0	128	y	75.1	weak	9.5
2493-Swatantra_Party_Minutes_of_Meeting_02-11-1973.pdf	2493	3	769526	none	none	0.0	0.0	0.0	128	n	85.4	weak	9.6
2494-Swatantra_Party_Minutes_of_Meeting_19-11-1973.pdf	2494	1	232230	none	none	0.0	0.0	0.0	128	n	87.4	weak	9.0
2495-Swatantra_Party_Minutes_of_Meeting_11-11-1973.pdf	2495	8	1609378	none	none	0.0	0.0	0.0	128	n	75.2	weak	8.2
2496-Swatantra_Party_Minutes_of_Meeting_05-10-1970.pdf	2496	2	581464	none	none	0.0	0.0	0.0	128	n	94.4	adequate	12.0
2497-Swatantra_Party_Minutes_of_Meeting_23-09-1970.pdf	2497	3	667854	none	none	0.0	0.0	0.0	128	n	99.6	adequate	10.3
2498-Swatantra_Party_Minutes_of_Meeting_09-09-1970.pdf	2498	5	1134466	none	none	0.0	0.0	0.0	128	n	74.5	weak	18.8
2499-Swatantra_Party_Minutes_of_Meeting_15-07-1970.pdf	2499	6	1357574	none	none	0.0	0.0	0.0	128	n	94.9	adequate	10.7
25-Letter_to_Ms_Kusum_Kumari_Joshi_24-03-1971.pdf	25	1	129039	none	none	0.0	0.0	0.0	128	y	83.0	weak	6.1
250-Mr_Carter_is_not_an_Unpopular_President_31-10-1979.pdf	250	1	327224	none	none	0.0	0.0	0.0	128	y	91.9	adequate	28.6
2500-The_Presidents_Report_on_Political_Developments_21-07-1970.pdf	2500	9	2126147	none	none	0.0	0.0	0.0	128	n	61.6	weak	18.4
2501-Letter_from_Mr_Minoo_Masani_02-04-1971.pdf	2501	2	401984	none	none	0.0	0.0	0.0	128	n	81.7	weak	8.2
2502-Committee_to_Review_Party_Policies.pdf	2502	5	918434	none	none	0.0	0.0	0.0	128	n	51.1	faint	13.5
2503-Swatantra_Party_Minutes_of_Meeting_04-08-1974.pdf	2503	2	438651	none	none	0.0	0.0	0.0	128	n	75.9	weak	22.8
2504-Swatantra_Party_General_Secretarys_Letter_No-316_25-06-1974.pdf	2504	1	232180	none	none	0.0	0.0	0.0	128	n	102.4	adequate	9.4
2505-Swatantra_Party_Minutes_of_Meeting_09-06-1974.pdf	2505	8	1948238	none	none	0.0	0.0	0.0	128	n	104.4	adequate	8.0
2506-Draft_Statement_of_Policy.pdf	2506	25	5910442	none	none	0.0	0.0	0.0	128	n	68.4	weak	36.8
2507-Letter_to_Mr_Minoo_Masani_12-06-1974.pdf	2507	2	353067	none	none	0.0	0.0	0.0	128	n	90.2	adequate	6.5
2508-Copy_of_Press_Statement_08-07-1974.pdf	2508	1	93110	none	none	0.0	0.0	0.0	128	n	80.5	weak	9.4
2509-Letter_from_Piloo_Mody_16-06-1974.pdf	2509	4	914941	none	none	0.0	0.0	0.0	128	n	86.8	weak	9.3
251-Mr_Minoo_Masanis_Speech_15-10-1975.pdf	251	4	1105258	none	none	0.0	0.0	0.0	128	n	101.4	adequate	11.6
2510-Letter_to_Babu_Joseph_25-09-1974.pdf	2510	1	130801	none	none	0.0	0.0	0.0	128	n	104.8	adequate	4.0
2511-Letter_to_K_C_Joseph.pdf	2511	1	216672	none	none	0.0	0.0	0.0	128	n	77.7	weak	11.8
2512-Rajajis_Tour_Programme_Nov-1963.pdf	2512	1	111766	none	none	0.0	0.0	0.0	128	n	121.0	adequate	7.1
2513-Letter_from_Dr_Cooper_05-04-1972.pdf	2513	1	155360	none	none	0.0	0.0	0.0	128	n	56.4	faint	5.5
2514-Correspondence_Between_Mr_N_Dandeker_and_Mr_Vinod_B_Sheth.pdf	2514	2	412652	none	none	0.0	0.0	0.0	128	n	71.0	weak	8.4
2515-Correspondence_Between_Dr_R_C_Cooper_Rajaji.pdf	2515	7	1269863	none	none	0.0	0.0	0.0	128	n	75.3	weak	6.8
2516-Letter_to_R_C_Cooper_14-03-1972.pdf	2516	3	633877	none	none	0.0	0.0	0.0	128	n	70.7	weak	22.9
2517-Copy_of_Resolution_Adopted_by_the_State_Council_of_the_Swatantra_party_06-07-1974.pdf	2517	1	242494	none	none	0.0	0.0	0.0	128	n	115.8	adequate	12.3
2518-All_India_Poll_Board.pdf	2518	3	404373	none	none	0.0	0.0	0.0	128	n	65.2	weak	14.0
2519-Memoradum_09-04-1972.pdf	2519	1	185451	none	none	0.0	0.0	0.0	128	n	108.6	adequate	7.1
252-Inernational_Seminar_on_Social_Responsibility_26-10-1979.pdf	252	13	3502501	none	none	0.0	0.0	0.0	128	n	84.1	weak	7.6
2520-Letter_from_G_Latchanna_22-03-1972.pdf	2520	3	463064	none	none	0.0	0.0	0.0	128	n	48.9	faint	20.8
2521-General_Seceratary_s_letter_no_320_20-08-1974.pdf	2521	6	1258194	none	none	0.0	0.0	0.0	128	n	92.6	adequate	8.7
2522-High_Court_Petition_No_14_of_1995_12-01-1995.pdf	2522	60	16491714	none	none	0.0	0.0	0.0	128	n	123.1	adequate	3.2
2523-High_Court_Petition_No_14_of_1995_15-02-1996.pdf	2523	2	455302	none	none	0.0	0.0	0.0	128	n	152.9	strong	3.5
2524-High_Court_Petition_No_14_of_1994_13-12-1995.pdf	2524	15	2883037	none	none	0.0	0.0	0.0	134	n	161.5	strong	2.5
2525-Meeting_of_Organising_Committee_14-11-1960.pdf	2525	2	387543	none	none	0.0	0.0	0.0	128	n	85.6	weak	8.5
2526-Report_of_the_Swatantra_Partys_Activities_15-11-1960.pdf	2526	4	1034903	none	none	0.0	0.0	0.0	128	n	100.2	adequate	12.3
2527-Meeting_of_Organising_Committee_18-08-1960.pdf	2527	2	365148	none	none	0.0	0.0	0.0	128	n	53.6	faint	24.0
2528-Meeting_of_Organising_Committee_29-06-1960.pdf	2528	2	361460	none	none	0.0	0.0	0.0	128	n	57.6	faint	22.4
2529-Meeting_of_Organising_Committee_02-06-1960.pdf	2529	3	635744	none	none	0.0	0.0	0.0	128	n	48.8	faint	34.8
253-Mr_Minoo_Masanis_Speech.pdf	253	7	1324662	none	none	0.0	0.0	0.0	128	n	48.9	faint	16.5
2530-Meeting_of_Organising_Committee_08-01-1960.pdf	2530	2	435130	none	none	0.0	0.0	0.0	128	n	89.0	weak	9.8
2531-Swatantra_Party_Notice_28-12-1959.pdf	2531	3	458119	none	none	0.0	0.0	0.0	128	y	75.8	weak	7.3
2532-Draft_02-12-1959.pdf	2532	2	333955	none	none	0.0	0.0	0.0	128	n	48.8	faint	29.4
2533-Draft_for_Private_Discussion.pdf	2533	3	523264	none	none	0.0	0.0	0.0	128	n	53.7	faint	20.1
2534-Draft_for_Private_Discussion.pdf	2534	2	394987	none	none	0.0	0.0	0.0	128	n	54.8	faint	28.6
2535-Swatantra_Newsletter_No-02_24-11-1959.pdf	2535	18	4790330	none	none	0.0	0.0	0.0	128	n	87.9	weak	17.9
2536-Meeting_of_Organising_Committee_13-11-1959.pdf	2536	2	374184	none	none	0.0	0.0	0.0	128	n	70.1	weak	18.4
2537-Swatantra_Party_Notice_09-11-1959.pdf	2537	1	79116	none	none	0.0	0.0	0.0	128	y	93.5	adequate	4.8
2538-Meeting_of_Organising_Committee_29-10-1959.pdf	2538	2	369873	none	none	0.0	0.0	0.0	128	n	95.8	adequate	7.0
2539-Notes_of_Discussions_with_K_M_Munshi_31-10-1959.pdf	2539	1	185407	none	none	0.0	0.0	0.0	128	n	46.7	faint	29.9
254-In_the_Present_Political_Context-The_Liberals_Dilemma.pdf	254	3	708202	none	none	0.0	0.0	0.0	128	n	120.1	adequate	16.4
2540-Agenda.pdf	2540	4	540467	none	none	0.0	0.0	0.0	128	n	83.9	weak	8.2
2541-Swatantra_Party_Notice_15-10-1959.pdf	2541	1	36153	none	none	0.0	0.0	0.0	128	n	108.1	adequate	3.6
2542-Meeting_of_Organising_Committee_09-10-1959.pdf	2542	2	375601	none	none	0.0	0.0	0.0	128	n	79.5	weak	9.0
2543-Letter_from_Victor_Paran_08-10-1959.pdf	2543	1	57550	none	none	0.0	0.0	0.0	128	n	132.5	strong	4.7
2544-Swatantra_Party_Minutes_of_Meeting_07-10-1959.pdf	2544	1	153276	none	none	0.0	0.0	0.0	128	n	92.8	adequate	8.9
2545-Meeting_of_Organising_Committee_24-09-1959.pdf	2545	2	363177	none	none	0.0	0.0	0.0	128	n	89.3	weak	8.0
2546-Agenda.pdf	2546	1	130939	none	none	0.0	0.0	0.0	128	n	92.1	adequate	3.4
2547-Meeting_of_Organising_Committee_03-09-1959.pdf	2547	3	578366	none	none	0.0	0.0	0.0	128	n	82.5	weak	14.4
2548-Swatantra_Party_Notice_14-08-1959.pdf	2548	3	465457	none	none	0.0	0.0	0.0	128	y	91.8	adequate	7.6
2549-Letter_from_R_Hateria_09-07-1959.pdf	2549	2	236286	none	none	0.0	0.0	0.0	128	n	93.6	adequate	15.0
255-Mr_Minoo_Masanis_Remarks_86th_Annual_General_Meeting.pdf	255	7	1644734	none	none	0.0	0.0	0.0	128	n	113.9	adequate	9.7
2550-Swatantra_Party_Minutes_of_Meeting_05-07-1959.pdf	2550	1	202195	none	none	0.0	0.0	0.0	128	n	76.6	weak	85.6
2551-Letter_from_R_Hateria_29-06-1959.pdf	2551	3	492106	none	none	0.0	0.0	0.0	128	n	66.2	weak	22.4
2552-Fifth_Party_Elections_15-10-1973.pdf	2552	5	834550	none	none	0.0	0.0	0.0	128	n	70.1	weak	13.3
2553-Swatantra_Party_Minutes_of_Meeting_05-05-1973.pdf	2553	2	331349	none	none	0.0	0.0	0.0	128	n	50.0	faint	37.7
2554-Swatantra_Party_Minutes_of_Meeting_25-01-1973.pdf	2554	3	522483	none	none	0.0	0.0	0.0	128	n	90.6	adequate	16.6
2555-Swatantra_Party_Minutes_of_Meeting_17-01-1973.pdf	2555	2	324681	none	none	0.0	0.0	0.0	128	n	48.1	faint	29.4
2556-Swatantra_Party_Notice_22-01-1973.pdf	2556	1	109715	none	none	0.0	0.0	0.0	128	n	99.2	adequate	3.8
2557-Swatantra_Party_Minutes_of_Meeting_13-11-1972.pdf	2557	5	1029139	none	none	0.0	0.0	0.0	128	n	109.5	adequate	9.5
2558-Swatantra_Party_Notice_11-01-1973.pdf	2558	1	122911	none	none	0.0	0.0	0.0	128	n	116.6	adequate	3.5
2559-Swatantra_Party_Minutes_of_Meeting_13-11-1972.pdf	2559	7	1421996	none	none	0.0	0.0	0.0	128	n	123.5	adequate	10.4
256-Mr_Minoo_Masanis_Speech-What_Next.pdf	256	17	3705590	none	none	0.0	0.0	0.0	128	n	109.4	adequate	7.0
2560-Swatantra_Party_Notice_11-01-1973.pdf	2560	1	120012	none	none	0.0	0.0	0.0	128	n	103.4	adequate	4.3
2561-Letter_to_Dr_R_C_Cooper_15-11-1972.pdf	2561	1	172081	none	none	0.0	0.0	0.0	128	n	68.3	weak	9.9
2562-Letter_to_N_Dandekar_20-11-1972.pdf	2562	2	242980	none	none	0.0	0.0	0.0	128	n	91.4	adequate	6.9
2563-Letter_from_R_V_Murthy_16-08-1972.pdf	2563	1	149462	none	none	0.0	0.0	0.0	128	n	87.7	weak	6.5
2564-Letter_to_K_H_Subramaniam_18-11-1972.pdf	2564	1	128875	none	none	0.0	0.0	0.0	128	n	98.7	adequate	7.2
2565-Letter_to_Madhu_Mehta_26-05-1972.pdf	2565	1	178775	none	none	0.0	0.0	0.0	128	n	89.8	weak	10.2
2566-Letter_to_Mrs_Sarla_Datar_18-11-1972.pdf	2566	1	134683	none	none	0.0	0.0	0.0	128	n	118.3	adequate	6.4
2567-Letter_to_Mrs_Sarla_Datar_02-06-1972.pdf	2567	1	98987	none	none	0.0	0.0	0.0	128	y	80.4	weak	5.7
2568-Swatantra_Party_Notice_&_Agenda_01-11-1972.pdf	2568	1	120652	none	none	0.0	0.0	0.0	128	n	32.0	faint	42.6
2569-Letter_to_Maryam_18-09-1972.pdf	2569	1	91606	none	none	0.0	0.0	0.0	128	n	84.7	weak	3.9
257-Some_Recollections_of_Sardar_Patel.pdf	257	7	1276100	none	none	0.0	0.0	0.0	128	n	125.8	adequate	10.0
2570-Swatantra_Party_Notice_&_Agenda_05-08-1972.pdf	2570	7	1272844	none	none	0.0	0.0	0.0	128	n	58.6	faint	17.2
2571-Swatantra_Party_Notice_&_Agenda_05-08-1972.pdf	2571	1	124692	none	none	0.0	0.0	0.0	128	n	96.0	adequate	4.7
2572-Swatantra_Party_Minutes_of_Meeting_09-06-1972.pdf	2572	4	619947	none	none	0.0	0.0	0.0	128	n	90.6	adequate	9.3
2573-Swatantra_Party_Minutes_of_Meeting_24-04-1972.pdf	2573	1	216677	none	none	0.0	0.0	0.0	128	n	96.8	adequate	13.4
2574-Swatantra_Party_Notice_&_Agenda_31-05-1972.pdf	2574	1	103214	none	none	0.0	0.0	0.0	128	y	96.2	adequate	5.0
2575-Swatantra_Party_Notice_&_Agenda_18-04-1972.pdf	2575	1	99723	none	none	0.0	0.0	0.0	128	y	80.7	weak	4.9
2576-Swatantra_Party_Minutes_of_Meeting_12-01-1972.pdf	2576	2	330913	none	none	0.0	0.0	0.0	128	n	120.4	adequate	6.1
2577-Swatantra_Party_Minutes_of_Meeting_24-11-1971.pdf	2577	3	486554	none	none	0.0	0.0	0.0	128	n	47.7	faint	22.8
2578-Swatantra_Party_Notice_&_Agenda_13-11-1971.pdf	2578	1	106848	none	none	0.0	0.0	0.0	128	y	84.0	weak	4.8
2579-Letter_from_Shantilal_L_Thar_29-11-1971.pdf	2579	1	95215	none	none	0.0	0.0	0.0	128	y	89.5	weak	3.6
258-The_Janata_Believes_in_a_Policy_of_benign_neglect.pdf	258	4	1377675	none	none	0.0	0.0	0.0	128	y	89.6	weak	21.6
2580-Swatantra_Party_Notice_&_Agenda_13-11-1971.pdf	2580	1	105660	none	none	0.0	0.0	0.0	128	y	82.2	weak	4.6
2581-Swatantra_Party_Notice_&_Agenda_13-11-1971.pdf	2581	1	99779	none	none	0.0	0.0	0.0	128	y	79.1	weak	4.2
2582-Letter_from_Shantilal_L_Thar_17-11-1971.pdf	2582	1	98472	none	none	0.0	0.0	0.0	128	y	91.0	adequate	4.0
2583-Letter_to_the_President_of_Swatantra_Party_09-11-1971.pdf	2583	1	84136	none	none	0.0	0.0	0.0	128	y	98.8	adequate	4.6
2584-Additional_Agenda.pdf	2584	1	85924	none	none	0.0	0.0	0.0	128	y	86.2	weak	5.9
2585-Swatantra_Party_Notice_&_Agenda_13-11-1971.pdf	2585	2	185382	none	none	0.0	0.0	0.0	128	y	77.0	weak	4.3
2586-Swatantra_Party_Minutes_of_Meeting_22-10-1971.pdf	2586	3	628460	none	none	0.0	0.0	0.0	128	n	89.8	weak	10.1
2587-Swatantra_Party_Notice_&_Agenda_11-10-1971.pdf	2587	2	218189	none	none	0.0	0.0	0.0	128	n	104.7	adequate	5.3
2588-The_Special_Meeting_of_the_Executive_Committee_29-10-1971.pdf	2588	1	114839	none	none	0.0	0.0	0.0	128	n	103.6	adequate	3.3
2589-Draft_of_Election_Manifesto.pdf	2589	3	568991	none	none	0.0	0.0	0.0	128	n	65.5	weak	15.8
259-India-Problems_With_The_Sixth_Five-Year_Plan-Asian_Affairs.pdf	259	7	1864583	none	none	0.0	0.0	0.0	128	n	99.5	adequate	10.4
2590-Letter_to_R_V_Murthy_28-10-1971.pdf	2590	5	742003	none	none	0.0	0.0	0.0	128	y	107.2	adequate	6.1
2591-Swatantra_Party_Minutes_of_Meeting_26-10-1971.pdf	2591	1	156230	none	none	0.0	0.0	0.0	128	n	105.1	adequate	6.9
2592-Swatantra_Party_Notice_23-10-1971.pdf	2592	2	210937	none	none	0.0	0.0	0.0	128	y	84.5	weak	5.6
2593-Letter_from_Shantilal_L_Thar_26-10-1971.pdf	2593	1	89974	none	none	0.0	0.0	0.0	128	n	71.2	weak	3.5
2594-Letter_to_Lalchand_Hirachand_06-10-1971.pdf	2594	1	137098	none	none	0.0	0.0	0.0	128	n	84.7	weak	10.2
2595-Letter_to_F_C_Cama_14-10-1971.pdf	2595	1	106204	none	none	0.0	0.0	0.0	128	y	98.7	adequate	4.5
2596-Swatantra_Party_Notice_23-10-1971.pdf	2596	2	217802	none	none	0.0	0.0	0.0	128	y	90.2	adequate	5.6
2597-Swatantra_Party_Minutes_of_Meeting_30-09-1971.pdf	2597	4	797529	none	none	0.0	0.0	0.0	128	n	102.3	adequate	10.0
2598-Swatantra_Party_Notice_27-09-1971.pdf	2598	1	211860	none	none	0.0	0.0	0.0	128	n	81.4	weak	10.3
2599-Swatantra_Party_Minutes_of_Meeting_04-08-1971.pdf	2599	1	204888	none	none	0.0	0.0	0.0	128	n	70.6	weak	11.6
26-Letter_to_Mr_NV_Norar.pdf	26	2	239144	none	none	0.0	0.0	0.0	164	n	162.1	strong	12.3
260-Interview_Of_Mr_Minoo_Masani_08-08-1978.pdf	260	9	1141593	none	none	0.0	0.0	0.0	128	y	97.6	adequate	8.8
2600-Letter_to_V_S_Srikumar_27-06-1975.pdf	2600	2	180238	none	none	0.0	0.0	0.0	128	y	127.6	adequate	3.5
2601-Telegram_to_Mr_Girish_Munshi_25-06-1975.pdf	2601	5	840499	none	none	0.0	0.0	0.0	128	y	53.6	faint	43.0
2602-Telegram_to_Mr_Girish_Munshi_20-06-1975.pdf	2602	2	270711	none	none	0.0	0.0	0.0	128	y	57.4	faint	30.2
2603-Letter_to_Mr_Girish_Munshi_09-06-1975.pdf	2603	2	334007	none	none	0.0	0.0	0.0	128	y	73.2	weak	28.2
2604-Letter_to_Mr_V_S_Srikumar_10-06-1975.pdf	2604	1	150445	none	none	0.0	0.0	0.0	128	n	102.3	adequate	3.2
2605-Letter_to_Mr_P_Narayan_07-06-1975.pdf	2605	1	157084	none	none	0.0	0.0	0.0	128	n	96.6	adequate	6.4
2606-Letter_to_Mr_S_Ramabhadran_10-06-1975.pdf	2606	7	1330718	none	none	0.0	0.0	0.0	128	y	83.2	weak	26.6
2607-Letter_to_Mr_V_S_Srikumar_09-06-1975.pdf	2607	1	104801	none	none	0.0	0.0	0.0	128	y	116.7	adequate	4.3
2608-Letter_to_Mr_V_S_Srikumar_07-06-1975.pdf	2608	2	461720	none	none	0.0	0.0	0.0	128	n	112.6	adequate	12.7
2609-Letter_to_Mr_V_S_Srikumar_05-06-1975.pdf	2609	1	141237	none	none	0.0	0.0	0.0	128	n	80.3	weak	10.5
261-Mr_Minoo_Masanis_Speech_30-03-1979.pdf	261	2	482799	none	none	0.0	0.0	0.0	128	n	100.7	adequate	16.8
2610-Letter_to_Mr_P_Narayan_03-06-1975.pdf	2610	2	263261	none	none	0.0	0.0	0.0	128	y	84.1	weak	27.9
2611-Swatantra_Party_National_Convention_01-05-1975.pdf	2611	4	1016158	none	none	0.0	0.0	0.0	128	n	67.2	weak	13.1
2612-Letter_to_Mr_Girish_Munshi_26-05-1975.pdf	2612	2	214615	none	none	0.0	0.0	0.0	128	y	104.5	adequate	6.5
2613-Letter_to_Mr_Girish_Munshi_22-05-1975.pdf	2613	2	506651	none	none	0.0	0.0	0.0	128	n	103.5	adequate	12.6
2614-Letter_to_Mr_P_Narayan.pdf	2614	2	205489	none	none	0.0	0.0	0.0	128	y	93.6	adequate	4.0
2615-Letter_to_Mr_D_N_Patodia_22-05-1975.pdf	2615	1	149344	none	none	0.0	0.0	0.0	128	n	91.5	adequate	9.0
2616-Letter_to_Mr_V_S_Srikumar_20-05-1975.pdf	2616	6	1017598	none	none	0.0	0.0	0.0	128	n	102.0	adequate	16.3
2617-Letter_to_Mr_V_S_Srikumar_20-05-1975.pdf	2617	2	324310	none	none	0.0	0.0	0.0	128	n	111.6	adequate	12.0
2618-Letter_to_Mr_Girish_Munshi_12-05-1975.pdf	2618	2	254009	none	none	0.0	0.0	0.0	128	n	105.7	adequate	5.1
2619-Letter_to_Col_H_R_Pasricha_20-05-1975.pdf	2619	2	286966	none	none	0.0	0.0	0.0	128	n	107.3	adequate	9.9
262-Are_We_Fit_For_Democracy.pdf	262	2	303039	none	none	0.0	0.0	0.0	128	n	105.5	adequate	8.5
2620-Letter_to_Mr_Girish_Munshi_02-05-1975.pdf	2620	1	103263	none	none	0.0	0.0	0.0	128	n	80.2	weak	4.2
2621-Letter_to_Mr_M_R_Arya_20-05-1975.pdf	2621	1	137036	none	none	0.0	0.0	0.0	128	n	95.3	adequate	9.9
2622-Letter_to_Mr_V_S_Srikumar_21-05-1975.pdf	2622	4	532219	none	none	0.0	0.0	0.0	128	n	95.2	adequate	7.3
2623-Letter_to_Mr_P_Narayan_12-05-1975.pdf	2623	1	111708	none	none	0.0	0.0	0.0	128	n	112.0	adequate	5.9
2624-Letter_to_Mr_V_S_Srikumar_12-05-1975.pdf	2624	2	264501	none	none	0.0	0.0	0.0	128	y	98.3	adequate	6.6
2625-Letter_to_Mr_V_S_Srikumar_09-05-1975.pdf	2625	4	559657	none	none	0.0	0.0	0.0	128	n	126.5	adequate	7.7
2626-Letter_to_Mr_Doraisamy_Nadar_09-05-1975.pdf	2626	3	513384	none	none	0.0	0.0	0.0	128	n	109.6	adequate	8.9
2627-Statement_of_Swatantra_Party_09-12-1978.pdf	2627	7	1228262	none	none	0.0	0.0	0.0	128	n	86.4	weak	5.0
2628-Letter_to_Mr_R_N_Singh_Deo_10-02-1970.pdf	2628	1	180140	none	none	0.0	0.0	0.0	128	n	54.2	faint	25.8
2629-Letter_to_Mr_Minoo_Masani_09-02-1970.pdf	2629	1	146023	none	none	0.0	0.0	0.0	128	y	116.4	adequate	3.6
263-Mr_Minoo_Masani_Interviewed_By-India_Today_20-07-1978.pdf	263	6	1123128	none	none	0.0	0.0	0.0	128	n	54.8	faint	14.3
2630-Letter_to_Mr_R_N_Singh_Deo_05-02-1970.pdf	2630	3	639896	none	none	0.0	0.0	0.0	128	n	99.6	adequate	7.2
2631-Letter_to_Mr_Minoo_Masani_06-01-1970.pdf	2631	1	140855	none	none	0.0	0.0	0.0	128	y	129.8	adequate	9.6
2632-Letter_to_Mr_Minoo_Masani_30-08-1969.pdf	2632	1	122961	none	none	0.0	0.0	0.0	128	y	90.7	adequate	6.7
2633-Letter_to_Mr_Minoo_Masani_17-11-1968.pdf	2633	2	239431	none	none	0.0	0.0	0.0	128	y	112.6	adequate	49.9
2634-Letter_to_Mr_R_N_Singh_Deo_19-11-1968.pdf	2634	5	885361	none	none	0.0	0.0	0.0	128	y	90.1	adequate	38.3
2635-Letter_to_Mr_R_N_Singh_Deo_14-11-1968.pdf	2635	12	2573909	none	none	0.0	0.0	0.0	128	y	91.7	adequate	9.2
2636-Letter_to_Mr_R_N_Singh_Deo_06-11-1968.pdf	2636	1	188582	none	none	0.0	0.0	0.0	128	n	93.9	adequate	6.9
2637-India_Under_An_UNESCO_Exchange_Program.pdf	2637	5	1246685	none	none	0.0	0.0	0.0	128	n	68.0	weak	20.0
2638-Letter_to_Galbraith_13-05-1968.pdf	2638	6	1096882	none	none	0.0	0.0	0.0	128	y	95.5	adequate	24.1
2639-Letter_to_Mr_R_B_Mishra_16-08-1968.pdf	2639	1	111452	none	none	0.0	0.0	0.0	128	n	43.6	faint	37.1
264-Mr_Minoo_Masani_Interviewed_By-Sunday_Magazine.pdf	264	12	2088921	none	none	0.0	0.0	0.0	128	n	117.1	adequate	8.9
2640-Letter_to_Mr_R_N_Singh_Deo_02-18-1968.pdf	2640	6	1068640	none	none	0.0	0.0	0.0	128	n	130.8	strong	5.0
2641-Letter_to_Mr_Minoo_Masani_29-07-1968.pdf	2641	1	89730	none	none	0.0	0.0	0.0	128	y	93.7	adequate	6.9
2642-Letter_to_Mr_R_N_Singh_Deo_24-07-1968.pdf	2642	1	118061	none	none	0.0	0.0	0.0	128	n	45.5	faint	36.2
2643-Letter_to_Mr_Harihar_Patel_20-06-1968.pdf	2643	3	441807	none	none	0.0	0.0	0.0	128	n	92.4	adequate	22.7
2644-Nationalisation_Of_Text_Book_27-05-1965.pdf	2644	1	62462	none	none	0.0	0.0	0.0	128	n	132.1	strong	4.9
2645-Letter_to_Mr_S_Mahapatra_20-06-1968.pdf	2645	1	140402	none	none	0.0	0.0	0.0	128	n	110.9	adequate	7.5
2646-Letter_to_Mr_S_Mahapatra.pdf	2646	12	2352467	none	none	0.0	0.0	0.0	128	y	96.9	adequate	11.6
2647-Speech_of_Mr_Minoo_Masani_In_Lok_Sabha_20-11-1967.pdf	2647	6	1564535	none	none	0.0	0.0	0.0	128	n	66.4	weak	19.2
2648-Letter_to_Mr_R_B_Mishra_13-06-1968.pdf	2648	1	153182	none	none	0.0	0.0	0.0	128	n	103.3	adequate	8.8
2649-Letter_to_Mr_Minoo_Masani_28-05-1968.pdf	2649	1	162410	none	none	0.0	0.0	0.0	128	n	89.1	weak	8.9
265-An_Open_Letter_to_Finance_Minister.pdf	265	1	498220	none	none	0.0	0.0	0.0	128	y	91.0	adequate	33.1
2650-Letter_to_Mr_Harihar_Patel_30-05-1968.pdf	2650	1	149709	none	none	0.0	0.0	0.0	128	n	114.0	adequate	8.4
2651-Govt_Of_Orissa_Public_Relations_Advisor.pdf	2651	3	432947	none	none	0.0	0.0	0.0	128	n	140.3	strong	7.4
2652-Letter_to_Mr_Minoo_Masani_16-05-1968.pdf	2652	1	187849	none	none	0.0	0.0	0.0	128	n	70.9	weak	10.4
2653-Letter_to_Mr_Minoo_Masani_16-05-1968.pdf	2653	1	178595	none	none	0.0	0.0	0.0	128	n	82.0	weak	10.3
2654-Letter_to_Mr_R_N_Singh_Deo_07-05-1968.pdf	2654	1	139551	none	none	0.0	0.0	0.0	128	n	156.0	strong	8.5
2655-Letter_to_Prof_Raj_Krishna_07-05-1968.pdf	2655	1	138417	none	none	0.0	0.0	0.0	128	n	136.8	strong	5.0
2656-Letter_to_Mr_N_Dandekar_25-04-1968.pdf	2656	3	299912	none	none	0.0	0.0	0.0	128	n	106.9	adequate	7.1
2657-Letter_to_Mr_Volckmann_10-04-1968.pdf	2657	4	572450	none	none	0.0	0.0	0.0	128	n	70.0	weak	44.3
2658-Letter_to_Mr_R_N_Singh_Deo_03-04-1968.pdf	2658	2	166287	none	none	0.0	0.0	0.0	128	n	88.6	weak	3.8
2659-Letter_to_Mr_Minoo_Masani.pdf	2659	2	399280	none	none	0.0	0.0	0.0	128	n	55.9	faint	23.4
266-A_Dangerous_Proposal-The_Economic_Times_24-04-1978.pdf	266	2	259266	none	none	0.0	0.0	0.0	128	y	77.3	weak	35.2
2660-Letter_to_Mr_R_B_Mishra_30-03-1968.pdf	2660	1	98710	none	none	0.0	0.0	0.0	128	n	21.8	faint	46.0
2661-Letter_to_Mr_R_F_S_Talyarkhan_28-03-1968.pdf	2661	1	155022	none	none	0.0	0.0	0.0	128	n	124.7	adequate	8.7
2662-Letter_to_Mr_Minoo_Masani_22-03-1968.pdf	2662	2	269871	none	none	0.0	0.0	0.0	128	n	132.1	strong	7.1
2663-Letter_to_Mr_Minoo_Masani_21-03-1968.pdf	2663	3	337932	none	none	0.0	0.0	0.0	128	y	67.8	weak	8.9
2664-Letter_to_Mr_Minoo_Masani_21-03-1968.pdf	2664	1	113005	none	none	0.0	0.0	0.0	128	n	33.0	faint	49.6
2665-Letter_to_Mr_R_N_Singh_Deo_14-03-1968.pdf	2665	1	134600	none	none	0.0	0.0	0.0	128	n	37.8	faint	40.3
2666-Note_on_Public_Relation.pdf	2666	4	674308	none	none	0.0	0.0	0.0	128	n	95.4	adequate	11.5
2667-Letter_to_Mr_R_B_Mishra_13-03-1968.pdf	2667	9	1455988	none	none	0.0	0.0	0.0	128	n	98.3	adequate	10.4
2668-Letter_to_Mr_R_N_Singh_Deo_11-03-1968.pdf	2668	1	135229	none	none	0.0	0.0	0.0	128	n	84.1	weak	8.5
2669-Letter_to_Mr_Minoo_Masani.pdf	2669	1	99649	none	none	0.0	0.0	0.0	128	n	25.7	faint	42.6
267-The_Parsee_In_Public_Life.pdf	267	6	1954587	none	none	0.0	0.0	0.0	128	y	93.3	adequate	29.3
2670-Letter_to_Mr_I_S_Bhargava_09-03-1968.pdf	2670	1	110065	none	none	0.0	0.0	0.0	128	n	36.2	faint	40.6
2671-Letter_to_Mr_Minoo_Masani_02-03-1968.pdf	2671	1	55848	none	none	0.0	0.0	0.0	128	y	73.6	weak	6.6
2672-Letter_to_Prof_Raj_Krishna_29-02-1968.pdf	2672	1	162157	none	none	0.0	0.0	0.0	128	n	88.5	weak	9.6
2673-Letter_to_Dr_K_L_Rao_29-02-1968.pdf	2673	1	126522	none	none	0.0	0.0	0.0	128	n	46.7	faint	22.8
2674-Letter_to_Mr_Minoo_Masani_25-02-1968.pdf	2674	2	297836	none	none	0.0	0.0	0.0	128	n	105.1	adequate	6.1
2675-Letter_to_Mr_Minoo_Masani_26-02-1968.pdf	2675	2	239913	none	none	0.0	0.0	0.0	128	n	68.7	weak	21.1
2676-Letter_to_Mr_Minoo_Masani_29-02-1968.pdf	2676	1	123036	none	none	0.0	0.0	0.0	128	n	108.9	adequate	3.3
2677-Press_Conference_Addressed_By_Mr_Minoo_Masani_25-02-1968.pdf	2677	13	2249642	none	none	0.0	0.0	0.0	128	n	97.4	adequate	10.8
2678-Letter_to_Mr_Minoo_Masani_13-02-1968.pdf	2678	1	114283	none	none	0.0	0.0	0.0	128	n	36.3	faint	33.1
2679-Letter_to_Mr_Minoo_Masani_09-02-1968.pdf	2679	1	95852	none	none	0.0	0.0	0.0	128	n	83.5	weak	5.7
268-An_Open_Letter_to_Finance_Minister-Set_the_People_Free.pdf	268	5	1002715	none	none	0.0	0.0	0.0	128	y	91.5	adequate	12.5
2680-Letter_to_Mr_R_N_Singh_Deo_06-02-1968.pdf	2680	1	113947	none	none	0.0	0.0	0.0	128	n	38.5	faint	44.2
2681-Letter_to_Mr_Minoo_Masani_01-02-1968.pdf	2681	1	86956	none	none	0.0	0.0	0.0	128	y	93.9	adequate	3.7
2682-Letter_to_Mr_R_N_Singh_Deo_02-02-1968.pdf	2682	1	152200	none	none	0.0	0.0	0.0	128	n	91.5	adequate	7.4
2683-Telegram_to_Mr_Minoo_Masani.pdf	2683	1	130231	none	none	0.0	0.0	0.0	128	y	116.3	adequate	4.6
2684-Letter_to_Mr_R_N_Singh_Deo_31-01-1968.pdf	2684	1	118866	none	none	0.0	0.0	0.0	128	n	37.9	faint	30.0
2685-Letter_to_Mr_R_N_Singh_Deo_24-01-1968.pdf	2685	27	5101765	none	none	0.0	0.0	0.0	128	y	74.4	weak	23.6
2686-Letter_to_Mr_Minoo_Masani_16-01-1968.pdf	2686	6	937524	none	none	0.0	0.0	0.0	128	y	100.0	adequate	8.7
2687-Letter_to_Mr_Minoo_Masani_13-12-1967.pdf	2687	1	151639	none	none	0.0	0.0	0.0	128	n	92.4	adequate	7.0
2688-Letter_to_Mr_Minoo_Masani_01-12-1967.pdf	2688	1	112077	none	none	0.0	0.0	0.0	128	n	43.4	faint	25.7
2689-Letter_to_Mr_J_R_D_Tata_23-11-1967.pdf	2689	1	141632	none	none	0.0	0.0	0.0	128	n	117.0	adequate	7.5
269-Tio_Drink_Or_Not_To_Drink-The_Illustrated_Weekly_Of_India_27-11-1977.pdf	269	3	1221008	none	none	0.0	0.0	0.0	128	y	104.0	adequate	30.2
2690-Letter_to_Col_L_Sawhny_23-11-1967.pdf	2690	1	122121	none	none	0.0	0.0	0.0	128	n	91.5	adequate	11.1
2691-Letter_to_Mr_Minoo_Masani_09-11-1967.pdf	2691	4	851753	none	none	0.0	0.0	0.0	128	n	105.1	adequate	16.2
2692-Letter_to_Mr_Harihar_Patel_25-08-1967.pdf	2692	1	133617	none	none	0.0	0.0	0.0	128	n	72.9	weak	20.1
2693-Letter_to_Mr_Minoo_Masani_07-08-1967.pdf	2693	3	435512	none	none	0.0	0.0	0.0	128	y	82.9	weak	10.3
2694-Letter_to_Mr_R_N_Singh_Deo_09-08-1967.pdf	2694	1	151652	none	none	0.0	0.0	0.0	128	n	123.9	adequate	6.4
2695-Telegram_to_Mr_Minoo_Masani_30-07-1967.pdf	2695	1	186521	none	none	0.0	0.0	0.0	128	n	105.1	adequate	10.6
2696-Letter_to_Mr_Minoo_Masani_31-07-1967.pdf	2696	2	400670	none	none	0.0	0.0	0.0	128	y	99.5	adequate	10.7
2697-Telegram_to_Mr_Minoo_Masani_22-07-1967.pdf	2697	1	119751	none	none	0.0	0.0	0.0	128	y	87.6	weak	7.1
2698-Telegram_to_Mr_Minoo_Masani_22-07-1967.pdf	2698	1	122685	none	none	0.0	0.0	0.0	128	y	107.8	adequate	6.9
2699-Letter_to_Mr_C_Rajagopalchari_26-07-1967.pdf	2699	1	127180	none	none	0.0	0.0	0.0	128	n	92.6	adequate	6.7
27-Letter_to_Mr_S_T_Sanghavi_23-03-1971.pdf	27	1	117040	none	none	0.0	0.0	0.0	128	y	92.7	adequate	2.9
270-Terrorism_On_The_Home_Front-Indian_Express_02-01-1978.pdf	270	1	464026	none	none	0.0	0.0	0.0	128	y	78.3	weak	31.0
2700-Letter_to_The_Editor-The_Times_Of_India_21-07-1967.pdf	2700	4	715806	none	none	0.0	0.0	0.0	128	n	137.3	strong	13.4
2701-Letter_to_Mr_R_S_Lodha_03-07-1967.pdf	2701	1	126193	none	none	0.0	0.0	0.0	128	n	85.2	weak	7.4
2702-Letter_to_Mr_R_N_Singh_Deo_26-07-1967.pdf	2702	1	150781	none	none	0.0	0.0	0.0	128	n	96.6	adequate	10.3
2703-Letter_to_Mr_Minoo_Masani_26-07-1967.pdf	2703	1	146705	none	none	0.0	0.0	0.0	128	n	103.5	adequate	6.0
2704-Letter_to_Mr_C_H_Bhabha_14-06-1967.pdf	2704	1	122387	none	none	0.0	0.0	0.0	128	n	39.0	faint	30.9
2705-Letter_to_Mr_C_H_Bhabha_06-06-1967.pdf	2705	1	131088	none	none	0.0	0.0	0.0	128	y	138.5	strong	11.7
2706-Letter_to_Mr_C_H_Bhabha_30-05-1967.pdf	2706	1	91770	none	none	0.0	0.0	0.0	128	n	98.8	adequate	4.1
2707-Letter_to_Mr_R_N_Singh_Deo_30-05-1967.pdf	2707	2	298190	none	none	0.0	0.0	0.0	128	n	99.6	adequate	8.2
2708-Letter_to_Mr_Minoo_Masani_10-05-1967.pdf	2708	1	112036	none	none	0.0	0.0	0.0	128	y	75.0	weak	6.5
2709-We_Will_Keep_Out_Of_Blocs-Masani-Sunday_Standard_21-03-1971.pdf	2709	1	166805	none	none	0.0	0.0	0.0	128	n	88.7	weak	64.9
271-Indias_Second_Revolution-Asian_Affairs_22-03-1977.pdf	271	11	3102717	none	none	0.0	0.0	0.0	128	n	101.9	adequate	10.7
2710-Swatantra_Against_Bloc_Or_Front_In_Parliament-Times_Of_India_21-03-1971.pdf	2710	2	208769	none	none	0.0	0.0	0.0	128	y	84.0	weak	75.4
2711-JS_Cong_Worked_To_Defeat_Me-Bharat_Joti_21-03-1971.pdf	2711	2	180029	none	none	0.0	0.0	0.0	128	y	104.1	adequate	66.0
2712-We_Will_Keep_Out_Of_Blocs-Masani-Sunday_Standard_21-03-1971.pdf	2712	1	206979	none	none	0.0	0.0	0.0	128	n	73.5	weak	34.9
2713-Swatantra_Against_Bloc_In_Parliament-Hindustan_Times_21-03-1971.pdf	2713	1	168685	none	none	0.0	0.0	0.0	128	n	66.3	weak	28.2
2714-Swatantra_Will_Not_Join_Any_Bloc-Statesman_21-03-1971.pdf	2714	1	171956	none	none	0.0	0.0	0.0	128	n	68.3	weak	28.0
2715-Swatantra_MP_To_Function_As_Independent_Opposition-Hindu_21-03-1971.pdf	2715	1	170113	none	none	0.0	0.0	0.0	128	y	88.7	weak	15.3
2716-Swatantra_Not_To_Join_Any_Bloc-Statesman_21-03-1971.pdf	2716	1	197055	none	none	0.0	0.0	0.0	128	n	70.4	weak	30.9
2717-Swatantra_Against_Bloc_In_Parliament-Hindustan_Times_21-03-1971.pdf	2717	1	181580	none	none	0.0	0.0	0.0	128	n	58.4	faint	43.3
2718-Swatantra_MPs_Not_To_Join_Any_Bloc-National_Herlad_21-03-1971.pdf	2718	3	306677	none	none	0.0	0.0	0.0	128	n	86.9	weak	27.8
2719-Masani_Against_Bloc_In_Parliament-Pataoit_21-03-1971.pdf	2719	1	151479	none	none	0.0	0.0	0.0	128	n	69.0	weak	23.5
272-The_42nd_Amendment_Must_Go-Indian_Express_01-11-1977.pdf	272	1	389306	none	none	0.0	0.0	0.0	128	y	72.0	weak	27.5
2720-Swatantra_Against_Bloc_Or_Front_In_Parliament-Times_Of_India_21-03-1971.pdf	2720	1	229292	none	none	0.0	0.0	0.0	128	n	73.5	weak	29.2
2721-Swatantra_Not_To_Join_Any_Bloc-Statesman_21-03-1971.pdf	2721	1	178805	none	none	0.0	0.0	0.0	128	y	101.6	adequate	68.5
2722-Swatantra_Not_To_Join_Any_Bloc-Statesman_21-03-1971.pdf	2722	1	175827	none	none	0.0	0.0	0.0	128	n	69.7	weak	27.2
2723-Statement_Adopted_By_The_Central_Parliamentary_Board_Of_Swatantra_Party_20-03-1971.pdf	2723	2	467889	none	none	0.0	0.0	0.0	128	n	95.3	adequate	9.5
2724-Letter_Form_Mr_Minoo_Masani_01-11-1967.pdf	2724	1	210355	none	none	0.0	0.0	0.0	128	n	75.1	weak	12.1
2725-Masani_To_Give_Up_Party_Post-Hindustan_Times_03-11-1967.pdf	2725	1	141232	none	none	0.0	0.0	0.0	128	n	58.9	faint	31.4
2726-Masani_Wants_To_Quit_Party_Post-Times_Of_India_03-11-1967.pdf	2726	1	120903	none	none	0.0	0.0	0.0	128	n	48.3	faint	33.6
2727-Relieve_Me_Masani_Tells_Party-Indian_Express_03-11-1967.pdf	2727	1	142302	none	none	0.0	0.0	0.0	128	n	56.3	faint	33.8
2728-Masani_Asks_To_Relieve_Him_From_His_Post-Assam_Tribune_04-11-1967.pdf	2728	1	168107	none	none	0.0	0.0	0.0	128	n	65.2	weak	26.6
2729-Masani_Wishes_To_Give_Up_Party_Post-Free_Press_Journal_04-11-1967.pdf	2729	1	126653	none	none	0.0	0.0	0.0	128	n	48.7	faint	38.2
273-Indians_Speak_Up-Readers_Digest_01-12-1977.pdf	273	4	562832	none	none	0.0	0.0	0.0	128	y	90.3	adequate	41.5
2730-For_Favour_Of_Publication_02-11-1967.pdf	2730	2	342336	none	none	0.0	0.0	0.0	128	n	93.9	adequate	6.9
2731-Letter_to_Mr_Minoo_Masani_18-11-1967.pdf	2731	1	123475	none	none	0.0	0.0	0.0	128	n	72.6	weak	10.8
2732-Letter_to_Mr_Minoo_Masani.pdf	2732	1	153138	none	none	0.0	0.0	0.0	128	n	95.6	adequate	6.7
2733-Letter_to_Mr_Minoo_Masani_16-11-1967.pdf	2733	1	123947	none	none	0.0	0.0	0.0	128	n	99.7	adequate	5.0
2734-Letter_to_Mr_Minoo_Masani_16-11-1967.pdf	2734	2	258532	none	none	0.0	0.0	0.0	128	y	62.7	weak	27.4
2735-Letter_to_Mr_Homi_Modi_15-11-1967.pdf	2735	2	285344	none	none	0.0	0.0	0.0	128	n	106.0	adequate	6.3
2736-Letter_to_Mr_Minoo_Masani_13-11-1967.pdf	2736	3	457373	none	none	0.0	0.0	0.0	128	y	109.9	adequate	9.9
2737-Letter_to_Mr_Minoo_Masani_11-11-1967.pdf	2737	1	76192	none	none	0.0	0.0	0.0	128	y	38.2	faint	33.9
2738-Letter_to_Mr_Minoo_Masani_10-11-1967.pdf	2738	1	20901	none	none	0.0	0.0	0.0	200	n	171.6	strong	6.0
2739-Letter_to_Mr_Minoo_Masani_10-11-1967.pdf	2739	1	114715	none	none	0.0	0.0	0.0	128	y	114.8	adequate	6.3
274-Dual_Character_Of_An_Emerging_Group.pdf	274	1	322146	none	none	0.0	0.0	0.0	128	y	120.2	adequate	92.0
2740-Letter_to_Mr_Minoo_Masani_09-11-1967.pdf	2740	1	119585	none	none	0.0	0.0	0.0	128	y	101.4	adequate	5.8
2741-Letter_to_Mr_Minoo_Masani_08-11-1967.pdf	2741	1	188288	none	none	0.0	0.0	0.0	128	n	125.1	adequate	11.9
2742-Letter_to_Mr_Minoo_Masani_08-11-1967.pdf	2742	1	114715	none	none	0.0	0.0	0.0	128	n	62.4	weak	9.4
2743-Letter_to_Mr_C_Rajagopalchari_07-11-1967.pdf	2743	1	221117	none	none	0.0	0.0	0.0	128	n	96.9	adequate	15.8
2744-Letter_to_Mr_Minoo_Masani_06-11-1967.pdf	2744	1	77620	none	none	0.0	0.0	0.0	128	y	107.1	adequate	4.5
2745-Letter_to_Mr_Minoo_Masani_05-11-1967.pdf	2745	1	150082	none	none	0.0	0.0	0.0	128	y	80.0	weak	11.5
2746-Letter_to_Mr_Minoo_Masani_04-11-1967.pdf	2746	1	154882	none	none	0.0	0.0	0.0	128	n	65.7	weak	12.0
2747-Letter_to_Mr_Minoo_Masani_04-11-1967.pdf	2747	1	140895	none	none	0.0	0.0	0.0	128	n	73.1	weak	9.9
2748-Letter_to_Mr_C_Rajagopalchari_15-10-1967.pdf	2748	1	177836	none	none	0.0	0.0	0.0	128	n	88.2	weak	12.4
2749-Letter_to_Mr_Minoo_Masani_02-11-1967.pdf	2749	1	80024	none	none	0.0	0.0	0.0	128	y	106.8	adequate	6.1
275-Letter_From_India-JP_Testament.pdf	275	4	968084	none	none	0.0	0.0	0.0	128	y	84.8	weak	15.9
2750-Letter_to_Mr_C_Rajagopalchari_02-11-1967.pdf	2750	1	168463	none	none	0.0	0.0	0.0	128	n	78.7	weak	11.7
2751-Letter_to_Mr_N_G_Ranga_02-11-1967.pdf	2751	1	115589	none	none	0.0	0.0	0.0	128	n	39.3	faint	43.3
2752-Letter_to_Mr_Minoo_Masani_01-11-1967.pdf	2752	1	230393	none	none	0.0	0.0	0.0	128	n	84.2	weak	12.9
2753-Crisis_Brewing_In_Bombay_Swatantra.pdf	2753	2	244910	none	none	0.0	0.0	0.0	128	n	100.3	adequate	9.5
2754-Future_Of_Swatantra-Times_Of_India_17-07-1974.pdf	2754	2	178594	none	none	0.0	0.0	0.0	128	n	95.5	adequate	6.0
2755-Suit_Against_Swatantra_Wind-up-Indian_Express_30-07-1974.pdf	2755	2	148490	none	none	0.0	0.0	0.0	128	n	98.2	adequate	6.7
2756-Masani-Mody_Clash_At_Merger_Meet_06-08-1974.pdf	2756	2	498097	none	none	0.0	0.0	0.0	128	y	68.1	weak	34.4
2757-Swatantra_Party_Heading_For_Split_06-08-1974.pdf	2757	2	484313	none	none	0.0	0.0	0.0	128	n	78.2	weak	10.6
2758-Swatantra_Heading_For_Split_Over_Merger_06-08-1974.pdf	2758	2	386210	none	none	0.0	0.0	0.0	128	n	79.5	weak	18.5
2759-Swatantra_Split-Indian_Express.pdf	2759	2	422336	none	none	0.0	0.0	0.0	128	n	75.1	weak	11.8
276-JP_s_Last_Will_And_Testament-The_Illustrated_Weekly_Of_India_17-09-1977.pdf	276	12	3743683	none	none	0.0	0.0	0.0	128	y	134.4	strong	33.9
2760-Swatantra_Dissolution_Not_Possible-Indian_Express_20-08-1974.pdf	2760	2	425750	none	none	0.0	0.0	0.0	128	n	70.1	weak	26.1
2761-New_Life_For_Swatantra-Indian_Express_09-12-1974.pdf	2761	2	405057	none	none	0.0	0.0	0.0	128	n	68.8	weak	22.0
2762-Ror_Over_Star-Indian_Express_03-01-1975.pdf	2762	1	119405	none	none	0.0	0.0	0.0	128	n	35.1	faint	48.7
2763-Swatantra_to_Function_As_Before-Times_Of_India_09-12-1974.pdf	2763	2	434154	none	none	0.0	0.0	0.0	128	n	93.3	adequate	9.1
2764-BLD_Symbol-Indian_Express_15-01-1975.pdf	2764	2	343411	none	none	0.0	0.0	0.0	128	n	74.0	weak	9.5
2765-BLD_Poll_Symbol_In_Due_Course-Indian_Express_05-01-1975.pdf	2765	1	128589	none	none	0.0	0.0	0.0	128	n	54.5	faint	12.3
2766-Swatantra_MLAs_Writ_Admited_14-02-1975.pdf	2766	2	298816	none	none	0.0	0.0	0.0	128	n	94.5	adequate	10.7
2767-Letter_From_Mr_P_K_Deo_22-05-1962.pdf	2767	1	151357	none	none	0.0	0.0	0.0	128	n	52.0	faint	13.8
2768-Letter_to_Mr_Minoo_Masani_23-05-1962.pdf	2768	1	151691	none	none	0.0	0.0	0.0	128	n	70.5	weak	5.9
2769-Minuits_Of_Lok_Sabha_and_Rajya_Sabha_Meeting_13-05-1962.pdf	2769	10	2033529	none	none	0.0	0.0	0.0	128	n	76.4	weak	68.9
277-Tomorrow_Belongs_to_You.pdf	277	6	1026237	none	none	0.0	0.0	0.0	128	n	131.2	strong	8.5
2770-Lok_Sabha_Speeches-Hindustan_Times_11-05-1962.pdf	2770	1	142487	none	none	0.0	0.0	0.0	128	n	53.5	faint	19.6
2771-Plea_For_Relief_To_Handloom_Industry-Indian_Express_11-05-1962.pdf	2771	1	231057	none	none	0.0	0.0	0.0	128	n	58.8	faint	27.5
2772-Speech_Of_Shri_Narendra_Singh_Mahida_10-05-1962.pdf	2772	8	1592976	none	none	0.0	0.0	0.0	128	n	80.0	weak	16.3
2773-Letter_to_Mr_Minoo_Masani_10-05-1962.pdf	2773	4	601212	none	none	0.0	0.0	0.0	128	n	103.8	adequate	10.0
2774-Speech_Of_Mr_Bula_Singh_In_Lok_Sabha_08-05-1962.pdf	2774	4	852316	none	none	0.0	0.0	0.0	128	n	123.6	adequate	10.5
2775-Letter_to_Mr_Minoo_Masani_08-05-1962.pdf	2775	2	174225	none	none	0.0	0.0	0.0	128	n	193.1	strong	2.3
2776-Letter_to_Mr_Minoo_Masani_07-05-1962.pdf	2776	2	87814	none	none	0.0	0.0	0.0	128	n	161.9	strong	6.1
2777-Letter_to_Mr_N_G_Ranga_07-05-1962.pdf	2777	2	336641	none	none	0.0	0.0	0.0	128	n	92.0	adequate	10.0
2778-Business_Advisory_Panel_Formed-Indian_Express_01-05-1962.pdf	2778	1	114228	none	none	0.0	0.0	0.0	128	n	31.7	faint	36.8
2779-Letter_to_Mr_Narendra_Singh_Mahida_30-04-1962.pdf	2779	1	176127	none	none	0.0	0.0	0.0	128	n	99.5	adequate	11.0
278-Extracts_From_The_Books-Excellence.pdf	278	3	509341	none	none	0.0	0.0	0.0	128	n	136.3	strong	10.7
2780-Letter_to_Gayatri_Devi_30-04-1962.pdf	2780	1	173752	none	none	0.0	0.0	0.0	128	n	95.5	adequate	8.3
2781-Letter_to_Mr_Minoo_Masani_02-05-1962.pdf	2781	2	276677	none	none	0.0	0.0	0.0	128	n	120.2	adequate	12.2
2782-Letter_to_Mr_Minoo_Masani_25-04-1962.pdf	2782	4	505782	none	none	0.0	0.0	0.0	128	n	106.7	adequate	9.2
2783-Letter_to_Mr_Narendra_Singh_Mahida_24-04-1962.pdf	2783	1	184369	none	none	0.0	0.0	0.0	128	n	95.0	adequate	10.3
2784-Letter_to_Mr_Minoo_Masani_24-04-1962.pdf	2784	4	221224	none	none	0.0	0.0	0.0	128	n	198.7	strong	1.3
2785-Letter_to_Mr_Minoo_Masani_23-03-1962.pdf	2785	1	178369	none	none	0.0	0.0	0.0	128	n	83.4	weak	6.9
2786-Letter_to_Mr_Minoo_Masani_21-04-1962.pdf	2786	2	267137	none	none	0.0	0.0	0.0	128	n	159.1	strong	13.2
2787-Letter_to_Mr_Minoo_Masani_20-04-1962.pdf	2787	2	208859	none	none	0.0	0.0	0.0	128	n	135.2	strong	5.2
2788-Letter_to_Mr_Minoo_Masani_19-04-1962.pdf	2788	1	81091	none	none	0.0	0.0	0.0	128	n	131.4	strong	5.6
2789-Letter_to_Mr_Minoo_Masani_19-04-1962.pdf	2789	6	712370	none	none	0.0	0.0	0.0	128	n	88.2	weak	14.1
279-Newsletter_of_the_Leslie_Sawhny_Programme.pdf	279	8	2376212	none	none	0.0	0.0	0.0	137	y	116.9	adequate	18.2
2790-Letter_to_Mr_Dahyabhi_Patel_19-04-1962.pdf	2790	1	134583	none	none	0.0	0.0	0.0	128	n	39.0	faint	20.6
2791-Letter_to_Raja_Raghavendra_Pratap_Singh_19-04-1962.pdf	2791	1	135569	none	none	0.0	0.0	0.0	128	n	72.5	weak	4.8
2792-Letter_to_Mr_Narendra_Singh_Mahida_19-04-1962.pdf	2792	1	187561	none	none	0.0	0.0	0.0	128	n	89.6	weak	11.0
2793-Letter_to_Mr_Narendra_Singh_Mahida_19-04-1962.pdf	2793	1	142169	none	none	0.0	0.0	0.0	128	n	88.9	weak	5.0
2794-Letter_to_Mr_P_K_Patnaik_18-04-1962.pdf	2794	1	173201	none	none	0.0	0.0	0.0	128	n	92.1	adequate	7.7
2795-Minutes_of_the_Joint_Meeting_of_Rajya_Sabha_and_Lok_Sabha_15-04-1962.pdf	2795	6	1221390	none	none	0.0	0.0	0.0	128	n	61.3	weak	9.1
2796-Minutes_of_the_Joint_Meeting_of_Rajya_Sabha_and_Lok_Sabha_15-04-1962.pdf	2796	2	348113	none	none	0.0	0.0	0.0	128	n	45.8	faint	17.6
2797-Minutes_of_Meeting_of_Lok_Sabha_and_Rajya_Sabha_16-04-1962.pdf	2797	1	139656	none	none	0.0	0.0	0.0	128	n	31.3	faint	21.3
2798-Letter_from_Dahyabhai_Vallabhbhai_Patel_17-04-1962.pdf	2798	1	77182	none	none	0.0	0.0	0.0	128	y	63.5	weak	6.6
2799-Swatantra_Party_to_Back_Dr_Husains_Candidature-Indian_Nation_17-04-1962.pdf	2799	1	151123	none	none	0.0	0.0	0.0	128	y	80.5	weak	12.0
28-Letter_to_Mr_Minoo_Masani_12-03-1971.pdf	28	3	387316	none	none	0.0	0.0	0.0	128	n	70.7	weak	3.5
280-The_Constitution-Twenty_Five_Years_Later.pdf	280	10	2255197	none	none	0.0	0.0	0.0	128	n	142.4	strong	7.9
2800-Letter_to_Mr_Minoo_Masani_15-04-1962.pdf	2800	2	451670	none	none	0.0	0.0	0.0	128	n	86.7	weak	13.7
2801-Swatantra_Party_Memo_26-04-1962.pdf	2801	3	244322	none	none	0.0	0.0	0.0	128	y	101.7	adequate	5.3
2802-Letter_to_Mr_Minoo_Masani_11-04-1962.pdf	2802	1	112554	none	none	0.0	0.0	0.0	128	y	101.1	adequate	6.4
2803-Letter_to_M_S_Aney_11-04-1962.pdf	2803	2	185269	none	none	0.0	0.0	0.0	128	y	72.7	weak	6.4
2804-Letter_from_M_S_Aney_29-03-1962.pdf	2804	4	480208	none	none	0.0	0.0	0.0	128	y	76.5	weak	10.7
2805-Letter_from_S_V_Raju_10-04-1962.pdf	2805	8	1024771	none	none	0.0	0.0	0.0	128	n	73.8	weak	11.1
2806-Letter_from_Mr_Minoo_Masani_02-04-1962.pdf	2806	2	304709	none	none	0.0	0.0	0.0	128	n	120.3	adequate	8.7
2807-Congress_Strength_in_Rajya_Sabha_Dwindles-Times_of_India_31-03-1962.pdf	2807	1	184052	none	none	0.0	0.0	0.0	128	n	63.0	weak	13.6
2808-Letter_from_Basant_Singh_30-03-1962.pdf	2808	8	1131101	none	none	0.0	0.0	0.0	128	y	120.8	adequate	12.7
2809-Letter_from_Mr_Minoo_Masani_28-03-1962.pdf	2809	1	113893	none	none	0.0	0.0	0.0	128	y	133.5	strong	8.2
281-The_Miles_of_History.pdf	281	3	609159	none	none	0.0	0.0	0.0	128	n	124.1	adequate	12.4
2810-Letter_to_NG_Ranga_26-03-1962.pdf	2810	2	231241	none	none	0.0	0.0	0.0	128	n	110.8	adequate	12.5
2811-Letter_to_Mr_Minoo_Masani_26-03-1962.pdf	2811	2	248849	none	none	0.0	0.0	0.0	128	y	100.7	adequate	9.2
2812-Letter_to_M_S_Aney_26-03-1962.pdf	2812	1	210782	none	none	0.0	0.0	0.0	128	n	95.2	adequate	11.5
2813-Letter_to_C_Rajagopalachari_24-03-1962.pdf	2813	2	382532	none	none	0.0	0.0	0.0	128	n	114.4	adequate	8.6
2814-Letter_to_M_S_Aney_26-03-1962.pdf	2814	1	211503	none	none	0.0	0.0	0.0	128	n	102.3	adequate	12.1
2815-Letter_to_M_S_Aney_26-03-1962.pdf	2815	1	212555	none	none	0.0	0.0	0.0	128	n	87.6	weak	15.1
2816-Letter_to_M_S_Aney.pdf	2816	5	649253	none	none	0.0	0.0	0.0	128	y	55.7	faint	22.0
2817-Letter_to_Mr_Minoo_Masani_24-03-1962.pdf	2817	2	267969	none	none	0.0	0.0	0.0	128	y	93.3	adequate	8.9
2818-Letter_to_Mr_Minoo_Masani_23-03-1962.pdf	2818	1	180449	none	none	0.0	0.0	0.0	128	y	100.0	adequate	12.7
2819-Letter_to_Mr_Minoo_Masani_24-03-1962.pdf	2819	1	90984	none	none	0.0	0.0	0.0	128	y	40.3	faint	7.9
282-The_Presidents_Power_15-05-1975.pdf	282	1	362638	none	none	0.0	0.0	0.0	128	n	74.7	weak	27.5
2820-Letter_to_C_Rajagopalachari_17-03-1962.pdf	2820	3	616569	none	none	0.0	0.0	0.0	128	y	113.9	adequate	14.2
2821-Aneys_Reported_Move_to_Join_Swatantra_12-03-1962.pdf	2821	1	165823	none	none	0.0	0.0	0.0	128	y	71.1	weak	13.3
2822-Rajasthan_Legislative_Swatantra_Leader-Indian_Nation_11-03-1962.pdf	2822	1	164052	none	none	0.0	0.0	0.0	128	y	70.0	weak	14.6
2823-Swatantra_Party_Convention_18-03-1962.pdf	2823	1	149102	none	none	0.0	0.0	0.0	128	y	93.9	adequate	90.5
2824-Welcome_End_19-03-1962.pdf	2824	1	192447	none	none	0.0	0.0	0.0	128	y	74.2	weak	22.6
2825-Letter_to_C_Rajagopalachari_08-03-1962.pdf	2825	8	1200482	none	none	0.0	0.0	0.0	128	y	77.5	weak	13.1
2826-P-SP_Swatantra_Search_for_Lok_Sabha_Party_Chiefs-Free_Press_Journal_08-03-1962.pdf	2826	1	148991	none	none	0.0	0.0	0.0	128	y	78.9	weak	24.2
2827-Letter_to_U_Muthuramalinga_Thevar.pdf	2827	1	158169	none	none	0.0	0.0	0.0	128	n	46.8	faint	21.6
2828-For_Favour_of_Publication_20-04-1961.pdf	2828	1	184110	none	none	0.0	0.0	0.0	128	n	84.7	weak	10.1
2829-Letter_About_Demands_for_Ministry_of_Transport_&_Communications_05-04-1961.pdf	2829	1	115919	none	none	0.0	0.0	0.0	128	y	125.6	adequate	4.4
283-Mr_Minoo_Masani_Opinion.pdf	283	5	939290	none	none	0.0	0.0	0.0	128	n	126.3	adequate	11.4
2830-List_of_Swatantra_Members_in_Parliament.pdf	2830	2	284263	none	none	0.0	0.0	0.0	128	n	116.6	adequate	3.2
2831-Letter_from_Mr_Minoo_Masani_10-01-1961.pdf	2831	2	391211	none	none	0.0	0.0	0.0	128	n	104.7	adequate	13.1
2832-Letter_from_Mr_Minoo_Masani_02-12-1960.pdf	2832	1	187170	none	none	0.0	0.0	0.0	128	n	80.2	weak	6.0
2833-Swatantra_Party_Minutes_of_Meeting_30-08-1960.pdf	2833	1	185021	none	none	0.0	0.0	0.0	128	n	98.3	adequate	12.5
2834-Letter_About_Discussion_on_the_Third_Plan_22-08-1960.pdf	2834	1	164504	none	none	0.0	0.0	0.0	128	n	90.9	adequate	6.1
2835-Substitute_Motion_to_the_Motion_to_be_Moved_by_of_Planning_17-08-1960.pdf	2835	2	367084	none	none	0.0	0.0	0.0	128	n	81.3	weak	12.6
2836-Letter_from_Mr_Minoo_Masani_17-08-1960.pdf	2836	1	157975	none	none	0.0	0.0	0.0	128	n	84.8	weak	7.3
2837-Letter_to_Mr_Minoo_Masani_13-08-1960.pdf	2837	1	146562	none	none	0.0	0.0	0.0	128	y	92.6	adequate	7.7
2838-Committee_Present_Position_with_Suggestion.pdf	2838	1	144745	none	none	0.0	0.0	0.0	128	n	83.9	weak	4.3
2839-Meeting_of_the_Democratic_Group_in_the_Rajya_Sabha_11-04-1960.pdf	2839	2	299433	none	none	0.0	0.0	0.0	128	y	133.4	strong	12.4
284-A_Founding_Fathers_Review_03-04-1975.pdf	284	27	5667902	none	none	0.0	0.0	0.0	128	n	131.4	strong	13.2
2840-Letter_to_the_Editor_16-02-1960.pdf	2840	1	139986	none	none	0.0	0.0	0.0	128	n	104.7	adequate	5.1
2841-Letter_to_Mr_Minoo_Masani_09-02-1960.pdf	2841	1	129827	none	none	0.0	0.0	0.0	128	y	96.2	adequate	6.7
2842-For_Favour_of_Publication_25-12-1959.pdf	2842	1	171098	none	none	0.0	0.0	0.0	128	n	87.8	weak	6.1
2843-Letter_from_Mr_Minoo_Masani_22-12-1959.pdf	2843	1	238520	none	none	0.0	0.0	0.0	128	n	105.9	adequate	7.4
2844-Resolution_of_the_General_Council_of_the_Swatantra_Party_22-12-1959.pdf	2844	2	373936	none	none	0.0	0.0	0.0	128	n	99.6	adequate	7.0
2845-Meeting_of_the_Members_of_the_Swatantra_Party_22-12-1959.pdf	2845	1	179164	none	none	0.0	0.0	0.0	128	n	90.9	adequate	10.1
2846-Letter_to_Mr_Minoo_Masani_02-04-1965.pdf	2846	1	178314	none	none	0.0	0.0	0.0	128	y	124.8	adequate	8.2
2847-Letter_to_Mr_Minoo_Masani_05-11-1963.pdf	2847	4	499638	none	none	0.0	0.0	0.0	128	y	91.9	adequate	5.3
2848-Letter_to_Mr_Minoo_Masani_01-01-1966.pdf	2848	1	143830	none	none	0.0	0.0	0.0	128	y	116.8	adequate	12.0
2849-Letter_to_Mr_Minoo_Masani_29-10-1963.pdf	2849	1	139804	none	none	0.0	0.0	0.0	128	y	139.3	strong	7.9
285-The_Electoral_System_and_The_Need_For_Reform.pdf	285	40	7447812	none	none	0.0	0.0	0.0	128	n	135.4	strong	10.4
2850-Letter_from_Mr_Minoo_Masani_31-10-1963.pdf	2850	2	363361	none	none	0.0	0.0	0.0	128	n	84.1	weak	9.1
2851-Letter_to_C_Rajagopalachari_02-11-1963.pdf	2851	1	203536	none	none	0.0	0.0	0.0	128	n	105.0	adequate	7.8
2852-Letter_to_Mr_Girish_Munshi_01-11-1963.pdf	2852	1	223731	none	none	0.0	0.0	0.0	128	n	59.1	faint	16.6
2853-Letter_to_C_Rajagopalachari_07-11-1963.pdf	2853	1	226056	none	none	0.0	0.0	0.0	128	n	109.3	adequate	10.6
2854-Letter_to_A_P_Jain_29-03-1963.pdf	2854	1	149931	none	none	0.0	0.0	0.0	128	y	89.8	weak	11.9
2855-Reducing_Profits_Artificially.pdf	2855	1	178717	none	none	0.0	0.0	0.0	128	n	83.2	weak	9.5
2856-Motion_by_Shri_Jawaharlal_Nehru_Regarding_Third_Five_Year_Plan_19-08-1961.pdf	2856	2	460172	none	none	0.0	0.0	0.0	128	n	79.4	weak	15.7
2857-Motion_by_Shri_Jawaharlal_Nehru_Regarding_Third_Five_Year_Plan_21-08-1961.pdf	2857	2	398101	none	none	0.0	0.0	0.0	128	n	75.4	weak	49.3
2858-Revised_List_of_Business_24-08-1961.pdf	2858	2	348754	none	none	0.0	0.0	0.0	128	n	97.0	adequate	4.4
2859-Letter_to_Mr_Minoo_Masani_12-03-1963.pdf	2859	2	213240	none	none	0.0	0.0	0.0	128	y	69.5	weak	52.7
286-Impact_Of_Democracy_On_Industrial_Efficiency_And_Progress.pdf	286	17	3148999	none	none	0.0	0.0	0.0	128	n	144.7	strong	7.1
2860-Letter_from_Dahyabhai_Vallabhbhai_Patel_11-03-1963.pdf	2860	1	102893	none	none	0.0	0.0	0.0	128	y	86.5	weak	10.2
2861-Letter_to_Mr_Minoo_Masani_21-02-1963.pdf	2861	1	142196	none	none	0.0	0.0	0.0	128	y	98.1	adequate	16.6
2862-Motion_on_Address_by_the_President.pdf	2862	12	2163061	none	none	0.0	0.0	0.0	128	y	79.1	weak	39.3
2863-Letter_to_Mr_Minoo_Masani_19-02-1963.pdf	2863	1	118305	none	none	0.0	0.0	0.0	128	y	112.8	adequate	7.0
2864-Swatantra_Party_Minutes_of_Meeting_19-02-1963.pdf	2864	2	430866	none	none	0.0	0.0	0.0	128	y	89.7	weak	18.8
2865-Letter_to_C_Rajagopalachari_25-01-1963.pdf	2865	2	285468	none	none	0.0	0.0	0.0	128	y	87.4	weak	7.8
2866-Letter_to_Mr_Minoo_Masani_22-01-1963.pdf	2866	1	121104	none	none	0.0	0.0	0.0	128	y	116.9	adequate	12.0
2867-Letter_to_A_P_Jain_18-02-1963.pdf	2867	1	204769	none	none	0.0	0.0	0.0	128	n	70.3	weak	25.4
2868-Session_Very_Memorable_Lok_Sabha_Adjourns-Times_of_India_12-12-1962.pdf	2868	1	123133	none	none	0.0	0.0	0.0	128	n	41.7	faint	39.5
2869-Letter_to_Mr_Minoo_Masani_03-12-1962.pdf	2869	1	120413	none	none	0.0	0.0	0.0	128	y	117.5	adequate	6.7
287-Publicatin_for_Reform_Or_Revolution_30-01-1971.pdf	287	9	1691696	none	none	0.0	0.0	0.0	128	n	136.4	strong	11.1
2870-Letter_to_Mr_Minoo_Masani_20-11-1962.pdf	2870	1	172512	none	none	0.0	0.0	0.0	128	n	97.8	adequate	29.0
2871-Letter_to_Satya_Narayan_Sinha_19-11-1962.pdf	2871	1	173449	none	none	0.0	0.0	0.0	128	n	61.8	weak	22.1
2872-Diffence_of_India_Bill-1962_16-02-1962.pdf	2872	2	350128	none	none	0.0	0.0	0.0	128	n	60.5	weak	17.9
2873-Diffence_of_India_Bill-1962.pdf	2873	2	314480	none	none	0.0	0.0	0.0	128	n	64.9	weak	22.7
2874-Letter_to_Mr_Minoo_Masani_17-11-1962.pdf	2874	1	111068	none	none	0.0	0.0	0.0	128	y	77.4	weak	12.4
2875-Letter_to_N_G_Ranga_12-11-1962.pdf	2875	1	115550	none	none	0.0	0.0	0.0	128	y	78.0	weak	14.4
2876-Letter_to_N_G_Ranga_15-11-1962.pdf	2876	1	165333	none	none	0.0	0.0	0.0	128	n	84.3	weak	34.1
2877-letter_from_A_P_Jain_14-11-1962.pdf	2877	1	187891	none	none	0.0	0.0	0.0	128	n	87.6	weak	25.5
2878-Letter_to_Mr_Minoo_Masani_13-11-1962.pdf	2878	2	330085	none	none	0.0	0.0	0.0	128	y	41.4	faint	29.9
2879-Letter_to_Mr_Minoo_Masani_22-10-1962.pdf	2879	1	211283	none	none	0.0	0.0	0.0	128	n	111.7	adequate	7.7
288-Impact_Of_Democracy_On_Industrial_Efficiency_And_Progress-Swarajya_Annual_Number.pdf	288	6	1944202	none	none	0.0	0.0	0.0	128	n	99.6	adequate	15.5
2880-Letter_to_A_P_Jain_01-10-1962.pdf	2880	1	223493	none	none	0.0	0.0	0.0	128	n	87.5	weak	8.6
2881-letter_from_A_P_Jain_18-09-1962.pdf	2881	1	193053	none	none	0.0	0.0	0.0	128	n	88.0	weak	11.2
2882-Statement_of_Monthly_Contribution_and_the_Balance_03-09-1962.pdf	2882	2	342610	none	none	0.0	0.0	0.0	128	n	87.5	weak	17.2
2883-Letter_to_Narendra_Singh_Mahida_04-09-1962.pdf	2883	3	381722	none	none	0.0	0.0	0.0	128	n	63.8	weak	16.9
2884-Letter_from_Mr_Minoo_Masani_17-08-1962.pdf	2884	2	274334	none	none	0.0	0.0	0.0	128	n	68.9	weak	12.8
2885-Letter_from_Mr_Minoo_Masani_16-08-1962.pdf	2885	1	170014	none	none	0.0	0.0	0.0	128	n	62.3	weak	13.3
2886-Letter_from_Mr_Minoo_Masani_16-08-1962.pdf	2886	2	337898	none	none	0.0	0.0	0.0	128	n	53.8	faint	20.3
2887-Letter_to_Mr_Minoo_Masani_10-08-1962.pdf	2887	2	386144	none	none	0.0	0.0	0.0	128	y	108.3	adequate	10.2
2888-Letter_to_Mr_Minoo_Masani_07-08-1962.pdf	2888	5	964522	none	none	0.0	0.0	0.0	128	y	124.4	adequate	23.5
2889-Letter_to_Mr_Minoo_Masani_07-08-1962.pdf	2889	2	310037	none	none	0.0	0.0	0.0	128	y	114.2	adequate	9.2
289-Road_to_Democracy-Reform_or_Revolution_30-01-1971.pdf	289	4	1294284	none	none	0.0	0.0	0.0	128	n	92.7	adequate	19.2
2890-Letter_to_Dahyabhai_V_Patel_04-08-1962.pdf	2890	1	152897	none	none	0.0	0.0	0.0	128	n	87.9	weak	13.8
2891-Desais_Statement_in_Lok_Sabha_on_Monday-Times_of_India_04-08-1962.pdf	2891	1	189635	none	none	0.0	0.0	0.0	128	n	131.3	strong	5.6
2892-Letter_from_Mr_Minoo_Masani_04-08-1962.pdf	2892	1	114785	none	none	0.0	0.0	0.0	128	n	40.0	faint	15.5
2893-Letter_from_Mr_Minoo_Masani_04-08-1962.pdf	2893	1	107711	none	none	0.0	0.0	0.0	128	n	77.5	weak	4.7
2894-Letter_from_Mr_Minoo_Masani_04-08-1962.pdf	2894	1	234245	none	none	0.0	0.0	0.0	128	n	75.3	weak	16.7
2895-Letter_from_Mr_Minoo_Masani_03-04-1962.pdf	2895	2	366307	none	none	0.0	0.0	0.0	128	n	79.6	weak	56.6
2896-Letter_from_Mr_Minoo_Masani_03-04-1962.pdf	2896	2	389030	none	none	0.0	0.0	0.0	128	n	77.9	weak	16.5
2897-Letter_from_Mr_Minoo_Masani_03-04-1962.pdf	2897	1	172159	none	none	0.0	0.0	0.0	128	n	91.5	adequate	15.2
2898-Letter_from_Mr_Minoo_Masani_03-04-1962.pdf	2898	3	542245	none	none	0.0	0.0	0.0	128	n	90.6	adequate	8.6
2899-Letter_to_Jawaharlal_Nehru_02-08-1962.pdf	2899	1	153638	none	none	0.0	0.0	0.0	128	n	67.8	weak	8.3
29-Letter_to_Mr_Shantilal_K_Devmurari_23-03-1971.pdf	29	1	116046	none	none	0.0	0.0	0.0	128	y	93.5	adequate	2.7
290-Publicatin_for_Reform_Or_Revolution_30-01-1971.pdf	290	9	1655435	none	none	0.0	0.0	0.0	128	n	123.6	adequate	10.7
2900-Digest_of_Press_Comments_on_the_Partys_Performance_in_the_Lok_Sabha_27-06-1962.pdf	2900	1	177193	none	none	0.0	0.0	0.0	128	n	37.8	faint	25.8
2901-Letter_to_Mr_Minoo_Masani_09-07-1962.pdf	2901	1	183545	none	none	0.0	0.0	0.0	128	y	90.7	adequate	12.5
2902-Letter_from_John_Deng_28-06-1962.pdf	2902	1	213359	none	none	0.0	0.0	0.0	128	n	82.3	weak	8.5
2903-Non-Official_Motions_for_Parliament_Session-Hindustan_Times_27-07-1962.pdf	2903	1	208545	none	none	0.0	0.0	0.0	128	y	77.1	weak	11.9
2904-Short_Report_On_the_Working_of_the_Swatantra_Party_16-04-1962.pdf	2904	2	594409	none	none	0.0	0.0	0.0	128	n	55.4	faint	16.2
2905-Letter_to_Mr_Minoo_Masani_23-06-1962.pdf	2905	1	304954	none	none	0.0	0.0	0.0	128	n	130.2	strong	13.5
2906-Letter_to_Mr_Minoo_Masani_13-06-1962.pdf	2906	1	127366	none	none	0.0	0.0	0.0	128	y	98.9	adequate	8.2
2907-Letter_to_Dahyabhai_V_Patel_12-06-1962.pdf	2907	2	274626	none	none	0.0	0.0	0.0	128	y	97.7	adequate	8.5
2908-Letter_to_Mr_Minoo_Masani_03-06-1962.pdf	2908	1	104090	none	none	0.0	0.0	0.0	128	y	99.0	adequate	7.4
2909-Letter_to_Mr_Minoo_Masani_02-06-1962.pdf	2909	2	365873	none	none	0.0	0.0	0.0	128	y	77.9	weak	10.7
291-The_Present_Crisis-A_Way_Out_by_Kritidev_Desai.pdf	291	7	1710740	none	none	0.0	0.0	0.0	128	n	96.4	adequate	9.1
2910-Letter_to_Dahyabhai_V_Patel_01-06-1962.pdf	2910	1	167732	none	none	0.0	0.0	0.0	128	n	85.3	weak	6.4
2911-Letter_from_Mr_Minoo_Masani_30-05-1962.pdf	2911	2	414841	none	none	0.0	0.0	0.0	128	y	82.0	weak	36.1
2912-Letter_to_Narendra_Singh_Mahida_29-05-1962.pdf	2912	1	129142	none	none	0.0	0.0	0.0	128	n	105.9	adequate	9.5
2913-Letter_to_Mr_Minoo_Masani_28-05-1962.pdf	2913	2	231312	none	none	0.0	0.0	0.0	128	y	48.1	faint	26.0
2914-Letter_to_Wahidur_Rahman_28-05-1962.pdf	2914	1	97235	none	none	0.0	0.0	0.0	128	n	114.9	adequate	6.3
2915-Parliament_Panels-Sunday_Standard_27-05-1962.pdf	2915	1	142206	none	none	0.0	0.0	0.0	128	n	57.0	faint	17.9
2916-Rajajis_Tour_Programme_Nov-1963.pdf	2916	1	114693	none	none	0.0	0.0	0.0	128	y	119.1	adequate	5.9
2917-Swatantra_Party_Preparatory_Convention_01-08-1959.pdf	2917	15	1921358	none	none	0.0	0.0	0.0	128	y	119.8	adequate	6.5
2918-The_Reformist.pdf	2918	41	5233730	none	none	0.0	0.0	0.0	128	y	85.2	weak	18.2
2919-Equilty_in_a_Global_Society.pdf	2919	24	2510697	none	none	0.0	0.0	0.0	134	y	85.5	weak	29.2
292-For_Favour_of_Publication_21-05-1971.pdf	292	1	260082	none	none	0.0	0.0	0.0	128	n	75.3	weak	9.3
2920-Mahatma_Gandhi_and_Dalit_Problem_28-09-2008.pdf	2920	48	6765317	none	none	0.0	0.0	0.0	128	y	129.8	adequate	12.6
2921-Letter_to_S_V_Raju_19-05-2006.pdf	2921	10	1647771	none	none	0.0	0.0	0.0	128	n	91.2	adequate	7.2
2922-Dominance_with_a_Diflerence-Strains_and_Challenges.pdf	2922	8	1747239	none	none	0.0	0.0	0.0	128	n	42.2	faint	24.2
2923-Dandekar_was_Top_Civil_Servent-Times_of_India_06-11-1980.pdf	2923	1	323484	none	none	0.0	0.0	0.0	128	n	96.3	adequate	21.2
2924-Letter_to_Mr_Minoo_Masani_30-07-1973.pdf	2924	3	690027	none	none	0.0	0.0	0.0	128	n	91.8	adequate	40.2
2925-The_Opposition-Problems_and_Prospects_20-10-1973.pdf	2925	6	2000438	none	none	0.0	0.0	0.0	128	n	78.0	weak	16.0
2926-The_Congress_in_the_Saddle.pdf	2926	4	628357	none	none	0.0	0.0	0.0	128	n	103.1	adequate	16.3
2927-Looking_After_The_Tribe.pdf	2927	4	356128	none	none	0.0	0.0	0.0	146	n	124.5	adequate	11.8
2928-The_Wisest_Man_in_India-Aspects_of_C_Rajagopalachari.pdf	2928	20	2579433	none	none	0.0	0.0	0.0	128	n	96.0	adequate	10.6
2929-C_Rajagopalachari_Pictures_During_Madras_Visit_in_1955.pdf	2929	2	477429	none	none	0.0	0.0	0.0	128	n	135.4	strong	36.7
293-About_Jayprakash_Narayan-The_Illustrated_Weekly_Of_India_19-05-1974.pdf	293	9	3753133	none	none	0.0	0.0	0.0	128	y	128.2	adequate	28.2
2930-Lok_Sabha_Elections-Voting_Trends.pdf	2930	10	1562509	none	none	0.0	0.0	0.0	128	n	88.2	weak	6.3
2931-Contents.pdf	2931	1	127305	none	none	0.0	0.0	0.0	128	n	73.3	weak	5.2
2932-Swatantra_Party_General_Circular_No-40_02-04-1971.pdf	2932	1	174320	none	none	0.0	0.0	0.0	128	n	80.1	weak	9.2
2933-The_Presidents_Report_on_Political_Developments_21-07-1970.pdf	2933	9	2040854	none	none	0.0	0.0	0.0	128	n	82.6	weak	39.1
2934-General_Elections_to_the_Lok_Sabha-1971_Swatantra_Performance.pdf	2934	2	283134	none	none	0.0	0.0	0.0	128	n	52.9	faint	15.3
2935-Letter_from_Mr_Minoo_Masani_02-04-1971.pdf	2935	2	414567	none	none	0.0	0.0	0.0	128	n	75.5	weak	8.4
2936-Letter_to_R_C_Cooper_22-03-1971.pdf	2936	2	507890	none	none	0.0	0.0	0.0	128	n	92.2	adequate	10.7
2937-Future_of_the_Swatantra_Party.pdf	2937	3	790166	none	none	0.0	0.0	0.0	128	n	84.0	weak	11.3
2938-National_Headquarters_Note_on_Organisation.pdf	2938	3	679093	none	none	0.0	0.0	0.0	128	n	66.9	weak	11.1
2939-Swatantra_Party_General_Council_17-04-1971.pdf	2939	2	334657	none	none	0.0	0.0	0.0	128	n	67.9	weak	7.7
294-Statement_of_Mr_Minoo_Masani_For_Publication.pdf	294	12	2231827	none	none	0.0	0.0	0.0	128	n	77.0	weak	8.6
2940-A_Programme_of_Action_for_the_Swatantra_Party.pdf	2940	3	560976	none	none	0.0	0.0	0.0	128	n	50.6	faint	18.6
2941-Letter_to_N_K_Ganapaiah_28-03-1971.pdf	2941	6	1355135	none	none	0.0	0.0	0.0	128	n	76.6	weak	9.5
2942-Swatantra_Party_General_Council_17-04-1971.pdf	2942	2	395667	none	none	0.0	0.0	0.0	128	n	68.8	weak	10.2
2943-A_Note_on_the_Future_of_Swatantra_Party.pdf	2943	5	1249824	none	none	0.0	0.0	0.0	128	n	72.4	weak	17.0
2944-Comments_and_Suggestions_by_Mr_K_N_Taneja.pdf	2944	2	532726	none	none	0.0	0.0	0.0	128	n	76.8	weak	12.1
2945-Toppling-An_Indecent_Act_11-04-1970.pdf	2945	1	258525	none	none	0.0	0.0	0.0	128	n	79.8	weak	11.1
2946-Extract_from_Mr_M_R_Masani_Speech_in_Lok_Sabha_28-07-1970.pdf	2946	5	818770	none	none	0.0	0.0	0.0	128	n	65.4	weak	7.2
2947-Correspondence_Between_Dr_R_C_Cooper_Rajaji_and_Others_Regarding_the_Swatantra_Party_and_Its_Future_28-03-1970.pdf	2947	8	1494888	none	none	0.0	0.0	0.0	128	n	32.7	faint	27.1
2948-Social_Justice_Vs_Socialism.pdf	2948	3	576871	none	none	0.0	0.0	0.0	128	n	40.6	faint	24.6
2949-Letter_from_Mr_G_Latchanna_22-03-1972.pdf	2949	1	166285	none	none	0.0	0.0	0.0	128	n	34.7	faint	26.0
295-Interview_With_Mr_Minoo_Masani-Z_Magazine-Mar-1974.pdf	295	6	1739600	none	none	0.0	0.0	0.0	128	n	115.3	adequate	21.7
2950-Resolutions_Adopted_by_the_Joint_Meeting_of_Executive_Committee_19-03-1972.pdf	2950	1	173686	none	none	0.0	0.0	0.0	128	n	38.8	faint	19.8
2951-Letter_to_R_C_Cooper_01-04-1972.pdf	2951	1	252445	none	none	0.0	0.0	0.0	128	n	112.0	adequate	12.4
2952-Historical_Prespective_09-04-1972.pdf	2952	5	476587	none	none	0.0	0.0	0.0	128	n	123.3	adequate	6.8
2953-Swatantra_Party_Justice-2_09-04-1972.pdf	2953	3	739417	none	none	0.0	0.0	0.0	128	n	83.7	weak	16.6
2954-General_Council_Circular_No_48_21-03-1972.pdf	2954	1	191015	none	none	0.0	0.0	0.0	128	n	99.6	adequate	7.1
2955-National_Executive_Circular_no_103_21-03-1972.pdf	2955	5	735084	none	none	0.0	0.0	0.0	128	n	85.0	weak	13.2
2956-Letter_from_H_M_Patel_22-03-1972.pdf	2956	1	131528	none	none	0.0	0.0	0.0	128	n	105.5	adequate	4.3
2957-Letter_to_R_C_Cooper_04-04-1972.pdf	2957	2	266146	none	none	0.0	0.0	0.0	128	n	124.1	adequate	11.9
2958-Letter_to_H_M_Patel_05-04-1972.pdf	2958	2	264863	none	none	0.0	0.0	0.0	128	n	116.3	adequate	5.9
2959-Letter_to_H_M_Patel_28-03-1972.pdf	2959	2	357693	none	none	0.0	0.0	0.0	128	n	124.2	adequate	10.3
296-Interview_With_Mr_Minoo_Masani_For_Publication.pdf	296	4	605098	none	none	0.0	0.0	0.0	128	y	102.0	adequate	5.9
2960-Letter_to_R_C_Cooper_30-03-1972.pdf	2960	3	609642	none	none	0.0	0.0	0.0	128	n	106.8	adequate	15.7
2961-Letter_to_R_C_Cooper_06-04-1972.pdf	2961	4	774659	none	none	0.0	0.0	0.0	128	n	99.9	adequate	16.5
2962-Letter_to_C_Rajagopalachari_04-04-1972.pdf	2962	1	127502	none	none	0.0	0.0	0.0	128	n	101.3	adequate	8.0
2963-Letter_from_C_Rajagopalachari_01-04-1972.pdf	2963	1	56184	none	none	0.0	0.0	0.0	128	y	108.7	adequate	4.6
2964-India_Has_Drifted_into_Communism.pdf	2964	1	249245	none	none	0.0	0.0	0.0	128	n	65.2	weak	20.6
2965-Letter_to_R_C_Cooper_30-03-1972.pdf	2965	5	796289	none	none	0.0	0.0	0.0	128	y	73.2	weak	22.9
2966-All_India_Poll_Board.pdf	2966	3	356255	none	none	0.0	0.0	0.0	128	n	50.9	faint	16.2
2967-Letter_to_R_C_Cooper_14-03-1972.pdf	2967	3	607497	none	none	0.0	0.0	0.0	128	n	69.8	weak	16.6
2968-Letter_to_N_G_Ranga_18-11-1970.pdf	2968	4	738824	none	none	0.0	0.0	0.0	128	n	97.3	adequate	10.2
2969-Letter_to_Mr_Minoo_Masani_17-11-1970.pdf	2969	1	114125	none	none	0.0	0.0	0.0	128	y	88.5	weak	5.1
297-Brezhney_Came_He_Saw_But_Did_He_Conquer.pdf	297	13	2870149	none	none	0.0	0.0	0.0	128	n	126.9	adequate	9.8
2970-Swatantra_Party_Circular_09-11-1970.pdf	2970	1	127614	none	none	0.0	0.0	0.0	128	n	85.5	weak	3.3
2971-Letter_to_A_P_Jain_02-11-1970.pdf	2971	1	113751	none	none	0.0	0.0	0.0	128	n	79.9	weak	7.1
2972-Letter_to_Mr_Minoo_Masani_30-10-1970.pdf	2972	3	590567	none	none	0.0	0.0	0.0	128	y	100.7	adequate	8.9
2973-Letter_to_Mr_Minoo_Masani_06-10-1970.pdf	2973	6	853605	none	none	0.0	0.0	0.0	128	n	75.5	weak	4.2
2974-Letter_to_Piloo_Mody_15-09-1970.pdf	2974	1	155775	none	none	0.0	0.0	0.0	128	n	78.1	weak	5.5
2975-Revised_Draft_Amandments_to_the_Motion_on_the_Fourth_Five_Year_Plan.pdf	2975	2	369183	none	none	0.0	0.0	0.0	128	n	66.2	weak	11.9
2976-Swatantra_Party_Notice_25-08-1970.pdf	2976	1	177587	none	none	0.0	0.0	0.0	128	n	109.5	adequate	6.1
2977-Letter_to_Mr_Minoo_Masani_11-08-1970.pdf	2977	1	178548	none	none	0.0	0.0	0.0	128	n	87.3	weak	7.1
2978-Letter_to_Mr_Minoo_Masani_14-08-1970.pdf	2978	1	139734	none	none	0.0	0.0	0.0	128	y	114.9	adequate	5.8
2979-Letter_to_Mr_Minoo_Masani_08-08-1970.pdf	2979	1	141937	none	none	0.0	0.0	0.0	128	n	79.7	weak	5.6
298-Is_India_A_Soviet_Ally.pdf	298	15	3579658	none	none	0.0	0.0	0.0	128	n	118.2	adequate	15.9
2980-Letter_to_N_G_Ranga_28-07-1970.pdf	2980	1	187842	none	none	0.0	0.0	0.0	128	n	80.8	weak	6.2
2981-Letter_to_A_P_Jain_14-07-1970.pdf	2981	3	434551	none	none	0.0	0.0	0.0	128	y	115.0	adequate	4.4
2982-Swatantra_Party_Circular_11-05-1970.pdf	2982	1	161296	none	none	0.0	0.0	0.0	128	n	102.1	adequate	4.4
2983-Letter_to_R_K_Amin_05-05-1970.pdf	2983	1	156113	none	none	0.0	0.0	0.0	128	n	102.4	adequate	5.7
2984-Letter_to_Mr_Minoo_Masani_21-04-1970.pdf	2984	1	130931	none	none	0.0	0.0	0.0	128	n	132.4	strong	5.2
2985-Letter_to_N_G_Ranga_21-04-1970.pdf	2985	1	199464	none	none	0.0	0.0	0.0	128	n	110.7	adequate	8.4
2986-Letter_to_K_Raghuramaiah_20-03-1970.pdf	2986	1	145427	none	none	0.0	0.0	0.0	128	n	95.3	adequate	8.7
2987-Letter_to_N_G_Ranga_09-03-1970.pdf	2987	1	170141	none	none	0.0	0.0	0.0	128	n	125.7	adequate	6.5
2988-Letter_to_Mr_Chacko_01-03-1970.pdf	2988	2	409419	none	none	0.0	0.0	0.0	128	n	79.3	weak	9.6
2989-Kerala_Land_Reforms_Act_As_Amended_by_Act_35_of_1969.pdf	2989	3	425344	none	none	0.0	0.0	0.0	128	n	54.4	faint	15.2
299-Una_Nuova_Speranza.pdf	299	8	3796607	none	none	0.0	0.0	0.0	128	n	176.1	strong	27.0
2990-Letter_to_Mr_Minoo_Masani_10-02-1970.pdf	2990	1	205181	none	none	0.0	0.0	0.0	128	n	72.1	weak	10.6
2991-Letter_to_Mr_Minoo_Masani_24-12-1969.pdf	2991	1	131977	none	none	0.0	0.0	0.0	128	y	123.1	adequate	7.9
2992-Letter_to_A_P_Jain_17-12-1969.pdf	2992	2	174301	none	none	0.0	0.0	0.0	128	y	64.6	weak	19.4
2993-Letter_to_A_P_Jain_17-12-1969.pdf	2993	1	161678	none	none	0.0	0.0	0.0	128	n	140.1	strong	6.7
2994-Swatantra_Party_Notice_10-12-1969.pdf	2994	1	100246	none	none	0.0	0.0	0.0	128	y	141.4	strong	4.9
2995-Swatantra_Party_Notice_03-12-1969.pdf	2995	1	117316	none	none	0.0	0.0	0.0	128	y	145.8	strong	8.4
2996-Swatantra_Party_Receipt_08-11-1969.pdf	2996	7	442971	none	none	0.0	0.0	0.0	128	y	109.6	adequate	4.9
2997-Proposed_Speakers_for_the_Business_Commensing.pdf	2997	1	212738	none	none	0.0	0.0	0.0	128	n	127.2	adequate	9.2
2998-Letter_to_Mr_Minoo_Masani_18-11-1969.pdf	2998	2	322830	none	none	0.0	0.0	0.0	128	y	125.9	adequate	6.9
2999-Letter_from_N_G_Ranga_05-11-1969.pdf	2999	1	193741	none	none	0.0	0.0	0.0	128	n	137.0	strong	9.2
3-Letter_to_Mr_Sri_Prakash_21-04-1971.pdf	3	1	145543	none	none	0.0	0.0	0.0	128	n	67.7	weak	8.0
30-Letter_to_Mr_Shantilal_K_Devmurari_15-03-1971.pdf	30	3	539860	none	none	0.0	0.0	0.0	128	y	65.1	weak	18.0
300-Swatantra_Newsletter_No-2_24-11-1959.pdf	300	18	4823307	none	none	0.0	0.0	0.0	128	n	86.8	weak	11.7
3000-Letter_to_Mr_Minoo_Masani_07-11-1969.pdf	3000	2	364274	none	none	0.0	0.0	0.0	128	n	101.3	adequate	6.2
3001-Letter_to_Mr_Minoo_Masani_11-10-1969.pdf	3001	1	122513	none	none	0.0	0.0	0.0	128	y	111.0	adequate	5.0
3002-Funeral_procession_and_Condolence_Meeting.pdf	3002	1	75331	none	none	0.0	0.0	0.0	128	y	146.7	strong	13.6
3003-Best_Complments_of_Dahyabhai_V_Patel.pdf	3003	2	310843	none	none	0.0	0.0	0.0	128	y	91.3	adequate	9.3
3004-Letter_to_AP_Jain_15-10-1969.pdf	3004	5	671983	none	none	0.0	0.0	0.0	128	y	87.9	weak	5.9
3005-Letter_to_AP_Jain_09-10-1969.pdf	3005	1	134481	none	none	0.0	0.0	0.0	128	n	103.2	adequate	3.5
3006-For_Favour_of_Publication_08-10-1969.pdf	3006	1	288872	none	none	0.0	0.0	0.0	128	n	110.5	adequate	11.9
3007-Letter_to_Mr_Minoo_Masani_26-09-1969.pdf	3007	4	786133	none	none	0.0	0.0	0.0	128	y	100.7	adequate	8.6
3008-Letter_to_Mr_Minoo_Masani_22-09-1969.pdf	3008	1	147192	none	none	0.0	0.0	0.0	128	y	104.5	adequate	8.9
3009-Letter_from_Mr_Minoo_Masani_25-09-1969.pdf	3009	1	104399	none	none	0.0	0.0	0.0	128	n	86.0	weak	3.0
301-Swatantra_Newsletter_No-3_January-1960.pdf	301	10	2203432	none	none	0.0	0.0	0.0	128	n	85.6	weak	9.6
3010-Letter_from_Mr_Minoo_Masani_25-09-1969.pdf	3010	1	103316	none	none	0.0	0.0	0.0	128	n	87.3	weak	3.1
3011-Letter_to_Pujaya_C_Rajagopalachari_24-09-1969.pdf	3011	1	151047	none	none	0.0	0.0	0.0	128	n	101.5	adequate	5.5
3012-Letter_to_Mrs_indira_Gandhi_16-09-1969.pdf	3012	1	189007	none	none	0.0	0.0	0.0	128	n	87.2	weak	10.9
3013-Letter_to_Mr_Minoo_Masani_20-09-1969.pdf	3013	2	266765	none	none	0.0	0.0	0.0	128	n	50.5	faint	44.3
3014-Letter_to_Mr_Minoo_Masani_19-09-1969.pdf	3014	2	218836	none	none	0.0	0.0	0.0	128	y	76.8	weak	5.3
3015-Letter_to_N_G_Ranga_18-09-1969.pdf	3015	1	126045	none	none	0.0	0.0	0.0	128	n	120.6	adequate	8.9
3016-Letter_to_Sardarni_Nirlep_Kaur_19-09-1969.pdf	3016	4	578574	none	none	0.0	0.0	0.0	128	n	79.7	weak	13.1
3017-Letter_to_Mr_Minoo_Masani_19-09-1969.pdf	3017	1	178222	none	none	0.0	0.0	0.0	128	n	83.0	weak	5.9
3018-Letter_to_Mr_Minoo_Masani_18-09-1699.pdf	3018	5	671049	none	none	0.0	0.0	0.0	128	n	94.4	adequate	5.6
3019-Letter_to_N_G_Ranga_18-09-1969.pdf	3019	3	345834	none	none	0.0	0.0	0.0	128	y	106.4	adequate	4.9
302-Swatantra_Newsletter_No-4_February-1960.pdf	302	8	1833942	none	none	0.0	0.0	0.0	128	n	91.2	adequate	10.9
3020-For_Favour_of_Publication_17-09-1969.pdf	3020	1	239482	none	none	0.0	0.0	0.0	128	n	112.8	adequate	9.7
3021-For_Favour_of_Publication_16-09-1969.pdf	3021	1	313446	none	none	0.0	0.0	0.0	128	n	113.0	adequate	13.4
3022-Letter_to_Indira_Gandhi_15-09-1969.pdf	3022	1	183848	none	none	0.0	0.0	0.0	128	n	93.1	adequate	10.2
3023-Letter_to_N_G_Ranga_15-09-1969.pdf	3023	2	304607	none	none	0.0	0.0	0.0	128	n	71.2	weak	9.9
3024-Letter_to_Mr_Minoo_Masani_13-09-1969.pdf	3024	2	285932	none	none	0.0	0.0	0.0	128	n	81.9	weak	9.6
3025-Letter_to_N_G_Ranga_13-09-1969.pdf	3025	2	324295	none	none	0.0	0.0	0.0	128	n	76.9	weak	8.2
3026-Letter_to_N_G_Ranga_10-09-1969.pdf	3026	1	137249	none	none	0.0	0.0	0.0	128	n	111.7	adequate	10.7
3027-Letter_to_Mr_Minoo_Masani_09-09-1969.pdf	3027	2	323244	none	none	0.0	0.0	0.0	128	n	131.6	strong	6.4
3028-Letter_to_A_P_Jain_08-09-1969.pdf	3028	1	110063	none	none	0.0	0.0	0.0	128	n	94.6	adequate	3.5
3029-Best_Complments_of_Dahyabhai_V_Patel.pdf	3029	7	1523647	none	none	0.0	0.0	0.0	128	y	112.0	adequate	15.7
303-Swatantra_Newsletter_No-5_March-1960.pdf	303	6	1299850	none	none	0.0	0.0	0.0	128	n	74.8	weak	8.6
3030-Reciept_of_Swatantra_Party_Parliamentary_Group_26-08-1969.pdf	3030	1	42560	none	none	0.0	0.0	0.0	128	y	86.6	weak	9.6
3031-Member_of_parliament.pdf	3031	3	330032	none	none	0.0	0.0	0.0	128	y	62.6	weak	14.8
3032-Letter_to_N_G_Ranga_20-08-1969.pdf	3032	3	545305	none	none	0.0	0.0	0.0	128	n	85.6	weak	10.4
3033-Letter_to_N_G_Ranga_12-08-1969.pdf	3033	1	127353	none	none	0.0	0.0	0.0	128	n	128.4	adequate	3.5
3034-Letter_to_N_G_Ranga_11-08-1969.pdf	3034	1	141544	none	none	0.0	0.0	0.0	128	n	75.1	weak	9.1
3035-Letter_to_Mr_Minoo_Masani_07-07-1969.pdf	3035	1	182294	none	none	0.0	0.0	0.0	128	n	97.9	adequate	6.6
3036-Letter_to_R_C_Cooper_04-07-1969.pdf	3036	1	165965	none	none	0.0	0.0	0.0	128	n	121.8	adequate	9.3
3037-Letter_to_R_C_Cooper_23-05-1969.pdf	3037	1	191799	none	none	0.0	0.0	0.0	128	n	96.8	adequate	13.9
3038-Swatantra_Party_Letter.pdf	3038	1	82718	none	none	0.0	0.0	0.0	128	y	90.8	adequate	5.0
3039-The_New_Class_19-05-1969.pdf	3039	2	336074	none	none	0.0	0.0	0.0	128	n	91.0	adequate	14.6
304-Swatantra_Newsletter_No-6_April-May-1960.pdf	304	8	1848690	none	none	0.0	0.0	0.0	128	n	64.8	weak	12.3
3040-The_New_Class-Editorial_in_Ststesmen_19-05-1969.pdf	3040	6	1082907	none	none	0.0	0.0	0.0	128	n	113.0	adequate	14.8
3041-For_Favour_of_Publication_20-06-1969.pdf	3041	2	389171	none	none	0.0	0.0	0.0	128	n	103.4	adequate	8.4
3042-Membership_of_Consultative_Comittee_25-05-1969.pdf	3042	2	360333	none	none	0.0	0.0	0.0	128	n	129.6	adequate	5.3
3043-List_of_Members_of_Lok_Sabha.pdf	3043	3	497519	none	none	0.0	0.0	0.0	128	n	124.7	adequate	9.3
3044-Members_who_have_Expressed_Three_Financial_Comittee.pdf	3044	2	314107	none	none	0.0	0.0	0.0	128	n	140.5	strong	6.5
3045-Letter_to_A_P_Jain_24-04-1969.pdf	3045	2	229763	none	none	0.0	0.0	0.0	128	n	97.5	adequate	5.7
3046-Letter_to_N_G_Ranga_22-04-1969.pdf	3046	1	100891	none	none	0.0	0.0	0.0	128	n	85.1	weak	5.3
3047-Letter_to_Mr_Minoo_Masani_05-04-1969.pdf	3047	4	541118	none	none	0.0	0.0	0.0	128	y	26.8	faint	30.5
3048-Letter_from_M_C_Chagla_01-04-1969.pdf	3048	1	160840	none	none	0.0	0.0	0.0	128	n	72.6	weak	6.9
3049-Parliamentary_Group_of_Tibet.pdf	3049	1	280086	none	none	0.0	0.0	0.0	128	n	93.8	adequate	11.5
305-Swatantra_Newsletter_No-7_June-1960.pdf	305	12	2498628	none	none	0.0	0.0	0.0	128	n	51.5	faint	16.0
3050-Letter_to_N_G_Ranga_05-04-1969.pdf	3050	1	112145	none	none	0.0	0.0	0.0	128	y	137.0	strong	9.2
3051-Letter_to_Mr_Minoo_Masani_31-03-1969.pdf	3051	2	222768	none	none	0.0	0.0	0.0	128	y	72.3	weak	25.0
3052-Letter_to_Triguna_Son_24-03-1969.pdf	3052	2	459320	none	none	0.0	0.0	0.0	128	n	98.3	adequate	8.3
3053-Letter_to_Mr_Minoo_Masani_10-03-1969.pdf	3053	1	105116	none	none	0.0	0.0	0.0	128	n	103.1	adequate	5.1
3054-Letter_to_Mr_Minoo_Masani_08-03-1969.pdf	3054	4	534706	none	none	0.0	0.0	0.0	128	y	84.0	weak	16.4
3055-Letter_from_CC_Desai_05-03-1969.pdf	3055	2	273009	none	none	0.0	0.0	0.0	128	n	98.8	adequate	9.2
3056-Letter_to_N_G_Ranga_25-02-1969.pdf	3056	1	186253	none	none	0.0	0.0	0.0	128	n	93.0	adequate	7.8
3057-Swatanra_Party_Minutes_of_Meeting.pdf	3057	1	165581	none	none	0.0	0.0	0.0	128	n	92.4	adequate	7.2
3058-Letter_to_N_G_Ranga_25-02-1969.pdf	3058	9	1761817	none	none	0.0	0.0	0.0	128	y	110.9	adequate	7.3
3059-Letter_to_Mr_Minoo_Masani_10-01-1969.pdf	3059	5	837173	none	none	0.0	0.0	0.0	128	y	106.5	adequate	5.4
306-Swatantra_Newsletter_No-8_July-1960.pdf	306	9	2095738	none	none	0.0	0.0	0.0	128	n	68.7	weak	10.1
3060-Letter_from_CC_Desai_30-11-1968.pdf	3060	8	1354137	none	none	0.0	0.0	0.0	128	y	118.0	adequate	6.0
3061-Letter_to_Mr_Minoo_Masani_07-11-1968.pdf	3061	2	264609	none	none	0.0	0.0	0.0	128	y	62.9	weak	24.7
3062-Letter_to_J_Mohammed_Imam_23-10-1968.pdf	3062	1	185219	none	none	0.0	0.0	0.0	128	n	114.0	adequate	8.2
3063-Swatanra_Party_Minutes_of_Meeting_03-10-1968.pdf	3063	1	156439	none	none	0.0	0.0	0.0	128	n	103.8	adequate	6.9
3064-Letter_to_R_J_Amin_18-09-1968.pdf	3064	3	508373	none	none	0.0	0.0	0.0	128	y	101.4	adequate	19.5
3065-Letter_to_N_Dandeker_16-09-1698.pdf	3065	3	409346	none	none	0.0	0.0	0.0	128	n	128.9	adequate	6.5
3066-Letter_from_N_Dandeker_13-09-1968.pdf	3066	2	249895	none	none	0.0	0.0	0.0	128	n	121.5	adequate	8.0
3067-Letter_to_Mr_Minoo_Masani_30-08-1968.pdf	3067	1	213622	none	none	0.0	0.0	0.0	128	n	129.0	adequate	10.2
3068-Letter_from_Mr_Minoo_Masani_16-08-1968.pdf	3068	3	711574	none	none	0.0	0.0	0.0	128	n	95.3	adequate	11.2
3069-Letter_to_A_P_Jain_14-08-1960.pdf	3069	1	125413	none	none	0.0	0.0	0.0	128	n	39.0	faint	49.1
307-Swatantra_Newsletter_No-9_August-1960.pdf	307	15	3481825	none	none	0.0	0.0	0.0	128	n	59.0	faint	13.6
3070-Telegram_to_Mr_Minoo_Masani_13-08-1968.pdf	3070	1	132667	none	none	0.0	0.0	0.0	128	y	90.2	adequate	5.4
3071-Letter_to_N_G_Ranga_13-08-1968.pdf	3071	2	143191	none	none	0.0	0.0	0.0	128	y	96.2	adequate	2.1
3072-Letter_to_Mr_Minoo_Masani_13-08-1969.pdf	3072	1	137321	none	none	0.0	0.0	0.0	128	n	85.3	weak	7.7
3073-Telegram_to_Mr_Minoo_Masani_13-08-1969.pdf	3073	1	123824	none	none	0.0	0.0	0.0	128	y	82.2	weak	5.1
3074-Telegram_to_Mr_Minoo_Masani_16-08-1968.pdf	3074	1	141807	none	none	0.0	0.0	0.0	128	y	79.8	weak	11.5
3075-Letter_to_Dahyabhai_V_Patel_25-07-1967.pdf	3075	3	412160	none	none	0.0	0.0	0.0	128	y	82.0	weak	18.0
3076-Letter_to_N_Dandeker_24-07-1968.pdf	3076	1	133045	none	none	0.0	0.0	0.0	128	n	131.5	strong	7.6
3077-Letter_to_N_G_Ranga_24-07-1968.pdf	3077	2	235616	none	none	0.0	0.0	0.0	128	y	90.5	adequate	9.0
3078-Telegram_to_Mr_Minoo_Masani_16-07-1968.pdf	3078	1	147460	none	none	0.0	0.0	0.0	128	y	83.7	weak	9.4
3079-Telegram_to_Mr_Minoo_Masani_16-07-1968.pdf	3079	1	150725	none	none	0.0	0.0	0.0	128	y	81.1	weak	9.2
308-Swatantra_Newsletter_No-10_September-1960.pdf	308	10	2722990	none	none	0.0	0.0	0.0	128	n	84.2	weak	13.9
3080-Letter_to_Mr_Minoo_Masani_18-07-1968.pdf	3080	1	152440	none	none	0.0	0.0	0.0	128	n	76.8	weak	6.1
3081-Letter_to_N_Dandeker_15-07-1968.pdf	3081	3	509811	none	none	0.0	0.0	0.0	128	n	127.8	adequate	11.6
3082-Letter_to_Mr_Minoo_Masani_13-07-1968.pdf	3082	1	68678	none	none	0.0	0.0	0.0	128	n	135.1	strong	2.1
3083-Letter_to_A_P_Jain_11-07-1968.pdf	3083	1	96385	none	none	0.0	0.0	0.0	128	n	30.2	faint	35.6
3084-Letter_to_Mr_Minoo_Masani_10-07-1968.pdf	3084	1	135741	none	none	0.0	0.0	0.0	128	y	100.0	adequate	7.4
3085-Letter_to_Mr_Minoo_Masani_09-07-1968.pdf	3085	1	115152	none	none	0.0	0.0	0.0	128	y	104.7	adequate	6.0
3086-Letter_to_N_Dandeker_03-07-1968.pdf	3086	2	399426	none	none	0.0	0.0	0.0	128	n	109.4	adequate	7.9
3087-Letter_to_C_C_Desai_13-06-1968.pdf	3087	1	169442	none	none	0.0	0.0	0.0	128	n	124.0	adequate	4.5
3088-Letter_to_A_P_Jain_16-05-1968.pdf	3088	1	139559	none	none	0.0	0.0	0.0	128	n	109.3	adequate	4.9
3089-Swatantra_Party_Circular_03-05-1968.pdf	3089	1	95396	none	none	0.0	0.0	0.0	128	y	107.3	adequate	4.5
309-Swatantra_Newsletter_No-12_November-1960.pdf	309	10	2778969	none	none	0.0	0.0	0.0	128	n	86.1	weak	13.6
3090-Attension_of_All_members_of_Party_03-04-1967.pdf	3090	1	108422	none	none	0.0	0.0	0.0	128	y	101.7	adequate	5.7
3091-The_First_Meeting_of_New_Executive_Committee_01-05-1968.pdf	3091	1	108771	none	none	0.0	0.0	0.0	128	y	99.3	adequate	8.8
3092-Sub-Committee_of_Three_Members.pdf	3092	1	171587	none	none	0.0	0.0	0.0	128	n	119.6	adequate	7.0
3093-Letter_to_N_G_Ranga_26-04-1968.pdf	3093	9	1825347	none	none	0.0	0.0	0.0	128	n	107.4	adequate	7.9
3094-Letter_from_CC_Desai_11-04-1968.pdf	3094	1	177753	none	none	0.0	0.0	0.0	128	n	94.1	adequate	5.0
3095-Dates_and_Procedures_of_Party_Election_11-04-1968.pdf	3095	1	176375	none	none	0.0	0.0	0.0	128	n	102.9	adequate	5.9
3096-Letter_from_CC_Desai_29-02-1968.pdf	3096	9	1885551	none	none	0.0	0.0	0.0	128	n	90.3	adequate	8.7
3097-Letter_to_S_V_Raju_27-05-1975.pdf	3097	1	153247	none	none	0.0	0.0	0.0	128	n	120.5	adequate	6.1
3098-Letter_to_S_V_Raju_28-05-1975.pdf	3098	1	133375	none	none	0.0	0.0	0.0	128	n	119.2	adequate	3.3
3099-Letter_to_H_R_Pasricha_21-05-1975.pdf	3099	2	298076	none	none	0.0	0.0	0.0	128	n	85.7	weak	6.0
31-Letter_to_Mr_Bhikhubhai_Patel_23-03-1971.pdf	31	1	129247	none	none	0.0	0.0	0.0	128	y	96.7	adequate	3.3
310-Swatantra_Newsletter_No-13_December-1960.pdf	310	10	2905335	none	none	0.0	0.0	0.0	128	n	86.9	weak	15.5
3100-Letter_from_S_V_Raju_09-05-1975.pdf	3100	7	919545	none	none	0.0	0.0	0.0	128	n	117.6	adequate	5.1
3101-Letter_from_S_V_Raju_02-05-1975.pdf	3101	3	591537	none	none	0.0	0.0	0.0	128	y	97.9	adequate	23.8
3102-Letter_to_Budhi_Prakash_12-03-1975.pdf	3102	1	139961	none	none	0.0	0.0	0.0	128	n	81.0	weak	2.0
3103-Letter_to_I_S_Bhargava_12-03-1975.pdf	3103	2	378876	none	none	0.0	0.0	0.0	128	n	63.2	weak	13.8
3104-Letter_to_G_K_Sunderem_12-03-1975.pdf	3104	5	952271	none	none	0.0	0.0	0.0	128	y	123.0	adequate	25.2
3105-Letter_to_G_K_Sunderem_25-02-1975.pdf	3105	1	207243	none	none	0.0	0.0	0.0	128	n	103.7	adequate	8.5
3106-Shaka_Sharvana.pdf	3106	1	102531	none	none	0.0	0.0	0.0	128	n	213.2	strong	33.9
3107-Letter_to_R_R_Singh_Deo_24-02-1975.pdf	3107	1	151057	none	none	0.0	0.0	0.0	128	n	86.0	weak	4.7
3108-Letter_to_M_R_Arya_24-02-1975.pdf	3108	1	137189	none	none	0.0	0.0	0.0	128	n	82.5	weak	3.3
3109-Letter_to_H_R_Pasricha_24-02-1975.pdf	3109	1	170704	none	none	0.0	0.0	0.0	128	n	81.0	weak	5.8
311-Swatantra_Newsletter_No-23_June-1962.pdf	311	7	1670173	none	none	0.0	0.0	0.0	138	n	86.9	weak	11.8
3110-Letter_to_I_S_Bhargava_18-02-1975.pdf	3110	1	150426	none	none	0.0	0.0	0.0	128	n	88.1	weak	6.6
3111-Letter_to_V_S_Srikumar_18-02-1975.pdf	3111	1	200219	none	none	0.0	0.0	0.0	128	n	120.8	adequate	7.6
3112-Letter_from_V_S_Srikumar_11-02-1975.pdf	3112	2	365416	none	none	0.0	0.0	0.0	128	y	54.1	faint	25.7
3113-Letter_to_Hargovind_D_Takkar_18-02-1975.pdf	3113	1	160681	none	none	0.0	0.0	0.0	128	n	117.8	adequate	5.0
3114-Letter_to_G_K_Sunderem_08-02-1975.pdf	3114	1	135173	none	none	0.0	0.0	0.0	128	n	92.1	adequate	4.1
3115-Letter_to_S_V_Raju_08-02-1975.pdf	3115	1	139682	none	none	0.0	0.0	0.0	128	y	76.5	weak	4.7
3116-Swatantra_Party_Minutes_of_Meeting_04-08-1974.pdf	3116	4	651861	none	none	0.0	0.0	0.0	146	n	102.2	adequate	7.3
3117-Swatantra_Party_Minutes_of_Meeting_12-04-1973.pdf	3117	6	1054266	none	none	0.0	0.0	0.0	128	n	65.8	weak	5.1
3118-A_Man_for_All_Seasons.pdf	3118	2	541533	none	none	0.0	0.0	0.0	128	y	74.8	weak	21.2
3119-Letter_to_S_V_Raju_10-07-1985.pdf	3119	3	307744	none	none	0.0	0.0	0.0	128	y	83.9	weak	55.6
312-Swatantra_Newsletter_No-24_July-1962.pdf	312	7	1932086	none	none	0.0	0.0	0.0	138	n	93.6	adequate	11.7
3120-Letter_to_S_V_Raju_25-06-1985.pdf	3120	1	127125	none	none	0.0	0.0	0.0	128	y	106.2	adequate	4.7
3121-Letter_from_C_L_Rao_24-06-1985.pdf	3121	1	111119	none	none	0.0	0.0	0.0	128	y	138.0	strong	2.0
3122-Letter_to_C_L_Rao_18-06-1985.pdf	3122	1	116075	none	none	0.0	0.0	0.0	128	n	117.1	adequate	3.2
3123-Letter_to_N_K_Ganapiah_18-06-1985.pdf	3123	1	116335	none	none	0.0	0.0	0.0	128	n	127.4	adequate	3.2
3124-Letter_to_S_V_Raju_03-06-1985.pdf	3124	1	96029	none	none	0.0	0.0	0.0	128	y	122.0	adequate	3.4
3125-Letter_to_Harihar_patel_28-05-1985.pdf	3125	3	294671	none	none	0.0	0.0	0.0	128	y	95.8	adequate	18.7
3126-Letter_to_S_V_Raju_06-05-1985.pdf	3126	4	332710	none	none	0.0	0.0	0.0	128	n	90.2	adequate	38.2
3127-Letter_to_S_V_Raju_10-04-1985.pdf	3127	1	93932	none	none	0.0	0.0	0.0	128	y	66.0	weak	7.1
3128-Letter_to_S_V_Raju_10-04-1985.pdf	3128	2	197345	none	none	0.0	0.0	0.0	128	y	74.6	weak	48.4
3129-Letter_to_S_V_Raju_01-04-1985.pdf	3129	2	225523	none	none	0.0	0.0	0.0	128	n	66.8	weak	90.6
313-Swatantra_Newsletter_No-25_August-1962.pdf	313	8	2088454	none	none	0.0	0.0	0.0	146	n	91.5	adequate	14.3
3130-Letter_from_S_V_Raju_28-03-1985.pdf	3130	2	209981	none	none	0.0	0.0	0.0	128	n	97.8	adequate	3.2
3131-Letter_to_S_V_Raju_27-03-1985.pdf	3131	2	283188	none	none	0.0	0.0	0.0	128	y	100.8	adequate	7.4
3132-Letter_to_S_V_Raju_23-03-1995.pdf	3132	1	146968	none	none	0.0	0.0	0.0	128	n	86.3	weak	6.0
3133-Letter_to_Harihar_patel_21-03-1985.pdf	3133	3	462622	none	none	0.0	0.0	0.0	128	n	88.5	weak	33.1
3134-Letter_to_Maharaja_P_K_Deo_21-03-1985.pdf	3134	2	262318	none	none	0.0	0.0	0.0	128	y	105.9	adequate	5.3
3135-Letter_to_Madhu_Mehta_21-03-1985.pdf	3135	2	341883	none	none	0.0	0.0	0.0	128	n	108.9	adequate	7.9
3136-Letter_to_Ghasiram_Majhi_21-03-1985.pdf	3136	1	124621	none	none	0.0	0.0	0.0	128	n	102.9	adequate	3.1
3137-Letter_to_Rajabhallav_Mishra_19-03-1985.pdf	3137	3	389480	none	none	0.0	0.0	0.0	128	y	73.9	weak	58.7
3138-Letter_to_Rajmata_Gayatri_Devi_19-03-1985.pdf	3138	2	219104	none	none	0.0	0.0	0.0	128	n	98.5	adequate	4.2
3139-Letter_to_S_V_Raju_11-03-1985.pdf	3139	2	339612	none	none	0.0	0.0	0.0	128	y	93.4	adequate	11.6
314-Swatantra_Newsletter_No-27_October-1962.pdf	314	7	1935834	none	none	0.0	0.0	0.0	138	n	89.2	weak	13.2
3140-Letter_to_P_S_Sridhara_Murthy_19-03-1985.pdf	3140	3	483421	none	none	0.0	0.0	0.0	128	n	99.9	adequate	29.5
3141-Letter_to_V_S_Srikumar_18-03-1985.pdf	3141	3	410434	none	none	0.0	0.0	0.0	128	y	95.7	adequate	6.2
3142-Letter_to_S_V_Raju_17-03-1985.pdf	3142	2	171991	none	none	0.0	0.0	0.0	128	y	56.6	faint	5.1
3143-Letter_to_S_V_Raju_17-03-1985.pdf	3143	1	145273	none	none	0.0	0.0	0.0	128	n	94.6	adequate	5.5
3144-Letter_to_S_V_Raju_15-03-1985.pdf	3144	2	235656	none	none	0.0	0.0	0.0	128	y	41.6	faint	9.9
3145-Letter_to_S_V_Raju_15-03-1985.pdf	3145	2	219154	none	none	0.0	0.0	0.0	128	n	50.1	faint	27.5
3146-Letter_to_S_V_Raju_15-03-1985.pdf	3146	1	139699	none	none	0.0	0.0	0.0	128	n	72.1	weak	7.4
3147-Letter_to_N_K_Ganapiah_11-03-1985.pdf	3147	2	286190	none	none	0.0	0.0	0.0	128	n	79.1	weak	6.8
3148-Letter_to_Babu_Joseph_11-03-1985.pdf	3148	3	420920	none	none	0.0	0.0	0.0	128	n	74.0	weak	6.1
3149-Letter_to_S_V_Raju_08-03-1985.pdf	3149	1	144476	none	none	0.0	0.0	0.0	128	n	85.8	weak	5.3
315-Swatantra_Newsletter_No-29_December-1962.pdf	315	17	5851785	none	none	0.0	0.0	0.0	128	n	88.8	weak	13.1
3150-Letter_to_S_V_Raju_04-03-1985.pdf	3150	2	284126	none	none	0.0	0.0	0.0	128	y	84.9	weak	20.8
3151-Letter_to_S_V_Raju_04-03-1985.pdf	3151	1	117723	none	none	0.0	0.0	0.0	128	n	83.6	weak	4.9
3152-Letter_to_S_V_Raju_03-03-1985.pdf	3152	1	76900	none	none	0.0	0.0	0.0	128	y	93.7	adequate	4.4
3153-Letter_to_S_V_Raju_02-03-1985.pdf	3153	1	114663	none	none	0.0	0.0	0.0	128	y	54.4	faint	4.9
3154-Letter_to_S_V_Raju_02-03-1985.pdf	3154	1	102174	none	none	0.0	0.0	0.0	128	n	69.6	weak	2.9
3155-Letter_to_S_V_Raju_02-03-1985.pdf	3155	2	185185	none	none	0.0	0.0	0.0	128	n	28.5	faint	20.4
3156-Letter_to_S_V_Raju_22-02-1985.pdf	3156	2	224534	none	none	0.0	0.0	0.0	128	n	75.2	weak	5.4
3157-Letter_to_S_V_Raju_22-02-1985.pdf	3157	1	104933	none	none	0.0	0.0	0.0	128	n	87.6	weak	4.3
3158-Letter_to_S_V_Raju_26-02-1985.pdf	3158	1	112721	none	none	0.0	0.0	0.0	128	n	89.8	weak	4.4
3159-Letter_to_S_V_Raju_25-02-1985.pdf	3159	1	127673	none	none	0.0	0.0	0.0	128	y	100.7	adequate	7.3
316-Swatantra_Newsletter_No-30_January-1963.pdf	316	8	2896459	none	none	0.0	0.0	0.0	128	n	84.6	weak	15.9
3160-Letter_to_S_V_Raju_25-02-1985.pdf	3160	2	279271	none	none	0.0	0.0	0.0	128	y	69.0	weak	8.6
3161-Letter_to_S_V_Raju_23-02-1985.pdf	3161	2	244149	none	none	0.0	0.0	0.0	128	y	29.1	faint	38.8
3162-Letter_to_S_V_Raju_20-02-1985.pdf	3162	1	124701	none	none	0.0	0.0	0.0	128	y	75.5	weak	12.7
3163-Welldone_Copy_Center_Cash_Memo_22-02-1985.pdf	3163	1	51567	none	none	0.0	0.0	0.0	128	y	94.6	adequate	8.7
3164-Welldone_Copy_Center_Cash_Memo_18-02-1985.pdf	3164	1	50876	none	none	0.0	0.0	0.0	128	y	87.3	weak	8.4
3165-Letter_from_S_V_Raju.pdf	3165	1	139098	none	none	0.0	0.0	0.0	128	n	93.1	adequate	8.5
3166-List_of_Person_to_Whom_Mr_Raju_Letter_has_been_Sent.pdf	3166	3	487638	none	none	0.0	0.0	0.0	128	n	79.6	weak	6.3
3167-Statement_of_Principles_02-08-1959.pdf	3167	6	660573	none	none	0.0	0.0	0.0	128	y	88.2	weak	14.2
3168-Letter_to_G_M_Gopal_Krishna_05-12-1973.pdf	3168	1	497592	none	none	0.0	0.0	0.0	200	n	63.2	weak	44.5
3169-Letter_to_V_T_Sreenivasan_29-11-1973.pdf	3169	1	200896	none	none	0.0	0.0	0.0	128	n	119.7	adequate	8.1
317-Swatantra_Newsletter_No-31_February-1963.pdf	317	11	3502323	none	none	0.0	0.0	0.0	135	n	93.9	adequate	13.9
3170-Letter_to_T_Sadasivan_15-11-1973.pdf	3170	1	184932	none	none	0.0	0.0	0.0	128	n	111.8	adequate	5.9
3171-Letter_to_G_M_Gopal_Krishna_06-11-1973.pdf	3171	1	188108	none	none	0.0	0.0	0.0	128	n	110.6	adequate	6.3
3172-Letter_to_Harold_Sehmautz_17-10-1973.pdf	3172	2	435465	none	none	0.0	0.0	0.0	128	n	83.8	weak	9.5
3173-Letter_from_S_V_Raju_16-06-1973.pdf	3173	4	739265	none	none	0.0	0.0	0.0	128	n	101.6	adequate	8.8
3174-Letter_to_V_T_Sreenivasan_31-12-1973.pdf	3174	3	412392	none	none	0.0	0.0	0.0	128	n	92.2	adequate	4.8
3175-Regarding_Income_Tax_Deduction.pdf	3175	1	118242	none	none	0.0	0.0	0.0	128	n	135.2	strong	1.9
3176-Letter_to_S_V_Raju_10-09-1962.pdf	3176	1	135645	none	none	0.0	0.0	0.0	128	y	129.9	adequate	8.9
3177-Letter_to_Piloo_Mody_18-03-1974.pdf	3177	1	144274	none	none	0.0	0.0	0.0	128	y	96.6	adequate	5.9
3178-Letter_to_V_S_Srikumar_27-06-1973.pdf	3178	1	218100	none	none	0.0	0.0	0.0	128	n	116.9	adequate	12.0
3179-Letter_to_Harihar_patel_22-06-1973.pdf	3179	1	161324	none	none	0.0	0.0	0.0	128	n	99.8	adequate	5.5
318-Swatantra_Newsletter_No-32_March-1963.pdf	318	12	3899560	none	none	0.0	0.0	0.0	134	n	90.9	adequate	13.1
3180-Letter_to_Harihar_patel_22-06-193.pdf	3180	1	315628	none	none	0.0	0.0	0.0	200	n	45.2	faint	34.3
3181-Letter_to_S_V_Raju_12-06-1973.pdf	3181	6	904990	none	none	0.0	0.0	0.0	128	n	107.7	adequate	6.6
3182-Letter_to_V_T_Sreenivasan_31-05-1973.pdf	3182	2	379724	none	none	0.0	0.0	0.0	128	n	106.6	adequate	8.5
3183-Letter_to_S_V_Raju_25-03-1973.pdf	3183	11	1963716	none	none	0.0	0.0	0.0	128	n	114.8	adequate	6.9
3184-This_is_an_extract_from_Tribikrams_personal_lettet_to_me.pdf	3184	1	264017	none	none	0.0	0.0	0.0	128	n	108.5	adequate	12.4
3185-Letter_to_S_V_Raju_30-01-1973.pdf	3185	2	303967	none	none	0.0	0.0	0.0	128	n	94.9	adequate	4.5
3186-Letter_from_Executive_Swatantra_Party_25-01-1972.pdf	3186	1	233958	none	none	0.0	0.0	0.0	128	n	114.3	adequate	13.2
3187-Letter_to_Dilip_Chitre_10-01-1973.pdf	3187	2	504471	none	none	0.0	0.0	0.0	128	n	89.0	weak	17.5
3188-Letter_to_S_V_Raju_03-02-1972.pdf	3188	5	911507	none	none	0.0	0.0	0.0	128	n	85.3	weak	39.2
3189-Letter_to_S_V_Raju_31-12-1971.pdf	3189	1	163915	none	none	0.0	0.0	0.0	128	y	79.6	weak	6.9
319-Swatantra_Newsletter_No-34_May-1963.pdf	319	8	2560032	none	none	0.0	0.0	0.0	137	n	107.5	adequate	17.1
3190-Letter_to_V_T_Sreenivasan_31-12-1971.pdf	3190	2	329349	none	none	0.0	0.0	0.0	128	n	108.2	adequate	10.2
3191-Letter_to_V_T_Sreenivasan_20-12-1971.pdf	3191	1	128790	none	none	0.0	0.0	0.0	128	n	95.0	adequate	4.7
3192-Letter_from_V_T_Sreenivasan_07-11-1971.pdf	3192	11	2142046	none	none	0.0	0.0	0.0	128	n	76.7	weak	9.9
3193-Letter_to_S_V_Raju_30-04-1971.pdf	3193	1	193603	none	none	0.0	0.0	0.0	128	n	130.1	strong	13.1
3194-Letter_to_S_V_Raju_03-11-1971.pdf	3194	2	260516	none	none	0.0	0.0	0.0	128	n	116.5	adequate	6.6
3195-Letter_to_Egg_Head_02-11-1971.pdf	3195	1	182017	none	none	0.0	0.0	0.0	128	n	106.6	adequate	10.2
3196-Letter_to_S_V_Raju_26-11-1971.pdf	3196	3	391140	none	none	0.0	0.0	0.0	128	n	86.0	weak	7.7
3197-Letter_to_S_V_Raju_21-10-1971.pdf	3197	4	483407	none	none	0.0	0.0	0.0	128	n	88.7	weak	9.9
3198-Letter_to_V_T_Sreenivasan_09-11-1971.pdf	3198	3	382674	none	none	0.0	0.0	0.0	128	n	68.1	weak	18.9
3199-Letter_to_Tribikram_Tripathy_06-09-1971.pdf	3199	2	234021	none	none	0.0	0.0	0.0	128	n	138.0	strong	6.2
32-Letter_to_Mr_Bhikhubhai_Patel_19-03-1971.pdf	32	3	687276	none	none	0.0	0.0	0.0	128	y	61.9	weak	9.3
320-Swatantra_Newsletter_No-35_June-July-1963.pdf	320	6	1963119	none	none	0.0	0.0	0.0	128	n	92.3	adequate	14.6
3200-Letter_to_S_V_Raju_02-09-1971.pdf	3200	1	153078	none	none	0.0	0.0	0.0	128	n	78.5	weak	9.3
3201-Letter_to_Howard_Erdman_29-06-1971.pdf	3201	1	123900	none	none	0.0	0.0	0.0	128	n	85.9	weak	5.6
3202-Letter_to_S_V_Raju_28-06-1971.pdf	3202	1	205228	none	none	0.0	0.0	0.0	128	n	84.5	weak	13.4
3203-Letter_from_S_V_Raju_15-06-1971.pdf	3203	1	152209	none	none	0.0	0.0	0.0	128	n	88.4	weak	9.3
3204-Letter_to_S_V_Raju_14-06-1971.pdf	3204	1	154789	none	none	0.0	0.0	0.0	128	n	52.0	faint	13.7
3205-Letter_to_C_R_Irani_07-06-1971.pdf	3205	1	151097	none	none	0.0	0.0	0.0	128	n	104.8	adequate	9.2
3206-Letter_to_S_V_Raju_15-05-1971.pdf	3206	3	478671	none	none	0.0	0.0	0.0	128	n	68.4	weak	21.4
3207-Letter_from_R_C_Cooper_05-04-1971.pdf	3207	1	95231	none	none	0.0	0.0	0.0	128	n	102.5	adequate	4.1
3208-Letter_to_Babubhai_P_Vaidya.pdf	3208	1	148356	none	none	0.0	0.0	0.0	128	n	57.6	faint	13.8
3209-Letter_to_Girish_Munshi_29-04-1977.pdf	3209	3	488408	none	none	0.0	0.0	0.0	128	n	113.7	adequate	4.9
321-Swatantra_Newsletter_No-37_September-1963.pdf	321	12	4324786	none	none	0.0	0.0	0.0	128	n	92.9	adequate	17.5
3210-Letter_to_Girish_Munshi_18-04-1977.pdf	3210	1	110541	none	none	0.0	0.0	0.0	128	n	97.9	adequate	1.8
3211-Letter_to_Girish_Munshi_15-04-1977.pdf	3211	1	108765	none	none	0.0	0.0	0.0	128	n	90.9	adequate	97.1
3212-Letter_from_Girish_K_Munshi_15-04-1977.pdf	3212	1	127626	none	none	0.0	0.0	0.0	128	n	95.2	adequate	5.0
3213-Letter_to_S_V_Raju_11-04-1977.pdf	3213	1	126178	none	none	0.0	0.0	0.0	128	n	85.8	weak	3.3
3214-Letter_to_Mr_Minoo_Masani_08-04-1977.pdf	3214	1	119771	none	none	0.0	0.0	0.0	128	n	111.5	adequate	4.0
3215-Letter_to_Mr_Minoo_Masani_07-04-1977.pdf	3215	1	114056	none	none	0.0	0.0	0.0	128	n	109.5	adequate	5.2
3216-Letter_to_S_V_Raju_04-04-1977.pdf	3216	1	125435	none	none	0.0	0.0	0.0	128	n	84.1	weak	4.1
3217-Letter_to_Mr_Minoo_Masani_01-04-1977.pdf	3217	1	151496	none	none	0.0	0.0	0.0	128	n	138.9	strong	8.9
3218-Letter_to_Mr_Minoo_Masani_01-04-1977.pdf	3218	1	198892	none	none	0.0	0.0	0.0	128	n	134.7	strong	9.2
3219-Letter_from_Girish_K_Munshi_30-03-1977.pdf	3219	1	118434	none	none	0.0	0.0	0.0	128	n	57.1	faint	3.3
322-Swatantra_Newsletter_No-38_October-1963.pdf	322	14	4847427	none	none	0.0	0.0	0.0	134	n	95.2	adequate	16.5
3220-Letter_to_Girish_K_Munshi_22-03-1977.pdf	3220	1	140742	none	none	0.0	0.0	0.0	128	n	120.9	adequate	5.0
3221-Letter_from_Girish_K_Munshi_08-03-1977.pdf	3221	2	312008	none	none	0.0	0.0	0.0	128	n	67.5	weak	5.3
3222-Letter_from_Girish_K_Munshi_03-03-1977.pdf	3222	1	127082	none	none	0.0	0.0	0.0	128	n	121.1	adequate	3.2
3223-Letter_from_S_V_Raju_05-03-1977.pdf	3223	1	222549	none	none	0.0	0.0	0.0	128	n	124.2	adequate	16.2
3224-Letter_to_Girish_K_Munshi_06-03-1976.pdf	3224	2	303137	none	none	0.0	0.0	0.0	128	n	122.4	adequate	6.0
3225-Letter_to_S_V_Raju_28-06-1975.pdf	3225	1	109615	none	none	0.0	0.0	0.0	128	n	21.6	faint	28.6
3226-Letter_to_Girish_K_Munshi_26-06-1975.pdf	3226	1	122309	none	none	0.0	0.0	0.0	128	n	115.3	adequate	2.8
3227-Letter_to_S_V_Raju_14-06-1975.pdf	3227	1	141454	none	none	0.0	0.0	0.0	128	n	70.7	weak	4.7
3228-Letter_from_S_V_Raju_13-06-1975.pdf	3228	1	111949	none	none	0.0	0.0	0.0	128	n	128.9	adequate	2.0
3229-Letter_from_S_V_Raju_23-12-1974.pdf	3229	1	113257	none	none	0.0	0.0	0.0	128	n	147.2	strong	2.4
323-Swatantra_Newsletter_No-39_November-1963.pdf	323	8	2453309	none	none	0.0	0.0	0.0	137	n	96.9	adequate	14.2
3230-Letter_from_S_V_Raju_17-12-1974.pdf	3230	1	104453	none	none	0.0	0.0	0.0	128	n	54.5	faint	3.5
3231-Letter_from_S_V_Raju_11-12-1974.pdf	3231	1	145167	none	none	0.0	0.0	0.0	128	n	153.7	strong	6.3
3232-Letter_to_S_V_Raju_03-07-1974.pdf	3232	1	109858	none	none	0.0	0.0	0.0	128	n	65.6	weak	2.8
3233-Letter_from_S_V_Raju_01-07-1974.pdf	3233	1	158477	none	none	0.0	0.0	0.0	128	n	105.1	adequate	8.2
3234-Letter_to_S_V_Raju_27-06-1974.pdf	3234	1	131713	none	none	0.0	0.0	0.0	128	n	56.7	faint	5.2
3235-Letter_to_Girish_K_Munshi_22-06-1974.pdf	3235	1	169115	none	none	0.0	0.0	0.0	128	n	127.8	adequate	10.8
3236-Letter_to_S_V_Raju_07-06-1974.pdf	3236	1	121292	none	none	0.0	0.0	0.0	128	n	57.3	faint	4.5
3237-Letter_to_Girish_K_Munshi_05-06-1974.pdf	3237	2	200481	none	none	0.0	0.0	0.0	128	y	134.4	strong	4.2
3238-Letter_from_V_S_Srikumar_26-04-1975.pdf	3238	14	2277880	none	none	0.0	0.0	0.0	134	n	110.8	adequate	7.4
3239-Letter_from_V_S_Srikumar_28-01-1975.pdf	3239	6	1192917	none	none	0.0	0.0	0.0	128	y	106.4	adequate	8.6
324-Swatantra_Newsletter_No-40_December-1963.pdf	324	10	3094269	none	none	0.0	0.0	0.0	135	n	88.2	weak	14.2
3240-Letter_to_Thiru_H_K_Ghazi_21-01-1975.pdf	3240	1	172847	none	none	0.0	0.0	0.0	128	n	99.5	adequate	4.7
3241-Letter_from_V_S_Srikumar_02-01-1975.pdf	3241	2	467780	none	none	0.0	0.0	0.0	128	n	88.1	weak	21.0
3242-Letter_from_V_S_Srikumar_02-01-1975.pdf	3242	2	477726	none	none	0.0	0.0	0.0	128	n	100.0	adequate	19.0
3243-Letter_to_Girish_K_Munshi_08-01-1975.pdf	3243	2	370983	none	none	0.0	0.0	0.0	128	n	106.3	adequate	10.2
3244-Letter_from_Girish_K_Munshi_02-01-1976.pdf	3244	2	442337	none	none	0.0	0.0	0.0	128	n	107.7	adequate	14.0
3245-Resolutions_of_Swatantra_Party_08-12-1974.pdf	3245	2	252878	none	none	0.0	0.0	0.0	164	n	100.9	adequate	7.1
3246-Letter_from_Girish_K_Munshi_31-12-1974.pdf	3246	2	424515	none	none	0.0	0.0	0.0	128	n	98.1	adequate	12.9
3247-Letter_to_V_S_Srikumar_07-01-1975.pdf	3247	8	1453368	none	none	0.0	0.0	0.0	128	y	77.7	weak	8.3
3248-Letter_to_C_Rajagopalachari_13-02-1963.pdf	3248	1	101197	none	none	0.0	0.0	0.0	128	y	71.1	weak	5.1
3249-Letter_to_Mr_Minoo_Masani_03-02-1963.pdf	3249	3	229962	none	none	0.0	0.0	0.0	128	y	77.1	weak	43.5
325-Swatantra_Newsletter_No-41_January-February-1964.pdf	325	12	3603547	none	none	0.0	0.0	0.0	134	n	88.7	weak	12.8
3250-Letter_to_N_G_Ranga_02-01-1963.pdf	3250	1	210481	none	none	0.0	0.0	0.0	128	n	83.6	weak	46.4
3251-Letter_to_C_Rajagopalachari_02-02-1963.pdf	3251	2	480435	none	none	0.0	0.0	0.0	128	n	75.4	weak	13.2
3252-Letter_to_K_M_Munshi_27-01-1963.pdf	3252	1	123359	none	none	0.0	0.0	0.0	128	n	23.7	faint	40.6
3253-Letter_to_Mr_Minoo_Masani_26-01-1963.pdf	3253	1	131110	none	none	0.0	0.0	0.0	128	n	102.7	adequate	4.6
3254-Letter_to_Mr_Minoo_Masani_08-01-1963.pdf	3254	4	587677	none	none	0.0	0.0	0.0	128	y	92.6	adequate	7.5
3255-Letter_to_C_Rajagopalachari_25-01-1963.pdf	3255	1	215253	none	none	0.0	0.0	0.0	128	n	84.8	weak	12.3
3256-Letter_to_N_G_Ranga_21-01-1963.pdf	3256	1	156297	none	none	0.0	0.0	0.0	128	y	112.7	adequate	6.8
3257-Letter_to_S_K_D_Paliwal_21-01-1963.pdf	3257	1	134066	none	none	0.0	0.0	0.0	128	y	89.9	weak	7.2
3258-Draft_Report_of_the_Organisation.pdf	3258	3	644042	none	none	0.0	0.0	0.0	128	n	122.4	adequate	12.7
3259-Letter_to_C_Rajagopalachari_16-01-1963.pdf	3259	2	276939	none	none	0.0	0.0	0.0	128	y	99.1	adequate	5.3
326-Swatantra_Newsletter_No-42_March-1964.pdf	326	20	6753394	none	none	0.0	0.0	0.0	140	n	93.3	adequate	16.1
3260-Letter_to_Girish_K_Munshi_14-01-1968.pdf	3260	1	158158	none	none	0.0	0.0	0.0	128	n	106.6	adequate	5.6
3261-Letter_to_C_Rajagopalachari_14-01-1963.pdf	3261	1	165291	none	none	0.0	0.0	0.0	128	n	99.4	adequate	6.6
3262-Minutes_of_Meeting.pdf	3262	2	180844	none	none	0.0	0.0	0.0	164	n	155.4	strong	8.4
3263-Draft_Items_for_Agenda_of_General_Council_of_Meetings.pdf	3263	1	115010	none	none	0.0	0.0	0.0	128	n	107.2	adequate	2.4
3264-Letter_to_kamakhya_Narain_Singh_02-01-1963.pdf	3264	2	244481	none	none	0.0	0.0	0.0	128	y	99.8	adequate	6.4
3265-Letter_to_C_Rajagopalachari_03-12-1962.pdf	3265	1	121391	none	none	0.0	0.0	0.0	128	n	95.4	adequate	3.3
3266-Letter_to_Mr_Minoo_Masani_03-12-1962.pdf	3266	1	95748	none	none	0.0	0.0	0.0	128	y	62.3	weak	7.9
3267-Letter_to_C_Rajagopalachari_01-12-1962.pdf	3267	1	214695	none	none	0.0	0.0	0.0	128	n	97.1	adequate	11.0
3268-Swatantra_Party_Minutes_of_Meeting.pdf	3268	1	13052	none	none	0.0	0.0	0.0	200	n	185.4	strong	3.1
3269-Letter_to_Jagat_Kishore_Parsad_Narain_Singh_16-08-1962.pdf	3269	2	362117	none	none	0.0	0.0	0.0	128	n	94.6	adequate	8.6
327-Swatantra_Newsletter_No-43_April-May-1964.pdf	327	20	7191815	none	none	0.0	0.0	0.0	128	n	97.5	adequate	14.8
3270-Letter_to_N_G_Ranga.pdf	3270	1	97092	none	none	0.0	0.0	0.0	128	y	75.2	weak	5.3
3271-Letter_to_Mr_Minoo_Masani_14-08-1962.pdf	3271	3	336612	none	none	0.0	0.0	0.0	128	y	55.6	faint	9.8
3272-Letter_to_Mr_Minoo_Masani_13-08-1962.pdf	3272	3	559588	none	none	0.0	0.0	0.0	128	y	92.8	adequate	13.7
3273-Letter_to_C_Rajagopalachari_12-08-1962.pdf	3273	1	147849	none	none	0.0	0.0	0.0	128	n	85.7	weak	4.7
3274-Letter_to_Mr_Minoo_Masani_11-08-1962.pdf	3274	1	142718	none	none	0.0	0.0	0.0	128	n	108.5	adequate	4.7
3275-Letter_to_C_Rajagopalachari_11-08-1962.pdf	3275	1	142032	none	none	0.0	0.0	0.0	128	n	85.2	weak	7.9
3276-Letter_to_Mr_Minoo_Masani_10-08-1962.pdf	3276	2	318563	none	none	0.0	0.0	0.0	128	y	88.2	weak	25.0
3277-Letter_to_C_Rajagopalachari_10-08-1962.pdf	3277	2	371498	none	none	0.0	0.0	0.0	128	n	95.5	adequate	9.2
3278-Letter_to_C_Rajagopalachari_09-08-1962.pdf	3278	1	246501	none	none	0.0	0.0	0.0	128	n	118.5	adequate	11.5
3279-Letter_to_C_Rajagopalachari_09-08-1962.pdf	3279	1	140189	none	none	0.0	0.0	0.0	128	y	94.9	adequate	4.3
328-Swatantra_Newsletter_No-44_June-1964.pdf	328	8	2717803	none	none	0.0	0.0	0.0	128	n	96.3	adequate	14.7
3280-Letter_to_Mr_Minoo_Masani_07-08-1962.pdf	3280	2	337674	none	none	0.0	0.0	0.0	128	y	70.2	weak	8.2
3281-Letter_to_S_V_Raju_07-08-1962.pdf	3281	1	109543	none	none	0.0	0.0	0.0	128	y	122.5	adequate	4.7
3282-Letter_to_C_Rajagopalachari_06-08-1962.pdf	3282	1	163369	none	none	0.0	0.0	0.0	128	n	113.2	adequate	4.9
3283-Letter_to_C_Rajagopalachari_08-01-1962.pdf	3283	1	193202	none	none	0.0	0.0	0.0	128	n	106.7	adequate	9.5
3284-Swatantra_Party_Minutes_of_Meeting_21-12-1961.pdf	3284	2	308157	none	none	0.0	0.0	0.0	128	y	110.5	adequate	10.6
3285-Letter_to_Mr_Minoo_Masani_23-12-1961.pdf	3285	1	98443	none	none	0.0	0.0	0.0	128	y	111.2	adequate	5.0
3286-Letter_to_C_Rajagopalachari_14-11-1961.pdf	3286	1	125091	none	none	0.0	0.0	0.0	128	n	109.0	adequate	2.6
3287-Letter_from_Mr_Minoo_Masani_14-11-1961.pdf	3287	2	530212	none	none	0.0	0.0	0.0	128	n	112.8	adequate	15.5
3288-Letter_to_Jagat_Kishore_Parsad_Narain_Singh_14-11-1961.pdf	3288	2	460913	none	none	0.0	0.0	0.0	128	n	98.2	adequate	17.1
3289-Letter_to_C_Rajagopalachari_11-11-1961.pdf	3289	11	2094428	none	none	0.0	0.0	0.0	128	n	106.1	adequate	5.7
329-Swatantra_Newsletter_No-45_August-September-1964.pdf	329	8	2284351	none	none	0.0	0.0	0.0	128	y	85.1	weak	13.5
3290-Letter_to_C_Rajagopalachari_26-09-1961.pdf	3290	2	487259	none	none	0.0	0.0	0.0	128	n	103.8	adequate	14.2
3291-Letter_to_Mr_Minoo_Masani.pdf	3291	2	91090	none	none	0.0	0.0	0.0	128	y	57.4	faint	9.7
3292-Letter_to_Mr_Minoo_Masani_18-09-1961.pdf	3292	2	354289	none	none	0.0	0.0	0.0	128	n	66.2	weak	7.4
3293-General_Secertarys_note_on_Bihar_09-05-1961.pdf	3293	2	373121	none	none	0.0	0.0	0.0	128	n	108.6	adequate	10.1
3294-Detail_of_payment_made_in_respect_of_Bihar.pdf	3294	1	99139	none	none	0.0	0.0	0.0	128	y	108.5	adequate	3.2
3295-Swatantra_Party_Constitution_12-12-1966.pdf	3295	8	722432	none	none	0.0	0.0	0.0	128	y	67.9	weak	11.8
3296-Letter_from_the_Officer_in_the_Overdraft_Department_26-11-1964.pdf	3296	2	504261	none	none	0.0	0.0	0.0	128	n	133.9	strong	12.1
3297-Letter_to_N_G_Ranga_15-11-1964.pdf	3297	5	594506	none	none	0.0	0.0	0.0	128	y	95.5	adequate	36.1
3298-No_of_some_of_the_jeeps_Seized_by_the_Bank.pdf	3298	1	81532	none	none	0.0	0.0	0.0	128	y	129.2	adequate	3.8
3299-Mr_Bhalla_of_New_India_Insurance_Company.pdf	3299	1	154264	none	none	0.0	0.0	0.0	128	n	108.7	adequate	4.5
33-Letter_to_Mr_Kanti_Bora_23-03-1971.pdf	33	1	118532	none	none	0.0	0.0	0.0	128	y	112.1	adequate	1.8
330-Swatantra_Newsletter_No-47_October-November-1964.pdf	330	16	5359800	none	none	0.0	0.0	0.0	128	n	93.2	adequate	11.3
3300-Letter_to_Hansotia_01-06-1964.pdf	3300	1	146961	none	none	0.0	0.0	0.0	128	n	89.2	weak	4.0
3301-Letter_from_Parmanad_Kejriwal_29-05-1964.pdf	3301	1	164245	none	none	0.0	0.0	0.0	128	y	116.3	adequate	11.1
3302-Major_Mohan_Roy_Kindly_handed_15_recipt.pdf	3302	1	73706	none	none	0.0	0.0	0.0	128	y	56.6	faint	5.1
3303-Letter_to_Mr_Minoo_Masani_17-04-1964.pdf	3303	3	714771	none	none	0.0	0.0	0.0	128	n	93.0	adequate	10.6
3304-Letter_to_Homi_Mody_26-01-1964.pdf	3304	1	112699	none	none	0.0	0.0	0.0	128	n	102.3	adequate	97.8
3305-Letter_to_C_Rajagopalachari_12-01-1964.pdf	3305	1	150227	none	none	0.0	0.0	0.0	128	n	109.7	adequate	8.6
3306-Letter_to_Girish_K_Munshi_10-01-1964.pdf	3306	1	185929	none	none	0.0	0.0	0.0	128	n	101.6	adequate	5.9
3307-Letter_to_C_Rajagopalachari_09-01-1964.pdf	3307	13	2403902	none	none	0.0	0.0	0.0	128	n	52.6	faint	21.3
3308-Letter_to_N_G_Ranga_26-12-1963.pdf	3308	1	108491	none	none	0.0	0.0	0.0	128	n	127.9	adequate	5.1
3309-Letter_to_Mr_Minoo_Masani_24-12-1963.pdf	3309	2	334331	none	none	0.0	0.0	0.0	128	n	77.5	weak	9.4
331-Swatantra_Newsletter_No-49_January-February-1965.pdf	331	6	1846380	none	none	0.0	0.0	0.0	128	n	92.3	adequate	10.5
3310-Jeep_Credit_Affair_29-10-1963.pdf	3310	1	156727	none	none	0.0	0.0	0.0	128	n	96.6	adequate	6.5
3311-Swatantra_Party_Cash_Memo.pdf	3311	1	36031	none	none	0.0	0.0	0.0	128	y	50.7	faint	7.0
3312-Swatantra_Party_Cash_Memo.pdf	3312	1	46472	none	none	0.0	0.0	0.0	128	y	68.9	weak	8.4
3313-Swatantra_Party_Cash_Memo.pdf	3313	1	39052	none	none	0.0	0.0	0.0	128	y	47.6	faint	8.9
3314-Swatantra_Party_Cash_Memo.pdf	3314	1	40956	none	none	0.0	0.0	0.0	128	y	73.3	weak	5.4
3315-Letter_to_S_V_Raju_20-09-1963.pdf	3315	3	476447	none	none	0.0	0.0	0.0	128	n	96.4	adequate	8.0
3316-Swatantra_Party_Minutes_of_Meeting_03-08-1969.pdf	3316	4	964978	none	none	0.0	0.0	0.0	128	n	80.3	weak	10.3
3317-Letter_to_C_Rajagopalachari_27-07-1963.pdf	3317	2	250847	none	none	0.0	0.0	0.0	128	n	96.1	adequate	4.8
3318-Letter_to_K_M_Munshi_20-03-1963.pdf	3318	2	394337	none	none	0.0	0.0	0.0	128	n	100.9	adequate	11.2
3319-Letter_to_K_M_Munshi_20-03-1963.pdf	3319	2	359812	none	none	0.0	0.0	0.0	128	n	95.1	adequate	13.0
332-Swatantra_Newsletter_No-48_December-1964.pdf	332	10	3183324	none	none	0.0	0.0	0.0	128	n	83.3	weak	13.6
3320-Note_on_Jeep_Credit_17-04-1963.pdf	3320	3	576965	none	none	0.0	0.0	0.0	128	n	114.6	adequate	12.4
3321-Letter_to_K_M_Munshi_20-03-1963.pdf	3321	3	330927	none	none	0.0	0.0	0.0	128	y	90.7	adequate	16.6
3322-Position_Regarding_Bihar_Jeep_Credit_14-03-1962.pdf	3322	2	494178	none	none	0.0	0.0	0.0	128	n	81.0	weak	11.3
3323-Memorandum_05-10-1962.pdf	3323	1	62187	none	none	0.0	0.0	0.0	128	y	91.2	adequate	7.1
3324-Letter_to_Bateshwar_Prasad_Singh_09-10-1962.pdf	3324	4	700670	none	none	0.0	0.0	0.0	128	n	106.7	adequate	13.2
3325-Memorandum_from_Cental_Bank_of_India_14-09-1962.pdf	3325	1	62495	none	none	0.0	0.0	0.0	128	y	100.5	adequate	7.3
3326-Letter_to_Mr_Minoo_Masani_03-09-1962.pdf	3326	2	360366	none	none	0.0	0.0	0.0	128	n	117.8	adequate	8.7
3327-Letter_to_Mr_Minoo_Masani_14-08-1962.pdf	3327	1	286692	none	none	0.0	0.0	0.0	128	n	90.1	adequate	14.3
3328-Memorandum_11-08-1962.pdf	3328	1	59108	none	none	0.0	0.0	0.0	128	y	91.7	adequate	9.7
3329-Letter_to_S_V_Raju_08-08-1962.pdf	3329	1	96722	none	none	0.0	0.0	0.0	128	y	114.8	adequate	3.7
333-Swatantra_Newsletter_No-50_March-1965.pdf	333	10	3077173	none	none	0.0	0.0	0.0	128	n	87.3	weak	11.6
3330-Memorandum.pdf	3330	2	98492	none	none	0.0	0.0	0.0	128	y	76.7	weak	7.3
3331-Letter_to_Mr_Minoo_Masani_27-07-1962.pdf	3331	1	72837	none	none	0.0	0.0	0.0	128	y	77.3	weak	13.9
3332-Jeep_Credit_Arragement_17-07-1962.pdf	3332	4	662164	none	none	0.0	0.0	0.0	128	n	28.6	faint	31.8
3333-Memorandum_of_Agreement.pdf	3333	4	785193	none	none	0.0	0.0	0.0	128	n	103.7	adequate	14.3
3334-Letter_to_Basant_Narain_Singh_09-07-1962.pdf	3334	2	368544	none	none	0.0	0.0	0.0	128	n	104.2	adequate	14.0
3335-Letter_from_Mr_Minoo_Masani_08-07-1962.pdf	3335	1	133458	none	none	0.0	0.0	0.0	128	n	108.5	adequate	6.5
3336-Regarding_Overdraft_Treatment_23-06-1962.pdf	3336	1	168976	none	none	0.0	0.0	0.0	128	n	69.8	weak	10.0
3337-Memorandum_16-06-1962.pdf	3337	1	48865	none	none	0.0	0.0	0.0	128	y	64.3	weak	7.4
3338-Memorandum_28-04-1962.pdf	3338	1	54316	none	none	0.0	0.0	0.0	128	y	82.1	weak	8.0
3339-Letter_to_kamakhya_Narain_Singh_31-05-1962.pdf	3339	1	158810	none	none	0.0	0.0	0.0	128	n	129.0	adequate	10.9
334-Swatantra_Newsletter_No-51_April-May-1965.pdf	334	6	1913135	none	none	0.0	0.0	0.0	128	n	90.9	adequate	13.0
3340-Letter_to_kamakhya_Narain_Singh_19-04-1962.pdf	3340	1	150760	none	none	0.0	0.0	0.0	128	n	83.2	weak	12.8
3341-Letter_to_N_G_Ranga_19-03-1962.pdf	3341	4	923460	none	none	0.0	0.0	0.0	128	n	46.1	faint	19.7
3342-Memorandum_13-03-1962.pdf	3342	1	56203	none	none	0.0	0.0	0.0	128	y	74.4	weak	9.1
3343-Account_of_Bihar_Contribution_and_Jeep_Credit_05-03-1962.pdf	3343	1	113714	none	none	0.0	0.0	0.0	128	n	40.1	faint	35.9
3344-Memorandum_08-02-1962.pdf	3344	1	55152	none	none	0.0	0.0	0.0	128	y	74.5	weak	9.3
3345-Memorandum_25-01-1962.pdf	3345	1	56343	none	none	0.0	0.0	0.0	128	y	92.9	adequate	89.2
3346-Major_Mohan_Roy_Kindly_handed_15_recipt.pdf	3346	1	149029	none	none	0.0	0.0	0.0	128	n	44.3	faint	30.7
3347-Telegram_to_Mr_Minoo_Masani_15-01-1962.pdf	3347	17	1382535	none	none	0.0	0.0	0.0	128	n	89.5	weak	5.3
3348-Telegram_to_Raju_surajyam_21-01-1962.pdf	3348	1	97172	none	none	0.0	0.0	0.0	128	y	70.4	weak	6.7
3349-Telegram_to_Raja_Ramgarh_10-01-1962.pdf	3349	1	111324	none	none	0.0	0.0	0.0	128	n	86.0	weak	4.7
335-Swatantra_Newsletter_No-52_June-1965.pdf	335	6	1871921	none	none	0.0	0.0	0.0	128	n	90.2	adequate	12.2
3350-Telegram_to_Raja_Ramgarh_10-01-1962.pdf	3350	5	478151	none	none	0.0	0.0	0.0	128	n	64.7	weak	23.3
3351-Telegram_to_Mr_Minoo_Masani_16-01-1962.pdf	3351	2	246570	none	none	0.0	0.0	0.0	128	y	82.6	weak	13.2
3352-Telegram_to_Mr_Minoo_Masani.pdf	3352	1	128641	none	none	0.0	0.0	0.0	128	y	83.7	weak	9.7
3353-Telegram_of_Swatantra_Party.pdf	3353	1	127664	none	none	0.0	0.0	0.0	128	y	84.2	weak	10.6
3354-Telegram_of_Swatantra_Party.pdf	3354	1	125693	none	none	0.0	0.0	0.0	128	y	82.9	weak	10.7
3355-Telegram_to_Raja_Ramgarh_12-01-1962.pdf	3355	1	95995	none	none	0.0	0.0	0.0	128	y	100.8	adequate	7.8
3356-Letter_to_kamakhya_Narain_Singh_12-01-1962.pdf	3356	1	210711	none	none	0.0	0.0	0.0	128	n	116.8	adequate	14.2
3357-Swatantra_Party_Minutes_of_Meeting_04-01-1962.pdf	3357	1	247293	none	none	0.0	0.0	0.0	128	n	141.9	strong	14.5
3358-Extract_from_Draft_Minutes_05-01-1962.pdf	3358	2	342270	none	none	0.0	0.0	0.0	128	y	115.3	adequate	57.6
3359-Telegram_to_Mr_Minoo_Masani_11-01-1962.pdf	3359	1	114257	none	none	0.0	0.0	0.0	128	y	93.2	adequate	6.2
336-Swatantra_Newsletter_No-53_July-August-1965.pdf	336	6	1765851	none	none	0.0	0.0	0.0	128	n	86.2	weak	11.3
3360-Letter_to_C_Rajagopalachari_11-01-1962.pdf	3360	1	111733	none	none	0.0	0.0	0.0	128	n	34.4	faint	30.9
3361-Letter_to_Mr_Minoo_Masani_10-01-1962.pdf	3361	2	232873	none	none	0.0	0.0	0.0	128	n	108.7	adequate	7.7
3362-Letter_to_Raja_Ramgarh_10-01-1962.pdf	3362	1	100529	none	none	0.0	0.0	0.0	128	n	91.2	adequate	3.4
3363-Letter_to_C_Rajagopalachari_08-01-1962.pdf	3363	7	937118	none	none	0.0	0.0	0.0	128	n	118.6	adequate	10.7
3364-Memorandum_of_Agreement.pdf	3364	3	473126	none	none	0.0	0.0	0.0	128	n	142.5	strong	8.9
3365-Allotment_of_new_Jesps_04-01-1962.pdf	3365	2	362393	none	none	0.0	0.0	0.0	128	n	114.3	adequate	8.9
3366-Letter_to_Mr_Minoo_Masani_31-12-1961.pdf	3366	5	649263	none	none	0.0	0.0	0.0	128	y	113.5	adequate	4.8
3367-Jeep_Credit_to_Ramgarh_30-10-1961.pdf	3367	6	1213325	none	none	0.0	0.0	0.0	128	n	108.9	adequate	9.8
3368-Point_to_be_noted_for_Four_Lakh_Credit.pdf	3368	2	406416	none	none	0.0	0.0	0.0	128	n	112.3	adequate	10.3
3369-Letter_to_Ramgarh_29-12-1961.pdf	3369	3	212727	none	none	0.0	0.0	0.0	128	y	64.5	weak	14.4
337-Swatantra_Newsletter_No-54_September-1965.pdf	337	10	3357830	none	none	0.0	0.0	0.0	128	n	93.3	adequate	12.8
3370-Letter_to_K_M_Munshi_26-12-1961.pdf	3370	1	188518	none	none	0.0	0.0	0.0	128	n	104.6	adequate	11.7
3371-Letter_to_kamakhya_Narain_Singh_26-12-1961.pdf	3371	1	145533	none	none	0.0	0.0	0.0	128	n	104.0	adequate	7.5
3372-Letter_to_C_Rajagopalachari.pdf	3372	5	359861	none	none	0.0	0.0	0.0	128	y	68.9	weak	37.2
3373-Telegram_to_Mr_Minoo_Masani.pdf	3373	2	262158	none	none	0.0	0.0	0.0	128	y	118.8	adequate	10.8
3374-Telegram_to_Mr_Minoo_Masani_25-12-1961.pdf	3374	2	248385	none	none	0.0	0.0	0.0	128	y	74.3	weak	13.8
3375-Memorandum_21-12-1961.pdf	3375	1	54096	none	none	0.0	0.0	0.0	128	y	89.0	weak	93.8
3376-Reduction_of_the_Amount.pdf	3376	1	53474	none	none	0.0	0.0	0.0	128	y	95.3	adequate	5.9
3377-Letter_to_kamakhya_Narain_Singh_21-11-1961.pdf	3377	2	438361	none	none	0.0	0.0	0.0	128	n	112.4	adequate	21.1
3378-A_Third_Installment_of_Rs20000.pdf	3378	1	70441	none	none	0.0	0.0	0.0	128	y	105.1	adequate	6.1
3379-Memorandum_18-11-1961.pdf	3379	1	50614	none	none	0.0	0.0	0.0	128	y	76.9	weak	6.8
338-Swatantra_Newsletter_No-55_October-November-1965.pdf	338	16	5337331	none	none	0.0	0.0	0.0	128	n	95.4	adequate	14.9
3380-Letter_to_kamakhya_Narain_Singh_25-10-1961.pdf	3380	1	88091	none	none	0.0	0.0	0.0	128	y	93.6	adequate	7.8
3381-Letter_to_kamakhya_Narain_Singh_25-10-1961.pdf	3381	1	84566	none	none	0.0	0.0	0.0	128	y	107.9	adequate	6.1
3382-Letter_to_Mr_Minoo_Masani_30-09-1961.pdf	3382	3	220111	none	none	0.0	0.0	0.0	128	y	111.9	adequate	7.1
3383-Second_Installment_of_Rs20000.pdf	3383	1	58892	none	none	0.0	0.0	0.0	128	y	69.6	weak	5.5
3384-Letter_from_S_V_Raju_18-10-1961.pdf	3384	1	59970	none	none	0.0	0.0	0.0	128	y	76.8	weak	3.9
3385-Letter_from_Mr_Minoo_Masani_04-10-1961.pdf	3385	1	103606	none	none	0.0	0.0	0.0	128	y	120.0	adequate	4.5
3386-General_Secertarys_note_on_ReBihar_Finances_13-05-1961.pdf	3386	3	764142	none	none	0.0	0.0	0.0	128	n	93.9	adequate	11.5
3387-Letter_to_Mr_Minoo_Masani_27-09-1961.pdf	3387	2	156750	none	none	0.0	0.0	0.0	128	y	91.9	adequate	7.3
3388-Outlining_the_Arrangement_26-09-1961.pdf	3388	1	92511	none	none	0.0	0.0	0.0	128	y	112.4	adequate	8.0
3389-Letter_to_kamakhya_Narain_Singh_25-08-1961.pdf	3389	1	172002	none	none	0.0	0.0	0.0	128	n	80.1	weak	13.8
339-Swatantra_Newsletter_No-56_January-February-1966.pdf	339	18	5519706	none	none	0.0	0.0	0.0	134	n	91.8	adequate	10.1
3390-Letter_to_Mr_Minoo_Masani_19-08-1961.pdf	3390	1	170989	none	none	0.0	0.0	0.0	128	n	123.9	adequate	15.2
3391-Emergent_Meeting_of_the_Working_Committee_17-08-1961.pdf	3391	2	410235	none	none	0.0	0.0	0.0	128	n	117.3	adequate	10.0
3392-Letter_to_Mr_Minoo_Masani_18-08-1961.pdf	3392	1	146825	none	none	0.0	0.0	0.0	128	n	110.4	adequate	11.4
3393-Letter_to_Mr_Minoo_Masani_18-08-1961.pdf	3393	1	189433	none	none	0.0	0.0	0.0	128	n	115.4	adequate	17.0
3394-Letter_from_K_N_Singh_04-08-1961.pdf	3394	2	279787	none	none	0.0	0.0	0.0	128	n	104.8	adequate	4.7
3395-Letter_from_K_N_Singh_02-08-1961.pdf	3395	3	402724	none	none	0.0	0.0	0.0	128	n	107.6	adequate	9.8
3396-Meeting_with_Mr_Mani_02-08-1961.pdf	3396	1	208217	none	none	0.0	0.0	0.0	128	n	105.2	adequate	11.0
3397-Letter_to_Raja_Ramgarh_28-07-1961.pdf	3397	1	106417	none	none	0.0	0.0	0.0	128	n	34.0	faint	26.9
3398-Letter_to_kamakhya_Narain_Singh_24-07-1961.pdf	3398	1	135853	none	none	0.0	0.0	0.0	128	n	115.0	adequate	4.2
3399-Letter_to_N_G_Ranga_23-07-1961.pdf	3399	5	800660	none	none	0.0	0.0	0.0	128	n	125.4	adequate	15.0
34-Letter_to_Mr_S_R_Mohan_Das_23-03-1971.pdf	34	1	110430	none	none	0.0	0.0	0.0	128	y	93.1	adequate	1.7
340-Swatantra_Newsletter_No-57_March-April-1966.pdf	340	26	7998176	none	none	0.0	0.0	0.0	134	n	98.1	adequate	16.1
3400-Letter_to_Mr_Minoo_Masani_14-07-1961.pdf	3400	1	127799	none	none	0.0	0.0	0.0	128	y	91.0	adequate	10.0
3401-Letter_to_kamakhya_Narain_Singh_20-06-1961.pdf	3401	2	393606	none	none	0.0	0.0	0.0	128	n	100.5	adequate	15.2
3402-Letter_to_Mr_Minoo_Masani_10-06-1961.pdf	3402	4	611966	none	none	0.0	0.0	0.0	128	n	110.9	adequate	8.6
3403-Letter_to_Mr_Minoo_Masani_10-06-1961.pdf	3403	1	187058	none	none	0.0	0.0	0.0	128	n	110.5	adequate	12.0
3404-Letter_to_kamakhya_Narain_Singh_18-05-1961.pdf	3404	32	5604076	none	none	0.0	0.0	0.0	128	n	81.3	weak	13.8
3405-Letter_to_kamakhya_Narain_Singh_15-05-1964.pdf	3405	1	270508	none	none	0.0	0.0	0.0	200	y	36.2	faint	44.4
3406-Copies_of_Correspondance.pdf	3406	1	324637	none	none	0.0	0.0	0.0	200	n	45.5	faint	45.4
3407-Plaint_Under_or_7_Role_IC_PC.pdf	3407	8	1344773	none	none	0.0	0.0	0.0	128	y	104.8	adequate	9.9
3408-Plaint_Under_or_7_Role_IC_PC.pdf	3408	9	1609763	none	none	0.0	0.0	0.0	128	n	40.6	faint	24.0
3409-Letter_to_Paramchand_Kejriwal_11-04-1975.pdf	3409	1	125329	none	none	0.0	0.0	0.0	128	n	121.1	adequate	3.6
341-Swatantra_Newsletter_No-58_May-1966.pdf	341	10	3189683	none	none	0.0	0.0	0.0	128	n	91.9	adequate	11.6
3410-Letter_to_Shelat_17-01-1975.pdf	3410	1	155977	none	none	0.0	0.0	0.0	128	n	92.6	adequate	6.8
3411-In_the_Bombay_City_Civil_Court_at_Bombay.pdf	3411	30	5383136	none	none	0.0	0.0	0.0	128	n	95.7	adequate	9.0
3412-Resolution_for_National_Convention_04-08-1974.pdf	3412	2	418535	none	none	0.0	0.0	0.0	128	n	91.3	adequate	47.7
3413-National_Headquarter_Circular_no_160_29-08-1974.pdf	3413	1	193106	none	none	0.0	0.0	0.0	128	n	92.4	adequate	8.5
3414-General_Secretarys_Letter_no_320_20-08-1974.pdf	3414	6	1295262	none	none	0.0	0.0	0.0	128	n	97.2	adequate	7.0
3415-Letter_from_Girish_K_Munshi_31-12-1974.pdf	3415	1	232447	none	none	0.0	0.0	0.0	128	n	86.1	weak	9.6
3416-Letter_from_Girish_K_Munshi_02-01-1975.pdf	3416	1	236590	none	none	0.0	0.0	0.0	128	n	91.1	adequate	9.9
3417-Letter_to_Girish_K_Munshi_08-01-1975.pdf	3417	1	196323	none	none	0.0	0.0	0.0	128	n	85.6	weak	7.5
3418-Resolution_of_the_Swatantra_party_08-12-1974.pdf	3418	2	430213	none	none	0.0	0.0	0.0	128	n	66.8	weak	9.5
3419-Letter_from_V_S_Srikumar_02-01-1975.pdf	3419	2	538880	none	none	0.0	0.0	0.0	128	n	90.0	adequate	13.3
342-Swatantra_Newsletter_No-59_June-1966.pdf	342	12	3881961	none	none	0.0	0.0	0.0	128	n	96.6	adequate	11.6
3420-Swatantra_Party_Constitution_14-04-1973.pdf	3420	12	1903168	none	none	0.0	0.0	0.0	128	y	94.3	adequate	12.3
3421-Draft.pdf	3421	1	198243	none	none	0.0	0.0	0.0	128	n	89.6	weak	8.5
3422-Letter_to_C_Rajagopalachari_20-06-1970.pdf	3422	2	356321	none	none	0.0	0.0	0.0	128	n	65.1	weak	11.3
3423-Letter_to_Mr_Minoo_Masani_27-06-1970.pdf	3423	1	133303	none	none	0.0	0.0	0.0	128	n	107.5	adequate	5.2
3424-Letter_to_C_Rajagopalachari_26-06-1970.pdf	3424	1	170532	none	none	0.0	0.0	0.0	128	n	89.2	weak	9.6
3425-Letter_to_C_Rajagopalachari_26-06-1970.pdf	3425	1	153236	none	none	0.0	0.0	0.0	128	n	80.3	weak	10.1
3426-Letter_to_Mr_Minoo_Masani_04-07-1970.pdf	3426	1	99991	none	none	0.0	0.0	0.0	128	y	113.4	adequate	5.6
3427-Letter_to_Mr_Minoo_Masani_23-06-1970.pdf	3427	2	399319	none	none	0.0	0.0	0.0	128	y	103.9	adequate	9.9
3428-Letter_to_C_Rajagopalachari_19-06-1970.pdf	3428	2	323253	none	none	0.0	0.0	0.0	128	n	75.1	weak	9.7
3429-Letter_to_Atal_Bihari_Bajpayee_19-06-1970.pdf	3429	1	140669	none	none	0.0	0.0	0.0	128	n	73.0	weak	6.2
343-Swatantra_Newsletter_No-60_July-1966.pdf	343	12	3375587	none	none	0.0	0.0	0.0	140	n	90.5	adequate	12.7
3430-Letter_to_Morarji_Desai_19-06-1970.pdf	3430	1	110860	none	none	0.0	0.0	0.0	128	n	75.6	weak	3.2
3431-Letter_to_Mr_Minoo_Masani_02-06-1970.pdf	3431	2	409450	none	none	0.0	0.0	0.0	128	n	79.1	weak	15.3
3432-Letter_to_Mr_Minoo_Masani_03-06-1970.pdf	3432	1	98743	none	none	0.0	0.0	0.0	128	y	87.4	weak	5.2
3433-Letter_to_Mr_Minoo_Masani_04-06-1970.pdf	3433	1	76831	none	none	0.0	0.0	0.0	128	y	82.5	weak	4.9
3434-Letter_from_Swatantra_party.pdf	3434	1	70155	none	none	0.0	0.0	0.0	128	y	89.1	weak	4.3
3435-Letter_to_Atal_Bihari_Bajpayee_29-05-1970.pdf	3435	1	122133	none	none	0.0	0.0	0.0	128	n	82.8	weak	5.7
3436-Letter_to_Ashok_Mehta_29-05-1970.pdf	3436	1	115779	none	none	0.0	0.0	0.0	128	n	79.3	weak	3.9
3437-Letter_to_C_Rajagopalachari_29-05-1970.pdf	3437	1	184622	none	none	0.0	0.0	0.0	128	n	83.0	weak	12.6
3438-Letter_to_C_Rajagopalachari_29-05-1970.pdf	3438	1	162753	none	none	0.0	0.0	0.0	128	n	77.0	weak	13.8
3439-Jantar_Mantar-Hindustan_Times.pdf	3439	1	212900	none	none	0.0	0.0	0.0	128	y	90.1	adequate	17.9
344-Swatantra_Newsletter_No-64_February-July-1968.pdf	344	34	9737799	none	none	0.0	0.0	0.0	128	n	92.2	adequate	8.9
3440-Birth_Pangs_of_Socialist_Unity-Sunday_Standard_13-06-1971.pdf	3440	1	277099	none	none	0.0	0.0	0.0	128	y	74.2	weak	28.7
3441-National_Press_on_the_Stand.pdf	3441	6	1237353	none	none	0.0	0.0	0.0	128	n	55.5	faint	16.2
3442-Delhi_This_Week_Shuttling_Leaders-March_of_the_Nation_16-01-1971.pdf	3442	1	137179	none	none	0.0	0.0	0.0	128	n	102.5	adequate	6.0
3443-Rough_Weather-The_Biltz_16-01-1971.pdf	3443	1	193725	none	none	0.0	0.0	0.0	128	y	99.1	adequate	13.1
3444-Ethics_of_Electoral_Pacts-March_of_the_Nation_16-01-1971.pdf	3444	2	466599	none	none	0.0	0.0	0.0	128	y	102.3	adequate	38.2
3445-Unprincipled_Electoral_Adjustments-March_of_the_Nations_16-01-1971.pdf	3445	1	222635	none	none	0.0	0.0	0.0	128	y	67.1	weak	52.5
3446-Mera_Naam_Joker_Fronts_Crack_Up-The_Biltz_08-01-1971.pdf	3446	2	444001	none	none	0.0	0.0	0.0	128	y	96.7	adequate	28.1
3447-Report_that_Raj_Narain_Showed_a_shoe_to_Masani-The_Biltz_09-01-1971.pdf	3447	1	396000	none	none	0.0	0.0	0.0	128	y	113.2	adequate	30.8
3448-Swatantra_may_still_join_Alliance-Hindustan_Times_08-01-1971.pdf	3448	1	193558	none	none	0.0	0.0	0.0	128	n	81.4	weak	12.2
3449-Minimum_Programme_Overramphasised-Hindustan_Times_01-01-1971.pdf	3449	1	157245	none	none	0.0	0.0	0.0	128	n	54.9	faint	23.0
345-Swatantra_Newsletter_No-65_August-December-1968.pdf	345	14	4320975	none	none	0.0	0.0	0.0	128	n	89.5	weak	12.7
3450-Swatantra_Thrawts_Alliance_Bids_06-01-1971.pdf	3450	1	171288	none	none	0.0	0.0	0.0	128	n	64.4	weak	13.3
3451-Masani_Meets_Morarji-Times_of_India_06-01-1971.pdf	3451	1	154643	none	none	0.0	0.0	0.0	128	n	52.2	faint	23.4
3452-Swatantra_Will_Come-Nijalingappa-Indian_Express_06-01-1971.pdf	3452	1	190898	none	none	0.0	0.0	0.0	128	n	87.0	weak	13.7
3453-Swatantra_Sure_to_Join_front-Times_of_India_06-01-1971.pdf	3453	1	178528	none	none	0.0	0.0	0.0	128	n	56.6	faint	27.6
3454-Dramma_Over_Alliance_Without_Soul-The_Financial_Express_06-01-1971.pdf	3454	5	861462	none	none	0.0	0.0	0.0	128	y	84.3	weak	21.8
3455-Nijalingappas_Appeal_to_Swatantra_Party-The_Hindu_06-01-1971.pdf	3455	1	143454	none	none	0.0	0.0	0.0	128	n	98.4	adequate	11.9
3456-Liyame_Sure_Swatantra_Will_join_Front-The_Times_of_India_05-01-1971.pdf	3456	1	180867	none	none	0.0	0.0	0.0	128	n	73.9	weak	14.4
3457-Alliance_Party_will_prepare_common_lists-The_Hindustan_Times_05-01-1971.pdf	3457	5	776151	none	none	0.0	0.0	0.0	128	y	97.3	adequate	28.8
3458-Morarji_sees_no_hitch_Alliance_Govt-The_India_n_Express_05-01-1971.pdf	3458	1	122729	none	none	0.0	0.0	0.0	128	n	67.9	weak	10.5
3459-New_Twists_to_measure_parties_Prospects-Statesmen_05-01-1971.pdf	3459	1	155998	none	none	0.0	0.0	0.0	128	n	74.3	weak	18.6
346-Swatantra_Newsletter_No-66_January-February-1969.pdf	346	12	3258716	none	none	0.0	0.0	0.0	134	n	88.3	weak	10.5
3460-New_Twists_to_poll_Prospects_of_Major_parties-Statesmen_05-01-1971.pdf	3460	1	279441	none	none	0.0	0.0	0.0	128	y	82.4	weak	17.9
3461-BKD_Spurns_Alliance-The_Indian_Express_05-01-1971.pdf	3461	1	233948	none	none	0.0	0.0	0.0	128	y	84.9	weak	18.3
3462-Problem_Will_be_Solved_Say_CR-The_Statesmen_05-01-1971.pdf	3462	1	104399	none	none	0.0	0.0	0.0	128	n	57.0	faint	7.9
3463-Gujrat_Cong_list_on_Saturday-The_Times_of_India_05-01-1971.pdf	3463	1	185836	none	none	0.0	0.0	0.0	128	n	77.0	weak	13.5
3464-Old_Congressmen_hopeful_of_Swatantra_Return_05-01-1971.pdf	3464	1	165398	none	none	0.0	0.0	0.0	128	n	97.4	adequate	8.8
3465-The_Democratic_Front-The_Statesmen_05-01-1971.pdf	3465	1	208672	none	none	0.0	0.0	0.0	128	y	52.5	faint	39.0
3466-The_Indian_Express_04-01-1971.pdf	3466	5	925025	none	none	0.0	0.0	0.0	128	y	98.2	adequate	38.3
3467-Masani_Attacks_Cong_leaders_04-01-1971.pdf	3467	4	481545	none	none	0.0	0.0	0.0	128	y	75.7	weak	24.7
3468-Grand_Alliance_is_Still_Born-The_Patriot.pdf	3468	6	1533683	none	none	0.0	0.0	0.0	128	y	97.6	adequate	36.5
3469-Grand_Alliance_Collapse-National_herald_04-01-1971.pdf	3469	5	907722	none	none	0.0	0.0	0.0	128	y	103.7	adequate	25.2
347-Swatantra_Newsletter_No-67_March-1969.pdf	347	16	4724471	none	none	0.0	0.0	0.0	134	n	93.9	adequate	11.0
3470-Cong_JS_and_SSP_form_united_Front_03-01-1971.pdf	3470	4	706142	none	none	0.0	0.0	0.0	128	y	83.8	weak	27.0
3471-Swatantra_keep_out_of_Alliance-The_Hindustan_Times_04-01-1971.pdf	3471	4	778766	none	none	0.0	0.0	0.0	128	y	95.9	adequate	41.2
3472-High_Drama-National_Herald_01-01-1971.pdf	3472	4	430163	none	none	0.0	0.0	0.0	128	y	70.9	weak	21.3
3473-Mutilated_Front_Swatantra_keeps_out-The_Economic_Times_04-01-1971.pdf	3473	1	175830	none	none	0.0	0.0	0.0	128	y	89.0	weak	31.3
3474-Urgently_Need_Alternative-The_Indian_Express_04-01-1971.pdf	3474	1	118866	none	none	0.0	0.0	0.0	128	n	97.3	adequate	6.0
3475-SSP_Day_Long_Efforts_pay.pdf	3475	4	652940	none	none	0.0	0.0	0.0	128	y	93.9	adequate	46.2
3476-National_Press_on_the_Stand.pdf	3476	6	1210237	none	none	0.0	0.0	0.0	128	n	53.3	faint	16.8
3477-The_Democratic_Front_Pladges_03-01-1971.pdf	3477	6	962938	none	none	0.0	0.0	0.0	128	n	64.1	weak	8.4
3478-Central_Parliamentary_Board_Appointed_by_National_Executive_20-12-1969.pdf	3478	1	91834	none	none	0.0	0.0	0.0	128	n	97.5	adequate	5.6
3479-For_Favour_of_Publication_03-12-1969.pdf	3479	1	191449	none	none	0.0	0.0	0.0	128	n	99.8	adequate	9.3
348-Swatantra_Newsletter_No-68_April-May-1969.pdf	348	18	5417033	none	none	0.0	0.0	0.0	128	n	93.3	adequate	11.0
3480-Swatantra_Members_of_Parliament.pdf	3480	4	544369	none	none	0.0	0.0	0.0	128	n	66.6	weak	7.0
3481-Swatantra_Members_of_Parliament_07-05-1968.pdf	3481	2	279033	none	none	0.0	0.0	0.0	128	n	69.3	weak	8.1
3482-Swatantra_Party_Office_Bearers_and_Members_of_the_National_Executive.pdf	3482	3	426324	none	none	0.0	0.0	0.0	128	n	61.1	weak	33.6
3483-Central_Parliamentary_Board_1967-69.pdf	3483	1	127581	none	none	0.0	0.0	0.0	128	n	36.3	faint	15.5
3484-List_of_Office_Bearers_and_Members_1967-69.pdf	3484	1	147624	none	none	0.0	0.0	0.0	128	n	134.8	strong	4.0
3485-Number_of_General_Council.pdf	3485	2	211786	none	none	0.0	0.0	0.0	164	n	108.6	adequate	7.6
3486-Presidents_and_General_Secretarion_of_State_Units_1967.pdf	3486	2	294172	none	none	0.0	0.0	0.0	128	n	74.2	weak	5.6
3487-Swatantra_Members_of_Parliament_Lok_Sabha.pdf	3487	8	1163908	none	none	0.0	0.0	0.0	128	n	79.3	weak	6.1
3488-Swatantra_Party_National_Executive.pdf	3488	4	521183	none	none	0.0	0.0	0.0	128	n	92.0	adequate	7.7
3489-Rajkot_Address.pdf	3489	1	54795	none	none	0.0	0.0	0.0	128	y	96.5	adequate	6.5
349-Swatantra_Newsletter_No-70_October-December-1969.pdf	349	12	3366643	none	none	0.0	0.0	0.0	131	n	74.8	weak	25.0
3490-List_of_Swatantra_MLA_&_MLC.pdf	3490	1	162272	none	none	0.0	0.0	0.0	128	n	92.9	adequate	7.8
3491-CPB.pdf	3491	1	91048	none	none	0.0	0.0	0.0	128	y	98.9	adequate	7.1
3492-List_of_Office_Bearers_and_Members_1967-69.pdf	3492	2	370226	none	none	0.0	0.0	0.0	128	n	100.6	adequate	12.8
3493-Central_Parliamentary_Board.pdf	3493	2	249703	none	none	0.0	0.0	0.0	128	n	51.4	faint	10.1
3494-Election_of_National_Executive.pdf	3494	2	286000	none	none	0.0	0.0	0.0	128	n	42.1	faint	20.7
3495-Swatantra_Party_Executive_Committee_and_Councils_1967-1969.pdf	3495	36	5680591	none	none	0.0	0.0	0.0	134	n	76.8	weak	8.4
3496-Members_Coopted_to_the_General_Council.pdf	3496	3	476219	none	none	0.0	0.0	0.0	128	n	43.2	faint	34.0
3497-List_of_Newspaper_and_Periodicals.pdf	3497	8	1416990	none	none	0.0	0.0	0.0	128	n	91.8	adequate	11.1
3498-Office_Bearers_and_Members_of_National_Executive.pdf	3498	5	617737	none	none	0.0	0.0	0.0	128	n	44.7	faint	17.1
3499-Presidents_and_General_Secretaries_of_State_Units_1964.pdf	3499	4	617502	none	none	0.0	0.0	0.0	128	n	75.8	weak	6.3
35-Letter_to_Mr_Minoo_Masani_20-03-1971.pdf	35	1	117401	none	none	0.0	0.0	0.0	128	y	71.2	weak	4.0
350-Swatantra_Newsletter_No-71_January-1970.pdf	350	12	3587392	none	none	0.0	0.0	0.0	128	n	85.5	weak	12.7
3500-Members_of_General_Council_1964.pdf	3500	25	3090555	none	none	0.0	0.0	0.0	128	n	70.0	weak	35.2
3501-List_Of_Invitees_To_Press_Conferences.pdf	3501	3	704938	none	none	0.0	0.0	0.0	128	n	72.2	weak	17.0
3502-Swatantra_Party_Periodicals.pdf	3502	2	345563	none	none	0.0	0.0	0.0	128	n	67.8	weak	13.1
3503-List_Of_News_Agencies_In_Delhi.pdf	3503	1	72700	none	none	0.0	0.0	0.0	128	y	107.7	adequate	3.9
3504-Mailing_List_Of_Dailies_And_Weeklies_Of_The_Indian_Express.pdf	3504	7	1071466	none	none	0.0	0.0	0.0	128	n	99.5	adequate	9.7
3505-Press_Representatatives_Accredited_To_Govt_Of_India.pdf	3505	8	1252492	none	none	0.0	0.0	0.0	128	n	78.8	weak	15.0
3506-The_Foreign_Correspondents_Association_Of_India.pdf	3506	1	261108	none	none	0.0	0.0	0.0	128	n	75.9	weak	11.3
3507-Not_United_Enough-Indian_Express_05-01-1971.pdf	3507	19	4462156	none	none	0.0	0.0	0.0	128	y	89.4	weak	38.1
3508-Emerging_Alignments-The_Hindustan_Times_05-01-1971.pdf	3508	1	269235	none	none	0.0	0.0	0.0	128	n	102.0	adequate	15.6
3509-Swatantra_Newsletter_No-76_October-December-1970.pdf	3509	26	6166532	none	none	0.0	0.0	0.0	140	n	64.2	weak	29.3
351-Swatantra_Newsletter_No-73_April-May-1970.pdf	351	14	4492339	none	none	0.0	0.0	0.0	128	n	94.7	adequate	12.8
3510-Rajaji-Some_Recollection_Over_Four_Decades.pdf	3510	10	1900050	none	none	0.0	0.0	0.0	128	n	120.3	adequate	8.0
3511-The_Basis_Of_An_Alliance-The_Statesman_25-01-1971.pdf	3511	1	233313	none	none	0.0	0.0	0.0	128	n	79.0	weak	22.0
3512-Indias_Momentous_Development_Of_Past_Half_Years.pdf	3512	3	651329	none	none	0.0	0.0	0.0	128	n	77.2	weak	15.5
3513-Poll_Result_In_Respective-The_Truth_About_Mrs_Gandhis_Majority.pdf	3513	4	1247668	none	none	0.0	0.0	0.0	128	y	86.7	weak	34.6
3514-Mid-Term_Poll_1971-Indian_Express_22-03-1971.pdf	3514	1	143075	none	none	0.0	0.0	0.0	128	n	50.1	faint	38.7
3515-The_National_Decision_20-03-1971.pdf	3515	2	415596	none	none	0.0	0.0	0.0	128	y	123.4	adequate	31.7
3516-The_National_Decision_20-03-1971.pdf	3516	1	298283	none	none	0.0	0.0	0.0	128	n	108.0	adequate	20.2
3517-Save_Democracy-Statesman_16-03-1971.pdf	3517	1	122525	none	none	0.0	0.0	0.0	128	n	53.1	faint	25.3
3518-Behind_The_Sweeping-The_Economic_Times_12-03-1971.pdf	3518	2	380932	none	none	0.0	0.0	0.0	128	y	99.9	adequate	22.2
3519-Hatao_Call_Not_Ours-Indian_Express_12-03-1971.pdf	3519	1	91544	none	none	0.0	0.0	0.0	128	n	54.9	faint	42.1
352-Swatantra_Newsletter_No-74_June-July-1970.pdf	352	16	5115371	none	none	0.0	0.0	0.0	134	n	97.6	adequate	22.4
3520-Decisive_Vote_Of_Confidence_In_Indira-Times_Of_India_12-03-1971.pdf	3520	1	88515	none	none	0.0	0.0	0.0	128	n	43.6	faint	48.0
3521-Decisive_Vote_Of_Confidence-Hindu_12-03-1971.pdf	3521	1	101837	none	none	0.0	0.0	0.0	128	n	90.0	adequate	12.6
3522-As_Mrs_Gandhi_Smiles-Himmat_15-01-1971.pdf	3522	1	185286	none	none	0.0	0.0	0.0	128	y	108.7	adequate	11.0
3523-Not_My_Baby_Says_Masani-Statesman_11-01-1971.pdf	3523	1	83088	none	none	0.0	0.0	0.0	128	n	63.5	weak	8.1
3524-Cong_Programme_Is_Swatantra_Manifesto-Hindustan_Times_10-01-1971.pdf	3524	1	194392	none	none	0.0	0.0	0.0	128	n	105.4	adequate	16.4
3525-Swatantra_To_Adopt_AICC_Resolution_As_Menifesto-Statesman_10-01-1971.pdf	3525	1	192077	none	none	0.0	0.0	0.0	128	n	63.3	weak	31.8
3526-Swatantra_Party_Accepts_Congress_Programme-Hindu_10-01-1971.pdf	3526	1	256597	none	none	0.0	0.0	0.0	128	n	94.8	adequate	13.5
3527-Politics_Of_Compulsion-Sunday_Standard_10-01-1971.pdf	3527	1	419290	none	none	0.0	0.0	0.0	128	n	83.1	weak	24.7
3528-Better_Late_Than_Never-Statesman_10-01-1971.pdf	3528	1	249671	none	none	0.0	0.0	0.0	128	n	79.6	weak	31.8
3529-Better_Late_Than_Never-Statesman_10-01-1971.pdf	3529	1	228503	none	none	0.0	0.0	0.0	128	n	82.5	weak	13.2
353-Swatantra_Newsletter_No-75_August-September-1970.pdf	353	18	5838391	none	none	0.0	0.0	0.0	128	y	80.5	weak	17.5
3530-Image_Of_United_Opposition_Vital_For_Its_Success-The_Current_09-01-1971.pdf	3530	1	189093	none	none	0.0	0.0	0.0	128	n	135.1	strong	15.1
3531-Swatantra_Joins_Opposition_Front-Hindustan_Times_09-01-1971.pdf	3531	1	233319	none	none	0.0	0.0	0.0	128	n	127.1	adequate	9.9
3532-Swatantra_Joins_Alliance-Times_OF_India_09-01-1971.pdf	3532	1	212990	none	none	0.0	0.0	0.0	128	n	76.8	weak	22.8
3533-Swatantra_to_Join_3-Party_Alliance-Hindu_09-01-1971.pdf	3533	1	215062	none	none	0.0	0.0	0.0	128	n	104.7	adequate	8.7
3534-Swatantra_to_Join_Old_Congress_Front-Indian_Express_09-01-1971.pdf	3534	1	326850	none	none	0.0	0.0	0.0	128	n	108.7	adequate	19.6
3535-Letter_to_Mr_N_Dandekar_22-09-1967.pdf	3535	1	155073	none	none	0.0	0.0	0.0	128	n	80.1	weak	5.5
3536-Statements_Of_Accounts.pdf	3536	3	447470	none	none	0.0	0.0	0.0	128	n	74.2	weak	35.5
3537-Letter_to_Mr_C_Rai_10-02-1966.pdf	3537	1	135005	none	none	0.0	0.0	0.0	128	n	70.3	weak	3.7
3538-Contribution_To_The_Swatantra_Party_For_The_General_Election_Of_1962.pdf	3538	2	366059	none	none	0.0	0.0	0.0	128	n	71.3	weak	14.6
3539-Contribution_To_The_Swatantra_Party_For_The_General_Election_Of_1962.pdf	3539	2	326500	none	none	0.0	0.0	0.0	128	n	121.7	adequate	7.4
354-Swatantra_Newsletter_No-76_October-December-1970.pdf	354	16	5114930	none	none	0.0	0.0	0.0	128	n	79.1	weak	22.7
3540-Letter_to_Mr_C_Rai_10-02-1966.pdf	3540	3	487222	none	none	0.0	0.0	0.0	128	n	80.5	weak	8.8
3541-Contribution_To_The_Swatantra_Party_For_The_General_Election_Of_1962.pdf	3541	1	158831	none	none	0.0	0.0	0.0	128	n	75.5	weak	10.0
3542-Letter_to_Mr_S_V_Raju_09-02-1966.pdf	3542	2	192151	none	none	0.0	0.0	0.0	128	y	26.8	faint	47.9
3543-Advertisement_Revenue_Through_Swatantra_Souvenir-1961.pdf	3543	2	378189	none	none	0.0	0.0	0.0	128	n	110.6	adequate	7.7
3544-Advertisement_Revenue_Through_Swatantra_Souvenir-1961.pdf	3544	2	339259	none	none	0.0	0.0	0.0	128	n	91.5	adequate	6.1
3545-List_Of_Business_Houses_&_Industries_In_Bombay_City.pdf	3545	8	1284251	none	none	0.0	0.0	0.0	128	y	90.1	adequate	6.3
3546-Letter_to_Mr_N_Dandekar_07-07-1965.pdf	3546	2	265425	none	none	0.0	0.0	0.0	128	n	33.4	faint	39.2
3547-List_Of_Business_Houses_&_Industries_In_Bombay_City.pdf	3547	7	1127592	none	none	0.0	0.0	0.0	128	n	90.5	adequate	7.6
3548-List_Of_Business_Houses_In_Bombay_City.pdf	3548	2	308854	none	none	0.0	0.0	0.0	128	n	51.2	faint	16.6
3549-List_Of_Industries_In_Bombay_City.pdf	3549	4	437695	none	none	0.0	0.0	0.0	128	y	77.0	weak	7.8
355-Swatantra_Newsletter_No-77_August-1973.pdf	355	9	2192429	none	none	0.0	0.0	0.0	128	n	76.5	weak	10.1
3550-Letter_To_MS_Walchand_&_Co_Pvt_Ltd_21-08-1964.pdf	3550	1	100077	none	none	0.0	0.0	0.0	128	n	82.0	weak	2.6
3551-Letter_to_Mr_Minoo_Masani.pdf	3551	1	142592	none	none	0.0	0.0	0.0	128	y	86.1	weak	7.8
3552-Letter_to_General_Secretary_Swatantra_Party_18-08-1964.pdf	3552	1	127133	none	none	0.0	0.0	0.0	128	y	111.6	adequate	6.3
3553-Letter_to_Mr_Charat_Ram_08-02-1964.pdf	3553	2	259793	none	none	0.0	0.0	0.0	128	n	82.8	weak	4.4
3554-Letter_to_Mr_Minoo_Masani_04-02-1964.pdf	3554	1	115617	none	none	0.0	0.0	0.0	128	n	64.3	weak	4.1
3555-Letter_to_Mr_Jimmy_Mehta_13-11-1963.pdf	3555	1	98174	none	none	0.0	0.0	0.0	128	y	106.9	adequate	2.9
3556-Letter_to_MS_M_L_Dahanukar_&_Co_Pvt_Ltd_13-11-1963.pdf	3556	1	101769	none	none	0.0	0.0	0.0	128	y	114.6	adequate	3.7
3557-Letter_To_Swatantra_Party_09-11-1963.pdf	3557	1	171814	none	none	0.0	0.0	0.0	128	n	111.9	adequate	8.4
3558-Letter_to_MS_Khatau_Makanji_Spg_&_Wvg_Co_Ltd_18-03-1963.pdf	3558	1	92609	none	none	0.0	0.0	0.0	128	y	106.4	adequate	2.8
3559-Letter_to_Mr_Prabhu_V_Mehta_17-09-1963.pdf	3559	1	89342	none	none	0.0	0.0	0.0	128	y	109.2	adequate	2.7
356-Constitution-Bharatiya_Kranti_Dal.pdf	356	6	1129983	none	none	0.0	0.0	0.0	128	y	89.7	weak	8.3
3560-Letter_to_Mr_Minoo_Masani_16-08-1963.pdf	3560	2	286403	none	none	0.0	0.0	0.0	128	y	86.0	weak	24.5
3561-MS_Khatau_Makanji_Spg_&_Wvg_Co_Ltd_Memo_07-08-1963.pdf	3561	1	51538	none	none	0.0	0.0	0.0	128	y	71.5	weak	4.5
3562-List_Of_Business_Houses_&_Industries_In_Bombay_City.pdf	3562	3	509036	none	none	0.0	0.0	0.0	128	n	108.6	adequate	6.9
3563-Lok_Sabha_Question_No-115_Income-Tax_On_Income_Of_Political_Parties_17-08-1963.pdf	3563	1	118453	none	none	0.0	0.0	0.0	128	n	85.0	weak	3.3
3564-Letter_to_Mr_K_J_Khambata_26-08-1963.pdf	3564	1	97183	none	none	0.0	0.0	0.0	128	y	82.8	weak	4.4
3565-Letter_to_Mr_Minoo_Masani_14-08-1963.pdf	3565	1	100046	none	none	0.0	0.0	0.0	128	y	90.4	adequate	4.4
3566-Letter_to_MS_M_L_Dahanukar_&_Co_Pvt_Ltd.pdf	3566	2	175669	none	none	0.0	0.0	0.0	128	y	86.9	weak	91.7
3567-Letter_to_Khan_Bahadur_Framroze_Mehta_12-08-1963.pdf	3567	1	85547	none	none	0.0	0.0	0.0	128	y	88.8	weak	2.0
3568-Letter_to_MR_G_T_Kamdar_10-08-1963.pdf	3568	1	90440	none	none	0.0	0.0	0.0	128	y	101.9	adequate	2.8
3569-Letter_to_Mr_Minoo_Masani_08-08-1963.pdf	3569	1	107687	none	none	0.0	0.0	0.0	128	y	109.6	adequate	5.4
357-Election_Menifesto-Bharatiya_Kranti_Dal.pdf	357	10	2471691	none	none	0.0	0.0	0.0	128	y	119.2	adequate	16.8
3570-Letter_to_Mr_Minoo_Masani_01-08-1963.pdf	3570	1	77996	none	none	0.0	0.0	0.0	128	y	73.3	weak	4.5
3571-Letter_to_Mr_Minoo_Masani_31-07-1963.pdf	3571	1	168752	none	none	0.0	0.0	0.0	128	n	118.1	adequate	7.6
3572-List_Of_Member_Of_The_Millowners_Association_Bombay_Feb-1962.pdf	3572	9	1961844	none	none	0.0	0.0	0.0	128	n	75.3	weak	7.6
3573-Letter_to_Mr_D_P_Sethna_24-07-1963.pdf	3573	1	104273	none	none	0.0	0.0	0.0	128	n	72.2	weak	2.8
3574-Letter_to_Mr_Minoo_Masani_23-07-1963.pdf	3574	2	294257	none	none	0.0	0.0	0.0	128	y	98.1	adequate	7.8
3575-Letter_to_Mr_S_Khambata_16-07-1963.pdf	3575	1	99226	none	none	0.0	0.0	0.0	128	y	58.6	faint	94.9
3576-Letter_From_Mr_S_V_Raju_15-07-1963.pdf	3576	1	95311	none	none	0.0	0.0	0.0	128	y	60.9	weak	93.5
3577-Letter_to_Mr_Minoo_Masani_15-07-1963.pdf	3577	1	132572	none	none	0.0	0.0	0.0	128	y	107.2	adequate	7.0
3578-Speech_of_Mr_Minoo_Masani_17-04-1971.pdf	3578	9	2628637	none	none	0.0	0.0	0.0	128	n	84.3	weak	8.5
3579-Swatantra_Party_General_Council_Circular_No-40_02-04-1971.pdf	3579	1	176515	none	none	0.0	0.0	0.0	128	n	164.0	strong	8.0
358-Bank_Nationalisation_and_Jana_Sanga.pdf	358	11	1843165	none	none	0.0	0.0	0.0	141	y	82.6	weak	7.8
3580-Letter_From_Mr_R_C_Cooper_22-03-1971.pdf	3580	2	515845	none	none	0.0	0.0	0.0	128	n	92.1	adequate	9.9
3581-Future_Of_The_Swatantra_Party_By_Dr_R_C_Cooper.pdf	3581	3	823402	none	none	0.0	0.0	0.0	128	n	83.9	weak	10.8
3582-Swatantra_Party_National_Headquarters_Note_On_Organisation.pdf	3582	3	728675	none	none	0.0	0.0	0.0	128	n	66.9	weak	11.5
3583-Swatantra_Party_General_Council_17-04-1971.pdf	3583	2	382395	none	none	0.0	0.0	0.0	128	n	74.0	weak	7.8
3584-A_Programme_Of_Action_For_the_swatantra_Party.pdf	3584	3	593685	none	none	0.0	0.0	0.0	128	n	52.1	faint	15.3
3585-Letter_to_Mr_N_K_Ganapaiah_28-03-1971.pdf	3585	6	1404722	none	none	0.0	0.0	0.0	128	n	74.9	weak	9.4
3586-Swatantra_Party_General_Council_17-04-1971.pdf	3586	2	432003	none	none	0.0	0.0	0.0	128	n	76.1	weak	10.0
3587-A_Note_On_The_Future_Of_Swatantra_Party.pdf	3587	5	1335325	none	none	0.0	0.0	0.0	128	n	84.7	weak	9.8
3588-Comments_And_Suggestions_By_Mr_N_K_Taneja.pdf	3588	2	578238	none	none	0.0	0.0	0.0	128	n	83.2	weak	12.0
3589-Swatantra_Party_Minuits_Of_Meeting_14-02-2000.pdf	3589	6	976780	none	none	0.0	0.0	0.0	128	n	97.1	adequate	8.8
359-Election_Menifesto-Swatantra_Party-1967.pdf	359	14	2305674	none	none	0.0	0.0	0.0	128	y	139.3	strong	37.4
3590-Swatantra_Party_Minuits_Of_Meeting_08-12-1999.pdf	3590	3	523587	none	none	0.0	0.0	0.0	128	n	119.5	adequate	7.5
3591-Swatantra_Party_Minuits_Of_Meeting_15-06-1999.pdf	3591	3	849270	none	none	0.0	0.0	0.0	128	n	106.3	adequate	16.4
3592-Swatantra_Party_Minuits_Of_Meeting_01-12-1998.pdf	3592	3	517475	none	none	0.0	0.0	0.0	128	n	110.0	adequate	7.5
3593-Swatantra_Party_Minuits_Of_Meeting_18-06-1998.pdf	3593	3	559366	none	none	0.0	0.0	0.0	128	n	107.0	adequate	8.5
3594-Swatantra_Party_Minuits_Of_Meeting_20-12-1997.pdf	3594	3	530375	none	none	0.0	0.0	0.0	128	n	115.9	adequate	7.6
3595-Swatantra_Party_Minuits_Of_Meeting_11-06-1997.pdf	3595	3	495674	none	none	0.0	0.0	0.0	128	n	118.0	adequate	6.9
3596-Swatantra_Party_Minuits_Of_Meeting_12-06-1996.pdf	3596	3	615733	none	none	0.0	0.0	0.0	128	n	109.9	adequate	10.8
3597-Swatantra_Party_Minuits_Of_Meeting_15-12-1995.pdf	3597	3	521781	none	none	0.0	0.0	0.0	128	n	120.4	adequate	7.5
3598-Swatantra_Party_Minuits_Of_Meeting_08-05-1995.pdf	3598	3	579690	none	none	0.0	0.0	0.0	128	n	119.8	adequate	8.5
3599-Swatantra_Party_Minuits_Of_Meeting_26-09-1994.pdf	3599	2	329900	none	none	0.0	0.0	0.0	128	n	97.7	adequate	5.5
36-Letter_to_Mr_K_V_Verma_23-03-1971.pdf	36	1	108579	none	none	0.0	0.0	0.0	128	y	97.2	adequate	2.2
360-Bharatiya_Kranti_Dal-Resolution.pdf	360	1	169482	none	none	0.0	0.0	0.0	128	n	121.9	adequate	8.0
3600-Swatantra_Party_Minuits_Of_Meeting_07-07-1994.pdf	3600	3	565859	none	none	0.0	0.0	0.0	128	n	117.0	adequate	9.2
3601-Swatantra_Party_Minuits_Of_Meeting_16-11-1993.pdf	3601	2	303985	none	none	0.0	0.0	0.0	128	n	105.2	adequate	5.3
3602-Swatantra_Party_Minuits_Of_Meeting_07-07-1993.pdf	3602	2	278953	none	none	0.0	0.0	0.0	128	n	57.2	faint	25.2
3603-Swatantra_Party_Minuits_Of_Meeting_23-07-1992.pdf	3603	1	178198	none	none	0.0	0.0	0.0	128	n	122.0	adequate	5.3
3604-Swatantra_Party_Minuits_Of_Meeting_14-06-1991.pdf	3604	2	396744	none	none	0.0	0.0	0.0	128	n	125.7	adequate	8.2
3605-Swatantra_Party_Minuits_Of_Meeting_21-08-1990.pdf	3605	2	354485	none	none	0.0	0.0	0.0	128	n	115.9	adequate	6.6
3606-Swatantra_Party_Minuits_Of_Meeting_30-07-1989.pdf	3606	4	602488	none	none	0.0	0.0	0.0	128	n	119.8	adequate	6.4
3607-Swatantra_Party_Minuits_Of_Meeting_22-06-1989.pdf	3607	1	216542	none	none	0.0	0.0	0.0	128	n	124.2	adequate	9.3
3608-Swatantra_Party_Minuits_Of_Meeting_13-02-1989.pdf	3608	1	199334	none	none	0.0	0.0	0.0	128	n	116.8	adequate	8.6
3609-Swatantra_Party_Minuits_Of_Meeting_31-10-1988.pdf	3609	10	1437768	none	none	0.0	0.0	0.0	128	n	121.8	adequate	6.3
361-Swarajya_No-48_31-05-1969.pdf	361	1	340512	none	none	0.0	0.0	0.0	128	y	99.7	adequate	17.7
3610-Swatantra_Party_Minuits_Of_Meeting_28-10-1987.pdf	3610	2	356100	none	none	0.0	0.0	0.0	128	n	109.2	adequate	7.4
3611-Swatantra_Party_Minuits_Of_Meeting_08-12-1986.pdf	3611	2	321700	none	none	0.0	0.0	0.0	128	n	119.0	adequate	4.9
3612-Swatantra_Party_Minuits_Of_Meeting_24-10-1986.pdf	3612	2	444786	none	none	0.0	0.0	0.0	128	n	107.9	adequate	9.8
3613-Swatantra_Party_Minuits_Of_Meeting_31-03-1986.pdf	3613	2	452485	none	none	0.0	0.0	0.0	128	n	107.1	adequate	8.6
3614-Swatantra_Party_Minuits_Of_Meeting_26-03-1985.pdf	3614	5	903214	none	none	0.0	0.0	0.0	128	n	78.8	weak	13.9
3615-Swatantra_Party_Minuits_Of_Meeting_31-08-1981.pdf	3615	1	206579	none	none	0.0	0.0	0.0	128	n	91.6	adequate	9.5
3616-Swatantra_Party_Minuits_Of_Meeting_06-04-1981.pdf	3616	2	349598	none	none	0.0	0.0	0.0	128	n	112.5	adequate	7.2
3617-Swatantra_Party_Maharashtra_Income_&_Expenditure_31-12-1980.pdf	3617	1	158762	none	none	0.0	0.0	0.0	128	n	109.3	adequate	7.1
3618-Donations_&_Services_Charges_Recovered-1980.pdf	3618	1	110048	none	none	0.0	0.0	0.0	128	n	34.9	faint	17.4
3619-Swatantra_Party_Minuits_Of_Meeting_27-01-1981.pdf	3619	1	133287	none	none	0.0	0.0	0.0	128	n	88.0	weak	5.1
362-Confusion_Of_Merger_Moves-July-1969.pdf	362	2	722930	none	none	0.0	0.0	0.0	128	n	78.1	weak	30.8
3620-Letter_to_Mr_Girish_Munshi_26-12-1980.pdf	3620	2	200532	none	none	0.0	0.0	0.0	128	y	110.9	adequate	10.5
3621-Swatantra_Party_Minuits_Of_Meeting_23-02-1979.pdf	3621	2	289343	none	none	0.0	0.0	0.0	128	n	95.1	adequate	4.9
3622-Swatantra_Party_Maharashtra_Income_&_Expenditure_28-02-1978.pdf	3622	1	127147	none	none	0.0	0.0	0.0	128	n	86.4	weak	3.6
3623-Swatantra_Party_Maharashtra_Income_&_Expenditure_31-01-1979.pdf	3623	1	128043	none	none	0.0	0.0	0.0	128	n	89.7	weak	3.4
3624-Swatantra_Party_Minuits_Of_Meeting_23-02-1979.pdf	3624	3	424702	none	none	0.0	0.0	0.0	128	n	130.7	strong	5.5
3625-Swatantra_Party_Maharashtra_Income_&_Expenditure_31-01-1979.pdf	3625	1	128043	none	none	0.0	0.0	0.0	128	n	112.8	adequate	4.2
3626-Office_Bearers_&_Members_Of_The_Executive_Committee_Of_Swatantra_Party.pdf	3626	1	196488	none	none	0.0	0.0	0.0	128	n	81.3	weak	8.3
3627-Letter_From_Mr_Girish_Munshi_06-02-1979.pdf	3627	1	148235	none	none	0.0	0.0	0.0	128	n	82.0	weak	4.6
3628-Swatantra_Party_Minuits_Of_Meeting_10-02-1977.pdf	3628	1	243683	none	none	0.0	0.0	0.0	128	n	76.1	weak	11.1
3629-Swatantra_Party_Minuits_Of_Meeting_10-02-1977.pdf	3629	1	88429	none	none	0.0	0.0	0.0	128	y	40.9	faint	41.2
363-Changing_Circumstances_and_Bharatiya_Jana_Sangh.pdf	363	22	3825831	none	none	0.0	0.0	0.0	128	n	147.4	strong	5.7
3630-Rajaji-Gandhijis_Alter_Ego_31-12-1972.pdf	3630	10	3127282	none	none	0.0	0.0	0.0	128	n	79.1	weak	26.0
3631-Netaji_Rajaji_Left_Out_In_Time_Capsule-Times_Of_India_28-12-1973.pdf	3631	1	135214	none	none	0.0	0.0	0.0	128	y	66.1	weak	18.5
3632-Postage_Stamp_On_Rajagopalchari-Pioneer_25-12-1973.pdf	3632	1	130550	none	none	0.0	0.0	0.0	128	n	129.6	adequate	10.6
3633-Rajaji-A_Men_of_Compassion-Indian_Express_24-12-1973.pdf	3633	1	153893	none	none	0.0	0.0	0.0	128	n	100.3	adequate	7.1
3634-Monument_To_A_Historic_Meeting-Sunday_Standard_23-12-1973.pdf	3634	1	270947	none	none	0.0	0.0	0.0	128	y	98.9	adequate	26.4
3635-Homage_To_Rajaji-The_Hindu_23-12-1973.pdf	3635	2	355619	none	none	0.0	0.0	0.0	128	n	73.8	weak	5.4
3636-Rajaji-A_Unique_Personality-Swarajya_03-03-1973.pdf	3636	4	1096794	none	none	0.0	0.0	0.0	128	y	73.7	weak	19.0
3637-Rajaji-Some_Reminiscences_25-02-1973.pdf	3637	6	978296	none	none	0.0	0.0	0.0	128	y	57.1	faint	45.9
3638-Lok_Sabha_Pays_Rich_Tributes_To_Rajaji-Indian_Express.pdf	3638	1	154853	none	none	0.0	0.0	0.0	128	y	64.1	weak	10.9
3639-Handsome_Parliament_Tribute_To_Rajaji-Indian_Express_20-02-1973.pdf	3639	2	412961	none	none	0.0	0.0	0.0	128	y	85.7	weak	9.8
364-Is_The_Jan_SanghReally_Anti-Communist.pdf	364	7	1824393	none	none	0.0	0.0	0.0	128	n	80.0	weak	9.9
3640-Parliament_Pays_Rich_Tributes_To_Rajaji-Deccan_Chronicle_20-02-1973.pdf	3640	1	202737	none	none	0.0	0.0	0.0	128	y	77.7	weak	20.8
3641-Rajaji-Moral_Sentinal_Of_India-Swarajya_10-02-1973.pdf	3641	2	701920	none	none	0.0	0.0	0.0	128	y	74.0	weak	15.6
3642-First_Stone_Laid_For_Rajaji_Memorial-Indian_Express_17-02-1973.pdf	3642	2	382493	none	none	0.0	0.0	0.0	128	y	93.2	adequate	6.6
3643-Memorial_For_Rajaji-Statesmen_16-02-1973.pdf	3643	1	170020	none	none	0.0	0.0	0.0	128	y	67.3	weak	15.4
3644-Rajaji_Opposed_Untouchability_Before_Gandhiji-Times_Of_India_14-02-1973.pdf	3644	2	360704	none	none	0.0	0.0	0.0	128	y	67.1	weak	28.9
3645-Homage_To_C_R-The_Times_Of_India_13-02-1973.pdf	3645	2	315255	none	none	0.0	0.0	0.0	128	y	66.9	weak	15.2
3646-Fair_And_Free_Elections_In_India_27-01-1973.pdf	3646	8	2042425	none	none	0.0	0.0	0.0	128	y	127.6	adequate	35.5
3647-With_Mahatma_And_Rajaji_In_Calcutta-Tribune_26-01-1973.pdf	3647	3	662236	none	none	0.0	0.0	0.0	128	y	84.6	weak	47.5
3648-Rajaji_Memorial-Hindustan_Times_23-01-1973.pdf	3648	2	344561	none	none	0.0	0.0	0.0	128	n	82.7	weak	9.1
3649-Rajaji-Some_Reminiscences-Indian_Nation_21-01-1973.pdf	3649	1	437590	none	none	0.0	0.0	0.0	128	y	103.8	adequate	28.0
365-Jan_Sangh_And_Communists.pdf	365	12	2020140	none	none	0.0	0.0	0.0	128	n	106.1	adequate	6.3
3650-Committee_For_Rajaji_Foundation-The_Hindu_21-01-1973.pdf	3650	2	285368	none	none	0.0	0.0	0.0	128	n	84.2	weak	3.5
3651-Steering_Panel_For_Rajaji_Foundation-Times_Of_India_21-01-1973.pdf	3651	2	293294	none	none	0.0	0.0	0.0	128	n	41.9	faint	17.1
3652-Memorial_To_Rajaji-The_Economic_Times_15-01-1973.pdf	3652	2	323564	none	none	0.0	0.0	0.0	128	y	102.6	adequate	3.9
3653-Tributes_Paid_to_Rajaji_As_Writer-Mail_14-01-1973.pdf	3653	1	163699	none	none	0.0	0.0	0.0	128	n	64.0	weak	7.2
3654-Tributes_to_Rajaji_As_A_Writer-The_Hindu_13-01-1973.pdf	3654	1	153883	none	none	0.0	0.0	0.0	128	n	75.7	weak	6.8
3655-A_Gem_Passes_Away_13-01-1973.pdf	3655	1	252967	none	none	0.0	0.0	0.0	128	n	109.4	adequate	9.7
3656-Rajaji-An_Assessment-Indian_Express_12-01-1973.pdf	3656	2	511242	none	none	0.0	0.0	0.0	128	y	82.1	weak	14.5
3657-Civic_Tribute_to_CR_Truman-Times_Of_India_09-01-1973.pdf	3657	2	515652	none	none	0.0	0.0	0.0	128	y	74.3	weak	52.4
3658-CRs_Ashes_Immersed_In_The_Sangam-Times_Of_India_07-01-1973.pdf	3658	2	323317	none	none	0.0	0.0	0.0	128	y	85.2	weak	7.5
3659-Rajajis_Ashes_Immersed_In_Sangam-The_Sunday_Standard_07-01-1973.pdf	3659	2	280600	none	none	0.0	0.0	0.0	128	n	71.1	weak	6.1
366-Letter_to_Mr_Minoo_Masani_20-05-1969.pdf	366	1	166694	none	none	0.0	0.0	0.0	128	n	123.2	adequate	10.8
3660-Rajaji-Some_Untold_Stories-The_Statesman_07-01-1973.pdf	3660	2	443857	none	none	0.0	0.0	0.0	128	y	84.2	weak	24.5
3661-Rajajis_Philosophy-The_Times_Of_india_07-01-1973.pdf	3661	2	461434	none	none	0.0	0.0	0.0	128	y	82.3	weak	11.5
3662-Rajaji_&_The_Evil_Of_Trippling-The_Sunday_Statesman_06-01-1973.pdf	3662	2	286504	none	none	0.0	0.0	0.0	128	y	89.0	weak	6.5
3663-CR-Current_06-01-1973.pdf	3663	1	161113	none	none	0.0	0.0	0.0	128	n	77.0	weak	7.2
3664-India_Without_Rajaji-March_Of_The_Nation_06-01-1973.pdf	3664	4	1052991	none	none	0.0	0.0	0.0	128	y	86.5	weak	25.0
3665-Veteran_Rajaji-March_Of_The_Nation_06-01-1973.pdf	3665	1	164416	none	none	0.0	0.0	0.0	128	n	93.3	adequate	5.9
3666-Critique_India_Will_Miss_Him.pdf	3666	1	261537	none	none	0.0	0.0	0.0	128	n	103.5	adequate	11.8
3667-Tributes_to_Rajaji-Indian_Express_06-01-1973.pdf	3667	2	220157	none	none	0.0	0.0	0.0	128	n	84.3	weak	3.8
3668-Rich_Tributes_To_Rajaji-Times_Of_India_05-01-1973.pdf	3668	2	287372	none	none	0.0	0.0	0.0	128	n	97.8	adequate	3.0
3669-Party_Leaders_Homeage_To_Rajaji_05-01-1973.pdf	3669	1	134546	none	none	0.0	0.0	0.0	128	n	70.6	weak	4.6
367-Jan_Sangh_Talks_Next_Week_On_Party_Orisis-Times_Of_India_10-09-1969.pdf	367	1	191930	none	none	0.0	0.0	0.0	128	n	117.5	adequate	15.9
3670-Homeage_To_CR_at_City_Meeting-Times_Of_India_04-01-1973.pdf	3670	1	149270	none	none	0.0	0.0	0.0	128	n	57.3	faint	7.5
3671-City_Forum_Mourns_CR-Indian_Express_04-01-1973.pdf	3671	1	128032	none	none	0.0	0.0	0.0	128	n	70.1	weak	3.7
3672-Socialist_Homeage_02-01-1973.pdf	3672	1	117521	none	none	0.0	0.0	0.0	128	n	75.7	weak	2.1
3673-Memorial_For_Rajaji-Indian_Express_02-01-1973.pdf	3673	1	161538	none	none	0.0	0.0	0.0	128	n	87.9	weak	5.6
3674-Rajaji_The_Ideal_Patient-Indian_Express_01-01-1973.pdf	3674	1	233715	none	none	0.0	0.0	0.0	128	n	70.9	weak	13.5
3675-Memorial_To_Rajaji-Indian_Express_01-01-1973.pdf	3675	1	188898	none	none	0.0	0.0	0.0	128	n	84.2	weak	8.9
3676-Kirk_Tribute_To_Rajaji-Indian_Express_01-01-1973.pdf	3676	1	123613	none	none	0.0	0.0	0.0	128	n	71.0	weak	3.8
3677-Rajajis_Death_Will_Not_Affect_Partys_Future-Indian_Express_28-12-1972.pdf	3677	1	158308	none	none	0.0	0.0	0.0	128	n	54.0	faint	8.6
3678-Rajaji_In_Hospital-Indian_Express_18-12-1972.pdf	3678	1	137272	none	none	0.0	0.0	0.0	128	n	93.4	adequate	2.8
3679-C_Rajagopalchari-March_Of_The_Nation_30-12-1972.pdf	3679	8	2455166	none	none	0.0	0.0	0.0	128	y	118.8	adequate	35.9
368-Division_In_The_Lok-Sabha_On_Social_Economic_Issues-1967-1968.pdf	368	8	1332005	none	none	0.0	0.0	0.0	128	n	95.1	adequate	6.9
3680-Letter_from_N_Dandekar_18-08-1975.pdf	3680	2	351110	none	none	0.0	0.0	0.0	128	n	77.1	weak	6.8
3681-Letter_from_K_Ganesan_04-01-1975.pdf	3681	36	6217351	none	none	0.0	0.0	0.0	134	n	84.4	weak	8.6
3682-Letter_from_Madhu_Mehta_21-07-1975.pdf	3682	1	174546	none	none	0.0	0.0	0.0	128	n	104.1	adequate	9.0
3683-Letter_to_Mrs_N_Dandekar_28-07-1975.pdf	3683	11	2595193	none	none	0.0	0.0	0.0	128	n	101.6	adequate	7.7
3684-Swatantra_Party_General_Secretarys_Letter_No-320_20-08-1974.pdf	3684	10	1355407	none	none	0.0	0.0	0.0	128	y	90.9	adequate	8.3
3685-Exoerpts_of_the_Order_Passed_by_the_Election_Commission_03-01-1975.pdf	3685	9	2270995	none	none	0.0	0.0	0.0	128	n	88.8	weak	10.6
3686-Letter_from_Piloo_Mody_01-09-1974.pdf	3686	8	1593796	none	none	0.0	0.0	0.0	137	n	103.3	adequate	9.7
3687-Draft_Statement_of_Policy.pdf	3687	42	6610094	none	none	0.0	0.0	0.0	128	y	81.1	weak	10.0
3688-Resolutions_Passed_at_the_General_Council_Meeting_of_the_Swatantra_Party_09-06-1974.pdf	3688	1	240437	none	none	0.0	0.0	0.0	128	n	97.2	adequate	10.2
3689-Letter_from_piloo_Mody_16-06-1974.pdf	3689	4	980345	none	none	0.0	0.0	0.0	128	n	88.9	weak	10.0
369-For_Favour_of_Publication.pdf	369	1	241324	none	none	0.0	0.0	0.0	128	n	107.5	adequate	8.8
3690-Swatantra_Party_General_Secretarys_Letter_No-317_01-07-1974.pdf	3690	2	390636	none	none	0.0	0.0	0.0	128	n	105.0	adequate	7.1
3691-Letter_About_National_Convention_04-08-1974.pdf	3691	1	165051	none	none	0.0	0.0	0.0	128	n	119.8	adequate	6.3
3692-Swatantra_Party_Minutes_of_Meeting_06-07-1974.pdf	3692	7	1422238	none	none	0.0	0.0	0.0	128	n	87.8	weak	7.6
3693-For_Favour_of_Publication_08-07-1974.pdf	3693	1	194813	none	none	0.0	0.0	0.0	128	n	115.2	adequate	7.9
3694-Resolution_for_National_Convention_04-08-1974.pdf	3694	2	429534	none	none	0.0	0.0	0.0	128	n	96.5	adequate	49.1
3695-letter_from_Mr_Girish_Munshi_12-08-1974.pdf	3695	1	217963	none	none	0.0	0.0	0.0	128	n	131.7	strong	17.1
3696-Swatantra_Party_General_Secretarys_Letter_No-320_20-08-1974.pdf	3696	6	1312196	none	none	0.0	0.0	0.0	128	n	96.8	adequate	7.4
3697-letter_from_Mr_Girish_Munshi_20-08-1974.pdf	3697	2	393942	none	none	0.0	0.0	0.0	128	n	106.8	adequate	10.2
3698-letter_from_Mr_Girish_Munshi_23-08-1974.pdf	3698	1	185802	none	none	0.0	0.0	0.0	128	n	97.5	adequate	11.4
3699-letter_from_Mr_Girish_Munshi_23-08-1974.pdf	3699	1	199860	none	none	0.0	0.0	0.0	128	n	123.6	adequate	11.3
37-Letter_to_Mr_Minoo_Masani_14-03-1971.pdf	37	1	121923	none	none	0.0	0.0	0.0	128	n	88.2	weak	3.8
370-Swatantra_Party_Manifesto.pdf	370	48	10568365	none	none	0.0	0.0	0.0	128	n	61.0	weak	20.8
3700-Letter_from_P_K_S_Naraiyan_30-08-1974.pdf	3700	1	82747	none	none	0.0	0.0	0.0	128	y	127.2	adequate	6.0
3701-Letter_from_Piloo_Mody_01-09-1974.pdf	3701	3	710411	none	none	0.0	0.0	0.0	128	n	95.4	adequate	9.5
3702-letter_from_Mr_Girish_Munshi_23-08-1974.pdf	3702	1	141318	none	none	0.0	0.0	0.0	128	n	109.0	adequate	7.6
3703-letter_from_Mr_Girish_Munshi_28-08-1974.pdf	3703	1	171148	none	none	0.0	0.0	0.0	128	n	122.4	adequate	9.2
3704-Swatantra_Party_National_Headquarters_Circular_No-160_29-08-1974.pdf	3704	1	206348	none	none	0.0	0.0	0.0	128	n	84.4	weak	8.3
3705-Letter_to_R_C_Cooper_06-04-1972.pdf	3705	4	848378	none	none	0.0	0.0	0.0	128	n	92.2	adequate	12.5
3706-Letter_from_K_Ganesan_11-09-1974.pdf	3706	7	1088170	none	none	0.0	0.0	0.0	128	y	95.2	adequate	12.2
3707-Letter_to_Piloo_Mody_15-01-1974.pdf	3707	1	121642	none	none	0.0	0.0	0.0	128	n	101.9	adequate	6.2
3708-Letter_to_Mr_Girish_Munshi_19-12-1974.pdf	3708	1	105635	none	none	0.0	0.0	0.0	128	n	111.2	adequate	2.5
3709-Letter_to_Piloo_Mody_06-12-1974.pdf	3709	1	111421	none	none	0.0	0.0	0.0	128	n	113.1	adequate	3.6
371-Meeting_of_Swatantra_Party_26-05-1969.pdf	371	2	339607	none	none	0.0	0.0	0.0	128	n	58.3	faint	14.6
3710-Letter_to_S_V_Raju_30-07-1974.pdf	3710	1	45994	none	none	0.0	0.0	0.0	128	y	76.9	weak	7.0
3711-Letter_from_Madhu_Mehta_18-04-1972.pdf	3711	2	400573	none	none	0.0	0.0	0.0	128	n	126.0	adequate	11.3
3712-Office_Bearers_&_Members_of_the_Excutive_Committee_of_the_Swatantra_Party.pdf	3712	9	1637014	none	none	0.0	0.0	0.0	128	n	76.8	weak	10.4
3713-Index.pdf	3713	1	152859	none	none	0.0	0.0	0.0	128	n	63.6	weak	6.6
3714-Draft_Statement_of_Policy.pdf	3714	25	6225884	none	none	0.0	0.0	0.0	128	n	49.0	faint	16.3
3715-Index.pdf	3715	1	206416	none	none	0.0	0.0	0.0	128	n	100.1	adequate	13.5
3716-Resolution_Passed_by_the_Karnataka_Unit_of_the_Party_24-04-1974.pdf	3716	1	165503	none	none	0.0	0.0	0.0	128	n	77.3	weak	9.2
3717-Office_Bearers_&_Members_of_the_Excutive_Committee_of_the_Swatantra_Party.pdf	3717	9	1498514	none	none	0.0	0.0	0.0	128	n	75.2	weak	7.4
3718-Presidents_and_Secretaries_of_Primary_Units.pdf	3718	1	212512	none	none	0.0	0.0	0.0	128	n	92.2	adequate	8.9
3719-Resolution_Adopted_by_the_State_Council_of_Swatantra_Party_06-07-1974.pdf	3719	1	250504	none	none	0.0	0.0	0.0	128	n	90.0	adequate	9.4
372-Letter_to_Mr_C_Rajagopalchari_13-06-1969.pdf	372	3	588026	none	none	0.0	0.0	0.0	128	n	105.2	adequate	19.2
3720-Resolutions_Passed_at_the_National_Excutive_Meeting_of_the_Swatantra_Party_06-04-1974.pdf	3720	4	878676	none	none	0.0	0.0	0.0	128	n	89.7	weak	7.8
3721-Role_of_Swatantra.pdf	3721	4	1013416	none	none	0.0	0.0	0.0	128	n	101.7	adequate	9.0
3722-Swatantra_Party_Circular_17-04-1974.pdf	3722	1	165626	none	none	0.0	0.0	0.0	128	n	104.2	adequate	5.5
3723-Swatantra_Party_Minutes_of_Meeting_27-04-1974.pdf	3723	4	870281	none	none	0.0	0.0	0.0	128	n	86.6	weak	7.4
3724-General_Council_Circular_No_55_13-05-1974.pdf	3724	1	184624	none	none	0.0	0.0	0.0	128	n	103.5	adequate	6.4
3725-Resolutions_Passed_at_the_General_Council_Meeting_of_the_Swatantra_Party_09-06-1974.pdf	3725	1	251122	none	none	0.0	0.0	0.0	128	n	108.0	adequate	10.0
3726-Swatantra_Party_Minutes_of_Meeting_09-06-1974.pdf	3726	8	2059668	none	none	0.0	0.0	0.0	128	n	113.9	adequate	7.9
3727-Letter_from_Piloo_Mody_16-06-1974.pdf	3727	4	1008476	none	none	0.0	0.0	0.0	128	n	92.6	adequate	9.8
3728-Swatantra_Party_National_Executive_Circular_No-120_19-06-1974.pdf	3728	3	602668	none	none	0.0	0.0	0.0	128	n	113.7	adequate	8.1
3729-Swatantra_Party_Circular_22-06-1974.pdf	3729	1	209282	none	none	0.0	0.0	0.0	128	n	117.8	adequate	7.6
373-Letter_to_Mr_C_Rajagopalchari_13-06-1969.pdf	373	3	529489	none	none	0.0	0.0	0.0	128	n	91.5	adequate	17.7
3730-Swatantra_Party_General_Secretarys_Letter_No-317_01-07-1974.pdf	3730	2	391190	none	none	0.0	0.0	0.0	128	n	112.6	adequate	7.6
3731-Letter_from_Mr_Minoo_Masani_02-07-1974.pdf	3731	6	1155468	none	none	0.0	0.0	0.0	128	n	70.4	weak	6.9
3732-Letter_to_Piloo_Mody_15-07-1974.pdf	3732	1	134911	none	none	0.0	0.0	0.0	128	n	80.8	weak	4.7
3733-Letter_About_National_Convention_04-08-1974.pdf	3733	1	151289	none	none	0.0	0.0	0.0	128	n	108.4	adequate	6.7
3734-Swatantra_Party_Minutes_of_Meeting_06-07-1974.pdf	3734	2	404172	none	none	0.0	0.0	0.0	128	n	82.2	weak	8.6
3735-Letter_from_Piloo_Mody_06-07-1974.pdf	3735	2	426147	none	none	0.0	0.0	0.0	128	n	84.9	weak	8.0
3736-For_Favour_of_Publication_08-07-1974.pdf	3736	1	190626	none	none	0.0	0.0	0.0	128	n	118.3	adequate	7.7
3737-letter_from_Mr_Girish_Munshi_09-07-1974.pdf	3737	3	590531	none	none	0.0	0.0	0.0	128	n	82.2	weak	9.8
3738-Letter_to_Mr_Girish_Munshi_11-07-1974.pdf	3738	2	337921	none	none	0.0	0.0	0.0	128	n	43.9	faint	18.5
3739-Letter_to_Mr_Girish_Munshi_15-07-1974.pdf	3739	2	309688	none	none	0.0	0.0	0.0	128	y	103.6	adequate	8.7
374-Letter_to_Dr_R_C_Cooper_13-06-1969.pdf	374	1	118403	none	none	0.0	0.0	0.0	128	n	102.1	adequate	4.8
3740-letter_from_Mr_Girish_Munshi_15-07-1974.pdf	3740	1	153332	none	none	0.0	0.0	0.0	128	n	103.0	adequate	3.8
3741-Notice_of_Resolution_to_be_Moved_at_the_Seventh_National_Convention_04-08-1974.pdf	3741	1	252209	none	none	0.0	0.0	0.0	128	n	81.1	weak	7.3
3742-Letter_to_Madhu_Mehta_16-07-1974.pdf	3742	1	161578	none	none	0.0	0.0	0.0	128	n	120.0	adequate	3.4
3743-Letter_to_Madhu_Mehta_26-07-1974.pdf	3743	1	182420	none	none	0.0	0.0	0.0	128	n	126.2	adequate	4.9
3744-Notice_of_Resolution_to_be_Moved_at_the_Seventh_National_Convention_04-08-1974.pdf	3744	1	250342	none	none	0.0	0.0	0.0	128	n	98.1	adequate	8.0
3745-Draft_resolution_for_National_Convention_04-08-1974.pdf	3745	2	428335	none	none	0.0	0.0	0.0	128	n	75.7	weak	48.4
3746-Letter_to_Madhu_Mehta_07-08-1974.pdf	3746	1	131255	none	none	0.0	0.0	0.0	128	n	110.4	adequate	4.8
3747-Letter_to_Sham_Lal_12-08-1974.pdf	3747	1	141504	none	none	0.0	0.0	0.0	128	n	115.5	adequate	4.8
3748-letter_from_Mr_Girish_Munshi_12-08-1974.pdf	3748	1	226267	none	none	0.0	0.0	0.0	128	n	111.8	adequate	14.9
3749-Swatantra_Party_National_Executive_Circular_No-120A_20-08-1974.pdf	3749	1	158949	none	none	0.0	0.0	0.0	128	n	103.6	adequate	7.9
375-Letter_to_Shri_Atal_Bihari_Vajpayee_09-06-1969.pdf	375	2	424324	none	none	0.0	0.0	0.0	128	n	91.3	adequate	16.3
3750-Swatantra_Party_General_Secretarys_Letter_No-320_20-08-1974.pdf	3750	6	1247214	none	none	0.0	0.0	0.0	128	n	98.7	adequate	7.5
3751-letter_from_Mr_Girish_Munshi_20-08-1974.pdf	3751	1	142757	none	none	0.0	0.0	0.0	128	n	105.9	adequate	10.1
3752-Sassion_J_David_&_Co_Ltd.pdf	3752	1	69097	none	none	0.0	0.0	0.0	128	y	139.1	strong	3.0
3753-Telegram_to_Chief_Election_Commissioner_23-08-1974.pdf	3753	2	111123	none	none	0.0	0.0	0.0	128	y	98.7	adequate	35.9
3754-letter_from_Mr_Girish_Munshi_23-08-1974.pdf	3754	1	131934	none	none	0.0	0.0	0.0	128	n	120.7	adequate	8.6
3755-Letter_to_V_P_Bhatia_23-08-1974.pdf	3755	3	280302	none	none	0.0	0.0	0.0	128	n	87.0	weak	21.2
3756-letter_from_Mr_Girish_Munshi_23-08-1974.pdf	3756	1	155405	none	none	0.0	0.0	0.0	128	n	98.8	adequate	8.5
3757-Letter_to_Mr_Girish_Munshi_27-08-1974.pdf	3757	3	642937	none	none	0.0	0.0	0.0	128	n	85.2	weak	35.4
3758-Letter_to_Mr_Girish_Munshi_27-08-1974.pdf	3758	3	631341	none	none	0.0	0.0	0.0	128	n	76.8	weak	9.2
3759-letter_from_Mr_Girish_Munshi_28-08-1974.pdf	3759	2	275922	none	none	0.0	0.0	0.0	128	n	67.4	weak	17.6
376-Letter_to_Prof_N_G_Ranga_01-06-1969.pdf	376	1	191621	none	none	0.0	0.0	0.0	128	n	124.5	adequate	11.9
3760-Swatantra_Party_National_Headquarters_Circular_No-160_29-08-1974.pdf	3760	1	196404	none	none	0.0	0.0	0.0	128	n	85.6	weak	7.7
3761-Post_Card_to_Mr_Girish_Munshi.pdf	3761	2	138236	none	none	0.0	0.0	0.0	128	y	76.0	weak	15.6
3762-Letter_to_Mr_Girish_Munshi_16-09-1974.pdf	3762	1	150890	none	none	0.0	0.0	0.0	128	n	81.7	weak	6.2
3763-Swatantra_Party_Minutes_of_Meeting_24-11-1968.pdf	3763	3	553841	none	none	0.0	0.0	0.0	128	n	60.8	weak	17.0
3764-Swatantra_Party_Minutes_of_Meeting_03-10-1968.pdf	3764	2	490707	none	none	0.0	0.0	0.0	128	n	77.0	weak	13.3
3765-Swatantra_Party_Minutes_of_Meeting_31-08-1968.pdf	3765	6	1161194	none	none	0.0	0.0	0.0	128	n	58.0	faint	15.5
3766-Swatantra_Party_Minutes_of_Meeting_31-05-1968.pdf	3766	5	811776	none	none	0.0	0.0	0.0	142	n	88.5	weak	7.7
3767-Haryana_Mid_Term_Election_Results.pdf	3767	4	510191	none	none	0.0	0.0	0.0	164	n	96.3	adequate	8.8
3768-Letter_to_N_Dandeker_22-04-1968.pdf	3768	5	807274	none	none	0.0	0.0	0.0	128	n	68.5	weak	4.5
3769-Swatantra_Party_Minutes_of_Meeting_13-04-1968.pdf	3769	6	1102503	none	none	0.0	0.0	0.0	140	n	86.5	weak	8.6
377-Bharatiya_Kranti_Dal_03-05-1969.pdf	377	2	466128	none	none	0.0	0.0	0.0	128	n	131.7	strong	18.1
3770-Swatantra_Party_Minutes_of_Meeting_27-01-1968.pdf	3770	7	1486749	none	none	0.0	0.0	0.0	128	n	70.7	weak	7.7
3771-Swatantra_Party_Minutes_of_Meeting_29-09-1967.pdf	3771	6	1374793	none	none	0.0	0.0	0.0	128	n	78.9	weak	12.4
3772-Swatantra_Party_Minutes_of_Meeting_23-07-1967.pdf	3772	3	576767	none	none	0.0	0.0	0.0	128	n	61.8	weak	14.3
3773-Swatantra_Party_Minutes_of_Meeting_20-05-1967.pdf	3773	5	861594	none	none	0.0	0.0	0.0	142	n	113.2	adequate	6.8
3774-Swatantra_Party_Minutes_of_Meeting_01-03-1967.pdf	3774	4	828749	none	none	0.0	0.0	0.0	128	n	86.3	weak	6.6
3775-Swatantra_Party_Minutes_of_Meeting_10-12-1966.pdf	3775	9	1693045	none	none	0.0	0.0	0.0	136	n	90.7	adequate	7.0
3776-Swatantra_Party_Candidates_to_the_Gujarat_State_Assembly.pdf	3776	5	604840	none	none	0.0	0.0	0.0	142	n	86.9	weak	32.5
3777-Minutes_of_Meeting_Swatantra_Party_19-11-1966.pdf	3777	2	468544	none	none	0.0	0.0	0.0	128	n	70.7	weak	9.4
3778-Letter_to_C_Rajagopalachari_10-11-1966.pdf	3778	1	172337	none	none	0.0	0.0	0.0	128	n	66.1	weak	5.1
3779-Swatantra_Party_Minutes_of_Meeting_05-11-1966.pdf	3779	26	3838740	none	none	0.0	0.0	0.0	128	n	65.0	weak	16.9
378-Press_Statement-Atal_Bihari_Vajpayee_29-05-1969.pdf	378	2	387826	none	none	0.0	0.0	0.0	128	n	114.0	adequate	10.8
3780-Swatantra_Party_Minutes_of_Meeting_23-08-1966.pdf	3780	10	2260250	none	none	0.0	0.0	0.0	128	n	99.5	adequate	6.2
3781-A_Note_on_Devaluation_and_the_measure_by_which_it_should_be_followed.pdf	3781	4	881020	none	none	0.0	0.0	0.0	128	n	100.0	adequate	9.1
3782-Swatantra_Party_Minutes_of_Meeting_29-05-1966.pdf	3782	3	713906	none	none	0.0	0.0	0.0	128	n	106.6	adequate	9.7
3783-Swatantra_Party_Minutes_of_Meeting_26-05-1966.pdf	3783	26	4891937	none	none	0.0	0.0	0.0	128	n	78.3	weak	7.0
3784-Swatantra_Party_Minutes_of_Meeting_27-02-1966.pdf	3784	6	1251356	none	none	0.0	0.0	0.0	128	n	50.1	faint	15.9
3785-Swatantra_Party_Minutes_of_Meeting_31-10-1966.pdf	3785	3	654768	none	none	0.0	0.0	0.0	128	n	83.6	weak	9.2
3786-Swatantra_Party_Minutes_of_Meeting_24-09-1965.pdf	3786	1	275140	none	none	0.0	0.0	0.0	128	n	115.1	adequate	12.0
3787-Swatantra_Party_Minutes_of_Meeting_28-08-1965.pdf	3787	2	340782	none	none	0.0	0.0	0.0	128	n	96.5	adequate	12.3
3788-Swatantra_Party_Minutes_of_Meeting_04-06-1965.pdf	3788	6	1077383	none	none	0.0	0.0	0.0	128	n	80.2	weak	6.4
3789-Swatantra_Party_first_Meeting_of_the_Central_Parliamentary_Board_14-03-1965.pdf	3789	3	730101	none	none	0.0	0.0	0.0	128	n	91.4	adequate	10.0
379-Letter_to_Mr_C_Rajagopalchari_27-05-1969.pdf	379	1	195814	none	none	0.0	0.0	0.0	128	n	94.2	adequate	10.7
3790-Swatantra_Party_Minutes_of_Meeting_14-02-1965.pdf	3790	3	530399	none	none	0.0	0.0	0.0	128	n	78.0	weak	6.5
3791-Central_Parliamentary_Board_Circular_No-10_28-06-1966.pdf	3791	1	193369	none	none	0.0	0.0	0.0	128	n	110.9	adequate	6.0
3792-General_Secretarys_Letter_no-126_23-06-1966.pdf	3792	1	209282	none	none	0.0	0.0	0.0	128	n	100.4	adequate	5.6
3793-Central_Office_Circular_no-46_16-06-1966.pdf	3793	1	158593	none	none	0.0	0.0	0.0	128	n	93.5	adequate	93.4
3794-General_Secretarys_Letter_no-125_16-06-1966.pdf	3794	1	194414	none	none	0.0	0.0	0.0	128	n	91.0	adequate	6.4
3795-General_Secretarys_Letter_no-124_14-06-1966.pdf	3795	2	393862	none	none	0.0	0.0	0.0	128	n	100.7	adequate	47.6
3796-General_Secretarys_Letter_no-123_06-06-1966.pdf	3796	2	477640	none	none	0.0	0.0	0.0	128	n	91.6	adequate	10.1
3797-General_Secretarys_Letter_no-123_06-06-1966.pdf	3797	1	146541	none	none	0.0	0.0	0.0	128	n	79.1	weak	6.7
3798-General_Secretarys_Letter_no-121_04-06-1966.pdf	3798	1	232300	none	none	0.0	0.0	0.0	128	n	99.7	adequate	10.8
3799-General_Secretarys_Letter_no-120_04-06-1966.pdf	3799	1	127849	none	none	0.0	0.0	0.0	128	n	88.9	weak	2.7
38-Letter_to_Dr_M_P_Verma_11-03-1971.pdf	38	1	100175	none	none	0.0	0.0	0.0	128	y	99.5	adequate	2.2
380-Swatantra_Party_Minutes_of_Meeting_10-12-1970.pdf	380	1	227526	none	none	0.0	0.0	0.0	128	n	109.0	adequate	7.7
3800-Swatantra_party_Condolence.pdf	3800	1	140734	none	none	0.0	0.0	0.0	128	n	96.5	adequate	3.6
3801-Resolution_Adopted_by_the_General_Council_27-05-1966.pdf	3801	1	144236	none	none	0.0	0.0	0.0	128	n	84.2	weak	4.0
3802-Resolution_Adopted_by_the_General_Council_27-05-1966.pdf	3802	1	136972	none	none	0.0	0.0	0.0	128	n	92.9	adequate	3.7
3803-Resolution_Adopted_by_the_General_Council_27-05-1966.pdf	3803	1	132229	none	none	0.0	0.0	0.0	128	n	100.3	adequate	4.0
3804-Resolution_Adopted_by_the_General_Council_27-05-1966.pdf	3804	1	217415	none	none	0.0	0.0	0.0	128	n	83.4	weak	8.7
3805-Resolution_Adopted_by_the_General_Council_28-05-1966.pdf	3805	1	126925	none	none	0.0	0.0	0.0	128	n	83.5	weak	3.3
3806-Resolution_Adopted_by_the_General_Council_28-05-1966.pdf	3806	1	120617	none	none	0.0	0.0	0.0	128	n	76.2	weak	3.4
3807-Resolution_Adopted_by_the_General_Council_28-05-1966.pdf	3807	1	144948	none	none	0.0	0.0	0.0	128	n	79.4	weak	4.2
3808-Resolution_Adopted_by_the_General_Council_28-05-1966.pdf	3808	1	188500	none	none	0.0	0.0	0.0	128	n	80.5	weak	6.7
3809-Resolution_Adopted_by_the_General_Council_28-05-1966.pdf	3809	1	129771	none	none	0.0	0.0	0.0	128	n	35.2	faint	23.8
381-Swatantra_Party_Minutes_of_Meeting_05-12-1970.pdf	381	1	188887	none	none	0.0	0.0	0.0	128	n	98.9	adequate	8.0
3810-Resolution_Adopted_by_the_General_Council_28-05-1966.pdf	3810	1	125670	none	none	0.0	0.0	0.0	128	n	88.2	weak	2.5
3811-Resolution_Adopted_by_the_General_Council_28-05-1966.pdf	3811	1	167006	none	none	0.0	0.0	0.0	128	n	58.7	faint	7.2
3812-Resolution_Adopted_by_the_General_Council_28-05-1966.pdf	3812	1	253042	none	none	0.0	0.0	0.0	128	n	83.4	weak	10.2
3813-Resolution_Adopted_by_the_General_Council_28-05-1966.pdf	3813	1	161617	none	none	0.0	0.0	0.0	128	n	96.2	adequate	5.1
3814-Resolution_Adopted_by_the_General_Council_28-05-1966.pdf	3814	1	111744	none	none	0.0	0.0	0.0	128	n	88.6	weak	2.9
3815-General_Secretarys_Letter_no-119_04-06-1966.pdf	3815	1	148417	none	none	0.0	0.0	0.0	128	n	98.2	adequate	6.6
3816-General_Secretarys_Letter_no-118_04-06-1966.pdf	3816	1	169718	none	none	0.0	0.0	0.0	128	n	100.1	adequate	8.2
3817-General_Council_Circular_no-22_19-05-1966.pdf	3817	1	235142	none	none	0.0	0.0	0.0	128	n	88.4	weak	9.9
3818-The_Strategy_for_the_General_Elections.pdf	3818	6	1632158	none	none	0.0	0.0	0.0	128	n	68.7	weak	14.9
3819-National_Executive_Circular_no-10_17-05-1966.pdf	3819	1	117720	none	none	0.0	0.0	0.0	128	n	99.2	adequate	3.8
382-Swatantra_Party_Minutes_of_Meeting_27-11-1970.pdf	382	2	379437	none	none	0.0	0.0	0.0	128	n	104.4	adequate	6.4
3820-General_Secretarys_Letter_no-117_09-05-1966.pdf	3820	1	129045	none	none	0.0	0.0	0.0	128	n	91.0	adequate	5.0
3821-National_Executive_Circular_no-9_06-05-1966.pdf	3821	21	4243838	none	none	0.0	0.0	0.0	128	n	82.9	weak	9.8
3822-General_Council_Circular_no-21_25-04-1966.pdf	3822	1	132590	none	none	0.0	0.0	0.0	128	n	109.7	adequate	5.3
3823-Central_Parliamentary_Board_no-9_20-04-1966.pdf	3823	1	163374	none	none	0.0	0.0	0.0	128	n	90.9	adequate	5.6
3824-National_Executive_Circular_no-8_20-04-1966.pdf	3824	1	196744	none	none	0.0	0.0	0.0	128	n	91.1	adequate	7.4
3825-General_Council_Circular_no-21_20-04-1966.pdf	3825	1	174827	none	none	0.0	0.0	0.0	128	n	85.0	weak	6.4
3826-Details_Regarding_Reception_26-05-1966.pdf	3826	4	595152	none	none	0.0	0.0	0.0	128	n	36.6	faint	20.7
3827-General_Secretarys_Letter_no-116_11-04-1966.pdf	3827	1	149357	none	none	0.0	0.0	0.0	128	n	82.7	weak	5.9
3828-General_Council_Circular_no-20_11-04-1966.pdf	3828	1	107233	none	none	0.0	0.0	0.0	128	n	106.1	adequate	3.5
3829-Central_Parliamentary_Board_Circular_no-8_11-04-1966.pdf	3829	1	107859	none	none	0.0	0.0	0.0	128	n	107.8	adequate	3.5
383-Swatantra_Party_Minutes_of_Meeting_10-11-1970.pdf	383	1	204617	none	none	0.0	0.0	0.0	128	n	82.5	weak	7.8
3830-National_Executive_Circular_no-7_11-04-1966.pdf	3830	1	108673	none	none	0.0	0.0	0.0	128	n	101.7	adequate	3.4
3831-General_Secretarys_Letter_no-115_05-03-1966.pdf	3831	1	136618	none	none	0.0	0.0	0.0	128	n	72.3	weak	6.1
3832-National_Executive_Circular_no-5_17-02-1986.pdf	3832	1	114640	none	none	0.0	0.0	0.0	128	n	96.5	adequate	3.5
3833-Letter_to_K_V_K_Sundaram_28-10-1965.pdf	3833	22	4599236	none	none	0.0	0.0	0.0	128	n	65.2	weak	13.0
3834-Swatantra_Party_Manifesto.pdf	3834	20	2295639	none	none	0.0	0.0	0.0	128	y	71.2	weak	22.2
3835-A_Bold_Move.pdf	3835	2	416457	none	none	0.0	0.0	0.0	128	n	50.4	faint	18.3
3836-Central_Office_Circular_no-44_11-02-1966.pdf	3836	1	118326	none	none	0.0	0.0	0.0	128	n	87.3	weak	5.5
3837-A_hotel_recommendation_of_a_prospective_parliament.pdf	3837	9	1430992	none	none	0.0	0.0	0.0	128	n	49.3	faint	20.5
3838-A_model_quaterly_report_from_a_prospective_parliamentary_candidate.pdf	3838	10	1865133	none	none	0.0	0.0	0.0	128	y	66.5	weak	8.2
3839-Central_Office_Circular_no-43_10-02-1966.pdf	3839	7	1471997	none	none	0.0	0.0	0.0	128	n	96.7	adequate	8.6
384-Swatantra_Party_Minutes_of_Meeting_09-11-1970.pdf	384	2	437832	none	none	0.0	0.0	0.0	128	n	88.4	weak	8.7
3840-Central_Parliamentary_Board_Circular_no-7_08-02-1966.pdf	3840	1	198053	none	none	0.0	0.0	0.0	128	n	77.3	weak	9.7
3841-General_Secretarys_Letter_no-4_04-02-1966.pdf	3841	1	168859	none	none	0.0	0.0	0.0	128	n	71.8	weak	7.9
3842-General_Secretarys_Letter_no-114_02-02-1966.pdf	3842	2	290022	none	none	0.0	0.0	0.0	128	n	68.2	weak	5.7
3843-General_Secretarys_Letter_no-114_02-02-1966.pdf	3843	2	281919	none	none	0.0	0.0	0.0	128	n	67.3	weak	5.9
3844-Letter_from_S_V_Raju_29-01-1966.pdf	3844	1	122827	none	none	0.0	0.0	0.0	128	n	81.3	weak	95.2
3845-General_Secretarys_Letter_Candidates_no-3_28-01-1966.pdf	3845	1	172167	none	none	0.0	0.0	0.0	128	n	90.6	adequate	6.5
3846-Circular_Letter_to_Field_Organisation_no-3_28-01-1966.pdf	3846	1	131307	none	none	0.0	0.0	0.0	128	n	72.4	weak	7.6
3847-Circular_Letter_to_Field_Organisation_no-2_27-01-1966.pdf	3847	1	138453	none	none	0.0	0.0	0.0	128	n	82.6	weak	11.1
3848-General_Secretarys_Letter_Candidates_no-2_27-01-1966.pdf	3848	1	163246	none	none	0.0	0.0	0.0	128	n	72.8	weak	8.9
3849-Letter_from_Mr_Minoo_Masani_17-01-1966.pdf	3849	1	175804	none	none	0.0	0.0	0.0	128	n	81.4	weak	9.1
385-Swatantra_Party_Minutes_of_Meeting_13-08-1970.pdf	385	2	345813	none	none	0.0	0.0	0.0	128	n	93.5	adequate	5.9
3850-First_Meeting_of_the_Indian_Group_of_the_Liberal_International_30-12-1965.pdf	3850	2	344662	none	none	0.0	0.0	0.0	128	n	91.2	adequate	6.5
3851-General_Secretarys_Letter_no-112_30-12-1965.pdf	3851	1	156204	none	none	0.0	0.0	0.0	128	n	97.0	adequate	7.0
3852-General_Secretarys_Letter_no-113_30-12-1965.pdf	3852	1	154658	none	none	0.0	0.0	0.0	128	n	94.5	adequate	6.2
3853-Central_Parliamentary_Board_Subcommittee_Circular_no-8_65_30-12-1965.pdf	3853	1	174209	none	none	0.0	0.0	0.0	128	n	101.2	adequate	8.1
3854-Central_Office_Circular_no-42_17-12-1965.pdf	3854	1	111417	none	none	0.0	0.0	0.0	128	n	108.6	adequate	3.6
3855-Central_Parliamentary_Board_Subcommittee_Circular_no-7_65_24-11-1965.pdf	3855	2	337831	none	none	0.0	0.0	0.0	128	n	106.6	adequate	9.1
3856-Central_Organising_Committee_Circular_no-29_18-11-1965.pdf	3856	1	141508	none	none	0.0	0.0	0.0	128	n	120.7	adequate	6.0
3857-Central_Office_Circular_no-42_17-12-1965.pdf	3857	1	114794	none	none	0.0	0.0	0.0	128	n	117.8	adequate	3.3
3858-General_Secretarys_Letter_no-110_15-11-1965.pdf	3858	2	464926	none	none	0.0	0.0	0.0	128	n	81.4	weak	10.2
3859-General_Secretarys_Letter_no-111_06-12-1965.pdf	3859	1	151340	none	none	0.0	0.0	0.0	128	n	105.1	adequate	5.7
386-Swatantra_Party_Minutes_of_Meeting_31-07-1970.pdf	386	2	366590	none	none	0.0	0.0	0.0	128	n	107.1	adequate	7.4
3860-Central_Office_Circular_no-41_10-11-1965.pdf	3860	1	113349	none	none	0.0	0.0	0.0	128	n	76.6	weak	6.1
3861-Swatantra_party_Circular_10-11-1965.pdf	3861	1	85573	none	none	0.0	0.0	0.0	128	y	130.4	strong	5.2
3862-Swatantra_Party_Central_Parliamentary_Board_31-10-1965.pdf	3862	2	371022	none	none	0.0	0.0	0.0	128	n	88.0	weak	8.0
3863-Resolution_of_the_National_Executive_Swatantra_party_01-11-1965.pdf	3863	5	947585	none	none	0.0	0.0	0.0	128	n	71.1	weak	10.1
3864-Swatantra_party_Circular_26-10-1965.pdf	3864	3	391253	none	none	0.0	0.0	0.0	128	n	63.0	weak	9.1
3865-Swatantra_party_Circular_22-10-1965.pdf	3865	1	117431	none	none	0.0	0.0	0.0	128	n	86.0	weak	3.5
3866-National_Executive_Circular_no-3_1965_18-10-1965.pdf	3866	1	169257	none	none	0.0	0.0	0.0	128	n	89.0	weak	6.8
3867-Central_Parliamentary_Board_Circular_No-5_1965_18-10-1965.pdf	3867	1	157576	none	none	0.0	0.0	0.0	128	n	90.7	adequate	6.1
3868-National_Executive_Circular_no-2_1965_24-09-1965.pdf	3868	1	117509	none	none	0.0	0.0	0.0	128	n	95.4	adequate	4.4
3869-Central_Parliamentary_Board_Circular_no-4_65_24-09-1965.pdf	3869	1	115234	none	none	0.0	0.0	0.0	128	n	110.4	adequate	3.8
387-Swatantra_Party_Minutes_of_Meeting_27-07-1970.pdf	387	2	336742	none	none	0.0	0.0	0.0	128	n	70.0	weak	22.1
3870-Circular_Letter_to_Prospective_Candidates_no-1_22-09-1965.pdf	3870	1	125744	none	none	0.0	0.0	0.0	128	n	95.4	adequate	5.0
3871-Swatantra_party_Circular_15-09-1965.pdf	3871	2	266018	none	none	0.0	0.0	0.0	128	n	48.1	faint	14.5
3872-Swatantra_party_Express_Delivery_18-08-1965.pdf	3872	1	113094	none	none	0.0	0.0	0.0	128	n	93.1	adequate	6.7
3873-Central_parliamentary_subcommittee_Circular_no-5_65_09-08-1965.pdf	3873	1	112776	none	none	0.0	0.0	0.0	128	n	117.7	adequate	5.4
3874-Central_parliamentary_subcommittee_Circular_no-4_65_02-08-1965.pdf	3874	1	131824	none	none	0.0	0.0	0.0	128	n	104.8	adequate	8.7
3875-General_Secertarys_Letter_no-106_03-07-1965.pdf	3875	8	1791254	none	none	0.0	0.0	0.0	128	n	84.5	weak	10.3
3876-Central_parliamentary_subcommittee_Circular_no-3_65_01-07-1965.pdf	3876	1	129781	none	none	0.0	0.0	0.0	128	n	85.7	weak	5.8
3877-Central_parliamentary_subcommittee_Circular_no-2_23-06-1965.pdf	3877	1	117287	none	none	0.0	0.0	0.0	128	n	91.8	adequate	7.4
3878-Letter_to_Mr_Minoo_Masani_22-06-1965.pdf	3878	1	135107	none	none	0.0	0.0	0.0	128	n	85.3	weak	5.7
3879-General_Secertarys_Letter_no-105_19-06-1970.pdf	3879	2	312414	none	none	0.0	0.0	0.0	128	n	50.8	faint	16.9
388-Swatantra_Party_Minutes_of_Meeting_05-05-1970.pdf	388	1	179380	none	none	0.0	0.0	0.0	128	n	90.1	adequate	6.1
3880-General_Secertarys_Letter_no-104_14-06-1965.pdf	3880	2	420455	none	none	0.0	0.0	0.0	128	n	74.0	weak	9.4
3881-General_Secertarys_Letter_no-103_07-06-1965.pdf	3881	1	111421	none	none	0.0	0.0	0.0	128	n	101.8	adequate	3.7
3882-Letter_from_S_V_Raju_13-05-1965.pdf	3882	1	105655	none	none	0.0	0.0	0.0	128	n	108.5	adequate	3.5
3883-Swatantra_Party_Minutes_of_Meeting_08-05-1965.pdf	3883	4	622046	none	none	0.0	0.0	0.0	128	n	79.8	weak	34.9
3884-General_Secertarys_Letter_no-102_22-04-1965.pdf	3884	1	157833	none	none	0.0	0.0	0.0	128	n	69.2	weak	10.0
3885-General_Secertarys_Letter_no-101_21-04-1965.pdf	3885	2	383020	none	none	0.0	0.0	0.0	128	n	63.7	weak	14.7
3886-General_Secertarys_Letter_no-100_19-04-1965.pdf	3886	1	142669	none	none	0.0	0.0	0.0	128	n	71.3	weak	9.4
3887-Letter_from_Mr_Minoo_Masani.pdf	3887	1	118314	none	none	0.0	0.0	0.0	128	n	78.6	weak	6.3
3888-General_Secertarys_Letter_no-98_25-03-1965.pdf	3888	1	189062	none	none	0.0	0.0	0.0	128	n	75.9	weak	8.9
3889-General_Secertarys_Letter_no-99_25-03-1965.pdf	3889	2	319038	none	none	0.0	0.0	0.0	128	n	50.8	faint	22.4
389-Swatantra_Party_Minutes_of_Meeting_07-04-1970.pdf	389	1	220346	none	none	0.0	0.0	0.0	128	n	100.7	adequate	8.9
3890-General_Secertarys_Letter_no-97_23-03-1965.pdf	3890	4	794310	none	none	0.0	0.0	0.0	128	n	80.7	weak	8.9
3891-Functioning_of_Organisers_in_Parliamentary_Constituencies.pdf	3891	3	654901	none	none	0.0	0.0	0.0	128	n	92.1	adequate	10.4
3892-General_Secertarys_Statement_of_Organisations.pdf	3892	7	1426467	none	none	0.0	0.0	0.0	128	n	57.6	faint	19.8
3893-Procedure_reselection_of_parliamentary_constituencies_and_nomination_of_prospective_candidates.pdf	3893	3	640184	none	none	0.0	0.0	0.0	128	n	75.7	weak	11.6
3894-General_Parliamentary_Subcommittee_Circular_no-1_65_19-03-1965.pdf	3894	1	95681	none	none	0.0	0.0	0.0	128	y	121.7	adequate	6.0
3895-Procedure_regarding_by_election_to_the_Loksabha_and_RajyaSabha.pdf	3895	1	177135	none	none	0.0	0.0	0.0	128	n	47.6	faint	27.1
3896-Procedure_reselection_of_Parliamentary_Constituencies.pdf	3896	2	443953	none	none	0.0	0.0	0.0	128	n	60.6	weak	19.2
3897-Central_Office_Circular_no-36_05-03-1965.pdf	3897	2	321966	none	none	0.0	0.0	0.0	128	n	82.1	weak	6.9
3898-General_Secertarys_Letter_no-97_05-03-1965.pdf	3898	1	126183	none	none	0.0	0.0	0.0	128	n	100.7	adequate	5.0
3899-Central_Parliamentary_Board_Circular_No-2_1965_03-03-1965.pdf	3899	1	129727	none	none	0.0	0.0	0.0	128	n	100.1	adequate	5.3
39-Letter_to_Mr_Minoo_Masani_11-03-1971.pdf	39	1	127065	none	none	0.0	0.0	0.0	128	y	101.1	adequate	4.7
390-Swatantra_Party_Minutes_of_Meeting_02-04-1970.pdf	390	1	155684	none	none	0.0	0.0	0.0	128	n	91.9	adequate	4.7
3900-General_Secertarys_Letter_no-95_02-03-1965.pdf	3900	1	147610	none	none	0.0	0.0	0.0	128	n	102.1	adequate	6.4
3901-Central_Parliamentary_Board_Circular_No-1_1965_22-02-1965.pdf	3901	1	123455	none	none	0.0	0.0	0.0	128	n	91.7	adequate	4.7
3902-Letter_to_Rajiv_Patel.pdf	3902	22	4267699	none	none	0.0	0.0	0.0	128	y	107.3	adequate	7.2
3903-Central_Parliamentary_Board_Circular_No-22_18-12-1967.pdf	3903	3	575283	none	none	0.0	0.0	0.0	128	n	70.8	weak	9.1
3904-Central_Office_Circular_no-89_16-12-1967.pdf	3904	2	294060	none	none	0.0	0.0	0.0	128	n	66.0	weak	8.4
3905-Letter_from_P_B_Meckoni_15-12-1967.pdf	3905	1	202218	none	none	0.0	0.0	0.0	128	n	71.5	weak	11.1
3906-Central_Office_Circular_no-88_12-12-1967.pdf	3906	1	154300	none	none	0.0	0.0	0.0	128	n	66.7	weak	7.8
3907-Central_Office_Circular_no-65_06-12-1967.pdf	3907	1	142278	none	none	0.0	0.0	0.0	128	n	59.9	faint	10.4
3908-Central_Office_Circular_no-86_06-12-1967.pdf	3908	1	134188	none	none	0.0	0.0	0.0	128	n	56.1	faint	13.5
3909-Central_Office_Circular_no-87_06-12-1967.pdf	3909	4	593319	none	none	0.0	0.0	0.0	128	n	58.0	faint	12.1
391-Swatantra_Party_Minutes_of_Meeting_30-03-1970.pdf	391	1	145891	none	none	0.0	0.0	0.0	128	n	118.2	adequate	3.8
3910-Swatantra_Party_Central_Parliamentary_Board-1967-69.pdf	3910	1	115325	none	none	0.0	0.0	0.0	128	n	37.0	faint	16.9
3911-General_Secretarys_Letter_no-65_04-12-1697.pdf	3911	1	188709	none	none	0.0	0.0	0.0	128	n	64.1	weak	13.9
3912-General_Secretarys_Letter_no-166_04-12-1967.pdf	3912	8	1173913	none	none	0.0	0.0	0.0	128	n	92.5	adequate	7.0
3913-Resolution_moved_by_Mr_Minoo_Masani.pdf	3913	1	140078	none	none	0.0	0.0	0.0	128	n	110.5	adequate	3.4
3914-Resolution_moved_by_Mr_Minoo_Masani.pdf	3914	1	157347	none	none	0.0	0.0	0.0	128	n	115.7	adequate	4.5
3915-Resolution_moved_by_Mr_Minoo_Masani.pdf	3915	1	149868	none	none	0.0	0.0	0.0	128	n	119.5	adequate	3.7
3916-Contrediction_issue_by_Mr_R_N_Singh.pdf	3916	1	127832	none	none	0.0	0.0	0.0	128	n	106.0	adequate	3.1
3917-List_of_Office_Bearers_and_Members_1967-69.pdf	3917	1	134246	none	none	0.0	0.0	0.0	128	n	120.7	adequate	3.9
3918-Procedure_for_Election_of_Office_Bearers.pdf	3918	12	1607038	none	none	0.0	0.0	0.0	128	n	116.8	adequate	31.9
3919-General_Secertarys_Letter_no-164_14-12-1967.pdf	3919	6	1220794	none	none	0.0	0.0	0.0	128	n	58.2	faint	13.5
392-Swatantra_Party_Minutes_of_Meeting_25-03-1970.pdf	392	1	144062	none	none	0.0	0.0	0.0	128	n	94.9	adequate	4.4
3920-For_Favour_of_Publication.pdf	3920	1	157026	none	none	0.0	0.0	0.0	128	n	74.2	weak	7.7
3921-For_Favour_of_Publication.pdf	3921	1	170307	none	none	0.0	0.0	0.0	128	n	100.7	adequate	4.7
3922-For_Favour_of_Publication.pdf	3922	4	765447	none	none	0.0	0.0	0.0	128	n	68.7	weak	13.5
3923-General_Council_Circular_no-24_26-10-1967.pdf	3923	3	476530	none	none	0.0	0.0	0.0	128	n	52.2	faint	15.8
3924-National_Executive_Circular_no-25_25-10-1967.pdf	3924	1	167891	none	none	0.0	0.0	0.0	128	n	79.4	weak	11.3
3925-Swatantra_Party_General_Council.pdf	3925	4	655075	none	none	0.0	0.0	0.0	128	n	122.3	adequate	8.2
3926-How_Swatantra_party_can_rule_the_Country.pdf	3926	2	364943	none	none	0.0	0.0	0.0	128	n	39.3	faint	21.2
3927-General_Secertarys_Report_on_Party_Organisation_13-02-1965.pdf	3927	12	2208994	none	none	0.0	0.0	0.0	128	n	68.5	weak	10.0
3928-Central_Office_Circular_no-83_19-10-1667.pdf	3928	1	164581	none	none	0.0	0.0	0.0	128	n	105.9	adequate	6.3
3929-Central_Office_Circular_no-82_10-10-1967.pdf	3929	8	1363079	none	none	0.0	0.0	0.0	128	n	73.5	weak	6.7
393-Swatantra_Party_Minutes_of_Meeting_10-03-1970.pdf	393	1	119967	none	none	0.0	0.0	0.0	128	n	89.5	weak	4.2
3930-Central_Office_Circular_no-81_17-10-1967.pdf	3930	1	156247	none	none	0.0	0.0	0.0	128	n	88.1	weak	7.3
3931-Central_Office_Circular_no-80_17-10-1967.pdf	3931	1	146922	none	none	0.0	0.0	0.0	128	n	107.2	adequate	4.2
3932-General_Secertarys_Letter_no-14_16-10-1967.pdf	3932	1	230138	none	none	0.0	0.0	0.0	128	n	81.9	weak	11.0
3933-General_Secertarys_Letter_no-163_16-10-1967.pdf	3933	2	437113	none	none	0.0	0.0	0.0	128	n	81.7	weak	9.9
3934-General_Secertarys_Letter_no-14_16-10-1697.pdf	3934	1	228549	none	none	0.0	0.0	0.0	128	n	88.7	weak	10.5
3935-National_Executive_Circular_no-24_06-10-1967.pdf	3935	2	340680	none	none	0.0	0.0	0.0	128	n	72.3	weak	7.3
3936-General_Secertarys_Letter_no-162_27-09-1967.pdf	3936	1	189732	none	none	0.0	0.0	0.0	128	n	96.4	adequate	7.4
3937-Letter_to_N_Dandeker_15-09-1967.pdf	3937	3	533976	none	none	0.0	0.0	0.0	128	n	63.6	weak	41.4
3938-National_Executive_Circular_no-22E_13-09-1967.pdf	3938	3	438870	none	none	0.0	0.0	0.0	128	n	63.5	weak	8.0
3939-National_Executive_Circular_no-22D_09-09-1967.pdf	3939	3	416928	none	none	0.0	0.0	0.0	128	n	53.5	faint	12.7
394-Swatantra_Party_Minutes_of_Meeting_03-03-1970.pdf	394	1	209532	none	none	0.0	0.0	0.0	128	n	78.7	weak	7.8
3940-Letter_from_S_V_Raju_06-09-1967.pdf	3940	4	674300	none	none	0.0	0.0	0.0	128	n	67.3	weak	9.2
3941-Letter_from_S_V_Raju_06-091967.pdf	3941	1	157779	none	none	0.0	0.0	0.0	128	n	75.1	weak	9.0
3942-National_Executive_Circular_no-22B_02-09-1967.pdf	3942	1	147596	none	none	0.0	0.0	0.0	128	n	68.8	weak	8.6
3943-National_Executive_Circular_no-22A_31-08-1967.pdf	3943	2	324865	none	none	0.0	0.0	0.0	128	n	50.9	faint	12.7
3944-National_Executive_Circular_no-23_31-08-1967.pdf	3944	2	336556	none	none	0.0	0.0	0.0	128	n	61.3	weak	12.7
3945-General_Parliamentary_Board_Circular_no-20_10-08-1967.pdf	3945	3	485452	none	none	0.0	0.0	0.0	128	n	61.0	weak	11.1
3946-General_Secertarys_Letter_no-161_08-08-1967.pdf	3946	2	422037	none	none	0.0	0.0	0.0	128	n	64.7	weak	13.5
3947-General_Secertarys_Letter_no-160_07-08-1967.pdf	3947	24	2959465	none	none	0.0	0.0	0.0	128	n	89.2	weak	10.0
3948-Swatantra_Party-Our_party_Elections_02-08-1967.pdf	3948	7	1123495	none	none	0.0	0.0	0.0	128	y	98.2	adequate	5.2
3949-General_Secertarys_Letter_no-69_07-07-1967.pdf	3949	1	182388	none	none	0.0	0.0	0.0	128	n	81.6	weak	10.5
395-Swatantra_Party_Minutes_of_Meeting_23-02-1970.pdf	395	1	200759	none	none	0.0	0.0	0.0	128	n	89.8	weak	9.0
3950-General_Secertarys_Letter_no-158_07-07-1967.pdf	3950	2	325005	none	none	0.0	0.0	0.0	128	n	65.8	weak	12.9
3951-Swatantra_party_Circular_04-07-1967.pdf	3951	3	424096	none	none	0.0	0.0	0.0	128	y	101.0	adequate	7.2
3952-Swatantra_party_Circular_04-07-1967.pdf	3952	2	183713	none	none	0.0	0.0	0.0	128	y	88.6	weak	6.2
3953-General_Secertarys_Letter_no-157_28-06-1967.pdf	3953	22	2823955	none	none	0.0	0.0	0.0	128	n	98.1	adequate	9.1
3954-Letter_from_S_V_Raju_26-06-1967.pdf	3954	1	187461	none	none	0.0	0.0	0.0	128	n	100.7	adequate	6.2
3955-Letter_from_V_P_Bhatia_26-06-1967.pdf	3955	1	146939	none	none	0.0	0.0	0.0	128	n	96.6	adequate	4.0
3956-Compilments_of_Swatantra_party.pdf	3956	4	522657	none	none	0.0	0.0	0.0	128	y	99.0	adequate	6.5
3957-Letter_from_S_V_Raju_15-06-1967.pdf	3957	1	191527	none	none	0.0	0.0	0.0	128	n	115.1	adequate	8.2
3958-Letter_from_S_V_Raju_29-05-1967.pdf	3958	1	163701	none	none	0.0	0.0	0.0	128	n	87.0	weak	6.8
3959-Letter_from_N_Dandekar_30-05-1967.pdf	3959	1	218989	none	none	0.0	0.0	0.0	128	n	82.2	weak	12.4
396-Swatantra_Party_Minutes_of_Meeting_02-03-1970.pdf	396	1	76718	none	none	0.0	0.0	0.0	128	n	105.5	adequate	3.4
3960-General_Secertarys_Letter_no-156_30-05-1967.pdf	3960	1	161417	none	none	0.0	0.0	0.0	128	n	62.8	weak	9.6
3961-General_Secertarys_Letter_no-153_29-05-1967.pdf	3961	5	1113463	none	none	0.0	0.0	0.0	128	n	70.7	weak	13.6
3962-General_Secertarys_Letter_no-154_29-05-1967.pdf	3962	1	190468	none	none	0.0	0.0	0.0	128	n	101.5	adequate	9.1
3963-National_Executive_Circular_no-20_29-05-1967.pdf	3963	1	169013	none	none	0.0	0.0	0.0	128	n	98.4	adequate	8.2
3964-General_Secertarys_Letter_no-155_29-05-1967.pdf	3964	5	1003105	none	none	0.0	0.0	0.0	128	n	80.6	weak	10.6
3965-Central_Office_Circular_no-75_26-05-1967.pdf	3965	1	160350	none	none	0.0	0.0	0.0	128	n	79.3	weak	9.0
3966-Central_Office_Circular_no-36_26-05-1967.pdf	3966	1	157739	none	none	0.0	0.0	0.0	128	n	113.0	adequate	5.8
3967-The_Indian_Cotton_Mills_Federation_19-10-1966.pdf	3967	4	789650	none	none	0.0	0.0	0.0	128	n	81.7	weak	10.7
3968-Central_Parliamentary_Board_Circular_No-19_09-05-1967.pdf	3968	1	152734	none	none	0.0	0.0	0.0	128	n	106.2	adequate	7.9
3969-National_Executive_Circular_no-19_09-05-1967.pdf	3969	1	154800	none	none	0.0	0.0	0.0	128	n	123.3	adequate	6.1
397-Swatantra_Party_Minutes_of_Meeting_19-02-1970.pdf	397	2	422370	none	none	0.0	0.0	0.0	128	n	91.2	adequate	8.1
3970-Letter_from_Mr_Minoo_Masani_04-05-1967.pdf	3970	1	129237	none	none	0.0	0.0	0.0	128	n	91.5	adequate	7.3
3971-For_Favour_of_Publication_03-05-1967.pdf	3971	3	760578	none	none	0.0	0.0	0.0	128	n	72.6	weak	16.8
3972-General_Secertarys_Letter_no-13_26-04-1967.pdf	3972	1	140021	none	none	0.0	0.0	0.0	128	n	77.0	weak	8.0
3973-National_Executive_Circular_no-18_28-04-1967.pdf	3973	1	133577	none	none	0.0	0.0	0.0	128	n	91.3	adequate	7.0
3974-Central_Parliamentary_Board_no-18_28-04-1967.pdf	3974	1	127653	none	none	0.0	0.0	0.0	128	n	88.1	weak	6.7
3975-General_Secertarys_Letter_no-152_18-04-1967.pdf	3975	2	354033	none	none	0.0	0.0	0.0	128	n	54.3	faint	17.8
3976-Central_Office_Circular_no-74_17-04-1967.pdf	3976	1	152264	none	none	0.0	0.0	0.0	128	n	74.6	weak	8.4
3977-General_Secertarys_Letter_no-12_15-04-1967.pdf	3977	1	250306	none	none	0.0	0.0	0.0	128	n	67.1	weak	16.4
3978-General_Secertarys_Letter_no-151_15-04-1967.pdf	3978	1	194572	none	none	0.0	0.0	0.0	128	n	73.5	weak	10.6
3979-Central_Parliamentary_Board_Circular_No-23_12-04-1967.pdf	3979	2	413983	none	none	0.0	0.0	0.0	128	n	99.3	adequate	15.5
398-Swatantra_Party_Minutes_of_Meeting_08-12-1969.pdf	398	1	210129	none	none	0.0	0.0	0.0	128	n	95.7	adequate	6.3
3980-Central_Office_Circular_no-73_27-03-1967.pdf	3980	1	142237	none	none	0.0	0.0	0.0	128	n	84.4	weak	93.0
3981-General_Secertarys_Letter_no-150_25-03-1967.pdf	3981	1	197031	none	none	0.0	0.0	0.0	128	n	75.6	weak	11.4
3982-General_Secertarys_Letter_no-148_21-03-1967.pdf	3982	1	139414	none	none	0.0	0.0	0.0	128	n	55.8	faint	15.6
3983-General_Secertarys_Letter_no-149_21-03-1967.pdf	3983	2	351538	none	none	0.0	0.0	0.0	128	n	57.8	faint	14.5
3984-Central_Parliamentary_Board_Circular_No-17_08-03-1967.pdf	3984	1	152935	none	none	0.0	0.0	0.0	128	n	123.8	adequate	3.5
3985-General_Secertarys_Letter_no-147_04-03-1967.pdf	3985	1	165384	none	none	0.0	0.0	0.0	128	n	121.5	adequate	4.3
3986-General_Secertarys_Letter_no-146_03-03-1967.pdf	3986	1	149709	none	none	0.0	0.0	0.0	128	n	115.4	adequate	4.2
3987-General_Secertarys_Letter_to_MP_no-11_23-03-1967.pdf	3987	1	161362	none	none	0.0	0.0	0.0	128	n	85.6	weak	7.9
3988-National_Executive_Circular_no-17_03-03-1967.pdf	3988	1	152946	none	none	0.0	0.0	0.0	128	n	118.8	adequate	3.8
3989-Central_Office_Circular_no-72_02-03-1967.pdf	3989	1	163662	none	none	0.0	0.0	0.0	128	n	62.0	weak	13.3
399-Swatantra_Party_Minutes_of_Meeting_04-12-1969.pdf	399	1	161652	none	none	0.0	0.0	0.0	128	n	97.6	adequate	5.3
3990-Central_Office_Circular_no-65_25-01-1967.pdf	3990	2	254164	none	none	0.0	0.0	0.0	128	n	90.7	adequate	4.9
3991-Central_Parliamentary_Board_Circular_No-15_19-01-1967.pdf	3991	1	185751	none	none	0.0	0.0	0.0	128	n	82.9	weak	8.8
3992-General_Secertarys_Letter_no-145_17-01-1967.pdf	3992	1	180227	none	none	0.0	0.0	0.0	128	n	94.0	adequate	7.5
3993-Central_Office_Circular_no-63_16-01-1967.pdf	3993	1	148003	none	none	0.0	0.0	0.0	128	n	58.3	faint	19.9
3994-Authorisation_of_Priority_Important_on_Trunk_calls_06-01-1967.pdf	3994	2	439963	none	none	0.0	0.0	0.0	128	n	78.1	weak	12.0
3995-General_Parliamentary_Board_Sub-committee_Circular_no-22_20-12-1966.pdf	3995	1	132216	none	none	0.0	0.0	0.0	128	n	101.9	adequate	6.7
3996-Central_Office_Circular_no-60_31-12-1966.pdf	3996	2	224733	none	none	0.0	0.0	0.0	128	n	89.9	weak	3.8
3997-Letter_from_S_V_Raju_31-12-1966.pdf	3997	1	140259	none	none	0.0	0.0	0.0	128	n	89.3	weak	6.1
3998-Central_Office_Circular_no-59_23-12-1966.pdf	3998	2	227176	none	none	0.0	0.0	0.0	128	n	58.9	faint	13.4
3999-Central_Office_Circular_no-56_17-12-1966.pdf	3999	2	253159	none	none	0.0	0.0	0.0	128	n	96.3	adequate	4.3
4-Letter_to_Mr_Minoo_Masani_27-03-1971.pdf	4	2	412640	none	none	0.0	0.0	0.0	128	y	52.0	faint	12.5
40-Mr_Minoo_Masanis_Defeat.pdf	40	3	611667	none	none	0.0	0.0	0.0	128	y	105.2	adequate	8.8
400-Swatantra_Party_Minutes_of_Meeting_04-12-1969.pdf	400	1	254225	none	none	0.0	0.0	0.0	128	n	97.6	adequate	10.9
4000-Central_Parliamentary_Board_Subcommittee_Circular_no-21_19-12-1966.pdf	4000	2	316028	none	none	0.0	0.0	0.0	128	n	136.4	strong	8.6
4001-General_Secretarys_Letter_to_Prospective_Parliamentary_Candidates_no-9_30-11-1966.pdf	4001	1	112027	none	none	0.0	0.0	0.0	128	n	98.7	adequate	3.6
4002-Central_Parliamentary_Board_Circular_No-14_30-11-1966.pdf	4002	1	116932	none	none	0.0	0.0	0.0	128	n	97.5	adequate	4.4
4003-National_Executive_Circular_no-16_30-11-1966.pdf	4003	1	111163	none	none	0.0	0.0	0.0	128	n	103.4	adequate	3.8
4004-General_Council_Circular_no-23_30-11-1966.pdf	4004	1	101235	none	none	0.0	0.0	0.0	128	n	101.6	adequate	2.9
4005-General_Secretarys_Letter_no-143_18-11-1966.pdf	4005	1	116571	none	none	0.0	0.0	0.0	128	n	112.7	adequate	4.5
4006-General_Secretarys_Letter_no-142_16-11-1966.pdf	4006	7	840866	none	none	0.0	0.0	0.0	128	n	106.8	adequate	5.3
4007-General_Secretarys_Letter_to_Prospective_Parliamentary_Candidates_no-9_26-10-1966.pdf	4007	1	138319	none	none	0.0	0.0	0.0	128	n	106.7	adequate	5.5
4008-Circular_Letter_to_Field_Organiser_no-7_24-10-1966.pdf	4008	1	140368	none	none	0.0	0.0	0.0	128	n	82.0	weak	4.5
4009-National_Executive_Circular_no-15_22-10-1966.pdf	4009	15	2592571	none	none	0.0	0.0	0.0	128	n	53.2	faint	17.7
401-Swatantra_Party_Minutes_of_Meeting_17-11-1969.pdf	401	1	231922	none	none	0.0	0.0	0.0	128	n	103.7	adequate	10.2
4010-General_Secretarys_Letter_no-141_21-10-1966.pdf	4010	1	208416	none	none	0.0	0.0	0.0	128	n	116.7	adequate	8.4
4011-National_Executive_Circular_no-14_18-10-1966.pdf	4011	1	197100	none	none	0.0	0.0	0.0	128	n	115.7	adequate	7.2
4012-Central_Parliamentary_Board_Circular_No-13_18-10-1966.pdf	4012	1	192276	none	none	0.0	0.0	0.0	128	n	103.8	adequate	7.4
4013-General_Secertarys_Letter_no-140_15-10-1966.pdf	4013	1	170092	none	none	0.0	0.0	0.0	128	n	104.9	adequate	4.9
4014-General_Secertarys_Letter_no-139_14-10-1966.pdf	4014	1	167542	none	none	0.0	0.0	0.0	128	n	112.0	adequate	4.6
4015-Central_Office_Circular_no-55_12-10-1966.pdf	4015	1	144382	none	none	0.0	0.0	0.0	128	n	123.8	adequate	2.9
4016-General_Secertarys_Letter_no-138_10-10-1966.pdf	4016	1	229007	none	none	0.0	0.0	0.0	128	n	107.6	adequate	7.9
4017-National_Executive_Circular_no-13_07-10-1966.pdf	4017	1	149763	none	none	0.0	0.0	0.0	128	n	119.1	adequate	3.2
4018-Central_Parliamentary_Board_Circular_No-12_07-10-1966.pdf	4018	1	154069	none	none	0.0	0.0	0.0	128	n	115.8	adequate	3.4
4019-National_Executive_Circular_no-12_30-09-1966.pdf	4019	1	162193	none	none	0.0	0.0	0.0	128	n	101.5	adequate	6.2
402-Swatantra_Party_Minutes_of_Meeting_17-11-1969.pdf	402	1	167804	none	none	0.0	0.0	0.0	128	n	98.5	adequate	5.7
4020-General_Secertarys_Letter_no-53_21-09-1966.pdf	4020	2	319607	none	none	0.0	0.0	0.0	128	n	84.5	weak	5.6
4021-General_Secertarys_Letter_no-136_14-09-1966.pdf	4021	1	184103	none	none	0.0	0.0	0.0	128	n	95.0	adequate	6.5
4022-National_Executive_Circular_no-11_13-09-1966.pdf	4022	3	494280	none	none	0.0	0.0	0.0	128	n	101.3	adequate	4.8
4023-General_Secertarys_Letter_no-135_09-09-1966.pdf	4023	2	302653	none	none	0.0	0.0	0.0	128	n	67.6	weak	44.4
4024-General_Secertarys_Letter_no-134_08-09-1966.pdf	4024	1	133637	none	none	0.0	0.0	0.0	128	n	104.6	adequate	3.1
4025-General_Secertarys_Letter_no-133_31-08-1966.pdf	4025	1	151612	none	none	0.0	0.0	0.0	128	n	109.7	adequate	3.7
4026-General_Secertarys_Letter_no-131_08-08-1966.pdf	4026	1	229342	none	none	0.0	0.0	0.0	128	n	102.1	adequate	7.9
4027-Central_Office_Circular_no-51_18-08-1966.pdf	4027	2	350966	none	none	0.0	0.0	0.0	128	n	109.7	adequate	13.9
4028-Central_Parliamentary_Board_Sub-committee_Circular_No-12_16-08-1966.pdf	4028	3	344530	none	none	0.0	0.0	0.0	152	n	94.6	adequate	6.4
4029-General_Secertarys_Letter_no-132_09-08-1966.pdf	4029	1	176462	none	none	0.0	0.0	0.0	128	n	101.9	adequate	5.1
403-Swatantra_Party_Minutes_of_Meeting_26-08-1969.pdf	403	1	144598	none	none	0.0	0.0	0.0	128	n	88.9	weak	6.0
4030-General_Secretarys_Letter_to_Field_organiser_no-6_05-08-1966.pdf	4030	1	221751	none	none	0.0	0.0	0.0	128	n	98.6	adequate	8.9
4031-General_Secertarys_Letter_no-131_08-08-1966.pdf	4031	2	397824	none	none	0.0	0.0	0.0	128	n	99.1	adequate	6.2
4032-General_Secertarys_Letter_no-130_06-08-1966.pdf	4032	3	766786	none	none	0.0	0.0	0.0	128	y	86.0	weak	14.9
4033-General_Secertarys_Letter_no-129_05-08-1966.pdf	4033	1	208022	none	none	0.0	0.0	0.0	128	n	81.1	weak	9.3
4034-General_Secertarys_Letter_no-128_05-08-1966.pdf	4034	2	387398	none	none	0.0	0.0	0.0	128	n	94.0	adequate	6.5
4035-General_Secertarys_Letter_to_MF_no-10_03-08-1966.pdf	4035	1	235892	none	none	0.0	0.0	0.0	128	n	85.7	weak	8.9
4036-Central_Office_Circular_no-50_30-07-1966.pdf	4036	1	167179	none	none	0.0	0.0	0.0	128	n	97.8	adequate	4.5
4037-Parliamentary_Sub-committee_Circular_29-07-1966.pdf	4037	2	343334	none	none	0.0	0.0	0.0	128	n	77.0	weak	9.6
4038-Central_Office_Circular_no-49_25-07-1966.pdf	4038	3	490070	none	none	0.0	0.0	0.0	128	n	94.7	adequate	5.1
4039-General_Secertarys_Letter_no-127_11-07-1966.pdf	4039	1	159360	none	none	0.0	0.0	0.0	128	n	97.5	adequate	5.6
404-Swatantra_Party_Minutes_of_Meeting_26-08-1969.pdf	404	1	142704	none	none	0.0	0.0	0.0	128	n	106.4	adequate	4.6
4040-Central_Parliamentary_Board_Circular_No-11_07-07-1966.pdf	4040	1	181239	none	none	0.0	0.0	0.0	128	n	85.2	weak	6.5
4041-A_Note_on_Devaluation.pdf	4041	2	396149	none	none	0.0	0.0	0.0	128	n	85.3	weak	6.2
4042-For_Favour_of_Publication_15-06-1966.pdf	4042	2	443046	none	none	0.0	0.0	0.0	128	n	73.4	weak	13.5
4043-Letter_to_Mr_Minoo_Masani_06-07-1966.pdf	4043	1	97922	none	none	0.0	0.0	0.0	128	y	85.4	weak	7.5
4044-For_Favour_of_Publication_29-06-1966.pdf	4044	1	150536	none	none	0.0	0.0	0.0	128	n	83.8	weak	6.9
4045-Letter_to_J_R_D_Tata_27-06-1966.pdf	4045	1	75494	none	none	0.0	0.0	0.0	128	n	82.2	weak	4.2
4046-A_Note_on_Devaluation.pdf	4046	12	1376870	none	none	0.0	0.0	0.0	128	n	101.7	adequate	21.2
4047-Letter_to_L_K_Jha_27-06-1966.pdf	4047	1	127084	none	none	0.0	0.0	0.0	128	n	40.3	faint	43.5
4048-Letter_to_Mr_Minoo_Masani_24-06-1966.pdf	4048	1	82337	none	none	0.0	0.0	0.0	128	y	97.5	adequate	2.8
4049-The_Conscience_of_free_Enterprises.pdf	4049	1	238307	none	none	0.0	0.0	0.0	128	y	82.2	weak	47.5
405-Swatantra_Party_Minutes_of_Meeting_21-08-1969.pdf	405	1	158635	none	none	0.0	0.0	0.0	128	n	117.4	adequate	6.3
4050-Letter_to_B_R_Shenoy_23-06-1966.pdf	4050	1	101010	none	none	0.0	0.0	0.0	128	y	100.6	adequate	5.6
4051-For_Favour_of_Publication_22-06-1966.pdf	4051	1	194709	none	none	0.0	0.0	0.0	128	n	109.7	adequate	6.8
4052-For_Favour_of_Publication_22-06-1966.pdf	4052	1	201472	none	none	0.0	0.0	0.0	128	n	118.1	adequate	7.2
4053-A_Note_on_Devaluation_and_the_Measures.pdf	4053	2	319035	none	none	0.0	0.0	0.0	128	n	60.2	weak	10.7
4054-A_Note_on_Devaluation_and_the_Measures.pdf	4054	2	345699	none	none	0.0	0.0	0.0	128	n	122.4	adequate	11.3
4055-A_Note_on_Devaluation_and_the_Measures.pdf	4055	6	931893	none	none	0.0	0.0	0.0	128	n	90.8	adequate	14.2
4056-A_Note_on_Devaluation_and_the_Measures.pdf	4056	2	395968	none	none	0.0	0.0	0.0	128	n	66.2	weak	8.7
4057-Telegram_to_Mr_Minoo_Masani_21-06-1966.pdf	4057	1	128329	none	none	0.0	0.0	0.0	128	y	94.5	adequate	10.7
4058-Letter_to_Mr_Minoo_Masani_20-06-1966.pdf	4058	6	851360	none	none	0.0	0.0	0.0	128	n	49.0	faint	33.1
4059-Letter_to_Mr_Minoo_Masani_20-06-1966.pdf	4059	4	600198	none	none	0.0	0.0	0.0	128	y	134.4	strong	11.7
406-Swatantra_Party_Minutes_of_Meeting_12-08-1969.pdf	406	1	156973	none	none	0.0	0.0	0.0	128	n	92.5	adequate	6.0
4060-Letter_to_Mr_Minoo_Masani_19-06-1966.pdf	4060	3	659910	none	none	0.0	0.0	0.0	128	y	76.3	weak	23.4
4061-Letter_to_Mr_Minoo_Masani.pdf	4061	1	106586	none	none	0.0	0.0	0.0	128	y	96.5	adequate	17.1
4062-Letter_from_S_V_Raju_17-06-1966.pdf	4062	1	83434	none	none	0.0	0.0	0.0	128	y	108.9	adequate	3.9
4063-Letter_from_C_rajagopalachari_16-06-1966.pdf	4063	2	239486	none	none	0.0	0.0	0.0	128	n	92.0	adequate	28.9
4064-Letter_to_C_Rajagopalachari_16-06-1966.pdf	4064	1	167906	none	none	0.0	0.0	0.0	128	n	112.2	adequate	8.8
4065-Letter_to_A_P_Jain_16-06-1966.pdf	4065	1	138030	none	none	0.0	0.0	0.0	128	n	122.7	adequate	6.6
4066-Letter_to_N_G_Ranga_15-06-1966.pdf	4066	1	87438	none	none	0.0	0.0	0.0	128	y	82.8	weak	3.5
4067-Letter_to_A_P_Jain_15-06-1966.pdf	4067	2	195129	none	none	0.0	0.0	0.0	128	y	81.7	weak	7.9
4068-Letter_to_A_P_Jain_15-06-1966.pdf	4068	1	102533	none	none	0.0	0.0	0.0	128	y	27.7	faint	50.5
4069-Letter_to_Mr_Minoo_Masani.pdf	4069	1	103397	none	none	0.0	0.0	0.0	128	n	129.9	adequate	3.3
407-Swatantra_Party_Minutes_of_Meeting_12-08-1969.pdf	407	1	173796	none	none	0.0	0.0	0.0	128	n	99.6	adequate	5.7
4070-Telegram_to_Mr_Minoo_Masani_12-16-1966.pdf	4070	1	115909	none	none	0.0	0.0	0.0	128	y	60.6	weak	9.7
4071-Telegram_to_Mr_Minoo_Masani_12-06-1966.pdf	4071	1	108594	none	none	0.0	0.0	0.0	128	y	71.5	weak	7.5
4072-Telegram_to_Smt_Indira_Gandhi_11-06-1966.pdf	4072	1	101160	none	none	0.0	0.0	0.0	128	y	82.0	weak	5.1
4073-Telegram_to_Mr_Minoo_Masani_11-06-1966.pdf	4073	1	93520	none	none	0.0	0.0	0.0	128	y	95.1	adequate	3.5
4074-Letter_to_Mr_Minoo_Masani_11-06-1966.pdf	4074	1	103801	none	none	0.0	0.0	0.0	128	y	67.3	weak	9.8
4075-Letter_to_Mr_Minoo_Masani_10-06-1966.pdf	4075	2	267544	none	none	0.0	0.0	0.0	128	n	95.0	adequate	30.0
4076-Letter_to_Mr_Minoo_Masani_10-06-1966.pdf	4076	2	261143	none	none	0.0	0.0	0.0	128	n	106.4	adequate	31.3
4077-Letter_to_A_P_Jain_08-06-1966.pdf	4077	1	180463	none	none	0.0	0.0	0.0	128	n	85.0	weak	8.3
4078-Letter_to_Mr_Minoo_Masani_13-06-1966.pdf	4078	1	148383	none	none	0.0	0.0	0.0	128	n	114.9	adequate	5.0
4079-PM_to_meet_Opposition_group_MP-The_Hindustan_Times_07-06-1966.pdf	4079	1	121595	none	none	0.0	0.0	0.0	128	n	55.9	faint	28.7
408-Swatantra_Party_Minutes_of_Meeting_05-08-1969.pdf	408	1	224887	none	none	0.0	0.0	0.0	128	n	105.5	adequate	7.9
4080-Letter_to_Mr_Minoo_Masani_06-06-1966.pdf	4080	1	196987	none	none	0.0	0.0	0.0	128	n	120.9	adequate	9.5
4081-Telegram_to_Mr_Minoo_Masani_06-06-1966.pdf	4081	1	101456	none	none	0.0	0.0	0.0	128	y	44.2	faint	13.0
4082-Letter_to_C_Rajagopalachari_16-06-1966.pdf	4082	1	90822	none	none	0.0	0.0	0.0	128	y	84.3	weak	4.1
4083-Letter_to_N_G_Ranga_06-06-1966.pdf	4083	1	124224	none	none	0.0	0.0	0.0	128	n	34.5	faint	32.9
4084-Letter_to_Smt_Indira_Gandhi_06-06-1966.pdf	4084	1	119827	none	none	0.0	0.0	0.0	128	n	91.4	adequate	3.5
4085-Letter_to_Smt_Indira_Gandhi_06-06-1966.pdf	4085	1	124413	none	none	0.0	0.0	0.0	128	n	46.3	faint	22.9
4086-Telegram_to_Mr_Minoo_Masani_06-06-1966.pdf	4086	1	127469	none	none	0.0	0.0	0.0	128	y	64.0	weak	16.8
4087-Devaluation.pdf	4087	4	857651	none	none	0.0	0.0	0.0	128	n	101.8	adequate	10.1
4088-Swatantra_party_office_Directory-1974-1976.pdf	4088	27	2584276	none	none	0.0	0.0	0.0	164	n	117.3	adequate	3.3
4089-Letter_to_Mr_Minoo_Masani_23-11-1967.pdf	4089	14	2228337	none	none	0.0	0.0	0.0	140	n	108.5	adequate	5.3
409-Swatantra_Party_Parliamentary_Office_Letter_30-07-1969.pdf	409	1	118913	none	none	0.0	0.0	0.0	128	n	96.9	adequate	1.9
4090-Letter_to_C_C_Desai_22-11-1969.pdf	4090	1	253845	none	none	0.0	0.0	0.0	128	n	90.1	adequate	15.0
4091-Letter_to_S_V_Raju_18-11-1967.pdf	4091	1	184734	none	none	0.0	0.0	0.0	128	n	95.3	adequate	5.0
4092-Letter_to_S_V_Raju_15-11-1967.pdf	4092	4	614831	none	none	0.0	0.0	0.0	128	n	72.4	weak	19.0
4093-Letter_to_Mr_Minoo_Masani_23-09-1967.pdf	4093	1	24083	none	none	0.0	0.0	0.0	200	n	173.3	strong	8.1
4094-Letter_from_Mohan_Singh_02-10-1967.pdf	4094	2	422190	none	none	0.0	0.0	0.0	128	n	91.9	adequate	7.5
4095-A_Meeting_of_Executive_Committee_27-07-1971.pdf	4095	4	834985	none	none	0.0	0.0	0.0	128	y	72.6	weak	10.0
4096-Views_on_Rajamannar_Committee_Report.pdf	4096	2	539566	none	none	0.0	0.0	0.0	128	n	73.0	weak	13.1
4097-A_Meeting_of_Executive_Committee_22-06-1971.pdf	4097	3	505479	none	none	0.0	0.0	0.0	128	y	86.6	weak	9.3
4098-A_Meeting_of_Executive_Committee_22-06-1971.pdf	4098	3	490414	none	none	0.0	0.0	0.0	128	y	89.2	weak	8.9
4099-Letter_from_P_S_Koppiker_06-04-1971.pdf	4099	4	903525	none	none	0.0	0.0	0.0	128	n	82.4	weak	10.9
41-Reasons_for_Mr_Minoo_Masani_Defeat.pdf	41	2	386061	none	none	0.0	0.0	0.0	128	y	102.4	adequate	8.7
410-Swatantra_Party_Parliamentary_Office_Letter_31-07-1969.pdf	410	1	118620	none	none	0.0	0.0	0.0	128	n	90.1	adequate	93.8
4100-A_Meeting_of_Executive_Committee_25-03-1971.pdf	4100	2	263682	none	none	0.0	0.0	0.0	128	y	84.3	weak	9.4
4101-Swatantra_party_notice_09-02-1971.pdf	4101	7	1426403	none	none	0.0	0.0	0.0	128	y	93.7	adequate	6.3
4102-Swatantra_party_notice_09-02-1970.pdf	4102	8	1624886	none	none	0.0	0.0	0.0	128	y	74.7	weak	8.6
4103-Swatantra_party_notice_20-11-1970.pdf	4103	12	2321554	none	none	0.0	0.0	0.0	128	y	76.5	weak	6.6
4104-Swatantra_party_notice_16-09-1970.pdf	4104	6	1217430	none	none	0.0	0.0	0.0	128	y	68.7	weak	14.4
4105-Swatantra_party_notice_16-09-1970.pdf	4105	6	1222152	none	none	0.0	0.0	0.0	128	y	74.1	weak	12.9
4106-Swatantra_party_notice_16-10-1970.pdf	4106	4	836600	none	none	0.0	0.0	0.0	128	y	91.4	adequate	9.1
4107-Swatantra_Party_Minutes_of_Meeting_23-09-1970.pdf	4107	2	345653	none	none	0.0	0.0	0.0	128	n	103.4	adequate	12.1
4108-Swatantra_party_notice_03-09-1970.pdf	4108	7	1669389	none	none	0.0	0.0	0.0	128	y	79.0	weak	9.3
4109-Swatantra_party_notice_13-08-1970.pdf	4109	1	118322	none	none	0.0	0.0	0.0	128	y	76.8	weak	7.8
411-Swatantra_Party_Minutes_of_Meeting_30-07-1969.pdf	411	1	201273	none	none	0.0	0.0	0.0	128	n	105.6	adequate	7.1
4110-Swatantra_party_notice_07-08-1970.pdf	4110	9	1922820	none	none	0.0	0.0	0.0	128	y	82.1	weak	8.0
4111-Swatantra_party_notice_06-07-1970.pdf	4111	7	1417400	none	none	0.0	0.0	0.0	128	y	93.0	adequate	6.9
4112-Swatantra_Party_Minutes_of_Meeting_22-04-1970.pdf	4112	2	559817	none	none	0.0	0.0	0.0	128	n	83.0	weak	11.4
4113-Swatantra_party_notice_18-03-1970.pdf	4113	8	1916270	none	none	0.0	0.0	0.0	128	n	86.2	weak	6.0
4114-Swatantra_party_notice_18-03-1970.pdf	4114	1	174443	none	none	0.0	0.0	0.0	128	n	81.9	weak	6.8
4115-Swatantra_Party_Minutes_of_Meeting_11-03-1970.pdf	4115	7	1732962	none	none	0.0	0.0	0.0	128	n	88.9	weak	7.9
4116-Swatantra_party_notice_07-03-1970.pdf	4116	4	800713	none	none	0.0	0.0	0.0	128	y	92.3	adequate	7.2
4117-Swatantra_party_notice_15-01-1970.pdf	4117	3	632019	none	none	0.0	0.0	0.0	128	y	91.3	adequate	9.5
4118-Letter_from_K_S_Srinivasan_18-12-1969.pdf	4118	2	335818	none	none	0.0	0.0	0.0	128	y	106.8	adequate	7.9
4119-Mrm_Notes.pdf	4119	16	1473499	none	none	0.0	0.0	0.0	128	y	62.8	weak	15.8
412-Swatantra_Party_Minutes_of_Meeting_30-07-1969.pdf	412	1	170784	none	none	0.0	0.0	0.0	128	n	104.3	adequate	5.0
4120-Report_of_Benaras_Seminar.pdf	4120	16	2725461	none	none	0.0	0.0	0.0	128	n	64.5	weak	17.4
4121-India_Revolutionary_06-12-1959.pdf	4121	1	352074	none	none	0.0	0.0	0.0	128	n	135.2	strong	26.6
4122-Swatantra_Party_Minutes_of_Meeting_05-12-1959.pdf	4122	3	569047	none	none	0.0	0.0	0.0	128	n	117.8	adequate	15.4
4123-Development_planning_is_Question_31-12-1959.pdf	4123	8	2443848	none	none	0.0	0.0	0.0	128	y	85.2	weak	29.1
4124-Asia_Future_19-12-1959.pdf	4124	4	959816	none	none	0.0	0.0	0.0	128	y	83.3	weak	16.6
4125-JPS_Advocate_four_tier_state_set_up_29-12-1959.pdf	4125	2	373659	none	none	0.0	0.0	0.0	128	n	69.7	weak	20.2
4126-Parliamentary_system_of_govt_unsited_to_India_29-12-1959.pdf	4126	1	267547	none	none	0.0	0.0	0.0	128	n	59.2	faint	28.2
4127-Industrialization_at_District_Level_29-12-1959.pdf	4127	1	201622	none	none	0.0	0.0	0.0	128	n	68.1	weak	36.7
4128-Dependence_on_Govt_Machinery-The_Times_of_India_29-12-1959.pdf	4128	1	176529	none	none	0.0	0.0	0.0	128	n	38.1	faint	25.9
4129-Democratic_Path_to_Prosperity_29-12-1959.pdf	4129	1	237870	none	none	0.0	0.0	0.0	128	n	82.1	weak	18.0
413-Swatantra_Party_Minutes_of_Meeting_22-07-1969.pdf	413	1	202248	none	none	0.0	0.0	0.0	128	n	107.5	adequate	7.7
4130-Needs_to_Strengthen_roots_of_Democracy_29-12-1959.pdf	4130	2	348549	none	none	0.0	0.0	0.0	128	y	80.2	weak	47.2
4131-Fertilizers_for_more_food.pdf	4131	1	183175	none	none	0.0	0.0	0.0	128	n	68.2	weak	30.6
4132-Limitations_of_JP_Thesis.pdf	4132	1	158319	none	none	0.0	0.0	0.0	128	n	34.8	faint	33.7
4133-Alternative_to_Democratic_Outlined_03-07-1959.pdf	4133	1	192384	none	none	0.0	0.0	0.0	128	n	55.8	faint	19.6
4134-An_Alternative_to_Democracy.pdf	4134	1	192171	none	none	0.0	0.0	0.0	128	n	80.0	weak	9.9
4135-JP_Confers_with_pak_president-The_Hindustan_Times_15-12-1959.pdf	4135	1	132805	none	none	0.0	0.0	0.0	128	n	32.9	faint	31.7
4136-Western_system_not_suited_to_Asia_15-12-1959.pdf	4136	2	343002	none	none	0.0	0.0	0.0	128	y	60.4	weak	43.7
4137-Revival_of_Basic_Democracies_16-12-1959.pdf	4137	1	188087	none	none	0.0	0.0	0.0	128	n	72.9	weak	28.2
4138-Letter_to_Rekha_Rajdopal_24-01-1996.pdf	4138	2	244520	none	none	0.0	0.0	0.0	128	n	101.0	adequate	3.8
4139-Bombay_Advocate_Cricket_Associatios_12-10-1993.pdf	4139	7	1049201	none	none	0.0	0.0	0.0	128	n	100.0	adequate	5.3
414-Swatantra_Party_Minutes_of_Meeting_25-05-1969.pdf	414	4	609262	none	none	0.0	0.0	0.0	128	n	128.5	adequate	7.0
4140-Letter_from_Padmakar_D_Kamerkar.pdf	4140	2	222833	none	none	0.0	0.0	0.0	128	n	103.9	adequate	47.5
4141-Letter_from_Padmakar_D_Kamerkar.pdf	4141	2	218420	none	none	0.0	0.0	0.0	128	n	115.0	adequate	3.2
4142-Letter_from_Padmakar_D_Kamerkar.pdf	4142	3	353813	none	none	0.0	0.0	0.0	128	n	116.4	adequate	3.9
4143-Letter_to_J_Venkiteswaran.pdf	4143	2	217857	none	none	0.0	0.0	0.0	128	n	112.9	adequate	3.7
4144-Letter_from_J_Venkitesweran_30-08-1994.pdf	4144	1	115882	none	none	0.0	0.0	0.0	128	n	97.4	adequate	4.6
4145-Letter_to_the_L_R_Sampath.pdf	4145	2	278279	none	none	0.0	0.0	0.0	128	n	57.7	faint	6.4
4146-Registration_of_political_parties_under_section_29A_12-08-1989.pdf	4146	6	946963	none	none	0.0	0.0	0.0	128	n	80.2	weak	5.7
4147-In_the_High_Court_of_judicature_at_Bombay.pdf	4147	3	375134	none	none	0.0	0.0	0.0	128	n	95.4	adequate	5.0
4148-Letter_to_Rajiv_Patel_10-01-1995.pdf	4148	2	218428	none	none	0.0	0.0	0.0	128	n	104.0	adequate	2.2
4149-In_the_High_Court_of_judicature_at_Bombay.pdf	4149	1	132970	none	none	0.0	0.0	0.0	128	n	85.0	weak	3.7
415-Swatantra_Party_Minutes_of_Meeting_06-05-1969.pdf	415	1	159056	none	none	0.0	0.0	0.0	128	n	129.8	adequate	6.9
4150-In_the_High_Court_of_judicature_at_Bombay.pdf	4150	1	112861	none	none	0.0	0.0	0.0	128	n	75.1	weak	2.7
4151-Swatantra_party_Maharashtra_28-06-1994.pdf	4151	2	235742	none	none	0.0	0.0	0.0	128	n	82.6	weak	3.0
4152-Times_of_India-For_Parties_Listing_17-06-1989.pdf	4152	1	173554	none	none	0.0	0.0	0.0	128	n	75.7	weak	6.1
4153-Letter_to_R_Sampath_01-08-1989.pdf	4153	2	340337	none	none	0.0	0.0	0.0	128	n	80.2	weak	6.4
4154-Secretariat_of_Election_Commission_of_India_14-09-1994.pdf	4154	3	378073	none	none	0.0	0.0	0.0	128	n	81.3	weak	3.8
4155-Letter_to_Rajiv_Patil_10-01-1995.pdf	4155	2	237238	none	none	0.0	0.0	0.0	128	n	121.7	adequate	2.5
4156-For_Favour_of_Publication_12-01-1995.pdf	4156	18	2819374	none	none	0.0	0.0	0.0	128	n	98.4	adequate	5.5
4157-For_Favour_of_Publication_12-01-1995.pdf	4157	18	3069188	none	none	0.0	0.0	0.0	128	n	85.5	weak	6.3
4158-Letter_to_Mohan_Singh_04-06-1999.pdf	4158	1	138377	none	none	0.0	0.0	0.0	128	n	102.4	adequate	4.6
4159-Letter_to_S_V_Raju_04-07-1997.pdf	4159	3	468116	none	none	0.0	0.0	0.0	128	n	106.2	adequate	5.9
416-Swatantra_Party_Minutes_of_Meeting_30-04-1969.pdf	416	1	258252	none	none	0.0	0.0	0.0	128	n	98.1	adequate	83.2
4160-Letter_to_S_V_Raju_04-07-1997.pdf	4160	3	478080	none	none	0.0	0.0	0.0	128	n	95.2	adequate	6.2
4161-In_the_High_Court_of_judicature_at_Rajasthan-1996.pdf	4161	17	1928218	none	none	0.0	0.0	0.0	134	n	116.7	adequate	3.0
4162-In_the_High_Court_of_judicature_at_Bombay.pdf	4162	3	403822	none	none	0.0	0.0	0.0	128	n	110.7	adequate	4.5
4163-Rajasthan_high_court_today_admitted_a_high_petition.pdf	4163	1	164874	none	none	0.0	0.0	0.0	128	n	84.0	weak	6.1
4164-In_the_High_Court_of_judicature_at_Rajasthan-1996.pdf	4164	17	2132807	none	none	0.0	0.0	0.0	128	n	71.6	weak	6.9
4165-Economic_Development_and_State_Autonomy-The_Hindu_24-03-1973.pdf	4165	2	339195	none	none	0.0	0.0	0.0	128	n	59.1	faint	17.5
4166-Tamilnadu_C_M_Determined_to_Fight_for_Autonomy_28-04-1974.pdf	4166	1	208569	none	none	0.0	0.0	0.0	128	y	85.4	weak	20.6
4167-Indira_Plea_gross_blackmail-The_Indian_Express_13-02-1974.pdf	4167	1	133947	none	none	0.0	0.0	0.0	128	n	39.7	faint	24.5
4168-Inter-State_disputes_and_the_Constitution-The_Indian_Express_26-02-1974.pdf	4168	1	220404	none	none	0.0	0.0	0.0	128	y	57.6	faint	26.8
4169-Letter_to_Jayaprakash_Naryan_29-01-1974.pdf	4169	2	230880	none	none	0.0	0.0	0.0	128	n	91.5	adequate	5.8
417-Swatantra_Party_Minutes_of_Meeting_18-04-1969.pdf	417	1	202088	none	none	0.0	0.0	0.0	128	n	88.9	weak	87.3
4170-Sezhiyan_Maran_Report_A_Dissappointing_Documents-The_Statesman_13-01-1974.pdf	4170	2	397135	none	none	0.0	0.0	0.0	128	y	70.3	weak	50.5
4171-Unity_lies_in_strong_states-DMK_Panel-The_Indian_Express_10-01-1974.pdf	4171	1	192977	none	none	0.0	0.0	0.0	128	y	59.6	faint	16.4
4172-Letter_to_Jayaprakash_Naryan_20-12-1973.pdf	4172	1	180780	none	none	0.0	0.0	0.0	128	n	119.5	adequate	15.3
4173-JP_to_Convene_talks_on_state_Autonomy_28-12-1973.pdf	4173	1	173110	none	none	0.0	0.0	0.0	128	y	60.9	weak	21.1
4174-Pm_twisting_issue_says_Patnaik_25-12-1973.pdf	4174	3	504554	none	none	0.0	0.0	0.0	128	y	66.7	weak	15.5
4175-Letter_to_Mr_Minoo_Masani_20-02-1964.pdf	4175	1	88725	none	none	0.0	0.0	0.0	128	y	111.8	adequate	3.7
4176-Letter_to_Mr_Minoo_Masani_20-02-1964.pdf	4176	1	88389	none	none	0.0	0.0	0.0	128	y	107.7	adequate	2.9
4177-Letter_to_C_Rajagopalachari_15-02-1964.pdf	4177	1	12571	none	none	0.0	0.0	0.0	200	n	165.9	strong	2.5
4178-Letter_to_Mr_Minoo_Masani_05-08-1950.pdf	4178	1	10512	none	none	0.0	0.0	0.0	200	n	185.1	strong	2.5
4179-Letter_from_S_V_Raju_18-02-1964.pdf	4179	2	213302	none	none	0.0	0.0	0.0	128	y	52.4	faint	18.5
418-Swatantra_Party_Minutes_of_Meeting_16-04-1969.pdf	418	1	198157	none	none	0.0	0.0	0.0	128	n	91.0	adequate	87.9
4180-For_Favour_of_Publication_18-02-1964.pdf	4180	2	382041	none	none	0.0	0.0	0.0	128	n	64.1	weak	8.5
4181-Letter_to_A_G_Noorani_13-02-1964.pdf	4181	1	121765	none	none	0.0	0.0	0.0	128	n	73.8	weak	2.3
4182-Letter_to_C_Rajagopalachari_06-02-1964.pdf	4182	1	149717	none	none	0.0	0.0	0.0	128	n	70.6	weak	4.6
4183-Letter_to_N_G_Ranga_12-06-1964.pdf	4183	1	162852	none	none	0.0	0.0	0.0	128	n	62.8	weak	5.4
4184-Letter_to_C_Rajagopalachari_25-01-1964.pdf	4184	1	202751	none	none	0.0	0.0	0.0	128	n	105.8	adequate	5.6
4185-Letter_to_N_G_Ranga_25-01-1964.pdf	4185	1	199436	none	none	0.0	0.0	0.0	128	n	103.9	adequate	5.6
4186-Letter_to_C_Rajagopalachari_24-01-1964.pdf	4186	13	1763482	none	none	0.0	0.0	0.0	128	n	83.5	weak	7.8
4187-Letter_to_C_Rajagopalachari_23-01-1964.pdf	4187	2	369693	none	none	0.0	0.0	0.0	128	n	108.0	adequate	5.8
4188-Letter_to_Mr_Minoo_Masani_20-01-1964.pdf	4188	1	159594	none	none	0.0	0.0	0.0	128	n	104.9	adequate	7.2
4189-Letter_to_N_G_Ranga_29-01-1964.pdf	4189	2	324736	none	none	0.0	0.0	0.0	128	n	111.4	adequate	4.1
419-Swatantra_Party_Minutes_of_Meeting_16-04-1969.pdf	419	1	207233	none	none	0.0	0.0	0.0	128	n	112.8	adequate	6.7
4190-Letter_to_Mr_Minoo_Masani_19-01-1964.pdf	4190	2	325247	none	none	0.0	0.0	0.0	128	n	121.7	adequate	6.3
4191-Letter_to_Mr_Minoo_Masani_19-01-1964.pdf	4191	2	103391	none	none	0.0	0.0	0.0	128	y	103.0	adequate	8.6
4192-Letter_to_V_T_Sreenivasan_19-01-1964.pdf	4192	1	127368	none	none	0.0	0.0	0.0	128	y	129.6	adequate	8.3
4193-Letter_to_Mr_Minoo_Masani_17-01-1964.pdf	4193	1	152896	none	none	0.0	0.0	0.0	128	n	131.5	strong	6.7
4194-Letter_to_C_Rajagopalachari_17-01-1964.pdf	4194	2	363001	none	none	0.0	0.0	0.0	128	n	83.5	weak	54.8
4195-Letter_to_C_Rajagopalachari_17-01-1964.pdf	4195	1	104919	none	none	0.0	0.0	0.0	128	n	93.1	adequate	1.0
4196-Letter_to_C_Rajagopalachari_16-01-1964.pdf	4196	1	172213	none	none	0.0	0.0	0.0	128	n	89.4	weak	4.8
4197-Letter_to_K_M_Munshi_15-01-1964.pdf	4197	1	88949	none	none	0.0	0.0	0.0	128	y	97.2	adequate	3.5
4198-Letter_to_Mr_Minoo_Masani_12-01-1964.pdf	4198	1	113473	none	none	0.0	0.0	0.0	128	n	69.3	weak	4.1
4199-Letter_to_C_Rajagopalachari_12-01-1964.pdf	4199	1	123858	none	none	0.0	0.0	0.0	128	y	109.0	adequate	6.2
42-Letter_to_Mr_Suresh_Pratap_Singh_23-03-1971.pdf	42	1	127173	none	none	0.0	0.0	0.0	128	y	120.4	adequate	3.1
420-Swatantra_Party_Minutes_of_Meeting_16-04-1969.pdf	420	1	19289	none	none	0.0	0.0	0.0	200	n	239.4	strong	19.9
4200-Letter_to_Mr_Minoo_Masani_08-01-1964.pdf	4200	1	89980	none	none	0.0	0.0	0.0	128	y	97.2	adequate	3.2
4201-Letter_to_C_Rajagopalachari_06-01-1964.pdf	4201	1	98492	none	none	0.0	0.0	0.0	128	y	114.0	adequate	4.0
4202-Letter_to_Mr_Minoo_Masani_08-01-1964.pdf	4202	1	215078	none	none	0.0	0.0	0.0	128	n	129.3	adequate	10.1
4203-Letter_to_Mr_Minoo_Masani_11-01-1964.pdf	4203	2	258247	none	none	0.0	0.0	0.0	128	y	59.4	faint	7.2
4204-Letter_to_C_Rajagopalachari_06-01-1964.pdf	4204	2	376745	none	none	0.0	0.0	0.0	128	n	102.9	adequate	8.1
4205-Letter_to_Mr_Minoo_Masani_02-01-1964.pdf	4205	2	303147	none	none	0.0	0.0	0.0	128	y	86.5	weak	24.6
4206-Letter_to_C_Rajagopalachari_27-12-1963.pdf	4206	1	181726	none	none	0.0	0.0	0.0	128	n	121.3	adequate	7.5
4207-Letter_to_C_Rajagopalachari_21-12-1963.pdf	4207	1	151033	none	none	0.0	0.0	0.0	128	n	65.1	weak	6.1
4208-Letter_to_C_Rajagopalachari_20-12-1963.pdf	4208	2	299134	none	none	0.0	0.0	0.0	128	y	72.7	weak	23.9
4209-Letter_to_Mr_Minoo_Masani_20-12-1963.pdf	4209	2	288474	none	none	0.0	0.0	0.0	128	y	74.9	weak	72.7
421-Swatantra_Party_Minutes_of_Meeting_11-04-1969.pdf	421	1	192379	none	none	0.0	0.0	0.0	128	n	108.1	adequate	88.0
4210-Letter_to_Mr_Minoo_Masani_16-12-1963.pdf	4210	2	306879	none	none	0.0	0.0	0.0	128	n	78.1	weak	5.7
4211-Letter_to_Mr_Minoo_Masani_13-12-1963.pdf	4211	2	291718	none	none	0.0	0.0	0.0	128	y	88.5	weak	24.0
4212-Letter_to_C_Rajagopalachari_10-12-1963.pdf	4212	1	170414	none	none	0.0	0.0	0.0	128	n	69.4	weak	6.8
4213-Letter_to_Mr_Minoo_Masani_07-12-1963.pdf	4213	3	310476	none	none	0.0	0.0	0.0	128	y	64.3	weak	5.9
4214-Letter_to_Abdul_Ganidhar_18-11-1963.pdf	4214	2	198490	none	none	0.0	0.0	0.0	128	y	115.3	adequate	5.0
4215-Letter_to_C_Rajagopalachari_15-11-1963.pdf	4215	1	159440	none	none	0.0	0.0	0.0	128	y	113.2	adequate	11.7
4216-Letter_to_Mr_Minoo_Masani_09-11-1963.pdf	4216	1	96156	none	none	0.0	0.0	0.0	128	y	103.7	adequate	5.3
4217-Letter_to_Mr_Minoo_Masani.pdf	4217	2	102018	none	none	0.0	0.0	0.0	128	y	87.2	weak	7.0
4218-Letter_to_Mr_Minoo_Masani_08-11-1963.pdf	4218	1	109217	none	none	0.0	0.0	0.0	128	y	138.5	strong	5.0
4219-Letter_to_Mr_Minoo_Masani_07-11-1963.pdf	4219	1	109425	none	none	0.0	0.0	0.0	128	y	128.8	adequate	5.4
422-For_Favour_of_Publication_11-04-1969.pdf	422	2	325403	none	none	0.0	0.0	0.0	164	n	157.2	strong	17.1
4220-Letter_to_C_Rajagopalachari_03-10-1963.pdf	4220	4	723920	none	none	0.0	0.0	0.0	128	n	87.8	weak	7.9
4221-Letter_to_C_Rajagopalachari_21-02-1964.pdf	4221	1	210312	none	none	0.0	0.0	0.0	128	n	66.5	weak	13.5
4222-Letter_to_Mr_Minoo_Masani_19-16-1964.pdf	4222	1	80480	none	none	0.0	0.0	0.0	128	y	97.5	adequate	4.3
4223-Letter_to_Mr_Minoo_Masani_16-06-1964.pdf	4223	1	83430	none	none	0.0	0.0	0.0	128	y	104.6	adequate	2.5
4224-Decision_taken_at_the_meeting_of_Swatantra_party_24-01-1977.pdf	4224	1	183756	none	none	0.0	0.0	0.0	128	n	107.9	adequate	14.0
4225-Draft_Time_Table_for_Party_Election.pdf	4225	1	134453	none	none	0.0	0.0	0.0	128	n	100.8	adequate	7.4
4226-Letter_to_Mr_Minoo_Masani_19-06-1964.pdf	4226	1	142659	none	none	0.0	0.0	0.0	128	n	75.2	weak	6.3
4227-Letter_to_Mr_Minoo_Masani_15-06-1964.pdf	4227	2	96241	none	none	0.0	0.0	0.0	128	y	106.5	adequate	10.1
4228-Swatantra_Party_Statement_of_Principles_02-08-1959.pdf	4228	6	560635	none	none	0.0	0.0	0.0	128	y	88.2	weak	14.9
4229-Time_for_Change.pdf	4229	27	3475104	none	none	0.0	0.0	0.0	128	y	101.7	adequate	7.1
423-For_Favour_of_Publication_11-04-1969.pdf	423	2	545964	none	none	0.0	0.0	0.0	128	n	118.1	adequate	12.1
4230-Affadavit.pdf	4230	9	2836241	none	none	0.0	0.0	0.0	128	n	126.2	adequate	19.1
4231-Letter_to_C_Rajagopalachari_15-06-1964.pdf	4231	1	185727	none	none	0.0	0.0	0.0	128	n	94.3	adequate	11.9
4232-Letter_to_K_M_Munshi_21-06-1964.pdf	4232	1	92766	none	none	0.0	0.0	0.0	128	y	52.1	faint	20.5
4233-Letter_to_Mr_Minoo_Masani_20-06-1964.pdf	4233	1	73554	none	none	0.0	0.0	0.0	128	y	49.9	faint	24.3
4234-Letter_to_Mr_Minoo_Masani_20-06-1964.pdf	4234	1	73671	none	none	0.0	0.0	0.0	128	y	122.6	adequate	3.0
4235-Letter_to_C_Rajagopalachari_18-06-1964.pdf	4235	1	96359	none	none	0.0	0.0	0.0	128	n	64.5	weak	10.5
4236-Letter_to_N_G_Ranga_19-06-1964.pdf	4236	1	118445	none	none	0.0	0.0	0.0	128	n	58.2	faint	9.6
4237-Letter_to_N_G_Ranga_18-06-1964.pdf	4237	1	61267	none	none	0.0	0.0	0.0	128	y	88.1	weak	3.2
4238-Letter_to_C_Rajagopalachari_18-06-1964.pdf	4238	1	66191	none	none	0.0	0.0	0.0	128	y	94.5	adequate	3.3
4239-Letter_to_C_Rajagopalachari.pdf	4239	1	194673	none	none	0.0	0.0	0.0	128	n	101.3	adequate	12.4
424-Letter_to_Mr_Minoo_Masani_07-04-1969.pdf	424	1	141710	none	none	0.0	0.0	0.0	128	n	118.3	adequate	5.4
4240-Letter_to_N_G_Ranga_11-06-1964.pdf	4240	1	165705	none	none	0.0	0.0	0.0	128	n	105.3	adequate	13.9
4241-Letter_to_N_G_Ranga_11-06-1964.pdf	4241	1	134277	none	none	0.0	0.0	0.0	128	n	70.3	weak	8.4
4242-Letter_to_Mr_Minoo_Masani_06-06-1964.pdf	4242	1	102982	none	none	0.0	0.0	0.0	128	y	112.8	adequate	8.5
4243-Letter_to_C_Rajagopalachari_02-06-1964.pdf	4243	1	84063	none	none	0.0	0.0	0.0	128	y	117.6	adequate	4.6
4244-Letter_to_N_G_Ranga_06-06-1964.pdf	4244	1	106965	none	none	0.0	0.0	0.0	128	n	25.3	faint	39.7
4245-Letter_to_C_Rajagopalachari_05-06-1964.pdf	4245	1	253237	none	none	0.0	0.0	0.0	128	n	149.9	strong	13.1
4246-Letter_to_R_V_S_Mani_09-06-1964.pdf	4246	1	74644	none	none	0.0	0.0	0.0	128	y	109.0	adequate	4.4
4247-Letter_to_C_Rajagopalachari_04-06-1964.pdf	4247	2	404228	none	none	0.0	0.0	0.0	128	n	112.1	adequate	11.6
4248-Letter_to_C_Rajagopalachari.pdf	4248	1	122820	none	none	0.0	0.0	0.0	128	n	32.8	faint	29.8
4249-Letter_to_S_V_Raju.pdf	4249	1	131457	none	none	0.0	0.0	0.0	128	n	63.8	weak	9.5
425-Swatantra_Party_Parliamentary_Office_Letter_07-04-1969.pdf	425	2	275433	none	none	0.0	0.0	0.0	128	n	116.3	adequate	7.1
4250-Letter_to_Mr_C_Rajagopalachari_27-05-1964.pdf	4250	1	104300	none	none	0.0	0.0	0.0	128	y	89.9	weak	7.7
4251-Letter_to_S_P_Godrej_26-05-1964.pdf	4251	1	74168	none	none	0.0	0.0	0.0	128	y	90.1	adequate	3.2
4252-Letter_to_Mr_Minoo_Masani_25-05-1964.pdf	4252	1	93018	none	none	0.0	0.0	0.0	128	y	108.7	adequate	5.1
4253-Letter_to_C_Rajagopalachari_22-05-1964.pdf	4253	1	166370	none	none	0.0	0.0	0.0	128	n	132.8	strong	7.3
4254-Letter_to_C_Rajagopalachari_25-05-1964.pdf	4254	1	103112	none	none	0.0	0.0	0.0	128	n	148.3	strong	3.4
4255-Letter_to_C_Rajagopalachari_25-05-1964.pdf	4255	1	77721	none	none	0.0	0.0	0.0	128	y	96.7	adequate	3.2
4256-Letter_to_Mr_Minoo_Masani_26-05-1964.pdf	4256	1	104024	none	none	0.0	0.0	0.0	128	y	47.1	faint	20.5
4257-Letter_to_Mr_Minoo_Masani_22-05-1964.pdf	4257	1	87614	none	none	0.0	0.0	0.0	128	y	123.2	adequate	5.3
4258-Letter_from_S_V_Raju_21-05-1964.pdf	4258	1	124572	none	none	0.0	0.0	0.0	128	n	89.6	weak	6.0
4259-Letter_to_Mr_Minoo_Masani.pdf	4259	1	130412	none	none	0.0	0.0	0.0	128	n	69.0	weak	9.0
426-Swatantra_Party_Minutes_of_Meeting_02-04-1969.pdf	426	1	179755	none	none	0.0	0.0	0.0	128	n	110.9	adequate	6.6
4260-Extract_Letter_of_Sardar_Basant_20-05-1964.pdf	4260	1	110540	none	none	0.0	0.0	0.0	128	y	123.3	adequate	8.9
4261-Swatantra_Party_Minutes_of_Meeting_16-02-1970.pdf	4261	1	111707	none	none	0.0	0.0	0.0	128	n	91.0	adequate	5.4
4262-Swatantra_as_Elite_of_Politics.pdf	4262	2	236219	none	none	0.0	0.0	0.0	128	n	68.8	weak	18.8
4263-Letter_to_Mr_Minoo_Masani_22-05-1964.pdf	4263	1	140770	none	none	0.0	0.0	0.0	128	y	80.4	weak	9.3
4264-Letter_to_N_G_Ranga_20-05-1964.pdf	4264	1	195547	none	none	0.0	0.0	0.0	128	n	99.4	adequate	12.2
4265-Letter_to_C_Rajagopalachari_20-05-1964.pdf	4265	1	157714	none	none	0.0	0.0	0.0	128	n	71.2	weak	9.5
4266-Letter_to_C_Rajagopalachari_19-05-1964.pdf	4266	1	125101	none	none	0.0	0.0	0.0	128	n	136.0	strong	5.6
4267-Letter_to_Fazel_Fazalbhoy_19-05-1964.pdf	4267	1	98554	none	none	0.0	0.0	0.0	128	n	32.8	faint	34.9
4268-Letter_to_P_J_Vyas_18-05-1964.pdf	4268	1	91505	none	none	0.0	0.0	0.0	128	y	104.6	adequate	7.7
4269-Letter_to_C_Rajagopalachari_14-05-1964.pdf	4269	1	122564	none	none	0.0	0.0	0.0	128	n	73.3	weak	7.3
427-Swatantra_Party_Minutes_of_Meeting_31-03-1969.pdf	427	1	13134	none	none	0.0	0.0	0.0	200	n	172.5	strong	3.4
4270-Letter_to_C_Rajagopalachari_14-05-1964.pdf	4270	1	179894	none	none	0.0	0.0	0.0	128	n	74.7	weak	13.5
4271-Letter_to_Mr_Minoo_Masani_11-05-1964.pdf	4271	1	72300	none	none	0.0	0.0	0.0	128	y	132.6	strong	3.0
4272-Letter_to_Jawaharlal_Nehru_08-05-1964.pdf	4272	1	165513	none	none	0.0	0.0	0.0	128	y	147.3	strong	10.0
4273-Letter_to_C_Rajagopalachari_09-05-1964.pdf	4273	1	115485	none	none	0.0	0.0	0.0	128	n	151.6	strong	5.3
4274-Letter_to_C_Rajagopalachari_11-05-1964.pdf	4274	2	412296	none	none	0.0	0.0	0.0	128	n	108.1	adequate	14.4
4275-Letter_to_Mr_Minoo_Masani_09-05-1964.pdf	4275	2	236945	none	none	0.0	0.0	0.0	128	y	72.1	weak	6.6
4276-Letter_to_N_G_Ranga.pdf	4276	1	113793	none	none	0.0	0.0	0.0	128	n	33.0	faint	22.4
4277-Letter_to_Mr_Minoo_Masani_08-05-1964.pdf	4277	1	79518	none	none	0.0	0.0	0.0	128	y	130.7	strong	4.4
4278-Letter_to_C_Rajagopalachari_08-05-1964.pdf	4278	1	141692	none	none	0.0	0.0	0.0	128	n	87.9	weak	7.7
4279-Letter_to_Mr_Minoo_Masani_07-05-1964.pdf	4279	1	118783	none	none	0.0	0.0	0.0	128	n	107.3	adequate	6.0
428-Swatantra_Party_Minutes_of_Meeting_19-03-1969.pdf	428	2	363346	none	none	0.0	0.0	0.0	128	n	110.0	adequate	6.6
4280-Letter_to_Mr_Minoo_Masani_06-05-1964.pdf	4280	1	98015	none	none	0.0	0.0	0.0	128	y	102.5	adequate	7.4
4281-Letter_to_C_Rajagopalachari_07-05-1964.pdf	4281	1	140827	none	none	0.0	0.0	0.0	128	n	110.7	adequate	5.4
4282-Letter_to_C_Rajagopalachari_06-05-1964.pdf	4282	2	310615	none	none	0.0	0.0	0.0	128	n	109.5	adequate	8.4
4283-Letter_to_C_Rajagopalachari_06-05-1964.pdf	4283	1	111814	none	none	0.0	0.0	0.0	128	n	99.9	adequate	3.3
4284-Letter_to_Mr_Minoo_Masani_05-05-1964.pdf	4284	1	123139	none	none	0.0	0.0	0.0	128	n	123.6	adequate	5.2
4285-Letter_to_Mr_Minoo_Masani_02-05-1964.pdf	4285	2	299776	none	none	0.0	0.0	0.0	128	y	54.1	faint	22.9
4286-Letter_to_Mr_Minoo_Masani_01-05-1964.pdf	4286	1	81901	none	none	0.0	0.0	0.0	128	y	124.0	adequate	4.5
4287-Letter_to_C_Rajagopalachari_01-05-1964.pdf	4287	5	750962	none	none	0.0	0.0	0.0	128	y	79.3	weak	15.9
4288-Letter_to_C_Rajagopalachari_30-04-1964.pdf	4288	4	552269	none	none	0.0	0.0	0.0	128	n	97.6	adequate	7.5
4289-Letter_to_Mr_Minoo_Masani_29-04-1964.pdf	4289	1	72576	none	none	0.0	0.0	0.0	128	y	79.5	weak	3.2
429-Swatantra_Party_Minutes_of_Meeting_10-03-1969.pdf	429	1	172285	none	none	0.0	0.0	0.0	128	n	104.6	adequate	8.1
4290-Letter_to_Lal_Bahadur_Shastri_29-04-1964.pdf	4290	2	279408	none	none	0.0	0.0	0.0	128	y	155.1	strong	7.7
4291-Letter_to_Mr_Minoo_Masani.pdf	4291	2	87788	none	none	0.0	0.0	0.0	128	y	107.1	adequate	9.6
4292-Letter_to_C_Rajagopalachari_29-04-1964.pdf	4292	1	94252	none	none	0.0	0.0	0.0	128	n	97.0	adequate	3.9
4293-Letter_to_Mr_Minoo_Masani_29-04-1964.pdf	4293	1	105734	none	none	0.0	0.0	0.0	128	y	81.9	weak	8.0
4294-Letter_to_C_Rajagopalachari_29-04-1964.pdf	4294	1	109693	none	none	0.0	0.0	0.0	128	n	62.9	weak	5.1
4295-Letter_to_Piloo_Mody_27-04-1964.pdf	4295	3	435518	none	none	0.0	0.0	0.0	128	y	50.5	faint	20.8
4296-Letter_to_Mr_Minoo_Masani_23-04-1964.pdf	4296	1	126491	none	none	0.0	0.0	0.0	128	n	131.6	strong	5.2
4297-Letter_to_Dahyabhai_V_Patel_23-04-1964.pdf	4297	1	136815	none	none	0.0	0.0	0.0	128	n	116.1	adequate	8.8
4298-Letter_to_C_Rajagopalachari_21-04-1964.pdf	4298	1	214572	none	none	0.0	0.0	0.0	128	n	108.4	adequate	14.9
4299-Gujrat_Sanchar_18-03-1964.pdf	4299	1	177809	none	none	0.0	0.0	0.0	128	n	110.8	adequate	8.9
43-Letter_to_Mr_U_M_Trivedi_23-03-1971.pdf	43	1	117637	none	none	0.0	0.0	0.0	128	y	104.2	adequate	3.0
430-Swatantra_Party_Minutes_of_Meeting_03-05-1969.pdf	430	1	196220	none	none	0.0	0.0	0.0	128	n	111.2	adequate	89.3
4300-Letter_to_Mr_Minoo_Masani_19-04-1964.pdf	4300	2	262584	none	none	0.0	0.0	0.0	128	y	66.4	weak	9.1
4301-Telegram_to_Mr_Minoo_Masani.pdf	4301	1	114876	none	none	0.0	0.0	0.0	128	y	88.2	weak	91.7
4302-Letter_to_Mr_Minoo_Masani_18-04-1964.pdf	4302	2	110279	none	none	0.0	0.0	0.0	128	y	109.3	adequate	14.9
4303-Letter_to_Mr_Minoo_Masani_16-04-1964.pdf	4303	2	167819	none	none	0.0	0.0	0.0	128	y	63.6	weak	5.5
4304-Am_I_Wrong.pdf	4304	5	738224	none	none	0.0	0.0	0.0	128	n	123.9	adequate	7.7
4305-Telegram_to_Mr_Minoo_Masani_13-04-1964.pdf	4305	1	116138	none	none	0.0	0.0	0.0	128	y	60.1	weak	20.1
4306-Telegram_to_Mr_Minoo_Masani_13-04-1964.pdf	4306	1	76190	none	none	0.0	0.0	0.0	128	y	129.3	adequate	3.0
4307-Telegram_to_Mr_Minoo_Masani_12-04-1964.pdf	4307	2	254004	none	none	0.0	0.0	0.0	128	y	130.6	strong	5.7
4308-Letter_to_Mr_Minoo_Masani_12-04-1964.pdf	4308	1	175717	none	none	0.0	0.0	0.0	128	y	128.5	adequate	11.1
4309-Letter_to_Mr_Minoo_Masani_10-04-1964.pdf	4309	1	143875	none	none	0.0	0.0	0.0	128	n	98.2	adequate	7.0
431-Swatantra_Party_Minutes_of_Meeting-Notice&Agenda_28-02-1969.pdf	431	1	113533	none	none	0.0	0.0	0.0	128	n	76.7	weak	2.6
4310-Letter_to_C_Rajagopalachari_10-04-1964.pdf	4310	2	430007	none	none	0.0	0.0	0.0	128	n	105.6	adequate	13.0
4311-Demand_in_Lok_Sabha_to_Convene_Asian_Nation_10-04-1964.pdf	4311	1	93528	none	none	0.0	0.0	0.0	128	y	94.2	adequate	4.2
4312-Letter_to_Mr_Minoo_Masani_09-04-1964.pdf	4312	2	169694	none	none	0.0	0.0	0.0	128	y	105.0	adequate	6.9
4313-Letter_to_C_Rajagopalachari_08-04-1964.pdf	4313	2	269267	none	none	0.0	0.0	0.0	128	n	64.5	weak	17.5
4314-Letter_to_C_Rajagopalachari_08-04-1964.pdf	4314	1	95633	none	none	0.0	0.0	0.0	128	y	103.8	adequate	4.7
4315-Letter_to_C_Rajagopalachari_08-04-1964.pdf	4315	1	94064	none	none	0.0	0.0	0.0	128	n	109.0	adequate	4.8
4316-Letter_to_Fazel_Fazalbhoy_08-04-1964.pdf	4316	1	101850	none	none	0.0	0.0	0.0	128	n	38.9	faint	24.1
4317-Letter_to_Mr_Minoo_Masani_07-04-1964.pdf	4317	1	111681	none	none	0.0	0.0	0.0	128	y	136.3	strong	8.7
4318-Letter_to_N_G_Ranga_06-04-1964.pdf	4318	1	143619	none	none	0.0	0.0	0.0	128	n	67.9	weak	12.8
4319-Letter_to_C_Rajagopalachari_29-07-1964.pdf	4319	2	370265	none	none	0.0	0.0	0.0	128	n	107.0	adequate	16.3
432-Swatantra_Party_Minutes_of_Meeting_26-02-1969.pdf	432	2	338187	none	none	0.0	0.0	0.0	128	n	107.0	adequate	5.7
4320-Letter_to_N_G_Ranga_29-07-1964.pdf	4320	1	146981	none	none	0.0	0.0	0.0	128	n	103.6	adequate	10.9
4321-Letter_to_Mr_Minoo_Masani_26-07-1964.pdf	4321	19	3992610	none	none	0.0	0.0	0.0	128	n	103.4	adequate	8.5
4322-Letter_to_Mr_Minoo_Masani_28-07-1964.pdf	4322	2	333511	none	none	0.0	0.0	0.0	128	y	126.0	adequate	10.6
4323-Letter_to_N_G_Ranga_26-07-1964.pdf	4323	2	249295	none	none	0.0	0.0	0.0	128	n	60.5	weak	8.0
4324-Letter_to_Mr_Minoo_Masani_26-07-1964.pdf	4324	3	395473	none	none	0.0	0.0	0.0	128	y	120.9	adequate	9.3
4325-Letter_to_Mr_Minoo_Masani_26-07-1964.pdf	4325	3	299845	none	none	0.0	0.0	0.0	128	y	100.4	adequate	40.7
4326-Letter_to_Mr_Minoo_Masani_25-07-1964.pdf	4326	1	89507	none	none	0.0	0.0	0.0	128	y	125.2	adequate	5.3
4327-Letter_to_N_G_Ranga_25-07-1964.pdf	4327	1	162102	none	none	0.0	0.0	0.0	128	n	81.2	weak	10.8
4328-Letter_to_C_Rajagopalachari_24-07-1964.pdf	4328	1	129607	none	none	0.0	0.0	0.0	128	n	67.7	weak	7.0
4329-Letter_to_N_G_Ranga_24-07-1964.pdf	4329	1	154597	none	none	0.0	0.0	0.0	128	n	56.3	faint	13.3
433-Swatantra_Party_Minutes_of_Meeting_22-02-1969.pdf	433	2	366805	none	none	0.0	0.0	0.0	128	n	99.8	adequate	42.0
4330-Letter_to_N_G_Ranga_24-07-1964.pdf	4330	2	343943	none	none	0.0	0.0	0.0	128	n	107.1	adequate	10.1
4331-Letter_to_N_G_Ranga_24-07-1964.pdf	4331	1	130018	none	none	0.0	0.0	0.0	128	n	98.5	adequate	5.8
4332-Letter_to_Mr_Minoo_Masani_22-07-1964.pdf	4332	3	322112	none	none	0.0	0.0	0.0	128	y	105.6	adequate	6.1
4333-Letter_to_C_Rajagopalachari_19-07-1964.pdf	4333	1	113396	none	none	0.0	0.0	0.0	128	n	59.8	faint	8.1
4334-Letter_to_Mr_Minoo_Masani_16-07-1964.pdf	4334	1	126612	none	none	0.0	0.0	0.0	128	n	76.1	weak	5.7
4335-Letter_to_N_G_Ranga_16-07-1964.pdf	4335	2	299835	none	none	0.0	0.0	0.0	128	n	85.5	weak	10.5
4336-Letter_to_N_G_Ranga_12-07-1964.pdf	4336	3	409991	none	none	0.0	0.0	0.0	128	y	86.4	weak	10.4
4337-Letter_to_N_G_Ranga_09-07-1964.pdf	4337	1	236879	none	none	0.0	0.0	0.0	128	n	131.7	strong	12.0
4338-Letter_to_S_V_Raju_14-07-1964.pdf	4338	2	237650	none	none	0.0	0.0	0.0	128	y	54.6	faint	18.5
4339-Letter_to_Krishnalal_Shrivastava_10-07-1964.pdf	4339	1	173480	none	none	0.0	0.0	0.0	128	n	72.7	weak	13.9
434-Swatantra_Party_Minutes_of_Meeting_11-12-1968.pdf	434	1	212019	none	none	0.0	0.0	0.0	128	n	94.4	adequate	5.7
4340-Letter_to_Acharya_Ranga_06-07-1964.pdf	4340	2	296743	none	none	0.0	0.0	0.0	128	y	59.5	faint	29.6
4341-Letter_to_P_K_Deo_19-07-1964.pdf	4341	1	175340	none	none	0.0	0.0	0.0	128	n	128.9	adequate	10.6
4342-Letter_to_Mr_Minoo_Masani_09-01-1964.pdf	4342	2	347902	none	none	0.0	0.0	0.0	128	n	57.7	faint	13.6
4343-Letter_to_C_Rajagopalachari_09-07-1964.pdf	4343	1	136331	none	none	0.0	0.0	0.0	128	n	98.3	adequate	3.6
4344-Letter_to_P_K_Deo.pdf	4344	2	299032	none	none	0.0	0.0	0.0	128	n	88.6	weak	6.9
4345-Letter_to_P_K_Deo_18-06-1964.pdf	4345	1	201721	none	none	0.0	0.0	0.0	128	n	62.7	weak	13.2
4346-Letter_to_Mr_Minoo_Masani_05-07-1964.pdf	4346	2	208775	none	none	0.0	0.0	0.0	128	y	66.4	weak	8.2
4347-Letter_to_S_V_Raju_05-07-1964.pdf	4347	2	83111	none	none	0.0	0.0	0.0	128	y	120.1	adequate	7.2
4348-Letter_to_C_Rajagopalachari_01-07-1964.pdf	4348	1	127515	none	none	0.0	0.0	0.0	128	y	86.2	weak	11.3
4349-Letter_to_C_Rajagopalachari_25-06-1964.pdf	4349	1	120327	none	none	0.0	0.0	0.0	128	n	99.7	adequate	3.5
435-Swatantra_Party_Minutes_of_Meeting_27-11-1968.pdf	435	1	268122	none	none	0.0	0.0	0.0	128	n	80.1	weak	82.9
4350-Letter_to_C_Rajagopalachari_25-06-1964.pdf	4350	1	121116	none	none	0.0	0.0	0.0	128	n	79.4	weak	8.1
4351-Letter_to_C_Rajagopalachari_24-06-1964.pdf	4351	1	70895	none	none	0.0	0.0	0.0	128	y	99.6	adequate	2.6
4352-Letter_to_C_Rajagopalachari_23-06-1954.pdf	4352	1	84728	none	none	0.0	0.0	0.0	128	y	94.3	adequate	4.3
4353-Letter_to_Mr_Minoo_Masani_04-01-1966.pdf	4353	2	300558	none	none	0.0	0.0	0.0	128	y	46.0	faint	39.3
4354-Letter_to_Mr_Minoo_Masani_11-06-1964.pdf	4354	1	82282	none	none	0.0	0.0	0.0	128	y	110.4	adequate	5.1
4355-Letter_to_Mr_Minoo_Masani_30-07-1964.pdf	4355	1	81210	none	none	0.0	0.0	0.0	128	y	124.2	adequate	4.9
4356-C_Rajagopalachari_Tour_Programme_15-04-1965.pdf	4356	1	77953	none	none	0.0	0.0	0.0	128	y	87.9	weak	4.3
4357-Letter_to_Mr_Minoo_Masani_02-04-1965.pdf	4357	1	100758	none	none	0.0	0.0	0.0	128	y	81.3	weak	4.2
4358-Letter_to_Mr_Minoo_Masani_01-04-1965.pdf	4358	1	103037	none	none	0.0	0.0	0.0	128	y	39.0	faint	25.4
4359-Letter_to_C_Rajagopalachari_31-07-1964.pdf	4359	2	270220	none	none	0.0	0.0	0.0	128	n	108.5	adequate	7.4
436-Swatantra_Party_Minutes_of_Meeting_26-11-1968.pdf	436	1	212331	none	none	0.0	0.0	0.0	128	n	103.7	adequate	5.0
4360-Letter_to_C_Rajagopalachari_12-06-1964.pdf	4360	1	167066	none	none	0.0	0.0	0.0	128	n	91.1	adequate	14.0
4361-Letter_from_Lalit_Kumar_09-06-1964.pdf	4361	2	345322	none	none	0.0	0.0	0.0	128	n	58.2	faint	16.5
4362-Politics-A_Wholetime_Occupation-Times_Weekly_13-08-1972.pdf	4362	3	703218	none	none	0.0	0.0	0.0	128	n	126.3	adequate	18.4
4363-Swatantras_Flawed_Experiment-Business_Standard_20-11-2002.pdf	4363	2	427456	none	none	0.0	0.0	0.0	128	y	97.5	adequate	21.2
4364-The_Notional_Alternative-Freedom_First-Sept_1974.pdf	4364	24	4705591	none	none	0.0	0.0	0.0	128	y	94.7	adequate	11.2
4365-Carry_On_Said_Rajaji-Freedom_First-February_1973.pdf	4365	6	1499934	none	none	0.0	0.0	0.0	128	n	103.1	adequate	14.9
4366-Letter_to_Sanjeev.pdf	4366	13	2341035	none	none	0.0	0.0	0.0	128	n	97.3	adequate	10.0
4367-SC-Socialism_Cannot_be_Deleted_from_Statute.pdf	4367	2	284242	none	none	0.0	0.0	0.0	128	n	83.9	weak	34.4
4368-Shortage_of_Skilled_Labour_Pinches_Eastern_Europe_11-07-2007.pdf	4368	6	2053629	none	none	0.0	0.0	0.0	128	y	100.9	adequate	22.7
4369-It_is_a_Small_World-Sunday_Express_17-02-2008.pdf	4369	2	708210	none	none	0.0	0.0	0.0	128	y	117.8	adequate	40.0
437-Swatantra_Party_Minutes_of_Meeting_27-11-1968.pdf	437	1	293428	none	none	0.0	0.0	0.0	128	n	98.3	adequate	9.1
4370-Our_Socialist_Agenda-The_Time_to_Oust_it_has_Come_17-01-2008.pdf	4370	4	1287735	none	none	0.0	0.0	0.0	128	y	96.0	adequate	27.5
4371-Letter_to_Raju_08-01-2008.pdf	4371	2	296818	none	none	0.0	0.0	0.0	128	n	105.1	adequate	6.4
4372-Where_we_Stand-The_Times_of_India_15-01-2008.pdf	4372	8	2103707	none	none	0.0	0.0	0.0	128	y	108.3	adequate	30.9
4373-Making_a_Morckey_of_Indian_Democracy-Freedom_First-January_1995.pdf	4373	4	1225358	none	none	0.0	0.0	0.0	128	y	94.4	adequate	16.3
4374-Why_Compel_All_to_Conform_or_Lie_23-11-2007.pdf	4374	2	309911	none	none	0.0	0.0	0.0	128	n	79.4	weak	6.8
4375-Letter_to_S_V_Raju_26-09-1977.pdf	4375	16	2367842	none	none	0.0	0.0	0.0	128	y	74.8	weak	10.1
4376-The_Rajaji_Foundation.pdf	4376	3	471586	none	none	0.0	0.0	0.0	128	y	62.5	weak	7.6
4377-India_Needs_a_Liberal_Political_Party.pdf	4377	3	557294	none	none	0.0	0.0	0.0	128	n	92.7	adequate	9.8
4378-Of_Liberalism_and_Liberalisation_22-04-2004.pdf	4378	2	378678	none	none	0.0	0.0	0.0	128	n	103.0	adequate	9.0
4379-Liberalism_and_Liberalisation_19-03-2004.pdf	4379	8	1150776	none	none	0.0	0.0	0.0	128	n	97.6	adequate	4.9
438-Swatantra_Party_Minutes_of_Meeting_15-11-1968.pdf	438	1	182226	none	none	0.0	0.0	0.0	128	n	104.5	adequate	6.0
4380-Liberalism_in_India_22-01-2004.pdf	4380	9	1080271	none	none	0.0	0.0	0.0	128	n	103.8	adequate	3.3
4381-A_Wayward_But_Evolving_Democracy.pdf	4381	3	849679	none	none	0.0	0.0	0.0	128	n	81.2	weak	14.7
4382-Treat_Budgets_Simply_as_hisaab-Kitaab_Documents_27-02-2006.pdf	4382	2	340197	none	none	0.0	0.0	0.0	128	n	72.1	weak	7.3
4383-On_the_Right_Road_But_Not_a_Market-Driven_economy_15-08-2005.pdf	4383	2	401765	none	none	0.0	0.0	0.0	128	n	80.1	weak	6.7
4384-8th_International_Colloquium_27-11-1972.pdf	4384	15	2461538	none	none	0.0	0.0	0.0	128	n	100.8	adequate	12.6
4385-A_Wayward_But_Evolving_Democracy.pdf	4385	3	888110	none	none	0.0	0.0	0.0	128	n	82.3	weak	13.5
4386-Liberalisms_Prospects_in_Contemporary_India-March_2003.pdf	4386	5	1648129	none	none	0.0	0.0	0.0	128	n	93.3	adequate	14.3
4387-Liberalism_is_Contemporary_India_06-12-2003.pdf	4387	11	2481274	none	none	0.0	0.0	0.0	128	n	88.6	weak	7.3
4388-The_Cyberisation_of_India.pdf	4388	3	964130	none	none	0.0	0.0	0.0	128	n	122.1	adequate	16.4
4389-Liberalism-A_Contemporary_View.pdf	4389	3	684433	none	none	0.0	0.0	0.0	128	n	99.8	adequate	8.8
439-Swatantra_Party_Minutes_of_Meeting_13-11-1968.pdf	439	1	213442	none	none	0.0	0.0	0.0	128	n	111.4	adequate	7.8
4390-Liberty_and_Equality_Freedom_is_the_Supreme_Value-The_Times_of_India_19-07-2000.pdf	4390	2	519759	none	none	0.0	0.0	0.0	128	n	87.6	weak	12.0
4391-The_Liberal_Movement_in_india-A_Brief_Note_12-09-2001.pdf	4391	2	500023	none	none	0.0	0.0	0.0	128	n	103.2	adequate	10.7
4392-Liberal_Political_Initiatives-past_and_Present_Third_Time_Lucky-Liberal_Times.pdf	4392	8	2019719	none	none	0.0	0.0	0.0	128	y	64.5	weak	19.5
4393-Continuing_Relevance_of_Liberalism_30-07-2001.pdf	4393	1	104755	none	none	0.0	0.0	0.0	128	n	56.9	faint	3.4
4394-Quintessential_Dissenter-Janata_26-07-1998.pdf	4394	5	1400283	none	none	0.0	0.0	0.0	128	n	81.0	weak	9.8
4395-M_A_Rane_Felicitated-April_2001.pdf	4395	3	827680	none	none	0.0	0.0	0.0	128	n	85.3	weak	13.1
4396-The_Cyberisation_of_India.pdf	4396	5	1005910	none	none	0.0	0.0	0.0	128	n	94.2	adequate	7.6
4397-UN_Charter_Day_Meeting_26-06-2000.pdf	4397	10	947390	none	none	0.0	0.0	0.0	128	n	102.3	adequate	5.7
4398-The_State_and_Role_of_the_Middle_Classes_in_India.pdf	4398	5	1038160	none	none	0.0	0.0	0.0	128	n	87.0	weak	8.2
4399-Organized_Crime_in_India.pdf	4399	7	1331636	none	none	0.0	0.0	0.0	128	n	97.4	adequate	6.4
44-Letter_to_Mr_Minoo_Masani_11-03-1971.pdf	44	2	257861	none	none	0.0	0.0	0.0	128	y	82.9	weak	22.6
440-Swatantra_Party_Minutes_of_Meeting_11-11-1968.pdf	440	1	188170	none	none	0.0	0.0	0.0	128	n	119.3	adequate	8.1
4400-Public_Services_and_the_New_Role_of_the_State_and_Government.pdf	4400	6	1274585	none	none	0.0	0.0	0.0	128	n	102.8	adequate	7.5
4401-Liberalism-A_Contemporary_View_24-04-2000.pdf	4401	5	873366	none	none	0.0	0.0	0.0	128	n	89.7	weak	36.2
4402-The_Libera_Vision-TheTimes_India_07-07-2000.pdf	4402	8	3044524	none	none	0.0	0.0	0.0	128	n	113.9	adequate	27.4
4403-What_Deters_Indias_Liberals-The_Economic_Times_Mumbai_18-05-1999.pdf	4403	3	648077	none	none	0.0	0.0	0.0	128	y	87.6	weak	18.8
4404-Prospects_for_a_Liberal_Party_in_India-Economic_Times.pdf	4404	2	409974	none	none	0.0	0.0	0.0	128	n	100.3	adequate	7.5
4405-The_Chances_for_Peace_in_the_Indian_Sub-Continent.pdf	4405	6	1222771	none	none	0.0	0.0	0.0	128	n	92.6	adequate	8.0
4406-Are_Coalition_Governments_Good_or_Bad_05-05-1999.pdf	4406	19	1485187	none	none	0.0	0.0	0.0	128	y	85.8	weak	6.9
4407-Lok_Sabha_Elections_1952_to_1991.pdf	4407	1	90257	none	none	0.0	0.0	0.0	128	n	99.8	adequate	6.4
4408-Events-Times_of_India_05-05-1999.pdf	4408	1	287990	none	none	0.0	0.0	0.0	128	n	102.8	adequate	26.0
4409-Schedule_of_Meetings_03-05-1999.pdf	4409	1	187817	none	none	0.0	0.0	0.0	128	n	62.0	weak	7.5
441-Swatantra_Party_Minutes_of_Meeting_29-08-1968.pdf	441	1	156591	none	none	0.0	0.0	0.0	128	n	107.3	adequate	7.2
4410-Letter_to_S_V_Raju_28-04-1999.pdf	4410	1	168151	none	none	0.0	0.0	0.0	128	n	120.1	adequate	6.1
4411-The_Right_to_Information_and_the_Right_to_Literacy-Liberal_Times.pdf	4411	6	1672642	none	none	0.0	0.0	0.0	128	y	73.5	weak	18.6
4412-The_Right_to_Information.pdf	4412	9	1731110	none	none	0.0	0.0	0.0	128	n	93.7	adequate	6.3
4413-Letter_to_S_V_Raju_28-12-1998.pdf	4413	3	565491	none	none	0.0	0.0	0.0	128	n	113.1	adequate	6.3
4414-Do_We_Need_a_New_Public_Philosophy.pdf	4414	9	1521206	none	none	0.0	0.0	0.0	128	n	93.4	adequate	4.6
4415-Letter_to_S_V_Raju_27-03-1989.pdf	4415	1	152510	none	none	0.0	0.0	0.0	128	n	93.3	adequate	5.1
4416-Letter_to_Rajmata_Gayatri_Devi_18-07-1989.pdf	4416	1	181921	none	none	0.0	0.0	0.0	128	n	105.1	adequate	8.1
4417-Letter_to_S_V_Raju_07-09-1989.pdf	4417	1	132693	none	none	0.0	0.0	0.0	128	y	94.1	adequate	7.4
4418-Letter_to_Dr_K_Thiagarajan_26-03-1974.pdf	4418	13	2115112	none	none	0.0	0.0	0.0	128	y	108.8	adequate	11.2
4419-George_Fernandes.pdf	4419	1	211371	none	none	0.0	0.0	0.0	128	y	132.2	strong	12.0
442-Swatantra_Party_Minutes_of_Meeting_28-08-1968.pdf	442	1	144983	none	none	0.0	0.0	0.0	128	n	110.1	adequate	6.7
4420-Getting_the_Facts_Straight.pdf	4420	1	296398	none	none	0.0	0.0	0.0	128	n	78.0	weak	15.5
4421-Defeat_Dictatorship-Help_Democracy_Win_Victory_22-02-1977.pdf	4421	1	177987	none	none	0.0	0.0	0.0	128	y	96.7	adequate	16.6
4422-Defeat_Dictatorship-Help_Democracy_Win_Victory_22-02-1977.pdf	4422	1	145823	none	none	0.0	0.0	0.0	128	y	101.4	adequate	14.6
4423-Towards_a_Free_Society_The_Gandhian_Alternative.pdf	4423	4	780797	none	none	0.0	0.0	0.0	128	y	112.1	adequate	52.2
4424-Lok_Sabha_Election_16-03-1977.pdf	4424	4	572659	none	none	0.0	0.0	0.0	128	y	124.2	adequate	9.4
4425-Chagla_call_to_Vote_for_Freedom_Democracy.pdf	4425	2	216852	none	none	0.0	0.0	0.0	128	y	72.6	weak	10.5
4426-Invitation_Card.pdf	4426	1	64086	none	none	0.0	0.0	0.0	128	y	94.4	adequate	5.3
4427-Lok_Sabha_Election_16-03-1977.pdf	4427	4	763296	none	none	0.0	0.0	0.0	128	y	110.4	adequate	10.8
4428-Letter_to_Mr_Minoo_Masani_19-10-1978.pdf	4428	16	1941218	none	none	0.0	0.0	0.0	128	n	89.6	weak	3.7
4429-Letter_from_J_B_Dsouza_31-05-1989.pdf	4429	2	110675	none	none	0.0	0.0	0.0	128	y	64.4	weak	4.1
443-Swatantra_Party_Minutes_of_Meeting_23-08-1968.pdf	443	1	209441	none	none	0.0	0.0	0.0	128	n	101.8	adequate	9.6
4430-Letter_to_S_V_Raju_11-09-1989.pdf	4430	3	372444	none	none	0.0	0.0	0.0	128	y	97.3	adequate	5.9
4431-Letter_to_H_M_Patel_07-07-1989.pdf	4431	2	220850	none	none	0.0	0.0	0.0	128	y	89.6	weak	5.2
4432-Letter_to_Philip_Mason_12-07-1989.pdf	4432	1	151571	none	none	0.0	0.0	0.0	128	n	96.8	adequate	3.8
4433-Letter_to_William_F_Buckley_Jr_12-07-1989.pdf	4433	1	132372	none	none	0.0	0.0	0.0	128	n	99.8	adequate	3.5
4434-Letter_to_S_V_Raju_10-08-1989.pdf	4434	2	150231	none	none	0.0	0.0	0.0	128	y	78.8	weak	5.3
4435-Letter_to_S_V_Raju_14-08-1989.pdf	4435	1	109832	none	none	0.0	0.0	0.0	128	n	77.3	weak	4.6
4436-Letter_to_Mr_Minoo_Masani_04-10-1989.pdf	4436	1	165798	none	none	0.0	0.0	0.0	128	n	127.6	adequate	9.2
4437-Letter_to_S_V_Raju_24-08-1989.pdf	4437	1	66361	none	none	0.0	0.0	0.0	128	y	58.6	faint	4.6
4438-Letter_to_S_V_Raju_31-01-1990.pdf	4438	1	94270	none	none	0.0	0.0	0.0	128	y	87.7	weak	6.1
4439-Letter_to_S_V_Raju_23-02-1990.pdf	4439	1	87848	none	none	0.0	0.0	0.0	128	n	77.9	weak	4.1
444-Swatantra_Party_Minutes_of_Meeting_21-08-1968.pdf	444	1	162767	none	none	0.0	0.0	0.0	128	n	114.2	adequate	6.2
4440-Letter_to_S_V_Raju_05-02-1990.pdf	4440	1	199300	none	none	0.0	0.0	0.0	128	n	71.7	weak	7.8
4441-Letter_to_S_V_Raju_27-03-1992.pdf	4441	3	222751	none	none	0.0	0.0	0.0	128	y	92.9	adequate	8.5
4442-Indian_Committee_for_Cultural_Freedom_05-02-1969.pdf	4442	30	2447910	none	none	0.0	0.0	0.0	128	y	97.0	adequate	4.6
4443-Letter_to_S_V_Raju_19-04-2007.pdf	4443	1	120164	none	none	0.0	0.0	0.0	128	n	108.5	adequate	4.5
4444-Letter_to_Syt_Viren_Shah_07-12-2003.pdf	4444	14	2914823	none	none	0.0	0.0	0.0	128	n	94.8	adequate	6.9
4445-Growing_With_the_Republic.pdf	4445	11	2456624	none	none	0.0	0.0	0.0	128	n	78.8	weak	9.8
4446-Letter_to_J_R_D_Tata_14-06-1961.pdf	4446	1	135527	none	none	0.0	0.0	0.0	128	n	74.7	weak	4.3
4447-Letter_to_J_R_D_Tata_15-05-1961.pdf	4447	2	447114	none	none	0.0	0.0	0.0	128	n	98.6	adequate	10.0
4448-Letter_to_Dharamsey_M_Khatau_12-06-1961.pdf	4448	3	443022	none	none	0.0	0.0	0.0	128	n	85.5	weak	8.7
4449-Letter_to_Dharamsey_M_Khatau_15-06-1961.pdf	4449	1	100985	none	none	0.0	0.0	0.0	128	n	71.5	weak	3.8
445-Swatantra_Party_Minutes_of_Meeting_21-08-1968.pdf	445	1	150439	none	none	0.0	0.0	0.0	128	n	106.0	adequate	5.3
4450-Letter_to_C_Rajagopalachari_20-06-1961.pdf	4450	2	310412	none	none	0.0	0.0	0.0	128	n	69.2	weak	10.0
4451-Letter_to_C_Rajagopalachari_15-07-1961.pdf	4451	2	377973	none	none	0.0	0.0	0.0	128	y	71.8	weak	10.7
4452-Hitendra_Meets_Masani-Indian_Express_22-01-1971.pdf	4452	1	145279	none	none	0.0	0.0	0.0	128	n	44.0	faint	24.4
4453-Masani_Foresees_Merger_of_Alliance_Partners-The_Tomes_of_India_29-01-1971.pdf	4453	4	498531	none	none	0.0	0.0	0.0	128	n	70.1	weak	20.8
4454-Swatantra_to_Fight_on_Agreed_Plan-Indian_Express_29-01-1971.pdf	4454	1	210746	none	none	0.0	0.0	0.0	128	n	74.2	weak	14.1
4455-Masani_allows_Free_Vote-Indian_Express_05-02-1971.pdf	4455	1	122241	none	none	0.0	0.0	0.0	128	n	50.6	faint	35.2
4456-Masanis_Wife_to_Campaign_For_Cong_R-Free_Press_Journal_06-02-1971.pdf	4456	1	115858	none	none	0.0	0.0	0.0	128	n	35.0	faint	42.7
4457-Masani_Explains_Manifesto-March_of_the_Nation_06-02-1971.pdf	4457	1	197600	none	none	0.0	0.0	0.0	128	y	95.6	adequate	10.3
4458-What_is_the_Election_For-March_of_the_Nation_06-02-1971.pdf	4458	1	251453	none	none	0.0	0.0	0.0	128	y	70.1	weak	25.8
4459-Minoo_&_Marxists-New_Age_07-02-1971.pdf	4459	1	225205	none	none	0.0	0.0	0.0	128	y	68.1	weak	27.9
446-Swatantra_Party_Minutes_of_Meeting_12-08-1968.pdf	446	1	200835	none	none	0.0	0.0	0.0	128	n	123.7	adequate	8.6
4460-Make_Your_Choice-4_07-02-1971.pdf	4460	4	1231727	none	none	0.0	0.0	0.0	128	y	101.6	adequate	27.9
4461-Better-Half_on_Other-Indian_Express_07-02-1971.pdf	4461	1	109403	none	none	0.0	0.0	0.0	128	n	36.7	faint	27.3
4462-Democratic_Family-Indian_Express_13-02-1971.pdf	4462	1	94709	none	none	0.0	0.0	0.0	128	n	27.4	faint	39.3
4463-PMs_Gamble_Will_Fail_by_Masani-Sunday_Standard_14-02-1971.pdf	4463	1	145156	none	none	0.0	0.0	0.0	128	y	33.6	faint	38.5
4464-Masani_Outlines_Employment_Plan-Economic_Times_14-02-1971.pdf	4464	1	261824	none	none	0.0	0.0	0.0	128	y	50.6	faint	36.1
4465-Masani_Attacks_PMs_Policy-Bharat_Joyti_14-02-1971.pdf	4465	1	125533	none	none	0.0	0.0	0.0	128	y	30.2	faint	32.6
4466-It_is_Gandhi_Vs_Marx_in_India_by_Masani_14-02-1971.pdf	4466	1	123711	none	none	0.0	0.0	0.0	128	n	62.2	weak	7.9
4467-Masanis-PMs_Gamble_Will_Fail-Sunday_Standard_14-02-1971.pdf	4467	1	175445	none	none	0.0	0.0	0.0	128	y	41.9	faint	15.3
4468-When_Masani_was_In_the_Wrong-Sunday_Standard_14-02-1971.pdf	4468	2	296773	none	none	0.0	0.0	0.0	128	y	48.6	faint	16.1
4469-Joint_Declaration_Still_Possible_Says_Masani-The_Hindu_14-02-1971.pdf	4469	1	163527	none	none	0.0	0.0	0.0	128	n	57.6	faint	10.4
447-Swatantra_Party_Minutes_of_Meeting_07-08-1968.pdf	447	1	158322	none	none	0.0	0.0	0.0	128	n	126.2	adequate	6.1
4470-PMs_Gamble_Will_Fail_Prophesies_Masani-The_Times_Of_India_14-02-1971.pdf	4470	1	196112	none	none	0.0	0.0	0.0	128	y	82.0	weak	13.5
4471-Swatantra_Will_End_State_Capitalism_Exploitation-Hindustan_Times_Weekly_14-02-1971.pdf	4471	1	174701	none	none	0.0	0.0	0.0	128	y	64.3	weak	11.7
4472-What_India_Meant_to_Me_14-02-1971.pdf	4472	2	641478	none	none	0.0	0.0	0.0	128	y	106.0	adequate	27.8
4473-Trickery-Patriot_15-02-1971.pdf	4473	1	171733	none	none	0.0	0.0	0.0	128	y	47.8	faint	24.1
4474-The_Middle_Groud-Hindustan_Times_16-02-1971.pdf	4474	1	245323	none	none	0.0	0.0	0.0	128	y	56.1	faint	15.0
4475-Exemplary_Tolerannce-The_Indian_Nation_16-02-1971.pdf	4475	1	221829	none	none	0.0	0.0	0.0	128	y	56.7	faint	35.0
4476-Choice_is_With_People_by_Masani-Indian_Express_17-02-1971.pdf	4476	1	125920	none	none	0.0	0.0	0.0	128	y	31.3	faint	27.0
4477-Masani_Assails_PMs_Economic_Policy-Indian_Express_17-02-1971.pdf	4477	1	129397	none	none	0.0	0.0	0.0	128	n	32.9	faint	32.0
4478-PM_Pursuing_Wrong_Policy_Says_Masani-Times_of_India_18-02-1971.pdf	4478	1	138238	none	none	0.0	0.0	0.0	128	y	42.3	faint	34.8
4479-Election_Free-For-All_&_Unfair-March_of_the_Nation_27-02-1971.pdf	4479	1	257164	none	none	0.0	0.0	0.0	128	y	94.6	adequate	18.0
448-Swatantra_Party_Minutes_of_Meeting_06-08-1968.pdf	448	2	377390	none	none	0.0	0.0	0.0	128	n	111.3	adequate	7.5
4480-Indiras_Socialism_is_Shortcut_to_Slavery-March_of_the_Nation_27-02-1971.pdf	4480	1	259245	none	none	0.0	0.0	0.0	128	y	96.8	adequate	11.3
4481-Masani_Canvasses_for_Meghraj-Indian_Express_03-03-1971.pdf	4481	1	108061	none	none	0.0	0.0	0.0	128	n	31.9	faint	34.3
4482-Mrs_Masani_Joins_New_Congress-Times_of_India_04-03-1971.pdf	4482	1	101681	none	none	0.0	0.0	0.0	128	n	28.5	faint	29.5
4483-Mrs_Masani_Joins_New_Congress-Hindustan_Times_04-03-1971.pdf	4483	1	123795	none	none	0.0	0.0	0.0	128	n	37.6	faint	30.5
4484-Mrs_Masani_Joins_New_Congress-Indian_Express_04-03-1971.pdf	4484	1	109345	none	none	0.0	0.0	0.0	128	n	32.6	faint	29.0
4485-Letter_from_Mr_Minoo_Masani_04-03-1971.pdf	4485	1	149691	none	none	0.0	0.0	0.0	128	y	84.3	weak	8.0
4486-Masani_Rules_out_Party_Party_Support_to_Fernandes-Free_Press_Journal_05-03-1971.pdf	4486	1	118005	none	none	0.0	0.0	0.0	128	n	32.3	faint	37.0
4487-Voting_Over_In_Four_States_Bombay_All_Set_For_Poll-The_Economic_Times_05-03-1971.pdf	4487	1	168654	none	none	0.0	0.0	0.0	128	y	44.3	faint	40.1
4488-Sterile_Appraisal-Statesman_06-03-1971.pdf	4488	1	193179	none	none	0.0	0.0	0.0	128	y	59.9	faint	11.1
4489-Confusion_&_Chaos-March_of_the_Nation_06-03-1971.pdf	4489	1	246141	none	none	0.0	0.0	0.0	128	y	75.7	weak	17.0
449-Swatantra_Party_Minutes_of_Meeting_30-07-1968.pdf	449	1	196595	none	none	0.0	0.0	0.0	128	n	122.1	adequate	7.0
4490-The_Fault_Dear_Brutus_is_not_in_Ourselves_but_in_our_Stars-Indian_Express_17-03-1971.pdf	4490	1	135989	none	none	0.0	0.0	0.0	128	n	114.1	adequate	4.0
4491-The_65_Million_question-The_Economist_20-03-1971.pdf	4491	2	481073	none	none	0.0	0.0	0.0	128	n	80.2	weak	15.4
4492-When_EMS_Listened_to_Masani-Statesman_21-03-1971.pdf	4492	1	170045	none	none	0.0	0.0	0.0	128	n	48.1	faint	20.4
4493-Masani_Challenges_New_Congress_Claim-Times_of_India_31-03-1971.pdf	4493	1	156436	none	none	0.0	0.0	0.0	128	n	81.0	weak	7.9
4494-Delhi_Policies_Will_Lead_to_Chaos_by_Masani-Free_Press_Journal_31-03-1971.pdf	4494	1	134646	none	none	0.0	0.0	0.0	128	n	88.2	weak	6.1
4495-Masani_Analyses_Causes_of_Indira_Victory-Indian_Express_31-03-1971.pdf	4495	1	130431	none	none	0.0	0.0	0.0	128	n	83.3	weak	5.4
4496-Manifarcetoes.pdf	4496	1	210925	none	none	0.0	0.0	0.0	128	y	95.5	adequate	15.0
4497-This_Way_to_Democracy_by_Masani-May_1946.pdf	4497	26	6716322	none	none	0.0	0.0	0.0	128	y	104.1	adequate	25.2
4498-Prophecy_Comes_True-Blitz_13-02-1971.pdf	4498	2	593075	none	none	0.0	0.0	0.0	128	y	77.1	weak	28.8
4499-Guilty_of_Nehrumania-Blitz_06-02-1971.pdf	4499	28	8066202	none	none	0.0	0.0	0.0	128	y	92.7	adequate	22.3
45-Letter_to_Mr_Minoo_Masani_15-03-1971.pdf	45	2	85435	none	none	0.0	0.0	0.0	128	y	71.5	weak	6.6
450-Swatantra_Party_Minutes_of_Meeting-Notice&Agenda_25-07-1968.pdf	450	1	108589	none	none	0.0	0.0	0.0	128	n	112.6	adequate	2.6
4500-Blitz_on_its_30th_Anniversary_30-01-1971.pdf	4500	24	6592163	none	none	0.0	0.0	0.0	128	y	95.2	adequate	30.8
4501-Letter_to_N_Dandekar_04-08-1968.pdf	4501	1	220354	none	none	0.0	0.0	0.0	128	n	86.3	weak	18.0
4502-Circular_Letter_No_9_06-07-1968.pdf	4502	1	165320	none	none	0.0	0.0	0.0	128	n	85.6	weak	4.3
4503-Letter_from_Mr_Minoo_Masani.pdf	4503	2	313445	none	none	0.0	0.0	0.0	128	n	81.8	weak	4.8
4504-Civil_Suit_No_410_1967.pdf	4504	11	1736600	none	none	0.0	0.0	0.0	128	n	111.4	adequate	10.0
4505-Letter_from_Mr_Minoo_Masani_28-06-1968.pdf	4505	1	124238	none	none	0.0	0.0	0.0	128	n	92.2	adequate	4.5
4506-Letter_to_Mr_Minoo_Masani_25-06-1968.pdf	4506	1	111331	none	none	0.0	0.0	0.0	128	n	86.3	weak	3.7
4507-Letter_to_C_Rajagopalachari_21-06-1968.pdf	4507	3	507562	none	none	0.0	0.0	0.0	128	n	106.2	adequate	40.5
4508-Letter_to_J_S_Davids_20-06-1968.pdf	4508	3	372130	none	none	0.0	0.0	0.0	128	y	83.7	weak	17.0
4509-Letter_to_Mr_Minoo_Masani_19-06-1968.pdf	4509	1	135227	none	none	0.0	0.0	0.0	128	n	92.4	adequate	5.2
451-Swatantra_Party_Minutes_of_Meeting_25-07-1968.pdf	451	2	328966	none	none	0.0	0.0	0.0	128	n	139.0	strong	6.0
4510-Swatantra_Party_Minutes_of_Meeting.pdf	4510	1	199881	none	none	0.0	0.0	0.0	128	n	78.4	weak	10.7
4511-Letter_from_N_Dandekar_18-06-1968.pdf	4511	1	124415	none	none	0.0	0.0	0.0	128	n	38.3	faint	14.3
4512-Letter_to_Mr_Minoo_Masani_19-06-1968.pdf	4512	1	126361	none	none	0.0	0.0	0.0	128	n	98.8	adequate	3.7
4513-Swatantra_Party_Minutes_of_Meeting.pdf	4513	2	302823	none	none	0.0	0.0	0.0	128	n	44.8	faint	22.2
4514-Letter_to_Mr_Minoo_Masani_18-06-1968.pdf	4514	1	129579	none	none	0.0	0.0	0.0	128	n	85.4	weak	4.8
4515-Letter_to_Mr_Minoo_Masani_18-06-1968.pdf	4515	1	87342	none	none	0.0	0.0	0.0	128	y	86.1	weak	4.5
4516-Letter_to_Mr_Minoo_Masani_17-06-1968.pdf	4516	1	92044	none	none	0.0	0.0	0.0	128	n	116.2	adequate	5.2
4517-Letter_from_Mr_Minoo_Masani_13-06-1968.pdf	4517	1	92133	none	none	0.0	0.0	0.0	128	n	91.5	adequate	4.5
4518-Letter_to_Mr_Minoo_Masani_04-06-1968.pdf	4518	1	137678	none	none	0.0	0.0	0.0	128	n	99.9	adequate	8.0
4519-Swatantra_at_the_Cross_Roads_by_V_T_Sreenivasan.pdf	4519	2	301020	none	none	0.0	0.0	0.0	128	n	88.7	weak	12.0
452-Swatantra_Party_Minutes_of_Meeting_25-07-1968.pdf	452	1	172537	none	none	0.0	0.0	0.0	128	n	115.0	adequate	6.7
4520-Letter_to_Mr_Minoo_Masani_11-06-1968.pdf	4520	1	71638	none	none	0.0	0.0	0.0	128	n	96.0	adequate	3.6
4521-Letter_to_J_R_D_Tata_10-06-1968.pdf	4521	3	236050	none	none	0.0	0.0	0.0	128	n	85.2	weak	16.5
4522-Letter_to_A_P_Jain_04-04-1968.pdf	4522	1	108649	none	none	0.0	0.0	0.0	128	n	124.5	adequate	3.3
4523-Points_Noted_by_Mr_Parameswar_During_the_General_Council_Meeting_Of_the_Swatantra_Party_01-06-1968.pdf	4523	8	1229615	none	none	0.0	0.0	0.0	128	n	66.3	weak	15.8
4524-Letter_to_Mr_Minoo_Masani_29-05-1968.pdf	4524	2	223003	none	none	0.0	0.0	0.0	128	n	94.7	adequate	7.0
4525-Letter_to_Mr_Pashabhai_Patel_03-06-1968.pdf	4525	1	162963	none	none	0.0	0.0	0.0	128	n	108.4	adequate	8.7
4526-Letter_to_Mr_Minoo_Masani_02-06-1968.pdf	4526	3	429669	none	none	0.0	0.0	0.0	128	n	104.5	adequate	9.7
4527-Defeat_of_the_Partys_Candidate_in_the_Biennial_Election_to_Rajya_Sabha_in_Gujrat-March_1968.pdf	4527	7	1461736	none	none	0.0	0.0	0.0	128	n	50.5	faint	20.8
4528-Letter_to_Mr_Minoo_Masani_29-05-1968.pdf	4528	2	262203	none	none	0.0	0.0	0.0	128	n	69.4	weak	25.9
4529-Election_Seats.pdf	4529	3	411831	none	none	0.0	0.0	0.0	128	y	105.7	adequate	44.4
453-Swatantra_Party_Minutes_of_Meeting_25-07-1968.pdf	453	1	147099	none	none	0.0	0.0	0.0	128	n	126.1	adequate	5.2
4530-Letter_to_Mr_Minoo_Masani_29-05-1968.pdf	4530	6	768421	none	none	0.0	0.0	0.0	128	y	109.3	adequate	13.0
4531-Letter_to_S_V_Raju_29-05-1968.pdf	4531	1	109531	none	none	0.0	0.0	0.0	128	n	33.9	faint	49.3
4532-Letter_to_C_Rajagopalachari_29-05-1968.pdf	4532	1	118277	none	none	0.0	0.0	0.0	128	n	114.5	adequate	4.4
4533-Letter_to_C_Rajagopalachari_28-05-1968.pdf	4533	1	116259	none	none	0.0	0.0	0.0	128	n	130.1	strong	4.6
4534-Letter_to_N_Dandekar_28-05-1968.pdf	4534	1	106583	none	none	0.0	0.0	0.0	128	n	116.1	adequate	2.5
4535-Letter_to_Mr_Minoo_Masani_27-05-1968.pdf	4535	3	439684	none	none	0.0	0.0	0.0	128	y	95.3	adequate	7.6
4536-Transalation_of_Report_in_The_Jan_Satta_26-05-1968.pdf	4536	2	368231	none	none	0.0	0.0	0.0	128	n	101.7	adequate	8.4
4537-Letter_to_H_M_Patel_27-05-1968.pdf	4537	2	350555	none	none	0.0	0.0	0.0	128	n	69.0	weak	12.1
4538-Letter_to_H_M_Patel_27-05-1968.pdf	4538	5	753833	none	none	0.0	0.0	0.0	128	n	94.6	adequate	9.6
4539-Letter_to_H_M_Patel_27-05-1968.pdf	4539	5	668895	none	none	0.0	0.0	0.0	128	n	32.7	faint	27.0
454-Swatantra_Party_Minutes_of_Meeting_25-07-1968.pdf	454	1	114731	none	none	0.0	0.0	0.0	128	n	118.3	adequate	3.1
4540-Letter_to_N_Dandekar_02-05-1968.pdf	4540	7	911787	none	none	0.0	0.0	0.0	128	y	83.3	weak	13.1
4541-Letter_to_Mr_Minoo_Masani_26-05-1968.pdf	4541	4	611729	none	none	0.0	0.0	0.0	128	y	91.8	adequate	29.5
4542-Letter_from_Vasanji_Kheraj_Thakrar_25-05-1968.pdf	4542	2	279643	none	none	0.0	0.0	0.0	128	n	54.2	faint	11.5
4543-Letter_to_Mr_Minoo_Masani_24-05-1968.pdf	4543	10	1262903	none	none	0.0	0.0	0.0	128	y	108.8	adequate	21.3
4544-Letter_to_Mr_Minoo_Masani_22-05-1968.pdf	4544	3	556453	none	none	0.0	0.0	0.0	128	n	52.2	faint	32.5
4545-Letter_to_N_G_Ranga_22-05-1968.pdf	4545	1	127235	none	none	0.0	0.0	0.0	128	n	110.5	adequate	7.0
4546-Letter_to_Mr_Minoo_Masani_21-05-1968.pdf	4546	1	105915	none	none	0.0	0.0	0.0	128	y	84.0	weak	5.8
4547-Letter_to_Members_of_the_General_Council_21-05-1968.pdf	4547	7	690633	none	none	0.0	0.0	0.0	128	y	90.9	adequate	7.7
4548-Letter_to_Mr_Minoo_Masani_21-05-1968.pdf	4548	8	1430646	none	none	0.0	0.0	0.0	128	y	96.4	adequate	7.2
4549-Letter_from_Ratibhai_Ukabhai_Patel_21-05-1968.pdf	4549	3	520400	none	none	0.0	0.0	0.0	128	n	124.6	adequate	13.3
455-Swatantra_Party_Minutes_of_Meeting_22-07-1968.pdf	455	1	303618	none	none	0.0	0.0	0.0	128	n	110.3	adequate	14.5
4550-Letter_to_Ratibhai_Ukabhai_Patel_21-05-1968.pdf	4550	1	109397	none	none	0.0	0.0	0.0	128	n	105.9	adequate	2.4
4551-Letter_to_Ratibhai_Ukabhai_Patel_20-05-1968.pdf	4551	1	111648	none	none	0.0	0.0	0.0	128	n	139.2	strong	4.1
4552-Letter_from_J_M_Prabhu_18-05-1968.pdf	4552	2	286909	none	none	0.0	0.0	0.0	128	n	98.6	adequate	9.6
4553-A_Question_Of-Hindustan_Times_18-05-1968.pdf	4553	1	209626	none	none	0.0	0.0	0.0	128	n	72.1	weak	22.6
4554-Letter_to_Mr_Minoo_Masani_16-05-1968.pdf	4554	3	380623	none	none	0.0	0.0	0.0	128	n	93.4	adequate	12.8
4555-Letter_from_Mr_Minoo_Masani_15-05-1968.pdf	4555	20	3043684	none	none	0.0	0.0	0.0	128	n	67.5	weak	9.7
4556-Letter_to_N_Dandekar_13-05-1968.pdf	4556	2	378598	none	none	0.0	0.0	0.0	128	n	129.9	adequate	20.2
4557-Letter_to_C_Rajagopalachari_13-05-1968.pdf	4557	1	79770	none	none	0.0	0.0	0.0	128	n	102.0	adequate	2.5
4558-Letter_from_Mr_Minoo_Masani.pdf	4558	1	140019	none	none	0.0	0.0	0.0	128	n	67.4	weak	6.7
4559-Letter_from_Mr_Minoo_Masani_13-05-1968.pdf	4559	1	130909	none	none	0.0	0.0	0.0	128	n	137.1	strong	8.9
456-Swatantra_Party_Minutes_of_Meeting_15-05-1968.pdf	456	1	213625	none	none	0.0	0.0	0.0	128	n	111.5	adequate	7.2
4560-Why_I_Am_Adament_by_Mr_Minoo_Masani.pdf	4560	4	596921	none	none	0.0	0.0	0.0	128	n	128.4	adequate	11.5
4561-Why_I_Am_Adament_by_Mr_Minoo_Masani.pdf	4561	9	1244452	none	none	0.0	0.0	0.0	128	n	120.8	adequate	11.6
4562-Letter_to_Ratibhai_Ukabhai_Patel_13-05-1968.pdf	4562	1	92744	none	none	0.0	0.0	0.0	128	n	95.9	adequate	3.8
4563-Letter_to_Patwant_Singh_13-05-1968.pdf	4563	1	107290	none	none	0.0	0.0	0.0	128	n	130.9	strong	3.5
4564-Letter_to_C_Rajagopalachari_06-05-1968.pdf	4564	2	236381	none	none	0.0	0.0	0.0	128	n	129.9	adequate	5.1
4565-Letter_from_H_M_Patel_04-05-1968.pdf	4565	1	138139	none	none	0.0	0.0	0.0	128	n	129.3	adequate	7.8
4566-Letter_from_H_M_Patel_04-05-1968.pdf	4566	1	144822	none	none	0.0	0.0	0.0	128	n	124.5	adequate	8.7
4567-Letter_to_H_M_Patel_30-04-1968.pdf	4567	1	158847	none	none	0.0	0.0	0.0	128	n	102.9	adequate	10.4
4568-Letter_to_Mr_Minoo_Masani_30-04-1968.pdf	4568	2	273837	none	none	0.0	0.0	0.0	128	n	94.9	adequate	8.5
4569-Letter_to_Mr_Minoo_Masani_29-04-1968.pdf	4569	1	99544	none	none	0.0	0.0	0.0	128	n	81.7	weak	4.9
457-Swatantra_Party_Minutes_of_Meeting_11-05-1968.pdf	457	3	891227	none	none	0.0	0.0	0.0	128	n	99.9	adequate	13.1
4570-Letter_to_Mr_Minoo_Masani_29-04-1968.pdf	4570	2	317730	none	none	0.0	0.0	0.0	128	n	58.7	faint	46.6
4571-Letter_from_Mr_Minoo_Masani_29-04-1968.pdf	4571	2	184760	none	none	0.0	0.0	0.0	128	n	54.8	faint	23.6
4572-Letter_to_Mr_Minoo_Masani_25-04-1968.pdf	4572	2	230965	none	none	0.0	0.0	0.0	128	n	103.7	adequate	5.9
4573-Letter_to_Mr_Minoo_Masani_23-04-1968.pdf	4573	1	153932	none	none	0.0	0.0	0.0	128	n	111.4	adequate	6.7
4574-Swatantra_Party_Resolution_No-5.pdf	4574	1	135092	none	none	0.0	0.0	0.0	128	n	122.1	adequate	6.1
4576-Letter_to_N_Dandekar_23-04-1968.pdf	4576	3	493977	none	none	0.0	0.0	0.0	128	n	115.1	adequate	10.6
4577-Letter_to_Mr_Minoo_Masani_22-04-1968.pdf	4577	1	157472	none	none	0.0	0.0	0.0	128	n	99.4	adequate	7.8
4578-General_Council_Circular_No_25_22-04-1968.pdf	4578	1	138535	none	none	0.0	0.0	0.0	128	n	80.5	weak	5.0
4579-Letter_to_Mr_Minoo_Masani_22-04-1968.pdf	4579	1	154684	none	none	0.0	0.0	0.0	128	n	46.3	faint	20.9
458-Swatantra_Party_Minutes_of_Meeting_09-05-1968.pdf	458	1	115261	none	none	0.0	0.0	0.0	128	n	96.8	adequate	3.7
4580-Letter_to_Mr_Minoo_Masani_22-04-1968.pdf	4580	1	100756	none	none	0.0	0.0	0.0	128	n	58.1	faint	11.2
4581-Letter_to_Mr_Minoo_Masani_22-04-1968.pdf	4581	1	107699	none	none	0.0	0.0	0.0	128	n	89.2	weak	6.5
4582-Letter_to_Mr_Minoo_Masani_22-04-1968.pdf	4582	1	109239	none	none	0.0	0.0	0.0	128	n	89.0	weak	6.5
4583-Letter_to_Mr_Minoo_Masani_20-04-1968.pdf	4583	1	65019	none	none	0.0	0.0	0.0	128	y	74.5	weak	5.0
4584-Extract_from_the_Proceedings_of_the_State_Executives_Meeting_of_the_Swatantra_party_19-04-1968.pdf	4584	1	142852	none	none	0.0	0.0	0.0	128	n	35.8	faint	31.9
4585-Letter_to_C_Rajagopalachari_18-04-1968.pdf	4585	1	136530	none	none	0.0	0.0	0.0	128	n	65.7	weak	8.4
4586-Letter_to_Mr_Minoo_Masani_18-04-1968.pdf	4586	2	251674	none	none	0.0	0.0	0.0	128	y	52.0	faint	43.4
4587-Letter_to_Mr_Minoo_Masani_22-04-1968.pdf	4587	1	160506	none	none	0.0	0.0	0.0	128	y	94.0	adequate	14.8
4588-Letter_to_Mr_Minoo_Masani_10-04-1968.pdf	4588	4	424714	none	none	0.0	0.0	0.0	128	y	95.8	adequate	16.3
4589-Letter_to_Mr_Minoo_Masani_10-04-1968.pdf	4589	2	227434	none	none	0.0	0.0	0.0	128	y	69.7	weak	46.2
459-Swatantra_Party_Minutes_of_Meeting_07-05-1968.pdf	459	2	339673	none	none	0.0	0.0	0.0	128	n	96.2	adequate	6.1
4590-Letter_to_Mr_Minoo_Masani_10-04-1968.pdf	4590	2	236183	none	none	0.0	0.0	0.0	128	y	57.1	faint	19.6
4591-Letter_to_Mr_Minoo_Masani_06-04-1968.pdf	4591	2	280069	none	none	0.0	0.0	0.0	128	y	97.0	adequate	28.5
4592-Letter_to_Mr_Minoo_Masani_02-04-1968.pdf	4592	1	140605	none	none	0.0	0.0	0.0	128	n	103.5	adequate	8.9
4593-Letter_from_I_S_Bhargava_30-03-1968.pdf	4593	1	259285	none	none	0.0	0.0	0.0	128	n	102.5	adequate	16.2
4594-Letter_to_Mr_Minoo_Masani_02-04-1968.pdf	4594	5	738095	none	none	0.0	0.0	0.0	128	y	93.2	adequate	9.1
4595-Letter_to_Bhanu_Babu_02-04-1968.pdf	4595	2	944961	none	none	0.0	0.0	0.0	200	n	62.7	weak	39.6
4596-Letter_to_Mr_Minoo_Masani_25-04-1968.pdf	4596	2	299888	none	none	0.0	0.0	0.0	128	y	83.0	weak	27.1
4597-Letter_to_Mr_Minoo_Masani_31-03-1968.pdf	4597	1	125838	none	none	0.0	0.0	0.0	128	n	110.9	adequate	6.5
4598-Letter_to_Mr_Minoo_Masani_25-01-1968.pdf	4598	2	261132	none	none	0.0	0.0	0.0	128	y	87.6	weak	7.0
4599-Chanakyan.pdf	4599	2	216755	none	none	0.0	0.0	0.0	128	y	86.3	weak	10.4
46-Letter_to_Mr_Sri_Prakash_22-03-1971.pdf	46	1	165832	none	none	0.0	0.0	0.0	128	y	89.6	weak	10.9
460-Swatantra_Party_Minutes_of_Meeting_02-05-1968.pdf	460	2	408445	none	none	0.0	0.0	0.0	128	n	95.1	adequate	8.6
4600-Letter_to_Mr_Minoo_Masani_18-04-1968.pdf	4600	1	212382	none	none	0.0	0.0	0.0	128	n	46.4	faint	25.6
4601-Letter_to_N_Dandeker_18-04-1968.pdf	4601	4	715759	none	none	0.0	0.0	0.0	128	y	72.2	weak	16.2
4602-Telegram_to_Mr_Minoo_Masani.pdf	4602	1	97060	none	none	0.0	0.0	0.0	128	y	106.6	adequate	6.1
4603-Telegram_to_C_Rajagopalachari_17-04-1968.pdf	4603	1	70914	none	none	0.0	0.0	0.0	128	n	73.3	weak	3.0
4604-Complments_of_N_Dandekar.pdf	4604	5	717285	none	none	0.0	0.0	0.0	128	y	86.9	weak	33.3
4605-Letter_from_Chandrakant_Parikh_17-04-1968.pdf	4605	1	140112	none	none	0.0	0.0	0.0	128	n	89.0	weak	10.3
4606-Letter_to_Mr_Minoo_Masani_16-04-1968.pdf	4606	3	461072	none	none	0.0	0.0	0.0	128	n	78.8	weak	7.9
4607-Letter_to_N_Dandeker_16-04-1968.pdf	4607	3	438695	none	none	0.0	0.0	0.0	128	n	130.6	strong	9.0
4608-Letter_to_Inder_Malhotra_22-10-1975.pdf	4608	3	530331	none	none	0.0	0.0	0.0	128	n	98.9	adequate	15.2
4609-For_Favour_of_Publication_12-04-1968.pdf	4609	2	328995	none	none	0.0	0.0	0.0	128	n	65.2	weak	10.1
461-Swatantra_Party_Minutes_of_Meeting_02-05-1968.pdf	461	1	157142	none	none	0.0	0.0	0.0	128	n	98.4	adequate	4.9
4610-Letter_to_Mr_Minoo_Masani_12-04-1968.pdf	4610	1	109103	none	none	0.0	0.0	0.0	128	y	98.6	adequate	5.5
4611-Letter_to_Mr_Minoo_Masani_12-04-1968.pdf	4611	1	13367	none	none	0.0	0.0	0.0	200	n	162.5	strong	3.9
4612-Defeat_of_the_Party_Candidate_in_the_Biennal_Election_in_Rajya_Sabha.pdf	4612	7	1293601	none	none	0.0	0.0	0.0	128	n	50.6	faint	15.0
4613-Letter_to_P_S_Koppikar_11-04-1968.pdf	4613	1	109808	none	none	0.0	0.0	0.0	128	n	83.7	weak	4.8
4614-Letter_to_N_Dandeker_11-04-1968.pdf	4614	1	103377	none	none	0.0	0.0	0.0	128	n	84.9	weak	3.9
4615-Letter_to_C_Rajagopalachari_10-04-1968.pdf	4615	1	92977	none	none	0.0	0.0	0.0	128	n	97.7	adequate	2.6
4616-Letter_to_N_G_Ranga_10-04-1968.pdf	4616	1	149734	none	none	0.0	0.0	0.0	128	n	96.8	adequate	12.1
4617-Letter_to_Mr_Minoo_Masani_09-04-1968.pdf	4617	1	134400	none	none	0.0	0.0	0.0	128	n	83.9	weak	5.8
4618-Letter_to_Mr_Minoo_Masani_08-04-1968.pdf	4618	2	319087	none	none	0.0	0.0	0.0	128	y	91.9	adequate	9.6
4619-Letter_to_K_M_Munshi_06-04-1968.pdf	4619	1	117778	none	none	0.0	0.0	0.0	128	n	83.8	weak	2.3
462-Swatantra_Party_Minutes_of_Meeting_27-04-1968.pdf	462	1	204434	none	none	0.0	0.0	0.0	128	n	102.4	adequate	7.8
4620-Letter_to_C_Rajagopalachari_06-04-1968.pdf	4620	2	240369	none	none	0.0	0.0	0.0	128	n	52.8	faint	13.0
4621-Letter_to_C_Rajagopalachari_06-04-1968.pdf	4621	1	145270	none	none	0.0	0.0	0.0	128	n	97.6	adequate	5.1
4622-Letter_to_Mr_Minoo_Masani_06-04-1968.pdf	4622	2	360451	none	none	0.0	0.0	0.0	128	n	80.1	weak	8.8
4623-Letter_to_Mr_Minoo_Masani_05-04-1968.pdf	4623	2	216782	none	none	0.0	0.0	0.0	128	n	87.9	weak	21.8
4624-Letter_to_Mr_Minoo_Masani_05-04-1968.pdf	4624	3	423524	none	none	0.0	0.0	0.0	128	y	104.3	adequate	11.3
4625-Complments_of_N_Dandekar.pdf	4625	2	157633	none	none	0.0	0.0	0.0	128	y	55.1	faint	14.9
4626-Letter_to_Madhu_N_Mehta_04-04-1968.pdf	4626	1	206245	none	none	0.0	0.0	0.0	128	n	80.9	weak	21.2
4627-Letter_to_Mr_Minoo_Masani_04-04-1968.pdf	4627	2	156609	none	none	0.0	0.0	0.0	128	y	92.1	adequate	4.9
4628-Letter_to_Mr_Minoo_Masani_03-04-1968.pdf	4628	2	216801	none	none	0.0	0.0	0.0	128	y	92.9	adequate	10.0
4629-Letter_to_C_Rajagopalachari_03-04-1968.pdf	4629	4	537620	none	none	0.0	0.0	0.0	128	n	98.2	adequate	13.0
463-Swatantra_Party_Minutes_of_Meeting_18-04-1968.pdf	463	1	116656	none	none	0.0	0.0	0.0	128	n	90.2	adequate	3.8
4630-Letter_to_Mr_Minoo_Masani_02-04-1968.pdf	4630	1	157306	none	none	0.0	0.0	0.0	128	n	56.0	faint	13.7
4631-Letter_to_N_Dandeker_02-04-1968.pdf	4631	2	397577	none	none	0.0	0.0	0.0	128	n	93.4	adequate	9.1
4632-Letter_to_B_R_Shenoy_01-04-1968.pdf	4632	1	102551	none	none	0.0	0.0	0.0	128	n	83.7	weak	3.0
4633-Letter_to_Mr_Minoo_Masani.pdf	4633	1	110038	none	none	0.0	0.0	0.0	128	y	76.9	weak	10.0
4634-Letter_to_V_T_Sreenivasan_01-04-1968.pdf	4634	1	293975	none	none	0.0	0.0	0.0	120	n	97.0	adequate	9.2
4635-Letter_to_Mr_Minoo_Masani_31-03-1968.pdf	4635	2	259689	none	none	0.0	0.0	0.0	128	n	85.9	weak	8.5
4636-Letter_to_Mr_Minoo_Masani_31-03-1968.pdf	4636	1	103767	none	none	0.0	0.0	0.0	128	y	99.4	adequate	6.7
4637-Letter_to_Mr_Minoo_Masani_31-03-1968.pdf	4637	2	244543	none	none	0.0	0.0	0.0	128	y	106.7	adequate	7.8
4638-Letter_to_Mr_Minoo_Masani_31-03-1968.pdf	4638	2	225494	none	none	0.0	0.0	0.0	128	n	46.6	faint	10.4
4639-Letter_to_Mr_Minoo_Masani_31-03-1968.pdf	4639	2	286624	none	none	0.0	0.0	0.0	128	n	83.7	weak	8.0
464-Swatantra_Party_Minutes_of_Meeting_17-04-1968.pdf	464	1	102318	none	none	0.0	0.0	0.0	128	n	109.5	adequate	2.2
4640-Letter_to_Mr_Minoo_Masani_31-03-1968.pdf	4640	2	303755	none	none	0.0	0.0	0.0	128	n	87.4	weak	7.5
4641-Extract_from_Minutes_of_Central_Parliamentary_Board_26-05-1965.pdf	4641	1	159206	none	none	0.0	0.0	0.0	128	n	81.7	weak	10.6
4642-Babubhai_Vaidya.pdf	4642	1	170046	none	none	0.0	0.0	0.0	128	n	81.8	weak	12.0
4643-Letter_from_Madhu_N_Mehta_31-03-1968.pdf	4643	2	353825	none	none	0.0	0.0	0.0	128	y	79.6	weak	9.4
4644-Letter_to_N_Dandeker.pdf	4644	2	184312	none	none	0.0	0.0	0.0	128	y	72.1	weak	9.7
4645-Resolution_on_Mr_Minoo_Masani_Resignation_from_all_party_Offices.pdf	4645	1	72469	none	none	0.0	0.0	0.0	128	n	57.1	faint	5.2
4646-Letter_to_C_Rajagopalachari_30-04-1968.pdf	4646	6	1086157	none	none	0.0	0.0	0.0	128	n	83.8	weak	8.2
4647-Letter_to_Mr_Minoo_Masani_30-03-1968.pdf	4647	1	171828	none	none	0.0	0.0	0.0	128	n	71.3	weak	10.3
4648-Letter_to_Ratibhai_Ukhaabhai_Patel_30-03-1968.pdf	4648	1	144226	none	none	0.0	0.0	0.0	128	n	89.0	weak	9.9
4649-Letter_to_Babubhai_Vaidya_30-03-1968.pdf	4649	1	98681	none	none	0.0	0.0	0.0	128	n	26.7	faint	44.1
465-Swatantra_Party_Minutes_of_Meeting_15-04-1968.pdf	465	1	100335	none	none	0.0	0.0	0.0	128	n	106.1	adequate	2.6
4650-Letter_to_C_Rajagopalachari_29-03-1968.pdf	4650	1	159124	none	none	0.0	0.0	0.0	128	n	96.0	adequate	10.5
4651-Letter_to_N_Dandeker_29-03-1968.pdf	4651	1	188331	none	none	0.0	0.0	0.0	128	n	78.1	weak	15.2
4652-For_Favour_of_Publication_29-03-1968.pdf	4652	1	48432	none	none	0.0	0.0	0.0	200	n	140.4	strong	10.6
4653-Sandesh_29-03-1968.pdf	4653	2	283986	none	none	0.0	0.0	0.0	128	n	103.1	adequate	6.4
4654-Swatantra_Whip-The_Ihdian_Express_27-03-1968.pdf	4654	1	75406	none	none	0.0	0.0	0.0	128	n	23.2	faint	32.2
4655-Sandesh_22-03-1968.pdf	4655	1	124391	none	none	0.0	0.0	0.0	128	n	39.3	faint	26.7
4656-Telegram_to_Mr_Minoo_Masani_27-03-1968.pdf	4656	1	95159	none	none	0.0	0.0	0.0	128	y	74.4	weak	6.1
4657-Letter_to_Mr_Minoo_Masani_22-03-1968.pdf	4657	2	280571	none	none	0.0	0.0	0.0	128	n	56.9	faint	26.2
4658-Message_from_Mr_Dandekar_to_Mr_Minoo_Masani_22-03-1968.pdf	4658	1	48410	none	none	0.0	0.0	0.0	128	y	72.4	weak	4.5
4659-Message_from_Mr_Minoo_Masani_to_N_Dandekar_22-03-1968.pdf	4659	1	76573	none	none	0.0	0.0	0.0	128	y	61.9	weak	3.3
466-Swatantra_Party_Minutes_of_Meeting_11-04-1968.pdf	466	1	228472	none	none	0.0	0.0	0.0	128	n	96.1	adequate	8.6
4660-Letter_to_Mr_Minoo_Masani_21-03-1968.pdf	4660	1	109034	none	none	0.0	0.0	0.0	128	n	86.9	weak	7.9
4661-Letter_to_Mr_Minoo_Masani_18-03-1968.pdf	4661	2	217163	none	none	0.0	0.0	0.0	128	n	78.8	weak	7.8
4662-Letter_to_Mr_Shenoy_18-03-1968.pdf	4662	1	72902	none	none	0.0	0.0	0.0	128	n	22.8	faint	45.5
4663-Letter_to_Ratibhai_Ukhaabhai_Patel_18-03-1968.pdf	4663	1	6965	none	none	0.0	0.0	0.0	200	n	173.5	strong	1.9
4664-Letter_to_S_V_Raju_15-03-1968.pdf	4664	1	124697	none	none	0.0	0.0	0.0	128	n	111.4	adequate	10.1
4665-Letter_to_Mr_Minoo_Masani_13-03-1968.pdf	4665	2	392150	none	none	0.0	0.0	0.0	128	n	106.8	adequate	16.5
4666-Letter_to_Mr_Minoo_Masani_13-03-1968.pdf	4666	2	384575	none	none	0.0	0.0	0.0	128	n	96.2	adequate	16.6
4667-Letter_to_Mr_Minoo_Masani_13-03-1968.pdf	4667	4	874304	none	none	0.0	0.0	0.0	128	n	93.8	adequate	10.4
4668-Swatantra_party_Central_Parliamentary_Board.pdf	4668	1	148118	none	none	0.0	0.0	0.0	128	n	94.6	adequate	7.5
4669-Telegram_to_Mr_Minoo_Masani.pdf	4669	7	725039	none	none	0.0	0.0	0.0	128	y	77.3	weak	9.4
467-Swatantra_Party_Minutes_of_Meeting_02-04-1968.pdf	467	1	159543	none	none	0.0	0.0	0.0	128	n	88.6	weak	5.2
4670-Swatantra_Party_Minutes_of_Meeting_06-03-1968.pdf	4670	2	340516	none	none	0.0	0.0	0.0	128	n	72.5	weak	17.0
4671-Letter_to_N_Dandeker_18-02-1968.pdf	4671	2	276145	none	none	0.0	0.0	0.0	128	n	68.9	weak	12.0
4672-Swatantra_party_Some_Comments.pdf	4672	1	166980	none	none	0.0	0.0	0.0	128	n	93.0	adequate	7.9
4673-Copy_of_the_Report_of_the_Committee.pdf	4673	6	1068419	none	none	0.0	0.0	0.0	128	n	120.7	adequate	13.8
4674-Statement_of_Mr_Bhupatibhai_D_Kohli_18-11-1967.pdf	4674	10	1502992	none	none	0.0	0.0	0.0	128	n	115.1	adequate	7.1
4675-Letter_to_Mr_Minoo_Masani_18-01-1968.pdf	4675	6	747048	none	none	0.0	0.0	0.0	128	y	106.2	adequate	10.3
4676-Letter_to_Mr_Minoo_Masani_04-03-1963.pdf	4676	2	88355	none	none	0.0	0.0	0.0	128	y	87.4	weak	10.1
4677-Letter_to_Mr_Minoo_Masani_05-11-1963.pdf	4677	1	140859	none	none	0.0	0.0	0.0	128	y	121.6	adequate	8.6
4678-Letter_to_C_Rajagopalachari_23-09-1964.pdf	4678	1	137756	none	none	0.0	0.0	0.0	128	n	109.2	adequate	8.7
4679-Letter_to_Mr_Minoo_Masani_31-10-1963.pdf	4679	1	77455	none	none	0.0	0.0	0.0	128	y	115.3	adequate	4.4
468-Swatantra_Party_Minutes_of_Meeting_02-04-1968.pdf	468	1	120905	none	none	0.0	0.0	0.0	128	n	98.3	adequate	5.0
4680-Letter_to_C_Rajagopalachari_22-09-1964.pdf	4680	1	159631	none	none	0.0	0.0	0.0	128	n	39.9	faint	33.3
4681-Letter_to_C_Rajagopalachari_21-09-1964.pdf	4681	1	139948	none	none	0.0	0.0	0.0	128	n	72.8	weak	7.7
4682-Letter_to_Mr_Minoo_Masani_17-09-1964.pdf	4682	1	69716	none	none	0.0	0.0	0.0	128	y	107.2	adequate	3.9
4683-Letter_to_Piloo_Mody_17-09-1964.pdf	4683	1	78158	none	none	0.0	0.0	0.0	128	y	101.3	adequate	7.2
4684-Letter_to_C_Rajagopalachari_11-09-1964.pdf	4684	1	123415	none	none	0.0	0.0	0.0	128	y	117.9	adequate	5.7
4685-Letter_to_Mr_Minoo_Masani_21-09-1964.pdf	4685	2	240154	none	none	0.0	0.0	0.0	128	y	122.0	adequate	6.0
4686-Letter_to_Mr_Minoo_Masani_17-09-1964.pdf	4686	2	137577	none	none	0.0	0.0	0.0	128	y	121.8	adequate	5.6
4687-Letter_to_Mr_C_Rajagopalachari_11-09-1964.pdf	4687	1	103135	none	none	0.0	0.0	0.0	128	y	103.2	adequate	6.3
4688-Letter_to_C_Rajagopalachari_07-09-1964.pdf	4688	2	154834	none	none	0.0	0.0	0.0	128	y	81.6	weak	8.0
4689-Letter_to_Mr_Minoo_Masani_16-09-1964.pdf	4689	3	381247	none	none	0.0	0.0	0.0	128	y	100.7	adequate	8.2
469-Swatantra_Party_Minutes_of_Meeting_22-03-1968.pdf	469	2	309016	none	none	0.0	0.0	0.0	128	n	101.1	adequate	4.8
4690-Letter_to_Mr_Minoo_Masani_11-09-1964.pdf	4690	1	111429	none	none	0.0	0.0	0.0	128	n	29.7	faint	41.1
4691-Letter_to_C_Rajagopalachari_02-09-1964.pdf	4691	1	191695	none	none	0.0	0.0	0.0	128	n	88.8	weak	15.2
4692-Letter_to_Mr_Minoo_Masani_31-08-1964.pdf	4692	1	90513	none	none	0.0	0.0	0.0	128	y	117.8	adequate	6.6
4693-Letter_to_C_Rajagopalachari_23-08-1964.pdf	4693	4	835381	none	none	0.0	0.0	0.0	128	n	68.4	weak	14.2
4694-Letter_to_C_Rajagopalachari_31-08-1964.pdf	4694	1	139619	none	none	0.0	0.0	0.0	128	n	91.2	adequate	7.1
4695-Letter_to_Mr_Minoo_Masani_28-08-1964.pdf	4695	1	116325	none	none	0.0	0.0	0.0	128	y	106.4	adequate	5.5
4696-Letter_to_Mr_Minoo_Masani_26-08-1964.pdf	4696	1	86059	none	none	0.0	0.0	0.0	128	y	105.2	adequate	7.0
4697-Letter_to_C_Rajagopalachari_24-08-1964.pdf	4697	1	167660	none	none	0.0	0.0	0.0	128	n	102.6	adequate	9.5
4698-Letter_to_C_Rajagopalachari_16-02-1964.pdf	4698	1	99953	none	none	0.0	0.0	0.0	128	y	54.7	faint	8.5
4699-Letter_to_C_Rajagopalachari_24-08-1964.pdf	4699	1	72640	none	none	0.0	0.0	0.0	128	y	77.2	weak	9.1
47-Letter_to_Mr_Avtar_Singh_Rikhy_22-03-1971.pdf	47	1	143184	none	none	0.0	0.0	0.0	128	y	91.8	adequate	7.0
470-Swatantra_Party_Minutes_of_Meeting_12-03-1968.pdf	470	1	187707	none	none	0.0	0.0	0.0	128	n	97.1	adequate	6.3
4700-Letter_to_C_Rajagopalachari_26-08-1964.pdf	4700	2	201739	none	none	0.0	0.0	0.0	128	y	73.9	weak	26.7
4701-Letter_to_N_G_Ranga_21-08-1964.pdf	4701	2	291787	none	none	0.0	0.0	0.0	128	n	71.4	weak	8.2
4702-Letter_to_Mr_Minoo_Masani_19-08-1964.pdf	4702	1	107444	none	none	0.0	0.0	0.0	128	y	28.1	faint	39.9
4703-Letter_to_C_Rajagopalachari_11-12-1964.pdf	4703	1	109893	none	none	0.0	0.0	0.0	128	y	75.0	weak	6.2
4704-Letter_to_Mr_Minoo_Masani_14-08-1964.pdf	4704	1	92246	none	none	0.0	0.0	0.0	128	y	114.2	adequate	5.7
4705-Letter_to_Mr_Minoo_Masani_12-08-1964.pdf	4705	1	86014	none	none	0.0	0.0	0.0	128	y	96.0	adequate	6.7
4706-Letter_to_Mr_Minoo_Masani_11-08-1964.pdf	4706	4	308826	none	none	0.0	0.0	0.0	128	y	94.9	adequate	15.9
4707-Letter_to_C_Rajagopalachari_06-04-1964.pdf	4707	1	142837	none	none	0.0	0.0	0.0	128	n	74.0	weak	9.6
4708-Letter_to_C_Rajagopalachari_31-07-1964.pdf	4708	1	75039	none	none	0.0	0.0	0.0	128	y	105.4	adequate	3.3
4709-Letter_to_Mr_Minoo_Masani_13-03-1964.pdf	4709	1	72992	none	none	0.0	0.0	0.0	128	y	111.1	adequate	4.1
471-Swatantra_Party_Minutes_of_Meeting_12-03-1968.pdf	471	1	184772	none	none	0.0	0.0	0.0	128	n	98.0	adequate	5.6
4710-Letter_to_C_Rajagopalachari_11-03-1964.pdf	4710	1	107175	none	none	0.0	0.0	0.0	128	n	94.0	adequate	6.2
4711-Letter_to_C_Rajagopalachari_11-03-1964.pdf	4711	1	90531	none	none	0.0	0.0	0.0	128	n	96.7	adequate	3.4
4712-Letter_to_Mr_Minoo_Masani_07-03-1964.pdf	4712	1	92664	none	none	0.0	0.0	0.0	128	y	89.4	weak	8.9
4713-Letter_to_C_Rajagopalachari_02-03-1964.pdf	4713	2	344221	none	none	0.0	0.0	0.0	128	y	128.5	adequate	13.1
4714-Letter_to_Mr_Minoo_Masani_27-02-1964.pdf	4714	1	124457	none	none	0.0	0.0	0.0	128	y	125.8	adequate	7.6
4715-Letter_to_C_Rajagopalachari_21-02-1964.pdf	4715	1	133139	none	none	0.0	0.0	0.0	128	n	65.4	weak	9.2
4716-Letter_to_C_Rajagopalachari_01-10-1963.pdf	4716	2	408951	none	none	0.0	0.0	0.0	128	n	81.1	weak	11.5
4717-Letter_to_C_Rajagopalachari_01-10-1963.pdf	4717	6	675256	none	none	0.0	0.0	0.0	128	y	96.6	adequate	9.2
4718-Letter_to_C_Rajagopalachari_29-08-1963.pdf	4718	1	132449	none	none	0.0	0.0	0.0	128	n	33.1	faint	31.4
4719-Letter_to_R_N_Singh_Deo_29-08-1963.pdf	4719	1	118421	none	none	0.0	0.0	0.0	128	n	29.8	faint	33.7
472-Swatantra_Party_Minutes_of_Meeting_28-02-1968.pdf	472	1	103206	none	none	0.0	0.0	0.0	128	n	98.4	adequate	5.6
4720-Letter_to_Mr_Minoo_Masani_25-08-1963.pdf	4720	7	1345534	none	none	0.0	0.0	0.0	128	y	93.3	adequate	12.5
4721-Letter_to_Mr_Minoo_Masani_21-08-1963.pdf	4721	1	58685	none	none	0.0	0.0	0.0	128	y	73.7	weak	3.6
4722-Letter_to_Mr_Minoo_Masani_09-08-1963.pdf	4722	1	66407	none	none	0.0	0.0	0.0	128	y	84.8	weak	4.3
4723-C_Rajagopalachari_Tour_Programme_09-08-1963.pdf	4723	1	77568	none	none	0.0	0.0	0.0	128	y	95.4	adequate	93.8
4724-Letter_to_C_Rajagopalachari_31-07-1963.pdf	4724	1	83445	none	none	0.0	0.0	0.0	128	n	71.2	weak	6.3
4725-Letter_to_Mr_Minoo_Masani_29-07-1963.pdf	4725	1	95748	none	none	0.0	0.0	0.0	128	y	111.2	adequate	8.0
4726-Letter_to_C_Rajagopalachari_25-07-1963.pdf	4726	1	120282	none	none	0.0	0.0	0.0	128	n	98.5	adequate	7.3
4727-Letter_to_C_Rajagopalachari_24-07-1963.pdf	4727	2	194619	none	none	0.0	0.0	0.0	128	n	58.0	faint	21.7
4728-Letter_to_Mr_Minoo_Masani_22-07-1963.pdf	4728	2	241068	none	none	0.0	0.0	0.0	128	y	61.9	weak	72.5
4729-Letter_to_Mr_Minoo_Masani_18-07-1963.pdf	4729	2	219312	none	none	0.0	0.0	0.0	128	y	77.5	weak	5.4
473-Swatantra_Party_Minutes_of_Meeting_28-02-1968.pdf	473	1	238626	none	none	0.0	0.0	0.0	128	n	98.8	adequate	9.7
4730-Letter_to_C_Rajagopalachari_18-07-1963.pdf	4730	1	96946	none	none	0.0	0.0	0.0	128	n	73.4	weak	3.7
4731-Letter_to_Mr_Minoo_Masani_01-07-1963.pdf	4731	3	294978	none	none	0.0	0.0	0.0	128	y	117.0	adequate	16.2
4732-Munshi_denies_rift_Report.pdf	4732	1	91490	none	none	0.0	0.0	0.0	128	y	90.5	adequate	89.4
4733-Letter_to_Mr_Minoo_Masani_26-06-1963.pdf	4733	2	285146	none	none	0.0	0.0	0.0	128	y	98.7	adequate	14.3
4734-Letter_to_C_Rajagopalachari_22-06-1963.pdf	4734	1	153308	none	none	0.0	0.0	0.0	128	n	121.3	adequate	9.7
4735-Letter_to_Mr_Minoo_Masani_17-06-1963.pdf	4735	1	130422	none	none	0.0	0.0	0.0	128	y	74.1	weak	8.5
4736-Letter_to_C_Rajagopalachari_17-06-1963.pdf	4736	1	134785	none	none	0.0	0.0	0.0	128	n	94.6	adequate	10.0
4737-Letter_to_H_R_Paaricha_15-06-1963.pdf	4737	1	112088	none	none	0.0	0.0	0.0	128	n	32.7	faint	38.2
4738-Letter_to_Mr_Minoo_Masani_14-06-1963.pdf	4738	1	84119	none	none	0.0	0.0	0.0	128	y	98.4	adequate	6.0
4739-Letter_to_Mr_Minoo_Masani_14-06-1963.pdf	4739	1	161630	none	none	0.0	0.0	0.0	128	y	92.4	adequate	10.9
474-Swatantra_Party_Minutes_of_Meeting_20-02-1968.pdf	474	1	208791	none	none	0.0	0.0	0.0	128	n	94.1	adequate	8.6
4740-Letter_to_Mr_Minoo_Masani_14-06-1963.pdf	4740	2	325676	none	none	0.0	0.0	0.0	128	y	51.7	faint	38.4
4741-Letter_to_Mr_Minoo_Masani_11-06-1963.pdf	4741	1	81299	none	none	0.0	0.0	0.0	128	y	116.1	adequate	5.8
4742-Letter_to_C_Rajagopalachari_11-06-1963.pdf	4742	1	128563	none	none	0.0	0.0	0.0	128	n	102.9	adequate	9.2
4743-Letter_to_C_Rajagopalachari_08-06-1963.pdf	4743	1	158620	none	none	0.0	0.0	0.0	128	n	97.8	adequate	9.4
4744-Letter_to_N_G_Ranga_08-06-1963.pdf	4744	1	137613	none	none	0.0	0.0	0.0	128	n	79.0	weak	7.7
4745-Letter_to_C_Rajagopalachari_12-06-1963.pdf	4745	2	390711	none	none	0.0	0.0	0.0	128	n	65.5	weak	15.2
4746-Letter_to_Mr_Minoo_Masani_06-06-1963.pdf	4746	1	118604	none	none	0.0	0.0	0.0	128	y	92.4	adequate	6.6
4747-Letter_from_C_Rajagopalachari`.pdf	4747	1	97999	none	none	0.0	0.0	0.0	128	y	85.3	weak	5.1
4748-Letter_to_Bhailalbhai_Patel_05-06-1963.pdf	4748	1	151160	none	none	0.0	0.0	0.0	128	n	75.4	weak	9.0
4749-Letter_to_Bhailalbhai_Patel_04-06-1963.pdf	4749	1	172731	none	none	0.0	0.0	0.0	128	n	75.7	weak	14.0
475-Swatantra_Party_Minutes_of_Meeting_19-02-1968.pdf	475	1	220875	none	none	0.0	0.0	0.0	128	n	91.2	adequate	8.5
4750-Letter_to_C_Rajagopalachari_04-06-1963.pdf	4750	1	115020	none	none	0.0	0.0	0.0	128	n	77.4	weak	5.1
4751-Swatantra_Chief_in_Gujrat_Resign_04-06-1963.pdf	4751	1	123390	none	none	0.0	0.0	0.0	128	y	71.4	weak	28.4
4752-Swatantra_Party_Cheif_Quits_04-06-1963.pdf	4752	1	89268	none	none	0.0	0.0	0.0	128	y	34.7	faint	29.2
4753-Letter_to_Bhailalbhai_Patel_03-06-1963.pdf	4753	1	103236	none	none	0.0	0.0	0.0	128	n	45.8	faint	25.2
4754-Letter_to_Mr_Minoo_Masani_30-05-1963.pdf	4754	2	232293	none	none	0.0	0.0	0.0	128	y	69.1	weak	17.1
4755-Letter_to_Mr_Minoo_Masani.pdf	4755	2	728804	none	none	0.0	0.0	0.0	120	y	139.2	strong	9.8
4756-Letter_to_Mr_Minoo_Masani_29-05-1963.pdf	4756	1	84883	none	none	0.0	0.0	0.0	128	y	66.6	weak	10.6
4757-Letter_to_Mr_Minoo_Masani_31-05-1963.pdf	4757	2	329124	none	none	0.0	0.0	0.0	128	y	53.2	faint	34.8
4758-Letter_to_Mr_Minoo_Masani_28-05-1963.pdf	4758	2	262438	none	none	0.0	0.0	0.0	128	y	75.3	weak	8.7
4759-Letter_to_Mr_Minoo_Masani.pdf	4759	1	85606	none	none	0.0	0.0	0.0	128	y	84.3	weak	7.9
476-For_Favour_of_Publication_15-02-1968.pdf	476	1	145674	none	none	0.0	0.0	0.0	128	n	92.2	adequate	4.2
4760-Letter_to_Mr_N_G_Ranga_19-04-1963.pdf	4760	2	278023	none	none	0.0	0.0	0.0	128	n	60.7	weak	20.5
4761-Telegram_to_Mr_Minoo_Masani_18-01-1963.pdf	4761	1	77370	none	none	0.0	0.0	0.0	128	y	88.0	weak	95.8
4762-Letter_to_C_Rajagopalachari_13-04-1963.pdf	4762	1	102082	none	none	0.0	0.0	0.0	128	y	103.8	adequate	8.1
4763-Letter_to_Mr_Minoo_Masani_09-04-1964.pdf	4763	2	173570	none	none	0.0	0.0	0.0	128	y	49.3	faint	20.8
4764-Letter_to_Mr_Minoo_Masani_07-04-1963.pdf	4764	1	91259	none	none	0.0	0.0	0.0	128	y	100.9	adequate	7.6
4765-Letter_to_Mr_Minoo_Masani_06-04-1964.pdf	4765	1	154375	none	none	0.0	0.0	0.0	128	n	70.3	weak	5.6
4766-Letter_to_Mr_Minoo_Masani_26-06-1963.pdf	4766	2	204048	none	none	0.0	0.0	0.0	128	y	44.1	faint	42.4
4767-Letter_to_C_Rajagopalachari_03-04-1963.pdf	4767	1	165520	none	none	0.0	0.0	0.0	128	n	91.5	adequate	11.4
4768-Letter_to_Mr_Minoo_Masani_01-04-1963.pdf	4768	2	282968	none	none	0.0	0.0	0.0	128	y	78.2	weak	9.0
4769-Letter_to_Mr_Minoo_Masani_01-04-1963.pdf	4769	1	138939	none	none	0.0	0.0	0.0	128	y	87.5	weak	9.3
477-For_Favour_of_Publication_15-02-1968.pdf	477	1	150189	none	none	0.0	0.0	0.0	128	n	91.7	adequate	4.2
4770-Letter_to_Mr_Minoo_Masani_27-03-1963.pdf	4770	1	75763	none	none	0.0	0.0	0.0	128	y	96.5	adequate	4.7
4771-Letter_to_C_Rajagopalachari_25-03-1963.pdf	4771	1	93814	none	none	0.0	0.0	0.0	128	y	101.9	adequate	7.9
4772-Letter_to_C_Rajagopalachari_22-03-1963.pdf	4772	1	163532	none	none	0.0	0.0	0.0	128	n	71.9	weak	11.4
4773-Co-operation_or_Correction.pdf	4773	3	782708	none	none	0.0	0.0	0.0	128	y	70.4	weak	17.5
4774-Swatantra_Party_Election_Manifesto_1972.pdf	4774	5	943680	none	none	0.0	0.0	0.0	128	y	66.0	weak	24.7
4775-General_Secertarys_Report_12-12-1966.pdf	4775	35	4461850	none	none	0.0	0.0	0.0	128	y	88.1	weak	5.4
4776-Setting_Traditions_in_Party_Politics.pdf	4776	4	758869	none	none	0.0	0.0	0.0	128	n	84.2	weak	11.2
4777-Innovating_Traditions_in_Party_Politics.pdf	4777	3	585607	none	none	0.0	0.0	0.0	128	n	87.5	weak	13.0
4778-Swatantra_party_files_writ_against_socialism_clause_13-01-1994.pdf	4778	2	542799	none	none	0.0	0.0	0.0	128	y	126.1	adequate	27.8
4779-Graham_Wates.pdf	4779	43	10761931	none	none	0.0	0.0	0.0	128	n	53.2	faint	17.8
478-Swatantra_Party_Minutes_of_Meeting_15-02-1968.pdf	478	1	188289	none	none	0.0	0.0	0.0	128	n	96.9	adequate	5.9
4780-Swatantra_party_Procedure_for_Party_Election.pdf	4780	10	1382920	none	none	0.0	0.0	0.0	128	y	76.0	weak	9.8
4781-Swatantra_party_Procedure_for_Party_Election.pdf	4781	10	1406067	none	none	0.0	0.0	0.0	128	y	71.9	weak	10.6
4782-Swatantra_Party_Election_Manifesto_1972.pdf	4782	6	905069	none	none	0.0	0.0	0.0	128	y	74.4	weak	17.9
4783-General_Secretarys_Report.pdf	4783	49	7035506	none	none	0.0	0.0	0.0	128	y	102.1	adequate	40.5
4784-Swatantra_Party_Third_national_convention_01-02-1964.pdf	4784	4	691412	none	none	0.0	0.0	0.0	128	y	101.3	adequate	36.0
4785-The_Bhishma_of_Indian_Politics_H_M_Patel.pdf	4785	6	869716	none	none	0.0	0.0	0.0	128	y	83.2	weak	13.0
4786-The_Bhishma_of_Indian_Politics_H_M_Patel.pdf	4786	4	870763	none	none	0.0	0.0	0.0	128	y	77.4	weak	15.5
4787-The_Bhishma_of_Indian_Politics_H_M_Patel.pdf	4787	6	867246	none	none	0.0	0.0	0.0	128	y	82.9	weak	13.3
4788-The_Bhishma_of_Indian_Politics_H_M_Patel.pdf	4788	4	863974	none	none	0.0	0.0	0.0	128	y	74.3	weak	14.9
4789-The_Bhishma_of_Indian_Politics_H_M_Patel.pdf	4789	4	849584	none	none	0.0	0.0	0.0	128	y	77.8	weak	15.0
479-Swatantra_Party_Minutes_of_Meeting_13-02-1968.pdf	479	2	348915	none	none	0.0	0.0	0.0	128	n	89.9	weak	5.5
4790-The_Bhishma_of_Indian_Politics_H_M_Patel.pdf	4790	4	852971	none	none	0.0	0.0	0.0	128	y	77.5	weak	15.0
4791-To_Prosperity_Through_Freedom.pdf	4791	19	4232450	none	none	0.0	0.0	0.0	134	n	110.6	adequate	8.5
4792-A_Case_for_Swatantra_04-06-1959.pdf	4792	4	1006056	none	none	0.0	0.0	0.0	128	n	133.4	strong	23.7
4793-Swatantra_Party_Statement_of_Principles_01-08-1959.pdf	4793	6	653471	none	none	0.0	0.0	0.0	128	y	90.3	adequate	14.5
4794-Swatantra_Party_Minutes_of_Meeting_29-09-1994.pdf	4794	4	634364	none	none	0.0	0.0	0.0	128	n	104.4	adequate	6.1
4795-Letter_from_S_V_Raju_20-09-1994.pdf	4795	1	118609	none	none	0.0	0.0	0.0	128	n	128.7	adequate	3.4
4796-Affadavit.pdf	4796	3	413069	none	none	0.0	0.0	0.0	128	n	115.9	adequate	5.3
4797-In_the_High_Court_of_judicature_at_Bombay_Petition_no-14_or_1995.pdf	4797	8	1063365	none	none	0.0	0.0	0.0	128	n	124.1	adequate	4.5
4798-In_the_High_Court_of_judicature_at_Bombay_Petition_no-14_or_1995.pdf	4798	3	402445	none	none	0.0	0.0	0.0	128	n	138.2	strong	4.9
4799-In_the_High_Court_of_judicature_at_Bombay_Petition_no-14_or_1994.pdf	4799	2	245197	none	none	0.0	0.0	0.0	128	n	106.0	adequate	4.1
48-Letter_to_Mr_Narendra_Bhatia_19-03-1971.pdf	48	1	190569	none	none	0.0	0.0	0.0	128	y	77.7	weak	8.4
480-Swatantra_Party_Minutes_of_Meeting_21-12-1967.pdf	480	2	303309	none	none	0.0	0.0	0.0	128	n	93.0	adequate	5.5
4800-Swatantra_Party_General_Secretarys_Reports.pdf	4800	33	4221076	none	none	0.0	0.0	0.0	128	y	103.0	adequate	6.7
4801-Problems_of_Developing_Oppositions_in_India.pdf	4801	12	1925019	none	none	0.0	0.0	0.0	128	n	87.6	weak	9.8
4802-Why_I_took_to_Politics.pdf	4802	6	685134	none	none	0.0	0.0	0.0	128	y	111.0	adequate	58.6
4803-In_the_High_Court_of_judicature_at_Bombay_Petition_no-14_or_1995.pdf	4803	3	400909	none	none	0.0	0.0	0.0	128	n	99.9	adequate	8.1
4804-Letter_to_Rajeev_Patil.pdf	4804	20	2918676	none	none	0.0	0.0	0.0	128	n	89.4	weak	7.1
4805-In_the_High_Court_of_judicature_at_Bombay_Petition_no-14_of_1995.pdf	4805	7	658211	none	none	0.0	0.0	0.0	128	n	97.1	adequate	10.6
4806-In_the_High_Court_of_judicature_at_Bombay_Petition_no-14_of_1995.pdf	4806	3	351261	none	none	0.0	0.0	0.0	128	n	101.4	adequate	6.3
4807-In_the_High_Court_of_judicature_at_Bombay_Petition_no-14_of_1994.pdf	4807	1	113121	none	none	0.0	0.0	0.0	128	n	108.0	adequate	5.0
4808-In_the_High_Court_of_judicature_at_Bombay_Petition_no-14_of_1994.pdf	4808	19	3030317	none	none	0.0	0.0	0.0	128	n	58.5	faint	13.0
4809-In_the_High_Court_of_judicature_at_Bombay_Petition_no-14_of_1994.pdf	4809	41	6259006	none	none	0.0	0.0	0.0	128	n	98.3	adequate	8.5
481-Swatantra_Party_Minutes_of_Meeting_20-12-1967.pdf	481	1	117977	none	none	0.0	0.0	0.0	128	n	111.2	adequate	3.3
4810-In_the_High_Court_of_judicature_at_Bombay_Petition_no-30_of_1996.pdf	4810	4	576961	none	none	0.0	0.0	0.0	128	n	79.6	weak	38.4
4811-In_the_High_Court_of_judicature_at_Bombay_Petition_no-30_of_1995.pdf	4811	18	2192297	none	none	0.0	0.0	0.0	128	n	98.9	adequate	11.4
4812-In_the_High_Court_of_judicature_at_Bombay_Petition_no-30_of_1996.pdf	4812	4	528005	none	none	0.0	0.0	0.0	128	n	100.3	adequate	10.5
4813-Bombay_High_Court_petition_no-14_1995.pdf	4813	10	1419334	none	none	0.0	0.0	0.0	128	n	124.4	adequate	4.6
4814-Swatantra_party_Socialist.pdf	4814	1	103093	none	none	0.0	0.0	0.0	128	n	38.2	faint	16.5
4815-In_the_High_Court_of_judicature_at_Bombay_Petition_no-30_of_1995.pdf	4815	8	937188	none	none	0.0	0.0	0.0	128	n	133.5	strong	2.7
4816-In_the_High_Court_of_judicature_at_Bombay_Petition_no-30_of_1996.pdf	4816	4	584747	none	none	0.0	0.0	0.0	128	n	130.0	strong	5.2
4817-In_the_High_Court_of_judicature_at_Bombay_Petition_no-30_of_1995.pdf	4817	4	506949	none	none	0.0	0.0	0.0	128	n	118.6	adequate	2.7
4818-Department_of_Telecommunications.pdf	4818	2	289893	none	none	0.0	0.0	0.0	128	y	108.3	adequate	7.8
4819-In_the_High_Court_of_judicature_at_Bombay_Petition_no.pdf	4819	22	3093600	none	none	0.0	0.0	0.0	128	n	79.2	weak	10.1
482-Swatantra_Party_Minutes_of_Meeting_14-12-1967.pdf	482	1	269108	none	none	0.0	0.0	0.0	128	n	80.9	weak	10.5
4820-The_Position_resymbol_of_the_Swatantra_Party.pdf	4820	2	274837	none	none	0.0	0.0	0.0	128	n	116.1	adequate	6.2
4821-In_the_High_Court_of_judicature_at_Bombay_Petition_no-14_of_1995.pdf	4821	4	429416	none	none	0.0	0.0	0.0	128	n	131.2	strong	3.5
4822-List_of_Cases.pdf	4822	13	1225031	none	none	0.0	0.0	0.0	128	n	149.0	strong	3.4
4823-In_the_High_Court_of_judicature_at_Bombay_Petition_no-14_of_1996.pdf	4823	4	477104	none	none	0.0	0.0	0.0	128	n	112.7	adequate	2.8
4824-In_the_High_Court_of_judicature_at_Bombay_Petition_no-14_of_1996.pdf	4824	4	458873	none	none	0.0	0.0	0.0	128	n	108.7	adequate	2.9
4825-Swatantra_party_petition_in_High_Court.pdf	4825	6	652065	none	none	0.0	0.0	0.0	128	y	122.6	adequate	32.2
4826-In_the_High_Court_of_judicature_at_Bombay_Petition_no-14_of_1995.pdf	4826	8	955883	none	none	0.0	0.0	0.0	128	n	106.4	adequate	16.0
4827-In_the_High_Court_of_judicature_at_Bombay_Petition_no-14_of_1995.pdf	4827	4	580403	none	none	0.0	0.0	0.0	128	n	99.2	adequate	6.0
4828-Swatantra_Party_Minutes_of_Meeting_06-11-1971.pdf	4828	5	633837	none	none	0.0	0.0	0.0	128	n	35.4	faint	42.9
4829-Text_of_Resolution_Adopted_by_the_General_Council_06-11-1971.pdf	4829	4	540423	none	none	0.0	0.0	0.0	128	y	37.6	faint	38.4
483-Swatantra_Party_Minutes_of_Meeting-Conclusion_14-12-1967.pdf	483	1	166176	none	none	0.0	0.0	0.0	128	n	83.8	weak	4.8
4830-Swatantra_Party_Election_Manifesto_06-11-1971.pdf	4830	5	874811	none	none	0.0	0.0	0.0	128	y	38.7	faint	39.4
4831-Resolution_of_the_Current_Situation-Madhu_Mehta_06-11-1971.pdf	4831	22	2532315	none	none	0.0	0.0	0.0	128	y	34.0	faint	43.8
4832-Resolution_on_Unemployment_18-09-1971.pdf	4832	1	84570	none	none	0.0	0.0	0.0	128	y	24.4	faint	49.0
4833-Resolution_on_flood_havoc_in_Northern_India_and_in_Southern_India_19-11-1971.pdf	4833	1	118385	none	none	0.0	0.0	0.0	128	y	35.0	faint	40.4
4834-Swatantra_Party_Minutes_of_Meeting_17-04-1971.pdf	4834	10	1360648	none	none	0.0	0.0	0.0	128	y	56.3	faint	55.0
4835-Swatantra_Party_Minutes_of_Meeting_18-04-1971.pdf	4835	11	1575526	none	none	0.0	0.0	0.0	128	y	38.9	faint	39.0
4836-Swatantra_Party_Minutes_of_Meeting_09-01-1971.pdf	4836	4	630542	none	none	0.0	0.0	0.0	128	y	34.7	faint	47.1
4837-Swatantra_Party_Minutes_of_Meeting_21-07-1970.pdf	4837	40	5820030	none	none	0.0	0.0	0.0	128	n	36.1	faint	45.6
4838-Swatantra_Party_Minutes_of_Meeting_20-07-1970.pdf	4838	15	2167054	none	none	0.0	0.0	0.0	128	y	36.8	faint	41.6
4839-Swatantra_Party_Minutes_of_Meeting_12-04-1970.pdf	4839	2	295983	none	none	0.0	0.0	0.0	128	y	36.6	faint	43.1
484-Swatantra_Party_Minutes_of_Meeting_14-12-1967.pdf	484	1	224204	none	none	0.0	0.0	0.0	128	n	87.7	weak	7.8
4840-Swatantra_Party_Minutes_of_Meeting_17-02-1970.pdf	4840	34	5004283	none	none	0.0	0.0	0.0	128	y	33.5	faint	45.8
4841-Swatantra_as_Elite_of_Politics-JN_Lobo_Prabhu.pdf	4841	2	274021	none	none	0.0	0.0	0.0	128	n	33.5	faint	45.3
4842-Swatantra_party_National_Executive_17-02-1970.pdf	4842	1	125493	none	none	0.0	0.0	0.0	128	n	34.0	faint	46.2
4843-Swatantra_Party_Minutes_of_Meeting_28-12-1969.pdf	4843	3	473712	none	none	0.0	0.0	0.0	128	y	35.5	faint	43.2
4844-Notes_of_Disscussion_of_First_Meeting_of_Joint_Secretaries.pdf	4844	2	224042	none	none	0.0	0.0	0.0	128	y	33.0	faint	43.9
4845-Swatantra_Party_Minutes_of_Meeting_27-12-1960.pdf	4845	12	1640208	none	none	0.0	0.0	0.0	128	y	34.0	faint	48.0
4846-Swatantra_Party_Minutes_of_Meeting_27-12-1960.pdf	4846	7	889804	none	none	0.0	0.0	0.0	128	y	36.4	faint	41.6
4847-Text_of_Resolution_Adopted_by_the_General_Council_15-11-1969.pdf	4847	3	438113	none	none	0.0	0.0	0.0	128	y	37.9	faint	46.2
4848-Swatantra_Party_Minutes_of_Meeting_12-11-1969.pdf	4848	5	748644	none	none	0.0	0.0	0.0	128	y	34.4	faint	39.5
4849-Note_on_Presidental_Election_for_Central_Parliamentary_Board_and_National_Executive.pdf	4849	2	323856	none	none	0.0	0.0	0.0	128	n	58.0	faint	64.1
485-Swatantra_Party_Minutes_of_Meeting_05-12-1967.pdf	485	2	447277	none	none	0.0	0.0	0.0	128	n	93.6	adequate	8.1
4850-Note_on_Presidental_Election_for_Central_Parliamentary_Board_and_National_Executive.pdf	4850	2	319060	none	none	0.0	0.0	0.0	128	n	44.6	faint	32.6
4851-Swatantra_Party_Minutes_of_Meeting_30-08-1960.pdf	4851	15	2266115	none	none	0.0	0.0	0.0	128	y	51.7	faint	27.8
4852-Swatantra_Party_Minutes_of_Meeting_23-06-1969.pdf	4852	10	1547225	none	none	0.0	0.0	0.0	128	y	33.9	faint	43.9
4853-Swatantra_Party_Minutes_of_Meeting_16-02-1969.pdf	4853	10	1474786	none	none	0.0	0.0	0.0	128	y	34.4	faint	42.1
4854-Swatantra_Party_Minutes_of_Meeting_11-01-1965.pdf	4854	2	345342	none	none	0.0	0.0	0.0	128	n	60.8	weak	13.4
4855-Swatantra_Party_Minutes_of_Meeting_30-09-1964.pdf	4855	7	1047380	none	none	0.0	0.0	0.0	128	y	41.2	faint	37.5
4856-Swatantra_Party_Minutes_of_Meeting_30-09-1964.pdf	4856	3	559623	none	none	0.0	0.0	0.0	128	y	38.4	faint	40.5
4857-Swatantra_Party_Minutes_of_Meeting_30-09-1964.pdf	4857	1	150168	none	none	0.0	0.0	0.0	128	y	34.2	faint	40.7
4858-Swatantra_Party_Minutes_of_Meeting_08-08-1964.pdf	4858	3	372067	none	none	0.0	0.0	0.0	128	y	88.9	weak	12.3
4859-Swatantra_Party_Minutes_of_Meeting_03-06-1964.pdf	4859	6	936686	none	none	0.0	0.0	0.0	128	y	36.9	faint	40.5
486-Swatantra_Party_Minutes_of_Meeting_30-11-1967.pdf	486	1	280462	none	none	0.0	0.0	0.0	128	n	84.6	weak	11.7
4860-Swatantra_Party_Minutes_of_Meeting_29-06-1964.pdf	4860	4	582435	none	none	0.0	0.0	0.0	128	n	41.2	faint	39.3
4861-Resolution_on_Food_Scarcity_and_High_Prices.pdf	4861	3	408572	none	none	0.0	0.0	0.0	128	y	36.4	faint	43.9
4862-Resolution_on_Food_Scarcity_and_High_Prices.pdf	4862	1	65518	none	none	0.0	0.0	0.0	128	y	25.2	faint	42.2
4863-Swatantra_Party_Minutes_of_Meeting_28-06-1964.pdf	4863	2	302708	none	none	0.0	0.0	0.0	128	y	38.0	faint	45.0
4864-Swatantra_Party_Minutes_of_Meeting_17-05-1964.pdf	4864	2	276421	none	none	0.0	0.0	0.0	128	y	44.0	faint	25.3
4865-Swatantra_Party_Minutes_of_Meeting_17-05-1964.pdf	4865	4	602046	none	none	0.0	0.0	0.0	128	y	36.1	faint	38.9
4866-Resolution_of_Parliamentary_Board.pdf	4866	2	277304	none	none	0.0	0.0	0.0	128	y	33.5	faint	36.7
4867-Resolution_of_Parliamentary_Board.pdf	4867	1	66509	none	none	0.0	0.0	0.0	128	y	26.0	faint	32.8
4868-Timetable_for_party_Election.pdf	4868	1	108749	none	none	0.0	0.0	0.0	128	y	30.6	faint	41.4
4869-Amendments_to_the_Partys_Constitution.pdf	4869	1	110156	none	none	0.0	0.0	0.0	128	y	35.2	faint	50.6
487-Swatantra_Party_Minutes_of_Meeting_23-11-1967.pdf	487	1	213473	none	none	0.0	0.0	0.0	128	n	83.4	weak	7.5
4870-Resolution_on_the_17th_Amendments_to_the_Constitution.pdf	4870	1	93857	none	none	0.0	0.0	0.0	128	y	35.2	faint	33.6
4871-Resolution_on_Food_Scarcity_and_High_Prices.pdf	4871	3	411221	none	none	0.0	0.0	0.0	128	y	55.0	faint	63.4
4872-Resolution_of_Parliamentary_Board.pdf	4872	1	146926	none	none	0.0	0.0	0.0	128	y	38.0	faint	45.4
4873-Swatantra_Party_Minutes_of_Meeting_03-02-1964.pdf	4873	2	322749	none	none	0.0	0.0	0.0	128	y	75.3	weak	66.5
4874-Swatantra_Party_Minutes_of_Meeting_01-02-1964.pdf	4874	3	346598	none	none	0.0	0.0	0.0	128	y	55.2	faint	58.0
4875-Swatantra_Party_Minutes_of_Meeting_31-01-1964.pdf	4875	3	310624	none	none	0.0	0.0	0.0	128	y	34.6	faint	45.9
4876-Swatantra_Party_Minutes_of_Meeting_31-01-1964.pdf	4876	5	786195	none	none	0.0	0.0	0.0	128	n	35.6	faint	42.2
4877-Swatantra_Party_Minutes_of_Meeting_30-01-1964.pdf	4877	4	599163	none	none	0.0	0.0	0.0	128	y	35.5	faint	45.9
4878-Swatantra_Party_Minutes_of_Meeting_30-01-1964.pdf	4878	2	323679	none	none	0.0	0.0	0.0	128	y	41.8	faint	44.6
4879-Swatantra_party_National_Convention.pdf	4879	2	198964	none	none	0.0	0.0	0.0	128	y	67.4	weak	8.2
488-Swatantra_Party_Minutes_of_Meeting_23-11-1967.pdf	488	1	164099	none	none	0.0	0.0	0.0	128	n	83.2	weak	4.9
4880-Text_of_Resolution_Adopted_by_the_Third_National_Convention_01-02-1964.pdf	4880	4	843227	none	none	0.0	0.0	0.0	128	y	52.8	faint	28.3
4881-Swatantra_Party_Minutes_of_Meeting_04-08-1963.pdf	4881	7	1060759	none	none	0.0	0.0	0.0	128	y	56.9	faint	59.8
4882-Swatantra_Party_Minutes_of_Meeting_03-08-1963.pdf	4882	2	219776	none	none	0.0	0.0	0.0	128	y	30.0	faint	41.2
4883-Swatantra_Party_Minutes_of_Meeting_03-08-1963.pdf	4883	4	694479	none	none	0.0	0.0	0.0	128	y	35.2	faint	38.8
4884-Swatantra_Party_Minutes_of_Meeting_03-04-1963.pdf	4884	2	298058	none	none	0.0	0.0	0.0	128	y	33.3	faint	45.3
4885-Minutes_of_an_Emergent_Meeting_of_the_Organisation_10-02-1963.pdf	4885	3	368915	none	none	0.0	0.0	0.0	128	y	33.6	faint	42.4
4886-Swatantra_Party_Minutes_of_Meeting_10-02-1963.pdf	4886	4	505670	none	none	0.0	0.0	0.0	128	y	35.7	faint	41.4
4887-Swatantra_Party_Minutes_of_Meeting_09-02-1963.pdf	4887	3	454623	none	none	0.0	0.0	0.0	128	y	35.0	faint	41.8
4888-Letter_to_N_G_Ranga_09-02-1963.pdf	4888	1	212711	none	none	0.0	0.0	0.0	128	y	43.9	faint	39.4
4889-Report_of_the_organisation_sub-committee.pdf	4889	2	345459	none	none	0.0	0.0	0.0	128	n	36.6	faint	45.3
489-Swatantra_Party_Minutes_of_Meeting_22-11-1967.pdf	489	1	169213	none	none	0.0	0.0	0.0	128	n	77.4	weak	91.1
4890-Letter_fro_Jagat_kishore_Naryan_Singh_09-02-1963.pdf	4890	1	86817	none	none	0.0	0.0	0.0	128	y	92.8	adequate	93.1
4891-Resolution_recommended_by_the_Central_Organising_Committee_09-02-1963.pdf	4891	1	92492	none	none	0.0	0.0	0.0	128	y	29.7	faint	44.7
4892-Report_of_the_organisation_sub-committee.pdf	4892	2	369738	none	none	0.0	0.0	0.0	128	y	35.5	faint	43.3
4893-A_note_on_Election_of_Party_Committee_15-03-1962.pdf	4893	2	266025	none	none	0.0	0.0	0.0	128	n	34.9	faint	44.1
4894-Swatantra_party_Circular_no-22_31-01-1963.pdf	4894	1	128637	none	none	0.0	0.0	0.0	128	y	39.1	faint	30.4
4895-Report_of_the_organisation_sub-committee.pdf	4895	2	340936	none	none	0.0	0.0	0.0	128	y	34.3	faint	44.5
4896-Swatantra_Party_Minutes_of_Meeting_13-01-1963.pdf	4896	4	621376	none	none	0.0	0.0	0.0	128	y	57.6	faint	60.2
4897-Swatantra_Party_Minutes_of_Meeting_12-01-1963.pdf	4897	3	471694	none	none	0.0	0.0	0.0	128	y	39.6	faint	33.6
4898-Swatantra_Party_Minutes_of_Meeting.pdf	4898	8	1276380	none	none	0.0	0.0	0.0	128	y	34.9	faint	45.3
4899-Swatantra_Party_Minutes_of_Meeting_07-11-1962.pdf	4899	5	787744	none	none	0.0	0.0	0.0	128	y	34.4	faint	41.8
49-Letter_to_Mr_Indu_Kumar_Thakkar_22-03-1971.pdf	49	1	160627	none	none	0.0	0.0	0.0	128	y	92.6	adequate	6.0
490-Swatantra_Party_Minutes_of_Meeting_13-11-1967.pdf	490	2	430906	none	none	0.0	0.0	0.0	128	n	83.8	weak	9.4
4900-Swatantra_Party_Minutes_of_Meeting_28-07-1962.pdf	4900	3	456197	none	none	0.0	0.0	0.0	128	y	38.1	faint	37.9
4901-General_Secretarys_purposal_in_regard_to_Party_Organisation.pdf	4901	3	531642	none	none	0.0	0.0	0.0	128	y	33.4	faint	48.1
4902-Swatantra_Party_Minutes_of_Meeting_21-07-1962.pdf	4902	7	1022036	none	none	0.0	0.0	0.0	128	y	32.9	faint	46.6
4903-Swatantra_Party_Minutes_of_Meeting_07-04-1968.pdf	4903	4	697563	none	none	0.0	0.0	0.0	128	y	53.3	faint	26.5
4904-Swatantra_Party_Minutes_of_Meeting_07-04-1962.pdf	4904	2	245684	none	none	0.0	0.0	0.0	128	n	33.7	faint	47.9
4905-Meetings_of_President_and_Secretaries_of_State_parties_07-04-1962.pdf	4905	4	603096	none	none	0.0	0.0	0.0	128	y	32.3	faint	47.8
4906-Swatantra_Party_Minutes_of_Meeting_19-03-1962.pdf	4906	2	314516	none	none	0.0	0.0	0.0	128	n	37.8	faint	42.1
4907-Swatantra_Party_Minutes_of_Meeting_19-03-1962.pdf	4907	4	661923	none	none	0.0	0.0	0.0	128	y	34.0	faint	44.9
4908-Swatantra_Party_Minutes_of_Meeting_08-01-1962.pdf	4908	1	110815	none	none	0.0	0.0	0.0	128	y	33.6	faint	39.2
4909-Swatantra_Party_Minutes_of_Meeting_04-01-1962.pdf	4909	5	808075	none	none	0.0	0.0	0.0	128	y	34.3	faint	45.2
491-Swatantra_Party_Minutes_of_Meeting_13-11-1967.pdf	491	2	430816	none	none	0.0	0.0	0.0	128	n	86.2	weak	9.3
4910-List_of_Approved_Lok_Sabha_Vidhan_Sabha_Candidates.pdf	4910	2	223060	none	none	0.0	0.0	0.0	128	y	32.8	faint	41.2
4911-Candidates_selected_for_Lok_Sabha_and_Vidhan_Sabha.pdf	4911	6	685981	none	none	0.0	0.0	0.0	128	y	58.1	faint	57.0
4912-List_of_Swatantra_Party_Candidates-Madras_Parliament.pdf	4912	1	109131	none	none	0.0	0.0	0.0	128	y	36.2	faint	54.2
4913-Memorandum_of_Agreement.pdf	4913	2	292757	none	none	0.0	0.0	0.0	128	y	37.0	faint	50.5
4914-List_of_Approved_of_Endorsed_Candidates.pdf	4914	30	3286658	none	none	0.0	0.0	0.0	128	y	32.1	faint	41.4
4915-US_Missionary_defended_by_Prime_Minister.pdf	4915	2	257218	none	none	0.0	0.0	0.0	128	n	39.8	faint	40.8
4916-Daily_telegraph_26-06-1976.pdf	4916	2	341313	none	none	0.0	0.0	0.0	128	n	56.4	faint	14.1
4917-Newsletter_26-06-1976.pdf	4917	8	1116894	none	none	0.0	0.0	0.0	128	n	46.9	faint	54.6
4918-Letter_to_Smt_Indira_Gandhi_11-06-1976.pdf	4918	1	160924	none	none	0.0	0.0	0.0	128	n	43.7	faint	42.7
4919-Official_Bulletin_of_the_lok_Sabha_Sengarsh_Samiti_18-06-1976.pdf	4919	10	2042604	none	none	0.0	0.0	0.0	128	n	45.8	faint	40.0
492-Swatantra_Party_Minutes_of_Meeting_09-08-1967.pdf	492	2	462807	none	none	0.0	0.0	0.0	128	n	99.3	adequate	10.2
4920-Satya_Samachar_26-06-1976.pdf	4920	20	3383724	none	none	0.0	0.0	0.0	128	y	37.5	faint	41.0
4921-Indian_Human_Rights_hearing_before_US_Congress.pdf	4921	4	581557	none	none	0.0	0.0	0.0	128	n	42.2	faint	47.0
4922-Mukhti_26-06-1970.pdf	4922	1	229597	none	none	0.0	0.0	0.0	128	n	47.8	faint	38.3
4923-Letter_to_Mr_Minoo_Masani_14-06-1976.pdf	4923	4	553223	none	none	0.0	0.0	0.0	128	n	36.0	faint	48.6
4924-Swaraj-JP_Fighting_21-05-1975.pdf	4924	2	556551	none	none	0.0	0.0	0.0	128	n	92.0	adequate	25.9
4925-Swaraj-JP_Fighting_21-05-1975.pdf	4925	2	542882	none	none	0.0	0.0	0.0	128	n	83.5	weak	24.0
4926-Govt_vs_the_press_of_India.pdf	4926	5	792566	none	none	0.0	0.0	0.0	128	n	91.8	adequate	8.8
4927-True_Copy_of_High_Court_Wait_Petition_08-01-1976.pdf	4927	13	1716040	none	none	0.0	0.0	0.0	128	y	43.4	faint	57.6
4928-Important_judgement_relating_to_the_valadity_of_statutory_Frecensorship_26-06-1975.pdf	4928	5	829237	none	none	0.0	0.0	0.0	128	n	36.9	faint	39.8
4929-Letter_to_Smt_Indira_Gandhi_18-01-1976.pdf	4929	1	80417	none	none	0.0	0.0	0.0	128	y	94.8	adequate	10.0
493-Swatantra_Party_Minutes_of_Meeting_03-08-1967.pdf	493	1	242021	none	none	0.0	0.0	0.0	128	n	109.0	adequate	12.3
4930-Letter_to_Mr_Minoo_Masani.pdf	4930	13	1499396	none	none	0.0	0.0	0.0	128	y	56.4	faint	25.5
4931-WCRP_Report.pdf	4931	30	6095561	none	none	0.0	0.0	0.0	128	n	64.5	weak	16.9
4932-Parliamentarians_in_Prision_16-03-1976.pdf	4932	23	3624774	none	none	0.0	0.0	0.0	128	y	55.5	faint	23.9
4933-Resolution_Adopted_by_the_General_Assembly_of_United_States_09-12-1975.pdf	4933	5	682873	none	none	0.0	0.0	0.0	128	y	46.6	faint	17.3
4934-Resolution_Adopted_by_the_General_Assembly_of_United_States_09-12-1975.pdf	4934	7	966954	none	none	0.0	0.0	0.0	128	y	54.4	faint	30.6
4935-Letter_to_Smt_Indira_Gandhi_18-01-1976.pdf	4935	3	202492	none	none	0.0	0.0	0.0	128	y	113.9	adequate	7.1
4936-Letter_from_J_B_Kriplani_19-06-1975.pdf	4936	9	1273038	none	none	0.0	0.0	0.0	128	n	68.6	weak	20.3
4937-In_the_Court_of_the_Addl_Cheif_Metropolian_Magistrats.pdf	4937	4	525429	none	none	0.0	0.0	0.0	128	n	36.2	faint	45.6
4938-Lok_Sangharsh_Samiti-News_Service.pdf	4938	2	353458	none	none	0.0	0.0	0.0	128	n	38.4	faint	45.7
4939-Appeal_for_Public_Debate_09-12-1975.pdf	4939	9	1329986	none	none	0.0	0.0	0.0	128	n	70.6	weak	38.6
494-Swatantra_Party_Minutes_of_Meeting_31-07-1967.pdf	494	1	258863	none	none	0.0	0.0	0.0	128	n	124.5	adequate	11.5
4940-Letter_to_Mr_Minoo_Masani_20-11-1975.pdf	4940	2	172300	none	none	0.0	0.0	0.0	128	y	71.4	weak	6.9
4941-Letter_to_M_G_Devashyam_12-11-1975.pdf	4941	2	198983	none	none	0.0	0.0	0.0	128	n	87.4	weak	6.4
4942-Letter_to_Smt_Indira_Gandhi_09-11-1975.pdf	4942	2	216550	none	none	0.0	0.0	0.0	128	y	37.3	faint	47.7
4943-Letter_to_Smt_Indira_Gandhi_09-11-1975.pdf	4943	2	196039	none	none	0.0	0.0	0.0	128	n	81.9	weak	7.4
4944-Letter_to_Mr_Minoo_Masani_06-11-1975.pdf	4944	1	132847	none	none	0.0	0.0	0.0	128	n	39.8	faint	40.1
4945-Letter_to_G_T_Daru_28-10-1978.pdf	4945	1	86552	none	none	0.0	0.0	0.0	128	y	80.8	weak	3.4
4946-Letter_to_Mr_Minoo_Masani_24-10-1975.pdf	4946	1	89644	none	none	0.0	0.0	0.0	128	y	69.3	weak	4.8
4947-Letter_to_inder_malohtra_22-10-1975.pdf	4947	1	131257	none	none	0.0	0.0	0.0	128	n	99.3	adequate	10.7
4948-Letter_to_G_T_Daru_17-10-1975.pdf	4948	1	109421	none	none	0.0	0.0	0.0	128	y	108.5	adequate	5.8
4949-Letter_to_Mr_Minoo_Masani_14-10-1975.pdf	4949	1	105309	none	none	0.0	0.0	0.0	128	y	80.9	weak	5.9
495-Swatantra_Party_Minutes_of_Meeting_03-08-1967.pdf	495	1	224373	none	none	0.0	0.0	0.0	128	n	96.1	adequate	9.3
4950-Letter_to_Mr_Minoo_Masani_14-10-1975.pdf	4950	4	500405	none	none	0.0	0.0	0.0	128	y	40.0	faint	41.5
4951-Suggested_Amendments_of_Articles.pdf	4951	1	130051	none	none	0.0	0.0	0.0	128	y	42.3	faint	43.8
4952-Swatantra_party_Opinion.pdf	4952	2	219451	none	none	0.0	0.0	0.0	128	n	39.0	faint	47.6
4953-All_India_Civil_Librties_Confrence_Condemns.pdf	4953	2	224254	none	none	0.0	0.0	0.0	128	y	44.2	faint	52.4
4954-Registration_of_public_Opinions.pdf	4954	1	110840	none	none	0.0	0.0	0.0	128	y	45.6	faint	39.4
4955-Citizen_for_Democracy.pdf	4955	1	49256	none	none	0.0	0.0	0.0	128	y	61.3	weak	11.2
4956-On_Registration_of_Civil_Liberties_and_Democratic_Process.pdf	4956	3	378899	none	none	0.0	0.0	0.0	128	n	45.0	faint	44.9
4957-Letter_to_G_T_Daru_06-10-1973.pdf	4957	1	87310	none	none	0.0	0.0	0.0	128	n	36.1	faint	40.4
4958-Letter_to_Mr_Minoo_Masani_05-10-1975.pdf	4958	2	226928	none	none	0.0	0.0	0.0	128	y	87.5	weak	9.4
4959-Letter_to_G_T_Daru_03-10-1975.pdf	4959	1	97131	none	none	0.0	0.0	0.0	128	y	88.3	weak	6.2
496-Swatantra_Party_Minutes_of_Meeting_31-07-1967.pdf	496	1	246550	none	none	0.0	0.0	0.0	128	n	121.1	adequate	11.1
4960-Letter_to_Mr_Minoo_Masani_27-09-1975.pdf	4960	1	109578	none	none	0.0	0.0	0.0	128	y	37.1	faint	38.1
4961-Resolution.pdf	4961	1	146235	none	none	0.0	0.0	0.0	128	y	62.3	weak	7.9
4962-List_of_Books_29-08-1975.pdf	4962	1	66300	none	none	0.0	0.0	0.0	128	y	59.7	faint	8.1
4963-Swatantra_party_Opinion.pdf	4963	2	240152	none	none	0.0	0.0	0.0	128	y	99.5	adequate	11.2
4964-Letter_to_Zarrer_Masani_13-08-1975.pdf	4964	1	119880	none	none	0.0	0.0	0.0	128	y	77.8	weak	9.4
4965-Letter_to_Mr_Minoo_Masani_02-08-1975.pdf	4965	1	63742	none	none	0.0	0.0	0.0	128	y	23.3	faint	36.6
4966-Letter_to_Mr_Minoo_Masani_30-07-1975.pdf	4966	1	163676	none	none	0.0	0.0	0.0	128	y	91.3	adequate	11.4
4967-Freedom_First_23-07-1975.pdf	4967	2	294313	none	none	0.0	0.0	0.0	128	y	49.8	faint	27.5
4968-The_PEN_All_India_Center_28-07-1975.pdf	4968	2	164692	none	none	0.0	0.0	0.0	128	y	53.2	faint	12.0
4969-Letter_to_T_Sadasivas_22-07-1975.pdf	4969	1	107707	none	none	0.0	0.0	0.0	128	y	102.9	adequate	6.6
497-Swatantra_Party_Minutes_of_Meeting_28-07-1967.pdf	497	2	374351	none	none	0.0	0.0	0.0	128	n	111.8	adequate	5.7
4970-Text_or_letter_addressed_to_the_PM_by_Jayaprakash_Naryan_21-07-1975.pdf	4970	7	1169089	none	none	0.0	0.0	0.0	128	y	75.5	weak	11.7
4971-Letter_to_T_Sadasivas_18-07-1975.pdf	4971	18	2811937	none	none	0.0	0.0	0.0	128	y	70.3	weak	20.9
4972-Letter_from_Zarrer_14-07-1975.pdf	4972	2	213381	none	none	0.0	0.0	0.0	128	y	44.7	faint	20.4
4973-India-A_Question_of_Survival_01-07-1975.pdf	4973	1	194744	none	none	0.0	0.0	0.0	128	n	43.3	faint	45.8
4974-To_be_Published_in_the_Observe.pdf	4974	4	688965	none	none	0.0	0.0	0.0	128	n	41.2	faint	35.2
4975-A_Speech_Delivered_at_Chatham_home_11-07-1975.pdf	4975	3	479678	none	none	0.0	0.0	0.0	128	n	39.6	faint	34.5
4976-Why_Mrs_gandhi_lash.pdf	4976	3	515123	none	none	0.0	0.0	0.0	128	y	44.1	faint	45.7
4977-Letter_to_Mr_Minoo_Masani_15-07-1975.pdf	4977	2	222723	none	none	0.0	0.0	0.0	128	y	59.9	faint	29.1
4978-Letter_to_K_Santhanam_18-07-1975.pdf	4978	1	107782	none	none	0.0	0.0	0.0	128	y	73.8	weak	10.2
4979-Letter_to_B_G_Verghess_18-07-1975.pdf	4979	1	96182	none	none	0.0	0.0	0.0	128	y	78.0	weak	7.6
498-The_Constitution_Amendment_Bill-1967_By_P_K_Deo.pdf	498	2	351112	none	none	0.0	0.0	0.0	128	n	104.9	adequate	5.1
4980-Letter_to_V_N_Tarkunda_17-07-1975.pdf	4980	1	106807	none	none	0.0	0.0	0.0	128	y	79.0	weak	8.9
4981-Letter_to_Devashyam_17-07-1975.pdf	4981	1	113599	none	none	0.0	0.0	0.0	128	n	89.3	weak	11.7
4982-Letter_to_Devashyam_17-07-1975.pdf	4982	2	243447	none	none	0.0	0.0	0.0	128	y	90.2	adequate	11.8
4983-Letter_to_Jay_Prakash_Naryan_17-07-1975.pdf	4983	1	98180	none	none	0.0	0.0	0.0	128	y	84.1	weak	7.5
4984-Letter_to_Piloo_Mody_17-07-1975.pdf	4984	1	102949	none	none	0.0	0.0	0.0	128	y	97.1	adequate	6.9
4985-Letter_to_Mr_Minoo_Masani_10-07-1975.pdf	4985	1	83734	none	none	0.0	0.0	0.0	128	y	37.5	faint	16.3
4986-Letter_to_Mr_Minoo_Masani_07-07-1975.pdf	4986	2	169091	none	none	0.0	0.0	0.0	128	y	48.0	faint	18.4
4987-Letter_to_K_Santhanam_03-07-1975.pdf	4987	2	292138	none	none	0.0	0.0	0.0	128	n	63.5	weak	11.0
4988-Letter_from_Mr_Minoo_Masani_01-07-1975.pdf	4988	1	86588	none	none	0.0	0.0	0.0	128	y	32.6	faint	47.7
4989-Statement_to_the_Press_issued_by_Mr_N_A_Palhivala.pdf	4989	1	83651	none	none	0.0	0.0	0.0	128	y	25.7	faint	34.9
499-Swatantra_Party_Meeting-Notice_28-07-1967.pdf	499	1	142282	none	none	0.0	0.0	0.0	128	n	91.9	adequate	3.1
4990-Letter_to_V_M_Tarkunda_20-06-1975.pdf	4990	1	108232	none	none	0.0	0.0	0.0	128	y	98.3	adequate	10.2
4991-Letter_to_Om_Mehta_20-06-1975.pdf	4991	1	98823	none	none	0.0	0.0	0.0	128	n	108.5	adequate	8.6
4992-Letter_from_Mr_Minoo_Masani_26-06-1975.pdf	4992	1	146687	none	none	0.0	0.0	0.0	128	n	92.4	adequate	10.1
4993-The_Banking_Companies_Acquisition_and_Transfer_of_Understanding_Ordiance_1969.pdf	4993	22	2061795	none	none	0.0	0.0	0.0	128	y	73.8	weak	41.5
4994-Letter_to_N_G_Ranga_30-11-1965.pdf	4994	2	171486	none	none	0.0	0.0	0.0	128	y	86.8	weak	8.2
4995-The_Conduct_of_meetings.pdf	4995	11	648787	none	none	0.0	0.0	0.0	128	y	45.1	faint	15.1
4996-Techniques_of_Organising_Institution.pdf	4996	4	209325	none	none	0.0	0.0	0.0	128	y	53.6	faint	20.1
4997-Organisation_Techniques_18-02-1979.pdf	4997	6	348111	none	none	0.0	0.0	0.0	128	y	59.5	faint	7.2
4998-Lestle_Sawhny_Programme_18-02-1979.pdf	4998	1	109763	none	none	0.0	0.0	0.0	128	n	31.4	faint	53.5
4999-Speech_Delivered_by_Mr_Minoo_Masani_01-10-1972.pdf	4999	15	1196352	none	none	0.0	0.0	0.0	128	y	82.0	weak	38.4
5-Letter_to_Mr_Minoo_Masani_14-03-1971.pdf	5	2	406665	none	none	0.0	0.0	0.0	128	y	55.6	faint	10.2
50-Write_Letters_to_Bombay_and_Rajkot.pdf	50	1	158440	none	none	0.0	0.0	0.0	128	y	80.2	weak	4.4
500-Swatantra_Party_Minutes_of_Meeting_28-07-1967.pdf	500	2	367053	none	none	0.0	0.0	0.0	128	n	95.9	adequate	5.9
5000-Swatantra_Party_Minutes_of_Meeting_01-11-1966.pdf	5000	1	110917	none	none	0.0	0.0	0.0	128	y	30.2	faint	39.3
5001-Swatantra_Party_Minutes_of_Meeting_05-08-1966.pdf	5001	1	145752	none	none	0.0	0.0	0.0	128	n	43.6	faint	35.4
5002-Swatantra_Party_Minutes_of_Meeting_25-07-1966.pdf	5002	1	173698	none	none	0.0	0.0	0.0	128	n	46.4	faint	34.6
5003-Swatantra_Party_Minutes_of_Meeting_18-03-1966.pdf	5003	1	124453	none	none	0.0	0.0	0.0	128	y	36.0	faint	39.1
5004-Swatantra_Party_Minutes_of_Meeting_10-03-1966.pdf	5004	1	125854	none	none	0.0	0.0	0.0	128	n	37.5	faint	44.2
5005-Swatantra_Party_Minutes_of_Meeting_09-12-1965.pdf	5005	2	253491	none	none	0.0	0.0	0.0	128	y	68.0	weak	70.0
5006-Swatantra_Party_Minutes_of_Meeting_10-11-1966.pdf	5006	3	335881	none	none	0.0	0.0	0.0	128	y	33.2	faint	45.4
5007-Swatantra_Party_Minutes_of_Meeting_02-11-1965.pdf	5007	3	328316	none	none	0.0	0.0	0.0	128	y	41.1	faint	22.4
5008-Swatantra_Party_Minutes_of_Meeting_30-08-1965.pdf	5008	1	94533	none	none	0.0	0.0	0.0	128	y	26.1	faint	44.7
5009-Swatantra_Party_Minutes_of_Meeting_27-08-1965.pdf	5009	1	106993	none	none	0.0	0.0	0.0	128	n	27.8	faint	34.4
501-Swatantra_Party_Minutes_of_Meeting_21-07-1967.pdf	501	1	254032	none	none	0.0	0.0	0.0	128	n	73.4	weak	84.5
5010-Swatantra_Party_Minutes_of_Meeting_18-08-1965.pdf	5010	1	119451	none	none	0.0	0.0	0.0	128	n	32.5	faint	29.6
5011-Swatantra_Party_Minutes_of_Meeting_16-08-1965.pdf	5011	1	139335	none	none	0.0	0.0	0.0	128	y	36.2	faint	27.1
5012-Swatantra_Party_Minutes_of_Meeting_15-04-1965.pdf	5012	2	242168	none	none	0.0	0.0	0.0	128	y	35.0	faint	33.9
5013-Swatantra_Party_Minutes_of_Meeting_08-04-1968.pdf	5013	1	131764	none	none	0.0	0.0	0.0	128	y	34.2	faint	33.7
5014-Swatantra_Party_Minutes_of_Meeting_06-03-1965.pdf	5014	4	554134	none	none	0.0	0.0	0.0	128	y	73.3	weak	18.8
5015-Generals_Information_relating_to_Parliamentary_and_other_Matters_29-11-1985.pdf	5015	2	180968	none	none	0.0	0.0	0.0	128	y	47.1	faint	10.3
5016-Swatantra_Party_Minutes_of_Meeting_23-02-1965.pdf	5016	1	132161	none	none	0.0	0.0	0.0	128	y	31.5	faint	37.1
5017-Swatantra_Party_Minutes_of_Meeting_20-02-1965.pdf	5017	1	134467	none	none	0.0	0.0	0.0	128	y	33.3	faint	35.2
5018-Swatantra_Party_Minutes_of_Meeting_17-02-1965.pdf	5018	1	151876	none	none	0.0	0.0	0.0	128	y	96.3	adequate	94.0
5019-Swatantra_Party_Minutes_of_Meeting_15-12-1964.pdf	5019	1	132138	none	none	0.0	0.0	0.0	128	n	108.6	adequate	95.6
502-Swatantra_Party_Minutes_of_Meeting_21-07-1967.pdf	502	2	304054	none	none	0.0	0.0	0.0	128	n	34.1	faint	42.2
5020-Swatantra_Party_Minutes_of_Meeting_21-11-1964.pdf	5020	1	148520	none	none	0.0	0.0	0.0	128	n	33.8	faint	35.0
5021-A_Meetings_of_Executive_Committee_16-11-1964.pdf	5021	2	288126	none	none	0.0	0.0	0.0	128	y	39.7	faint	27.1
5022-A_Meetings_of_Executive_Committee_15-09-1964.pdf	5022	1	154038	none	none	0.0	0.0	0.0	128	y	40.4	faint	31.4
5023-A_Meetings_of_Executive_Committee_15-09-1964.pdf	5023	1	139145	none	none	0.0	0.0	0.0	128	y	36.0	faint	32.9
5024-A_Meetings_of_Member_Party_08-09-1964.pdf	5024	2	241565	none	none	0.0	0.0	0.0	128	y	36.0	faint	32.8
5025-Swatantra_Party_Minutes_of_Meeting_09-09-1964.pdf	5025	2	247253	none	none	0.0	0.0	0.0	128	n	36.5	faint	30.8
5026-A_Meetings_of_Executive_Committee_30-05-1964.pdf	5026	1	139625	none	none	0.0	0.0	0.0	128	n	35.9	faint	31.5
5027-Swatantra_Party_Minutes_of_Meeting_29-05-1964.pdf	5027	1	118411	none	none	0.0	0.0	0.0	128	y	35.4	faint	26.9
5028-Swatantra_Party_Minutes_of_Meeting_28-04-1964.pdf	5028	2	222619	none	none	0.0	0.0	0.0	128	y	35.6	faint	28.4
5029-A_Meetings_of_Executive_Committee_22-04-1964.pdf	5029	2	256593	none	none	0.0	0.0	0.0	128	y	37.7	faint	29.2
503-Swatantra_Party_Minutes_of_Meeting_13-07-1967.pdf	503	1	204050	none	none	0.0	0.0	0.0	128	n	89.6	weak	7.6
5030-Swatantra_Party_Minutes_of_Meeting_21-04-1964.pdf	5030	1	127281	none	none	0.0	0.0	0.0	128	n	38.5	faint	27.5
5031-Swatantra_Party_Minutes_of_Meeting_15-04-1964.pdf	5031	1	124579	none	none	0.0	0.0	0.0	128	y	34.1	faint	30.7
5032-Swatantra_Party_Minutes_of_Meeting_13-04-1964.pdf	5032	1	128201	none	none	0.0	0.0	0.0	128	n	35.9	faint	29.9
5033-Swatantra_Party_Minutes_of_Meeting_11-04-1964.pdf	5033	1	138831	none	none	0.0	0.0	0.0	128	y	36.0	faint	32.8
5034-Swatantra_Party_Minutes_of_Meeting_25-03-1964.pdf	5034	1	140190	none	none	0.0	0.0	0.0	128	y	37.9	faint	32.7
5035-Swatantra_Party_Minutes_of_Meeting_13-03-1964.pdf	5035	1	153667	none	none	0.0	0.0	0.0	128	y	35.8	faint	38.5
5036-Swatantra_Party_Minutes_of_Meeting_03-03-1964.pdf	5036	1	131345	none	none	0.0	0.0	0.0	128	n	34.7	faint	38.3
5037-Swatantra_party_Circular_29-02-1964.pdf	5037	3	289230	none	none	0.0	0.0	0.0	128	y	42.2	faint	19.7
5038-A_Meetings_of_Executive_Committee_26-02-1964.pdf	5038	2	307472	none	none	0.0	0.0	0.0	128	y	33.9	faint	38.3
5039-A_Meetings_of_Executive_Committee_22-02-1964.pdf	5039	4	437522	none	none	0.0	0.0	0.0	128	y	90.6	adequate	8.8
504-Swatantra_Party_Minutes_of_Meeting_13-07-1967.pdf	504	1	208951	none	none	0.0	0.0	0.0	128	n	89.1	weak	7.8
5040-A_Meetings_of_Executive_Committee_19-02-1964.pdf	5040	2	253623	none	none	0.0	0.0	0.0	128	n	29.1	faint	35.6
5041-Swatantra_Party_Minutes_of_Meeting_12-02-1964.pdf	5041	1	118999	none	none	0.0	0.0	0.0	128	y	28.5	faint	43.8
5042-Swatantra_Party_Minutes_of_Meeting_12-02-1964.pdf	5042	1	140702	none	none	0.0	0.0	0.0	128	n	31.6	faint	39.6
5043-Swatantra_Party_Minutes_of_Meeting_31-11-1963.pdf	5043	1	160027	none	none	0.0	0.0	0.0	128	y	35.1	faint	36.9
5044-Swatantra_Party_Minutes_of_Meeting_24-08-1963.pdf	5044	1	138955	none	none	0.0	0.0	0.0	128	y	39.1	faint	57.3
5045-Swatantra_Party_Minutes_of_Meeting_13-08-1963.pdf	5045	2	229787	none	none	0.0	0.0	0.0	128	y	68.7	weak	9.5
5046-Letter_to_Mr_Minoo_Masani_19-06-1968.pdf	5046	2	190416	none	none	0.0	0.0	0.0	128	n	60.8	weak	22.4
5047-Letter_to_Mr_Minoo_Masani_18-06-1968.pdf	5047	1	82407	none	none	0.0	0.0	0.0	128	n	32.1	faint	42.9
5048-Letter_to_Mr_Minoo_Masani_04-06-1968.pdf	5048	1	98912	none	none	0.0	0.0	0.0	128	y	45.2	faint	27.7
5049-Letter_to_V_P_Sreenivasan.pdf	5049	2	259264	none	none	0.0	0.0	0.0	128	n	69.3	weak	17.5
505-Swatantra_Party_Minutes_of_Meeting-Notice&Agenda_13-07-1967.pdf	505	1	117860	none	none	0.0	0.0	0.0	128	n	27.7	faint	42.5
5050-Press_Release_02-06-1964.pdf	5050	1	113109	none	none	0.0	0.0	0.0	128	n	95.0	adequate	10.0
5051-Letter_to_N_Dandeker_28-07-1968.pdf	5051	1	66946	none	none	0.0	0.0	0.0	128	y	62.2	weak	5.1
5052-Letter_to_Prabhakar_S_koopiker_28-05-1968.pdf	5052	1	155626	none	none	0.0	0.0	0.0	128	y	111.5	adequate	15.8
5053-List_for_Emergency_Meeting_for_the_General_Council.pdf	5053	1	140801	none	none	0.0	0.0	0.0	128	y	37.9	faint	39.0
5054-Letter_to_B_R_Ambedkar_25-05-1968.pdf	5054	3	252605	none	none	0.0	0.0	0.0	128	y	67.9	weak	19.7
5055-Letter_to_Mr_Minoo_Masani_25-05-1968.pdf	5055	2	235614	none	none	0.0	0.0	0.0	128	n	46.8	faint	38.9
5056-Letter_to_C_Rajagopalachari.pdf	5056	2	239489	none	none	0.0	0.0	0.0	128	n	36.8	faint	49.2
5057-Letter_to_Mr_Minoo_Masani_22-05-1968.pdf	5057	3	449428	none	none	0.0	0.0	0.0	128	n	70.7	weak	29.5
5058-National_Executive_Circular_no-35_22-05-1968.pdf	5058	12	1704124	none	none	0.0	0.0	0.0	128	n	45.6	faint	39.2
5059-Letter_to_K_M_Munshi_08-04-1968.pdf	5059	8	657882	none	none	0.0	0.0	0.0	128	y	71.0	weak	10.6
506-Swatantra_Party_Minutes_of_Meeting_10-07-1967.pdf	506	3	664343	none	none	0.0	0.0	0.0	128	n	86.2	weak	34.8
5060-Letter_to_C_Rajagopalachari_20-05-1968.pdf	5060	2	180909	none	none	0.0	0.0	0.0	128	n	112.5	adequate	7.4
5061-Letter_to_Mr_Minoo_Masani_16-05-1968.pdf	5061	2	320122	none	none	0.0	0.0	0.0	128	n	55.3	faint	33.2
5062-Letter_to_Member_of_General_Council_of_the_Swatantra_party_15-05-1968.pdf	5062	20	2605426	none	none	0.0	0.0	0.0	128	y	55.8	faint	19.2
5063-For_Favour_of_Publication_14-05-1968.pdf	5063	1	166211	none	none	0.0	0.0	0.0	128	n	58.2	faint	26.5
5064-Letter_to_Mr_Minoo_Masani_22-04-1968.pdf	5064	3	439500	none	none	0.0	0.0	0.0	128	n	48.3	faint	32.6
5065-Letter_to_N_Dandeker_13-05-1966.pdf	5065	2	322775	none	none	0.0	0.0	0.0	128	n	74.7	weak	15.0
5066-Letter_to_P_S_Koppikar_26-04-1968.pdf	5066	1	113067	none	none	0.0	0.0	0.0	128	n	76.7	weak	8.5
5067-Letter_to_Mr_Minoo_Masani_31-03-1968.pdf	5067	1	111901	none	none	0.0	0.0	0.0	128	y	96.5	adequate	10.1
5068-Defeat_of_the_Party_Candidate_in_the_Biennal_Election_in_Rajya_Sabha.pdf	5068	7	1144326	none	none	0.0	0.0	0.0	128	n	45.3	faint	46.6
5069-Letter_to_Mr_Minoo_Masani_22-04-1968.pdf	5069	1	125841	none	none	0.0	0.0	0.0	128	n	82.9	weak	7.9
507-Swatantra_Party_Minutes_of_Meeting_05-07-1967.pdf	507	1	214696	none	none	0.0	0.0	0.0	128	n	100.1	adequate	8.8
5070-Letter_to_N_Dandeker_16-04-1968.pdf	5070	3	359202	none	none	0.0	0.0	0.0	128	y	122.0	adequate	9.2
5071-Letter_to_N_Dandeker_12-04-1969.pdf	5071	1	94991	none	none	0.0	0.0	0.0	128	n	38.1	faint	40.7
5072-Procedures_of_Emergent_Meeting_of_State_Executive_12-04-1962.pdf	5072	1	158786	none	none	0.0	0.0	0.0	128	n	46.3	faint	34.4
5073-Letter_to_Mr_Minoo_Masani_12-04-1969.pdf	5073	1	98904	none	none	0.0	0.0	0.0	128	y	98.0	adequate	6.7
5074-Letter_from_K_M_Panigraphy.pdf	5074	1	119708	none	none	0.0	0.0	0.0	128	n	38.2	faint	48.6
5075-Letter_to_N_Dandeker_11-04-1968.pdf	5075	1	86611	none	none	0.0	0.0	0.0	128	n	88.6	weak	6.8
5076-Letter_to_N_G_Ranga_10-04-1968.pdf	5076	1	136196	none	none	0.0	0.0	0.0	128	n	83.5	weak	10.4
5077-Letter_to_N_Dandeker_15-04-1968.pdf	5077	1	74003	none	none	0.0	0.0	0.0	128	y	71.2	weak	9.9
5078-Letter_to_Madhu_N_Mehta_08-04-1968.pdf	5078	1	68795	none	none	0.0	0.0	0.0	128	y	82.1	weak	8.2
5079-Letter_to_N_Dandeker_08-04-1968.pdf	5079	1	74046	none	none	0.0	0.0	0.0	128	y	84.0	weak	9.3
508-Swatantra_Party_Minutes_of_Meeting_03-07-1967.pdf	508	3	670966	none	none	0.0	0.0	0.0	128	n	90.4	adequate	9.3
5080-Letter_to_Madhu_N_Mehta_16-04-1968.pdf	5080	1	91814	none	none	0.0	0.0	0.0	128	n	88.1	weak	7.2
5081-Letter_to_N_Dandeker.pdf	5081	1	67473	none	none	0.0	0.0	0.0	128	y	70.4	weak	10.0
5082-Letter_to_Madhu_N_Mehta_06-04-1968.pdf	5082	1	110649	none	none	0.0	0.0	0.0	128	n	40.9	faint	36.7
5083-Letter_to_N_Dandeker_05-04-1968.pdf	5083	1	64985	none	none	0.0	0.0	0.0	128	y	55.2	faint	9.5
5084-Letter_to_N_Dandeker_05-04-1968.pdf	5084	1	75498	none	none	0.0	0.0	0.0	128	y	86.0	weak	9.6
5085-Letter_to_N_Dandeker_05-04-1968.pdf	5085	1	65772	none	none	0.0	0.0	0.0	128	y	65.2	weak	9.0
5086-Letter_to_N_Dandeker_05-04-1968.pdf	5086	1	64533	none	none	0.0	0.0	0.0	128	y	68.0	weak	8.2
5087-Letter_to_N_Dandeker_05-04-1968.pdf	5087	1	72768	none	none	0.0	0.0	0.0	128	y	76.7	weak	9.4
5088-Letter_to_N_Dandeker_08-04-1968.pdf	5088	1	69410	none	none	0.0	0.0	0.0	128	y	73.6	weak	10.3
5089-Letter_to_N_Dandeker_08-04-1968.pdf	5089	1	66880	none	none	0.0	0.0	0.0	128	y	74.2	weak	9.2
509-Swatantra_Party_Minutes_of_Meeting_03-07-1967.pdf	509	3	662640	none	none	0.0	0.0	0.0	128	n	92.5	adequate	8.8
5090-Letter_to_N_Dandeker_08-04-1968.pdf	5090	1	71224	none	none	0.0	0.0	0.0	128	y	77.8	weak	9.4
5091-Letter_to_N_Dandeker_08-04-1968.pdf	5091	1	67483	none	none	0.0	0.0	0.0	128	y	66.7	weak	9.2
5092-Letter_to_N_Dandeker_08-04-1968.pdf	5092	1	67059	none	none	0.0	0.0	0.0	128	y	68.8	weak	8.3
5093-Letter_to_N_Dandeker_05-04-1968.pdf	5093	1	65014	none	none	0.0	0.0	0.0	128	y	69.0	weak	8.3
5094-Letter_to_N_Dandeker_15-04-1968.pdf	5094	1	83396	none	none	0.0	0.0	0.0	128	y	91.6	adequate	11.1
5095-Letter_to_N_Dandeker_08-04-1968.pdf	5095	1	67406	none	none	0.0	0.0	0.0	128	y	66.7	weak	9.3
5096-Letter_to_N_Dandeker_06-04-1968.pdf	5096	1	72018	none	none	0.0	0.0	0.0	128	y	79.8	weak	9.0
5097-Letter_to_N_Dandeker_05-04-1968.pdf	5097	4	313771	none	none	0.0	0.0	0.0	128	y	97.3	adequate	43.7
5098-Letter_to_N_Dandeker_10-04-1968.pdf	5098	1	119009	none	none	0.0	0.0	0.0	128	n	39.5	faint	37.2
5099-Letter_to_Madhu_N_Mehta_05-04-1968.pdf	5099	1	126807	none	none	0.0	0.0	0.0	128	y	37.4	faint	49.9
51-Letter_to_Mr_Minoo_Masani_18-03-1971.pdf	51	1	154774	none	none	0.0	0.0	0.0	128	y	86.4	weak	7.8
510-Swatantra_Party_Minutes_of_Meeting_27-06-1967.pdf	510	1	237482	none	none	0.0	0.0	0.0	128	n	107.0	adequate	10.9
5100-Letter_to_C_Rajagopalachari_05-04-1968.pdf	5100	1	93123	none	none	0.0	0.0	0.0	128	n	53.5	faint	17.3
5101-Letter_from_C_Pathik_05-04-1968.pdf	5101	1	89405	none	none	0.0	0.0	0.0	128	n	31.9	faint	43.8
5102-Letter_to_N_Dandeker_04-04-1968.pdf	5102	1	61980	none	none	0.0	0.0	0.0	128	y	66.6	weak	8.6
5103-Letter_to_N_Dandeker_04-04-1968.pdf	5103	1	55700	none	none	0.0	0.0	0.0	128	y	41.8	faint	12.6
5104-Letter_to_N_Dandeker_04-04-1968.pdf	5104	1	57500	none	none	0.0	0.0	0.0	128	y	42.1	faint	13.2
5105-Letter_to_N_Dandeker_04-04-1968.pdf	5105	1	57786	none	none	0.0	0.0	0.0	128	y	55.4	faint	8.2
5106-Letter_to_N_Dandeker_04-04-1968.pdf	5106	1	56019	none	none	0.0	0.0	0.0	128	y	53.8	faint	7.1
5107-Letter_to_N_Dandeker_04-04-1968.pdf	5107	1	71262	none	none	0.0	0.0	0.0	128	y	100.7	adequate	8.4
5108-Letter_to_N_Dandeker_04-04-1968.pdf	5108	1	64432	none	none	0.0	0.0	0.0	128	y	74.3	weak	9.1
5109-Letter_to_N_Dandeker_04-04-1968.pdf	5109	1	72130	none	none	0.0	0.0	0.0	128	y	90.3	adequate	9.2
511-Swatantra_Party_Minutes_of_Meeting_26-06-1967.pdf	511	1	266866	none	none	0.0	0.0	0.0	128	n	123.0	adequate	11.6
5110-Letter_to_N_Dandeker_04-04-1968.pdf	5110	1	82077	none	none	0.0	0.0	0.0	128	y	83.4	weak	12.7
5111-Letter_to_N_Dandeker_04-04-1968.pdf	5111	1	66179	none	none	0.0	0.0	0.0	128	y	69.7	weak	9.6
5112-Letter_to_N_Dandeker.pdf	5112	1	71352	none	none	0.0	0.0	0.0	128	y	85.4	weak	8.6
5113-Letter_to_N_Dandeker_04-04-1965.pdf	5113	1	59654	none	none	0.0	0.0	0.0	128	y	58.1	faint	8.7
5114-Letter_to_N_Dandeker_04-04-1968.pdf	5114	1	62969	none	none	0.0	0.0	0.0	128	y	61.4	weak	8.9
5115-Letter_to_N_Dandeker.pdf	5115	1	62578	none	none	0.0	0.0	0.0	128	y	75.3	weak	8.8
5116-Letter_to_N_Dandeker.pdf	5116	1	58550	none	none	0.0	0.0	0.0	128	y	64.2	weak	7.6
5117-Letter_to_N_Dandeker_05-04-1968.pdf	5117	1	70833	none	none	0.0	0.0	0.0	128	y	82.9	weak	8.6
5118-Letter_to_N_Dandeker_04-04-1968.pdf	5118	1	71089	none	none	0.0	0.0	0.0	128	y	89.5	weak	8.8
5119-Letter_to_N_Dandeker_04-04-1968.pdf	5119	1	63966	none	none	0.0	0.0	0.0	128	y	62.1	weak	9.0
512-Swatantra_Party_Meeting-Circular_24-06-1967.pdf	512	1	129153	none	none	0.0	0.0	0.0	128	n	99.0	adequate	3.4
5120-Letter_to_N_Dandeker_04-04-1968.pdf	5120	2	134703	none	none	0.0	0.0	0.0	128	n	62.1	weak	17.8
5121-Copy_of_Tele_Message_04-04-1968.pdf	5121	1	152152	none	none	0.0	0.0	0.0	128	n	66.9	weak	17.5
5122-Letter_to_Madhu_N_Mehta_04-04-1968.pdf	5122	1	189977	none	none	0.0	0.0	0.0	128	n	63.0	weak	32.3
5123-Letter_to_Madhu_N_Mehta_03-04-1968.pdf	5123	1	64467	none	none	0.0	0.0	0.0	128	y	51.3	faint	7.9
5124-Letter_to_N_Dandeker_03-04-1968.pdf	5124	1	67414	none	none	0.0	0.0	0.0	128	y	66.7	weak	9.0
5125-Letter_to_N_Dandeker_03-04-1968.pdf	5125	1	68259	none	none	0.0	0.0	0.0	128	y	60.7	weak	10.0
5126-Letter_to_N_Dandeker_03-04-1968.pdf	5126	1	69502	none	none	0.0	0.0	0.0	128	y	66.7	weak	9.7
5127-Letter_to_N_Dandeker_03-04-1968.pdf	5127	1	72035	none	none	0.0	0.0	0.0	128	y	78.0	weak	8.1
5128-Letter_to_N_Dandeker_03-04-1968.pdf	5128	1	71608	none	none	0.0	0.0	0.0	128	y	75.4	weak	8.5
5129-Letter_to_N_Dandeker_03-04-1968.pdf	5129	1	67889	none	none	0.0	0.0	0.0	128	y	65.9	weak	8.8
513-Swatantra_Party_Minutes_of_Meeting_21-06-1967.pdf	513	2	380991	none	none	0.0	0.0	0.0	128	n	106.0	adequate	7.2
5130-Letter_to_N_Dandeker_04-04-1968.pdf	5130	1	71116	none	none	0.0	0.0	0.0	128	y	76.7	weak	10.9
5131-Letter_to_C_Rajagopalachari_03-04-1968.pdf	5131	2	261786	none	none	0.0	0.0	0.0	128	y	91.9	adequate	10.3
5132-Meeting_of_the_Executive_Committee_03-04-1969.pdf	5132	2	189331	none	none	0.0	0.0	0.0	128	y	87.6	weak	10.0
5133-Letter_to_Madhu_N_Mehta_03-04-1968.pdf	5133	2	154838	none	none	0.0	0.0	0.0	128	y	47.5	faint	46.2
5134-Letter_to_Madhu_N_Mehta_03-04-1968.pdf	5134	1	91956	none	none	0.0	0.0	0.0	128	n	87.0	weak	6.5
5135-Letter_to_Madhu_N_Mehta_03-04-1968.pdf	5135	2	150884	none	none	0.0	0.0	0.0	128	y	86.2	weak	30.3
5136-Letter_to_N_Dandeker_02-04-1968.pdf	5136	1	64075	none	none	0.0	0.0	0.0	128	y	60.5	weak	8.7
5137-Letter_to_N_Dandeker_02-04-1968.pdf	5137	1	59501	none	none	0.0	0.0	0.0	128	y	53.8	faint	7.8
5138-Letter_to_N_Dandeker_02-04-1968.pdf	5138	1	69260	none	none	0.0	0.0	0.0	128	y	74.3	weak	8.8
5139-Letter_to_N_Dandeker_02-04-1968.pdf	5139	1	62136	none	none	0.0	0.0	0.0	128	y	52.4	faint	8.5
514-Swatantra_Party_Minutes_of_Meeting_17-06-1967.pdf	514	2	355990	none	none	0.0	0.0	0.0	128	n	82.3	weak	5.5
5140-Letter_to_N_Dandeker_02-04-1968.pdf	5140	1	72476	none	none	0.0	0.0	0.0	128	y	62.1	weak	10.5
5141-Letter_to_N_Dandeker_16-01-1968.pdf	5141	1	69293	none	none	0.0	0.0	0.0	128	y	71.8	weak	8.7
5142-Telegram_to_Mr_Minoo_Masani.pdf	5142	2	176914	none	none	0.0	0.0	0.0	128	y	75.7	weak	24.0
5143-Letter_to_N_Dandeker_31-03-1968.pdf	5143	2	215067	none	none	0.0	0.0	0.0	128	y	94.5	adequate	8.4
5144-Letter_to_Mr_Minoo_Masani_21-03-1968.pdf	5144	2	224081	none	none	0.0	0.0	0.0	128	n	52.1	faint	27.3
5145-Letter_to_Madhu_N_Mehta_31-03-1968.pdf	5145	2	322691	none	none	0.0	0.0	0.0	128	n	51.3	faint	28.0
5146-Letter_to_Madhu_N_Mehta_31-03-1968.pdf	5146	2	270328	none	none	0.0	0.0	0.0	128	n	42.2	faint	36.4
5147-Letter_to_Madhu_N_Mehta_06-04-1968.pdf	5147	1	169179	none	none	0.0	0.0	0.0	128	n	38.5	faint	55.1
5148-Letter_to_Madhu_N_Mehta_31-03-1968.pdf	5148	3	338416	none	none	0.0	0.0	0.0	128	y	42.2	faint	41.0
5149-Letter_to_N_Dandeker.pdf	5149	1	60057	none	none	0.0	0.0	0.0	128	y	60.2	weak	9.4
515-Swatantra_Party_Minutes_of_Meeting_15-06-1967.pdf	515	2	448851	none	none	0.0	0.0	0.0	128	n	98.7	adequate	8.7
5150-Letter_to_N_Dandeker_29-03-1968.pdf	5150	1	190338	none	none	0.0	0.0	0.0	128	n	67.6	weak	16.5
5151-Letter_to_C_Rajagopalachari_29-03-1968.pdf	5151	1	177149	none	none	0.0	0.0	0.0	128	n	103.5	adequate	10.6
5152-Letter_to_C_Rajagopalachari_29-03-1968.pdf	5152	1	130495	none	none	0.0	0.0	0.0	128	n	72.0	weak	10.6
5153-Mr_Minoo_Masani_letter_Resigning_from_the_National_Executive_29-03-1968.pdf	5153	2	322008	none	none	0.0	0.0	0.0	128	n	44.8	faint	50.4
5154-In_the_Supereme_Court_of_India_Original_Jurisdiction.pdf	5154	21	2860961	none	none	0.0	0.0	0.0	128	n	41.2	faint	42.2
5155-Letter_to_Mr_Minoo_Masani_02-12-1959.pdf	5155	1	86430	none	none	0.0	0.0	0.0	128	y	129.8	adequate	95.8
5156-Letter_to_Mr_Minoo_Masani_02-12-1959.pdf	5156	1	73905	none	none	0.0	0.0	0.0	128	y	66.6	weak	5.6
5157-Letter_to_S_N_Ghosh_02-12-1959.pdf	5157	1	83260	none	none	0.0	0.0	0.0	128	y	88.1	weak	8.1
5158-Letter_to_Mr_Minoo_Masani_01-12-1959.pdf	5158	1	88049	none	none	0.0	0.0	0.0	128	y	66.7	weak	7.2
5159-Letter_to_B_N_Rao_02-12-1959.pdf	5159	1	52153	none	none	0.0	0.0	0.0	128	n	24.9	faint	34.8
516-Swatantra_Party_Minutes_of_Meeting_10-06-1967.pdf	516	2	323366	none	none	0.0	0.0	0.0	128	n	93.3	adequate	5.5
5160-Letter_to_P_L_Roy_01-12-1959.pdf	5160	1	65735	none	none	0.0	0.0	0.0	128	n	92.7	adequate	3.8
5161-Letter_to_Moshe_Kol_01-12-1959.pdf	5161	1	77771	none	none	0.0	0.0	0.0	128	n	99.6	adequate	6.6
5162-Letter_to_Sam_Seghal_01-12-1959.pdf	5162	1	67975	none	none	0.0	0.0	0.0	128	n	94.6	adequate	3.8
5163-Letter_to_Ishwara_Dutt_01-12-1959.pdf	5163	1	64977	none	none	0.0	0.0	0.0	128	n	94.7	adequate	3.5
5164-Letter_to_Mohan_Murari_01-12-1959.pdf	5164	1	67890	none	none	0.0	0.0	0.0	128	y	91.5	adequate	3.5
5165-Letter_to_K_R_Koshti_01-12-1959.pdf	5165	1	77127	none	none	0.0	0.0	0.0	128	n	93.4	adequate	6.1
5166-Swatantra_Party_Letter_30-11-1959.pdf	5166	1	69183	none	none	0.0	0.0	0.0	128	n	92.9	adequate	4.3
5167-Letter_to_G_N_Manjanasthya_30-11-1959.pdf	5167	1	57756	none	none	0.0	0.0	0.0	128	n	90.0	adequate	2.8
5168-Letter_to_T_S_Krishnamoorthy_30-11-1959.pdf	5168	1	70344	none	none	0.0	0.0	0.0	128	y	89.8	weak	4.1
5169-Letter_to_Raja_Bahadur_Kamkhya_Narain_Singh_30-11-1959.pdf	5169	1	69192	none	none	0.0	0.0	0.0	128	y	88.8	weak	3.8
517-Swatantra_Party_Minutes_of_Meeting_09-06-1967.pdf	517	2	417550	none	none	0.0	0.0	0.0	128	n	89.0	weak	8.2
5170-Letter_to_Bahadur_C_B_Taraporevals_30-11-1999.pdf	5170	1	78527	none	none	0.0	0.0	0.0	128	n	100.9	adequate	6.9
5171-Letter_to_Venkata_Subbarao_30-11-1959.pdf	5171	1	63218	none	none	0.0	0.0	0.0	128	n	90.5	adequate	3.7
5172-Letter_to_R_N_Rai_30-11-1959.pdf	5172	1	61413	none	none	0.0	0.0	0.0	128	n	89.1	weak	2.7
5173-Letter_to_Mr_Minoo_Masani_28-11-1959.pdf	5173	1	100751	none	none	0.0	0.0	0.0	128	y	81.1	weak	10.6
5174-Letter_to_Mr_Minoo_Masani_21-11-1959.pdf	5174	1	84193	none	none	0.0	0.0	0.0	128	y	69.6	weak	7.0
5175-Letter_to_Sundaram.pdf	5175	1	51008	none	none	0.0	0.0	0.0	128	n	16.8	faint	41.9
5176-Letter_to_Mr_Minoo_Masani_27-11-1959.pdf	5176	2	246092	none	none	0.0	0.0	0.0	128	y	54.9	faint	14.5
5177-Letter_to_Mr_Minoo_Masani_26-05-1959.pdf	5177	1	99969	none	none	0.0	0.0	0.0	128	y	63.8	weak	10.4
5178-Letter_to_Mr_Minoo_Masani_26-11-1959.pdf	5178	2	163579	none	none	0.0	0.0	0.0	128	y	36.2	faint	43.5
5179-Letter_to_B_K_Sen_25-11-1959.pdf	5179	2	153255	none	none	0.0	0.0	0.0	128	y	46.4	faint	26.8
518-Swatantra_Party_Minutes_of_Meeting_01-06-1967.pdf	518	1	222016	none	none	0.0	0.0	0.0	128	n	94.6	adequate	7.9
5180-Letter_to_A_C_Sampath_Iyeangar_25-11-1959.pdf	5180	1	102655	none	none	0.0	0.0	0.0	128	y	101.9	adequate	4.3
5181-Letter_to_Mr_Minoo_Masani_25-11-1959.pdf	5181	1	68034	none	none	0.0	0.0	0.0	128	y	65.3	weak	5.5
5182-Letter_to_Mr_Minoo_Masani_24-11-1959.pdf	5182	2	159145	none	none	0.0	0.0	0.0	128	y	57.0	faint	8.8
5183-Letter_to_Mr_Minoo_Masani_24-11-1959.pdf	5183	1	108428	none	none	0.0	0.0	0.0	128	y	30.9	faint	46.8
5184-Letter_to_Mr_Minoo_Masani_24-11-1959.pdf	5184	1	63083	none	none	0.0	0.0	0.0	128	y	31.2	faint	22.2
5185-Swatantra_party_District_Conference_16-10-1959.pdf	5185	15	628292	none	none	0.0	0.0	0.0	128	y	67.0	weak	21.6
5186-Letter_to_A_C_Sampath_Iyeangar_23-11-1969.pdf	5186	1	134009	none	none	0.0	0.0	0.0	128	y	76.5	weak	13.3
5187-Letter_to_Mr_Minoo_Masani_23-11-1959.pdf	5187	1	87322	none	none	0.0	0.0	0.0	128	y	72.1	weak	11.4
5188-Letter_to_Mr_Minoo_Masani_21-11-1959.pdf	5188	1	80398	none	none	0.0	0.0	0.0	128	y	26.4	faint	41.9
5189-Letter_to_Mr_Minoo_Masani_20-11-1959.pdf	5189	1	99284	none	none	0.0	0.0	0.0	128	y	80.0	weak	6.9
519-Swatantra_Party_Minutes_of_Meeting_22-05-1967.pdf	519	2	323452	none	none	0.0	0.0	0.0	128	n	62.9	weak	25.2
5190-Letter_to_Mr_Minoo_Masani_19-11-1959.pdf	5190	1	120195	none	none	0.0	0.0	0.0	128	y	102.4	adequate	8.1
5191-Letter_to_A_C_Sampath_Iyeangar_19-11-1959.pdf	5191	1	106410	none	none	0.0	0.0	0.0	128	n	78.7	weak	7.8
5192-Letter_to_Mr_Minoo_Masani_18-11-1959.pdf	5192	1	79332	none	none	0.0	0.0	0.0	128	y	24.1	faint	29.8
5193-Letter_to_A_N_Hegda_19-11-1959.pdf	5193	1	70406	none	none	0.0	0.0	0.0	128	y	79.4	weak	4.1
5194-Telegram_to_Mr_Minoo_Masani.pdf	5194	1	85096	none	none	0.0	0.0	0.0	128	y	63.5	weak	8.5
5195-Swatantra_party_Letter.pdf	5195	2	197587	none	none	0.0	0.0	0.0	128	y	34.7	faint	41.8
5196-Telegram_to_Mr_Minoo_Masani.pdf	5196	1	91236	none	none	0.0	0.0	0.0	128	y	56.0	faint	10.2
5197-Telegram_to_Mr_Minoo_Masani_16-11-1959.pdf	5197	1	53564	none	none	0.0	0.0	0.0	128	y	21.0	faint	45.7
5198-Letter_to_Dadasaheb_Larsan_Patil_14-11-1959.pdf	5198	1	76832	none	none	0.0	0.0	0.0	128	y	72.6	weak	6.6
5199-Letter_to_Mr_Minoo_Masani_19-11-1959.pdf	5199	2	227832	none	none	0.0	0.0	0.0	128	y	83.7	weak	10.8
52-Letter_to_Mr_JJ_Singh_18-03-1971.pdf	52	1	127394	none	none	0.0	0.0	0.0	128	y	92.7	adequate	3.4
520-Swatantra_Party_Minutes_of_Meeting_22-05-1967.pdf	520	2	380026	none	none	0.0	0.0	0.0	128	n	100.9	adequate	6.5
5200-Letter_to_Dahyabhai_V_Patel_13-11-1959.pdf	5200	1	53338	none	none	0.0	0.0	0.0	128	n	22.3	faint	42.6
5201-Letter_to_Mr_Minoo_Masani_13-11-1959.pdf	5201	1	61247	none	none	0.0	0.0	0.0	128	n	25.5	faint	53.2
5202-Letter_to_P_L_Roy_19-11-1959.pdf	5202	1	91569	none	none	0.0	0.0	0.0	128	n	74.2	weak	7.4
5203-The_Living_Gandhi_Pure_Gandhism_Rajai_Differences_on_Foriegn_Policy_12-11-1959.pdf	5203	1	156065	none	none	0.0	0.0	0.0	128	y	56.6	faint	27.2
5204-Letter_to_Mr_Minoo_Masani_11-11-1959.pdf	5204	1	60504	none	none	0.0	0.0	0.0	128	y	86.2	weak	4.8
5205-Letter_to_Mr_Minoo_Masani_11-11-1959.pdf	5205	2	181480	none	none	0.0	0.0	0.0	128	y	38.4	faint	26.3
5206-Letter_to_Mr_Minoo_Masani_10-11-1959.pdf	5206	1	138239	none	none	0.0	0.0	0.0	128	n	82.0	weak	11.3
5207-Letter_to_R_Venkata_Subbarao_10-11-1959.pdf	5207	1	85111	none	none	0.0	0.0	0.0	128	n	36.3	faint	41.7
5208-Letter_to_Ishwardas_Khare_10-11-1959.pdf	5208	1	67642	none	none	0.0	0.0	0.0	128	n	69.5	weak	3.9
5209-Letter_to_Nathalal_S_Shah_09-11-1959.pdf	5209	1	70626	none	none	0.0	0.0	0.0	128	n	102.9	adequate	90.5
521-Swatantra_Party_Minutes_of_Meeting_30-03-1967.pdf	521	2	314643	none	none	0.0	0.0	0.0	128	n	47.7	faint	22.5
5210-Letter_to_Raja_Bahadur_Kamkhya_Narain_Singh_09-11-1959.pdf	5210	1	102681	none	none	0.0	0.0	0.0	128	n	103.6	adequate	6.1
5211-Letter_to_N_K_Ganapaiah_09-11-1959.pdf	5211	2	140750	none	none	0.0	0.0	0.0	128	y	30.1	faint	44.8
5212-Letter_to_Basant_Singh_09-11-1959.pdf	5212	1	79062	none	none	0.0	0.0	0.0	128	y	31.3	faint	41.7
5213-Letter_to_Mr_Minoo_Masani_06-11-1959.pdf	5213	2	181611	none	none	0.0	0.0	0.0	128	y	87.8	weak	9.6
5214-Letter_to_Mr_Minoo_Masani_07-11-1959.pdf	5214	1	149911	none	none	0.0	0.0	0.0	128	n	66.9	weak	9.4
5215-Letter_to_Jinraja_Hegda_07-11-1959.pdf	5215	1	92401	none	none	0.0	0.0	0.0	128	y	76.4	weak	4.5
5216-Letter_to_Raja_Bahadur_Kamkhya_Narain_Singh_07-11-1959.pdf	5216	1	119840	none	none	0.0	0.0	0.0	128	n	77.9	weak	9.5
5217-Letter_to_Ishwardas_Khera_07-11-1959.pdf	5217	1	128843	none	none	0.0	0.0	0.0	128	y	91.7	adequate	9.2
5218-Letter_to_Mr_Minoo_Masani_06-11-1959.pdf	5218	1	92476	none	none	0.0	0.0	0.0	128	y	44.4	faint	11.0
5219-Letter_to_Mr_Minoo_Masani_05-11-1959.pdf	5219	2	225511	none	none	0.0	0.0	0.0	128	y	48.5	faint	41.0
522-Swatantra_Party_Minutes_of_Meeting_27-03-1967.pdf	522	1	210755	none	none	0.0	0.0	0.0	128	n	81.1	weak	8.1
5220-Letter_to_Ishwar_Das_Khera_05-11-1959.pdf	5220	1	133555	none	none	0.0	0.0	0.0	128	y	77.3	weak	10.5
5221-All_India_Agriculturists_Federations_04-11-1959.pdf	5221	2	204212	none	none	0.0	0.0	0.0	128	n	54.8	faint	22.1
5222-Letter_to_Mr_Minoo_Masani_04-11-1959.pdf	5222	4	253670	none	none	0.0	0.0	0.0	128	y	57.1	faint	26.1
5223-Letter_to_Mr_Minoo_Masani.pdf	5223	3	330281	none	none	0.0	0.0	0.0	128	y	65.2	weak	11.0
5224-Letter_to_N_G_Ranga_03-11-1959.pdf	5224	1	105281	none	none	0.0	0.0	0.0	128	y	67.5	weak	8.4
5225-Letter_to_S_Usham_Singh_Nagoka.pdf	5225	1	111141	none	none	0.0	0.0	0.0	128	y	89.5	weak	11.4
5226-The_Reception_Committee_31-10-1959.pdf	5226	2	75156	none	none	0.0	0.0	0.0	128	y	51.2	faint	15.7
5227-Swatantra_Party_Convention_31-10-1959.pdf	5227	7	626465	none	none	0.0	0.0	0.0	128	y	73.9	weak	40.6
5228-Swatantra_Party_Madras_Convention_31-10-1959.pdf	5228	4	438764	none	none	0.0	0.0	0.0	128	y	61.4	weak	12.9
5229-Letter_to_Mr_Minoo_Masani_30-10-1959.pdf	5229	1	95685	none	none	0.0	0.0	0.0	128	y	34.8	faint	18.7
523-Swatantra_Party_Minutes_of_Meeting_24-03-1967.pdf	523	1	138735	none	none	0.0	0.0	0.0	128	n	104.8	adequate	3.9
5230-Letter_to_K_U_Shetty_30-10-1959.pdf	5230	1	68257	none	none	0.0	0.0	0.0	128	y	25.4	faint	43.7
5231-Letter_to_Mr_Minoo_Masani_28-10-1959.pdf	5231	1	103773	none	none	0.0	0.0	0.0	128	n	27.9	faint	52.5
5232-Letter_to_Mr_Minoo_Masani_28-10-1989.pdf	5232	1	84537	none	none	0.0	0.0	0.0	128	y	66.6	weak	6.2
5233-Letter_to_S_S_Mariswamy_28-10-1959.pdf	5233	1	112445	none	none	0.0	0.0	0.0	128	y	102.7	adequate	6.1
5234-Letter_to_P_V_Pamnani_27-10-1959.pdf	5234	1	79550	none	none	0.0	0.0	0.0	128	y	31.7	faint	46.1
5235-Letter_to_Ram_Rai_Munshi_27-10-1959.pdf	5235	1	81530	none	none	0.0	0.0	0.0	128	y	32.4	faint	46.0
5236-Letter_to_MS_Dwivedi_20-10-1959.pdf	5236	1	98248	none	none	0.0	0.0	0.0	128	y	78.4	weak	6.2
5237-Letter_to_Mr_Minoo_Masani.pdf	5237	2	110197	none	none	0.0	0.0	0.0	128	y	71.2	weak	22.8
5238-Letter_to_Mr_Minoo_Masani.pdf	5238	1	79464	none	none	0.0	0.0	0.0	128	y	69.0	weak	9.2
5239-Letter_to_Mr_Minoo_Masani_25-10-1959.pdf	5239	2	175470	none	none	0.0	0.0	0.0	128	y	57.2	faint	8.1
524-Swatantra_Party_Minutes_of_Meeting_21-03-1967.pdf	524	2	344467	none	none	0.0	0.0	0.0	128	n	83.4	weak	46.7
5240-Postcard_to_Mr_Minoo_Masani.pdf	5240	2	66507	none	none	0.0	0.0	0.0	128	y	61.1	weak	11.6
5241-Postcard_to_Mr_Minoo_Masani.pdf	5241	2	72725	none	none	0.0	0.0	0.0	128	y	52.2	faint	14.2
5242-Letter_to_Mr_Minoo_Masani.pdf	5242	1	76332	none	none	0.0	0.0	0.0	128	y	47.6	faint	15.8
5243-Letter_to_A_D_Shroff.pdf	5243	3	313537	none	none	0.0	0.0	0.0	128	y	65.0	weak	29.7
5244-Pubilicity.pdf	5244	2	271743	none	none	0.0	0.0	0.0	128	y	84.7	weak	12.8
5245-Swatantra_party_Arise_Awake_and_take_quick_action.pdf	5245	4	515483	none	none	0.0	0.0	0.0	128	y	68.9	weak	13.6
5246-Letter_to_N_Parthasarthy_23-10-1959.pdf	5246	1	91656	none	none	0.0	0.0	0.0	128	y	37.1	faint	34.5
5247-Letter_to_K_S_K_Menon_23-10-1959.pdf	5247	1	107580	none	none	0.0	0.0	0.0	128	y	39.6	faint	49.5
5248-Letter_to_J_R_Manjari_22-10-1975.pdf	5248	1	101411	none	none	0.0	0.0	0.0	128	y	35.2	faint	41.8
5249-Letter_to_J_S_Naryan_22-10-1959.pdf	5249	1	101957	none	none	0.0	0.0	0.0	128	n	40.2	faint	37.2
525-Swatantra_Party_Minutes_of_Meeting_17-03-1967.pdf	525	1	227727	none	none	0.0	0.0	0.0	128	n	66.3	weak	8.3
5250-Letter_to_Ram_Rai_Munshi_22-10-1959.pdf	5250	1	96827	none	none	0.0	0.0	0.0	128	n	41.7	faint	37.2
5251-Letter_to_Avtar_krishnan_22-10-1959.pdf	5251	1	108180	none	none	0.0	0.0	0.0	128	n	43.9	faint	32.4
5252-Letter_to_Bal_Raj_Trikha_22-10-1959.pdf	5252	1	89556	none	none	0.0	0.0	0.0	128	n	40.8	faint	43.2
5253-Letter_to_K_M_Munshi_22-10-1959.pdf	5253	1	86436	none	none	0.0	0.0	0.0	128	n	34.3	faint	44.9
5254-Letter_to_Kali_Vakeal_22-10-1959.pdf	5254	1	84579	none	none	0.0	0.0	0.0	128	n	37.5	faint	45.6
5255-Telegram_to_Mr_Minoo_Masani_21-10-1959.pdf	5255	1	68572	none	none	0.0	0.0	0.0	128	n	33.8	faint	38.9
5256-Letter_to_Mr_Minoo_Masani_31-10-1959.pdf	5256	1	92305	none	none	0.0	0.0	0.0	128	y	77.1	weak	11.7
5257-Letter_to_Mr_Minoo_Masani_21-10-1959.pdf	5257	2	117219	none	none	0.0	0.0	0.0	128	y	58.9	faint	9.1
5258-Letter_to_S_S_Mariswamy_16-10-1959.pdf	5258	1	82678	none	none	0.0	0.0	0.0	128	n	31.2	faint	38.2
5259-Letter_from_Sardar_Basant_Singh_21-10-1959.pdf	5259	1	73653	none	none	0.0	0.0	0.0	128	n	36.3	faint	47.8
526-Swatantra_Party_Report_On_Correspondence_With_Jan_Sangh_31-01-1964.pdf	526	4	891201	none	none	0.0	0.0	0.0	128	n	68.5	weak	9.5
5260-Letter_to_K_K_Jinaraja_Hegde_21-10-1959.pdf	5260	1	113813	none	none	0.0	0.0	0.0	128	n	45.4	faint	39.0
5261-Telegram_from_Mr_Minoo_Masani_21-10-1959.pdf	5261	1	80811	none	none	0.0	0.0	0.0	128	n	38.9	faint	46.2
5262-Telegram_from_Mr_Minoo_Masani_21-10-1959.pdf	5262	1	76502	none	none	0.0	0.0	0.0	128	y	80.7	weak	7.4
5263-Telegram_from_Mr_Minoo_Masani_20-10-1959.pdf	5263	1	78045	none	none	0.0	0.0	0.0	128	n	41.1	faint	49.8
5264-Letter_to_Mr_Minoo_Masani_20-10-1959.pdf	5264	1	103841	none	none	0.0	0.0	0.0	128	n	78.6	weak	8.8
5265-Letter_to_Mr_Minoo_Masani_19-10-1959.pdf	5265	2	224887	none	none	0.0	0.0	0.0	128	n	99.3	adequate	10.4
5266-Swatantra_party_District_Conference_05-10-1959.pdf	5266	2	153486	none	none	0.0	0.0	0.0	128	y	59.7	faint	11.2
5267-Letter_to_Mr_Minoo_Masani_20-10-1959.pdf	5267	1	84325	none	none	0.0	0.0	0.0	128	n	79.4	weak	6.2
5268-The_Tripclane_Cultural_Academy-1959-60.pdf	5268	1	112373	none	none	0.0	0.0	0.0	128	n	43.2	faint	42.5
5269-Letter_to_Mr_Minoo_Masani_17-10-1959.pdf	5269	10	711016	none	none	0.0	0.0	0.0	128	y	77.2	weak	9.2
527-Swatantra_Party_General_Secretarys_Letter_No-60_16-12-1963.pdf	527	3	536053	none	none	0.0	0.0	0.0	128	n	69.1	weak	7.7
5270-Letter_to_Mr_Minoo_Masani_17-10-1959.pdf	5270	3	164049	none	none	0.0	0.0	0.0	128	y	69.9	weak	13.3
5271-Letter_to_Mr_Minoo_Masani_16-10-1959.pdf	5271	1	99642	none	none	0.0	0.0	0.0	128	n	39.9	faint	47.4
5272-Letter_to_Mr_Minoo_Masani_16-10-1959.pdf	5272	1	90482	none	none	0.0	0.0	0.0	128	n	39.9	faint	40.4
5273-Telegram_from_Jinarjhegde.pdf	5273	1	69603	none	none	0.0	0.0	0.0	128	y	70.4	weak	6.2
5274-Telegram_from_Jinarjhegde_16-10-1959.pdf	5274	2	150450	none	none	0.0	0.0	0.0	128	y	53.6	faint	26.3
5275-Telegram_to_Mr_Minoo_Masani.pdf	5275	1	77272	none	none	0.0	0.0	0.0	128	y	53.8	faint	12.1
5276-Letter_to_Mr_Minoo_Masani_15-10-1959.pdf	5276	8	597638	none	none	0.0	0.0	0.0	128	y	54.8	faint	18.3
5277-Letter_to_Mr_Minoo_Masani_15-10-1959.pdf	5277	1	94194	none	none	0.0	0.0	0.0	128	y	39.6	faint	42.1
5278-Letter_to_Mr_Minoo_Masani_15-10-1959.pdf	5278	2	108560	none	none	0.0	0.0	0.0	128	y	84.6	weak	7.3
5279-Letter_to_Jinraja_Hegda_15-10-1959.pdf	5279	1	46461	none	none	0.0	0.0	0.0	128	y	41.9	faint	8.6
528-Upadhyaya_Charges_Swatantra_With_Violating_Commitment_18-05-1964.pdf	528	1	187653	none	none	0.0	0.0	0.0	128	n	61.0	weak	8.7
5280-Letter_to_Mr_Minoo_Masani_14-10-1969.pdf	5280	2	249521	none	none	0.0	0.0	0.0	128	y	83.3	weak	11.1
5281-Letter_to_Mr_Minoo_Masani_14-10-1969.pdf	5281	1	115603	none	none	0.0	0.0	0.0	128	n	89.3	weak	11.0
5282-Letter_to_S_S_Mariswamy_15-10-1959.pdf	5282	1	95500	none	none	0.0	0.0	0.0	128	n	38.7	faint	35.8
5283-An_Interview_with_C_Rajagopalachari_by_Hindustan_Times.pdf	5283	8	1689562	none	none	0.0	0.0	0.0	128	n	54.3	faint	30.8
5284-Letter_to_Mr_Minoo_Masani_12-10-1959.pdf	5284	1	101091	none	none	0.0	0.0	0.0	128	n	35.3	faint	46.0
5285-Letter_to_A_C_Sampath_Iyeangar_30-10-1959.pdf	5285	1	90660	none	none	0.0	0.0	0.0	128	n	35.7	faint	42.4
5286-Letter_to_Raja_Bahadur_Kamkhya_Narain_Singh_10-10-1959.pdf	5286	1	104048	none	none	0.0	0.0	0.0	128	y	80.4	weak	6.2
5287-Letter_to_Mr_Minoo_Masani_10-10-1959.pdf	5287	2	66737	none	none	0.0	0.0	0.0	128	y	51.0	faint	12.5
5288-Letter_to_Sardar_Basant_Singh_09-10-1959.pdf	5288	1	116472	none	none	0.0	0.0	0.0	128	n	83.6	weak	10.1
5289-Letter_to_Trikha_09-10-1959.pdf	5289	1	77560	none	none	0.0	0.0	0.0	128	n	88.3	weak	91.7
529-Masani_Denies_Upadhyayas_Charges_08-06-1964.pdf	529	1	204470	none	none	0.0	0.0	0.0	128	n	73.1	weak	8.8
5290-Letter_to_Atulnanda_Chakarbarti_01-02-1964.pdf	5290	1	78606	none	none	0.0	0.0	0.0	128	n	36.0	faint	46.0
5291-Letter_to_Mr_Minoo_Masani_06-10-1964.pdf	5291	1	134362	none	none	0.0	0.0	0.0	128	n	71.3	weak	14.9
5292-Statement_on_Labour_Policy.pdf	5292	4	619257	none	none	0.0	0.0	0.0	128	y	79.7	weak	18.7
5293-Letter_to_Mr_Minoo_Masani_05-10-1959.pdf	5293	1	112512	none	none	0.0	0.0	0.0	128	n	70.2	weak	14.3
5294-Proceeding_of_the_meeting_of_the_Reception_Committee_of_S_K_District_Swatantra_Party_04-10-1959.pdf	5294	5	426876	none	none	0.0	0.0	0.0	128	y	78.4	weak	11.5
5295-Letter_to_B_S_Mirza_03-10-1959.pdf	5295	2	189389	none	none	0.0	0.0	0.0	128	n	62.2	weak	12.7
5296-Letter_to_Mr_Minoo_Masani_29-09-1959.pdf	5296	9	1073690	none	none	0.0	0.0	0.0	128	y	55.6	faint	33.5
5297-Letter_to_B_S_Mirza_26-09-1959.pdf	5297	1	89439	none	none	0.0	0.0	0.0	128	y	55.6	faint	12.8
5298-Letter_to_S_P_Khanna_26-09-1959.pdf	5298	1	76867	none	none	0.0	0.0	0.0	128	n	78.2	weak	11.4
5299-Letter_to_S_V_pattabhy_26-09-1959.pdf	5299	1	74710	none	none	0.0	0.0	0.0	128	n	34.3	faint	39.7
53-Telegram_to_Mr_Minoo_Masani_13-03-1971.pdf	53	1	132998	none	none	0.0	0.0	0.0	128	y	72.5	weak	9.3
530-Minutes_of_Meeting_of_The_Central_Parliamentary_Board_03-01-1972.pdf	530	6	1090249	none	none	0.0	0.0	0.0	128	n	56.5	faint	14.4
5300-Democracy_in_India.pdf	5300	12	902001	none	none	0.0	0.0	0.0	128	y	89.2	weak	70.5
5301-Letter_to_Simon_Singh_23-09-1959.pdf	5301	1	75281	none	none	0.0	0.0	0.0	128	n	35.4	faint	45.1
5302-Letter_to_Mr_Minoo_Masani_29-09-1959.pdf	5302	9	790823	none	none	0.0	0.0	0.0	128	y	41.0	faint	32.6
5303-Letter_to_B_S_Mirza_23-09-1959.pdf	5303	2	72632	none	none	0.0	0.0	0.0	128	y	58.4	faint	12.7
5304-Swatantra_Party_notice_22-09-1959.pdf	5304	1	59099	none	none	0.0	0.0	0.0	128	y	32.0	faint	33.3
5305-Letter_to_B_S_Mirza_21-09-1959.pdf	5305	2	54123	none	none	0.0	0.0	0.0	128	y	58.8	faint	10.5
5306-Letter_to_T_A_koshy_21-09-1959.pdf	5306	2	181340	none	none	0.0	0.0	0.0	128	n	48.1	faint	42.9
5307-Letter_to_Mr_Minoo_Masani_21-09-1959.pdf	5307	1	124012	none	none	0.0	0.0	0.0	128	n	44.6	faint	39.6
5308-Letter_to_S_L_Pareak_21-09-1959.pdf	5308	1	91400	none	none	0.0	0.0	0.0	128	y	37.8	faint	40.5
5309-Letter_to_Mr_Minoo_Masani_19-09-1959.pdf	5309	1	187012	none	none	0.0	0.0	0.0	128	n	46.0	faint	36.2
531-Minutes_of_Meeting_of_The_Central_Parliamentary_Board_16-04-1971.pdf	531	5	1048183	none	none	0.0	0.0	0.0	128	n	82.7	weak	8.4
5310-Letter_to_K_B_Jinraja_Hedge_18-09-1959.pdf	5310	1	105893	none	none	0.0	0.0	0.0	128	y	53.2	faint	42.0
5311-Letter_to_G_P_Bhatnagar_18-09-1959.pdf	5311	1	86959	none	none	0.0	0.0	0.0	128	n	38.1	faint	42.4
5312-Letter_to_George_A_Floris_17-09-1959.pdf	5312	1	86554	none	none	0.0	0.0	0.0	128	n	36.6	faint	43.6
5313-Letter_to_G_B_Joshi_17-09-1959.pdf	5313	1	86972	none	none	0.0	0.0	0.0	128	n	36.5	faint	43.4
5314-Letter_to_N_S_Deshmukh_17-09-1959.pdf	5314	1	87447	none	none	0.0	0.0	0.0	128	n	37.6	faint	48.4
5315-Letter_to_Prem_Nath_Joshi_17-09-1959.pdf	5315	1	102545	none	none	0.0	0.0	0.0	128	n	47.9	faint	44.9
5316-Letter_to_A_Goswami_17-09-1959.pdf	5316	1	91935	none	none	0.0	0.0	0.0	128	n	40.7	faint	38.2
5317-Letter_to_B_S_Mirza_17-09-1959.pdf	5317	1	94985	none	none	0.0	0.0	0.0	128	n	41.1	faint	43.5
5318-Letter_to_S_Anand_17-09-1959.pdf	5318	1	89640	none	none	0.0	0.0	0.0	128	n	36.7	faint	50.4
5319-Letter_to_P_H_S_Rao_17-09-1959.pdf	5319	1	83108	none	none	0.0	0.0	0.0	128	n	37.4	faint	52.5
532-Minutes_of_Meeting_of_The_Central_Parliamentary_Board_09-01-1971.pdf	532	11	1978251	none	none	0.0	0.0	0.0	128	n	55.5	faint	16.6
5320-Letter_to_T_A_koshy_17-09-1959.pdf	5320	1	101045	none	none	0.0	0.0	0.0	128	n	48.6	faint	43.3
5321-Letter_to_Virendra_Agarwal_17-09-1959.pdf	5321	1	90124	none	none	0.0	0.0	0.0	128	n	35.2	faint	45.1
5322-Letter_to_B_S_Mirza.pdf	5322	2	71970	none	none	0.0	0.0	0.0	128	y	52.0	faint	14.7
5323-Letter_to_T_P_Daver_17-09-1959.pdf	5323	1	76104	none	none	0.0	0.0	0.0	128	n	37.0	faint	41.9
5324-Letter_to_Nathlal_Shah_17-09-1959.pdf	5324	1	78902	none	none	0.0	0.0	0.0	128	n	35.6	faint	38.7
5325-Letter_to_K_N_Gulatia_17-09-1959.pdf	5325	1	80357	none	none	0.0	0.0	0.0	128	n	36.3	faint	43.6
5326-Letter_to_Bhailalbhai_Patel_05-10-1959.pdf	5326	1	92183	none	none	0.0	0.0	0.0	128	n	89.0	weak	4.9
5327-Letter_from_N_C_Mishra_17-09-1959.pdf	5327	1	87304	none	none	0.0	0.0	0.0	128	n	36.9	faint	35.9
5328-Letter_to_Bhrama_Swaroop_Gupta_15-09-1959.pdf	5328	1	80813	none	none	0.0	0.0	0.0	128	n	36.0	faint	37.9
5329-Letter_to_B_S_Mirza.pdf	5329	2	75609	none	none	0.0	0.0	0.0	128	y	85.9	weak	49.9
533-Minutes_of_Meeting_of_The_Central_Parliamentary_Board_07-11-1970.pdf	533	5	888025	none	none	0.0	0.0	0.0	142	n	86.1	weak	10.1
5330-Letter_to_D_V_Gundappa_15-09-1959.pdf	5330	1	72081	none	none	0.0	0.0	0.0	128	n	30.3	faint	52.8
5331-Letter_to_Mr_Minoo_Masani_15-09-1959.pdf	5331	4	496301	none	none	0.0	0.0	0.0	128	y	52.0	faint	31.1
5332-Letter_to_Braham_P_Bharucha_14-09-1959.pdf	5332	1	76836	none	none	0.0	0.0	0.0	128	n	36.4	faint	42.0
5333-Letter_to_Mohammad_mirza_14-09-1959.pdf	5333	1	82980	none	none	0.0	0.0	0.0	128	n	37.1	faint	48.5
5334-Letter_to_Nurgesh_kothwala_14-09-1959.pdf	5334	1	76555	none	none	0.0	0.0	0.0	128	n	35.2	faint	43.1
5335-Letter_to_Sant_Kumar_Chopra_14-09-1959.pdf	5335	1	75024	none	none	0.0	0.0	0.0	128	n	34.0	faint	43.4
5336-Letter_to_Praduman_kumar_14-09-1959.pdf	5336	1	74094	none	none	0.0	0.0	0.0	128	n	32.5	faint	45.7
5337-Letter_to_Nab_Kishore_Das_14-09-1959.pdf	5337	1	76210	none	none	0.0	0.0	0.0	128	n	34.6	faint	50.8
5338-Letter_ro_S_L_Pareek_14-09-1959.pdf	5338	1	74248	none	none	0.0	0.0	0.0	128	n	36.0	faint	48.5
5339-Letter_to_Madhav_Singh_14-09-1959.pdf	5339	1	86938	none	none	0.0	0.0	0.0	128	y	37.5	faint	46.1
534-Chanda_Committee_Report_07-11-1970.pdf	534	2	445168	none	none	0.0	0.0	0.0	128	n	86.2	weak	9.9
5340-Letter_to_B_R_Trikha_14-09-1959.pdf	5340	1	78914	none	none	0.0	0.0	0.0	128	y	33.0	faint	46.2
5341-Letter_to_J_R_Manjari_14-09-1959.pdf	5341	1	76802	none	none	0.0	0.0	0.0	128	n	36.7	faint	49.8
5342-Letter_to_Mr_Minoo_Masani_14-09-1957.pdf	5342	2	146984	none	none	0.0	0.0	0.0	128	y	43.2	faint	21.0
5343-Letter_to_Mr_Minoo_Masani_12-09-1959.pdf	5343	1	103904	none	none	0.0	0.0	0.0	128	n	42.9	faint	30.9
5344-Let_us_Go_Ahead.pdf	5344	12	781898	none	none	0.0	0.0	0.0	128	y	71.4	weak	12.3
5345-Swatantra_party-Statement_of_Principles_04-06-1959.pdf	5345	4	220529	none	none	0.0	0.0	0.0	128	y	44.2	faint	25.5
5346-Letter_to_Mr_Minoo_Masani_16-07-1968.pdf	5346	1	78072	none	none	0.0	0.0	0.0	128	y	76.5	weak	4.1
5347-Extracts_from_Mr_B_P_Singh_Letter.pdf	5347	3	312131	none	none	0.0	0.0	0.0	128	y	52.4	faint	21.5
5348-Letter_to_Piloo_Mody_11-07-1968.pdf	5348	1	64375	none	none	0.0	0.0	0.0	128	n	56.7	faint	4.6
5349-Letter_to_N_G_Ranga_09-07-1968.pdf	5349	2	225927	none	none	0.0	0.0	0.0	128	y	46.9	faint	28.2
535-Minutes_of_Meeting_of_The_Central_Parliamentary_Board_02-09-1970.pdf	535	1	151645	none	none	0.0	0.0	0.0	128	n	86.2	weak	5.2
5350-Letter_to_B_P_Singh_09-07-1968.pdf	5350	1	156178	none	none	0.0	0.0	0.0	128	n	73.9	weak	14.1
5351-Letter_to_Mr_Minoo_Masani.pdf	5351	2	247735	none	none	0.0	0.0	0.0	128	y	65.7	weak	8.2
5352-Letter_to_Piloo_Mody_11-07-1968.pdf	5352	2	187572	none	none	0.0	0.0	0.0	128	n	29.8	faint	49.6
5353-Letter_to_Mr_Minoo_Masani_08-07-1968.pdf	5353	1	90901	none	none	0.0	0.0	0.0	128	n	27.9	faint	43.4
5354-Letter_to_Charan_Singh_07-07-1975.pdf	5354	5	644550	none	none	0.0	0.0	0.0	128	y	44.1	faint	32.9
5355-Letter_to_Mr_Minoo_Masani_02-07-1968.pdf	5355	1	139177	none	none	0.0	0.0	0.0	128	n	31.2	faint	43.5
5356-Letter_to_N_G_Ranga_02-07-1968.pdf	5356	1	125216	none	none	0.0	0.0	0.0	128	n	34.6	faint	29.5
5357-Letter_to_Mr_Minoo_Masani_30-06-1968.pdf	5357	2	199732	none	none	0.0	0.0	0.0	128	y	32.7	faint	49.8
5358-Swatantra_party_UP_Constituencies_we_have_won.pdf	5358	3	388307	none	none	0.0	0.0	0.0	128	y	82.4	weak	78.0
5359-Letter_to_Bhanu_Pratap_Singh_17-05-1968.pdf	5359	3	402988	none	none	0.0	0.0	0.0	128	y	32.5	faint	41.5
536-Minutes_of_Meeting_of_The_Central_Parliamentary_Board_22-08-1970.pdf	536	4	815182	none	none	0.0	0.0	0.0	128	n	65.9	weak	18.0
5360-Letter_to_Bhanu_Pratap_Singh_17-06-1968.pdf	5360	1	116693	none	none	0.0	0.0	0.0	128	n	34.6	faint	40.9
5361-Letter_to_Bhanu_Pratap_Singh_18-06-1968.pdf	5361	2	278340	none	none	0.0	0.0	0.0	128	n	45.5	faint	41.2
5362-Letter_to_Mr_Minoo_Masani_29-06-1968.pdf	5362	1	108955	none	none	0.0	0.0	0.0	128	y	69.5	weak	6.1
5363-Note_of_Disscussion_with_Charan_Singh.pdf	5363	2	331448	none	none	0.0	0.0	0.0	128	y	37.3	faint	42.0
5364-Press_Report_Published_in_the_Pioneer_20-06-1968.pdf	5364	1	111495	none	none	0.0	0.0	0.0	128	y	45.5	faint	29.1
5365-Letter_to_N_Dandeker_26-06-1968.pdf	5365	2	282879	none	none	0.0	0.0	0.0	128	y	84.6	weak	15.7
5366-Letter_to_Mr_Minoo_Masani_28-06-1968.pdf	5366	2	178170	none	none	0.0	0.0	0.0	128	y	36.7	faint	36.1
5367-Letter_to_Mr_Minoo_Masani_28-06-1968.pdf	5367	1	114297	none	none	0.0	0.0	0.0	128	y	72.1	weak	5.8
5368-Note_of_Disscussion_with_Charan_Singh.pdf	5368	2	364696	none	none	0.0	0.0	0.0	128	y	68.9	weak	17.8
5369-Press_Report_Published_in_the_Pioneer_20-06-1968.pdf	5369	1	116184	none	none	0.0	0.0	0.0	128	y	75.2	weak	7.0
537-Minutes_of_Meeting_of_The_Central_Parliamentary_Board_20-07-1970.pdf	537	6	1158940	none	none	0.0	0.0	0.0	140	n	59.5	faint	9.1
5370-Swatantra_party_UP-Press_Statement_26-06-1968.pdf	5370	1	76799	none	none	0.0	0.0	0.0	128	y	27.1	faint	33.3
5371-Letter_to_N_Dandeker_26-06-1968.pdf	5371	2	296050	none	none	0.0	0.0	0.0	128	n	91.4	adequate	11.7
5372-Letter_to_N_Dandeker_26-06-1968.pdf	5372	2	268829	none	none	0.0	0.0	0.0	128	n	48.7	faint	24.1
5373-Letter_to_Bhanu_Pratap_Singh_24-06-1968.pdf	5373	1	93593	none	none	0.0	0.0	0.0	128	y	74.9	weak	5.6
5374-Letter_to_Charan_Singh_19-06-1968.pdf	5374	1	123366	none	none	0.0	0.0	0.0	128	n	97.5	adequate	8.3
5375-Press_Release.pdf	5375	3	306106	none	none	0.0	0.0	0.0	128	y	87.2	weak	8.3
5376-Swatantra-Jana_Congress_Common_Programme_14-02-1967.pdf	5376	2	237055	none	none	0.0	0.0	0.0	128	y	100.4	adequate	55.7
5377-Supplementary_Agreement_between_the_swatantra_party_Orissa_unit_and_Orissa_Jena_27-02-1968.pdf	5377	1	131966	none	none	0.0	0.0	0.0	128	n	111.6	adequate	8.8
5378-Compliments_of_N_Dandekar.pdf	5378	1	28288	none	none	0.0	0.0	0.0	128	y	107.9	adequate	96.4
5379-Letter_to_C_Rajagopalachari_17-06-1968.pdf	5379	1	86098	none	none	0.0	0.0	0.0	128	y	58.3	faint	9.0
538-Minutes_of_Meeting_of_The_Central_Parliamentary_Board_11-04-1970.pdf	538	4	671536	none	none	0.0	0.0	0.0	146	n	87.9	weak	8.2
5380-Note_of_Disscussion_with_Charan_Singh_15-06-1968.pdf	5380	2	399932	none	none	0.0	0.0	0.0	128	y	73.7	weak	17.7
5381-Letter_to_Bhanu_Pratap_Singh.pdf	5381	1	115867	none	none	0.0	0.0	0.0	128	y	72.0	weak	6.7
5382-Letter_to_A_P_Jain_12-06-1968.pdf	5382	1	88280	none	none	0.0	0.0	0.0	128	n	27.7	faint	50.5
5383-Letter_to_Mr_Minoo_Masani_02-06-1968.pdf	5383	1	109741	none	none	0.0	0.0	0.0	128	y	115.1	adequate	2.4
5384-Letter_to_C_Rajagopalachari_03-06-1968.pdf	5384	2	245349	none	none	0.0	0.0	0.0	128	y	46.9	faint	18.0
5385-Letter_to_Mr_Minoo_Masani_06-06-1968.pdf	5385	1	147708	none	none	0.0	0.0	0.0	128	y	60.4	weak	8.6
5386-Letter_to_Mr_Minoo_Masani.pdf	5386	2	321503	none	none	0.0	0.0	0.0	128	y	61.4	weak	19.2
5387-Letter_to_D_K_Kunte_05-06-1968.pdf	5387	1	99016	none	none	0.0	0.0	0.0	128	y	76.3	weak	4.2
5388-Letter_to_N_G_Ranga_26-03-1969.pdf	5388	2	232947	none	none	0.0	0.0	0.0	128	n	94.4	adequate	6.0
5389-Socialism_and_Communism_in_India_by_Sankar_Ghose.pdf	5389	2	352083	none	none	0.0	0.0	0.0	128	n	65.5	weak	13.3
539-Minutes_of_Meeting_of_The_Central_Parliamentary_Board_19-03-1970.pdf	539	5	1104797	none	none	0.0	0.0	0.0	128	n	78.1	weak	7.9
5390-Lord_Reiths_autobiography_into_the_wind.pdf	5390	6	891442	none	none	0.0	0.0	0.0	128	n	84.6	weak	8.3
5391-Extracts_from_Sardar_Patel_Correspondance.pdf	5391	14	1946274	none	none	0.0	0.0	0.0	128	y	76.0	weak	47.2
5392-Extracts_from_the_Constitutional_Documents.pdf	5392	8	1088807	none	none	0.0	0.0	0.0	128	y	84.1	weak	6.7
5393-Indian_Socialist_Plot_to_form_Secret_body_17-10-1941.pdf	5393	10	1624765	none	none	0.0	0.0	0.0	128	y	101.0	adequate	9.0
5394-Extracts_from_Encounter_Magazine-1972.pdf	5394	11	1778841	none	none	0.0	0.0	0.0	128	y	81.3	weak	11.3
5395-Statement_about_Sir_Frank_Roberts_03-04-1971.pdf	5395	1	91784	none	none	0.0	0.0	0.0	128	y	71.0	weak	7.5
5396-Herald_Wilson_sold_his_memorie_to_Sunday_Times.pdf	5396	1	66698	none	none	0.0	0.0	0.0	128	y	76.0	weak	3.5
5397-Answering_You.pdf	5397	20	2552232	none	none	0.0	0.0	0.0	128	n	88.6	weak	7.9
5398-Letter_written_by_Jawaharlal_from_Allahabad_to_Vallabhai_in_Poona_01-10-1945.pdf	5398	7	939922	none	none	0.0	0.0	0.0	128	y	64.4	weak	19.5
5399-On_Krishna_Menon.pdf	5399	12	1676573	none	none	0.0	0.0	0.0	128	y	67.0	weak	18.5
54-Letter_to_Mr_JJ_Singh_03-02-1971.pdf	54	2	163444	none	none	0.0	0.0	0.0	128	y	55.2	faint	5.4
540-Minutes_of_Meeting_of_The_Central_Parliamentary_Board_17-02-1970.pdf	540	5	1132106	none	none	0.0	0.0	0.0	128	n	66.7	weak	9.0
5400-JPS_letter_to_MRM.pdf	5400	6	804838	none	none	0.0	0.0	0.0	128	y	95.3	adequate	6.0
5401-Political_Parties_in_India.pdf	5401	8	1316838	none	none	0.0	0.0	0.0	128	n	64.0	weak	21.5
5402-Extracts_from_Arthur_Croppes_book-Seven_Presidents.pdf	5402	2	251381	none	none	0.0	0.0	0.0	128	n	97.6	adequate	6.3
5403-Extracts_from_Encounter-Secular_Saint.pdf	5403	6	833355	none	none	0.0	0.0	0.0	128	y	88.9	weak	7.9
5404-JPS_letter_to_MRM.pdf	5404	3	413130	none	none	0.0	0.0	0.0	128	y	94.3	adequate	8.3
5405-JPS_letter_to_MRM.pdf	5405	4	541295	none	none	0.0	0.0	0.0	128	y	92.2	adequate	8.7
5406-The_Endless_Crisis.pdf	5406	21	3362053	none	none	0.0	0.0	0.0	128	y	95.6	adequate	9.9
5407-Extracts_from_the_book-Communication_and_nationalism_in_India.pdf	5407	8	1207638	none	none	0.0	0.0	0.0	128	n	99.4	adequate	10.5
5408-The_I_PR_Conference_at_Lucknow-1990.pdf	5408	4	674042	none	none	0.0	0.0	0.0	128	y	97.3	adequate	9.6
5409-The_Rotary_Club_Speech_14-01-1959.pdf	5409	4	463672	none	none	0.0	0.0	0.0	128	y	84.6	weak	12.1
541-Minutes_of_Meeting_of_The_Central_Parliamentary_Board_29-08-1969.pdf	541	4	804194	none	none	0.0	0.0	0.0	128	n	74.4	weak	6.9
5410-Freedom_First_Issue-1952.pdf	5410	6	870786	none	none	0.0	0.0	0.0	128	y	57.0	faint	23.7
5411-Election_to_the_Legislative_Assembly_26-11-1959.pdf	5411	2	232398	none	none	0.0	0.0	0.0	128	y	92.4	adequate	5.7
5412-In_Soviet_Russels-The_Bombay_Chronicle_22-10-1927.pdf	5412	12	1580512	none	none	0.0	0.0	0.0	128	y	50.6	faint	29.3
5413-In_Soviet_Russia-Moscow_25-11-1927.pdf	5413	12	1701025	none	none	0.0	0.0	0.0	128	y	64.3	weak	19.9
5414-In_Soviet_Russia-Moscow_25-11-1927.pdf	5414	12	1705860	none	none	0.0	0.0	0.0	128	y	64.3	weak	20.5
5415-In_Soviet_Russia-Russia.pdf	5415	9	1334391	none	none	0.0	0.0	0.0	128	n	88.0	weak	11.0
5416-In_Soviet_Russia-Russia_02-11-1927.pdf	5416	12	1681919	none	none	0.0	0.0	0.0	128	n	83.5	weak	12.2
5417-In_Soviet_Russia-Industrial_and_Political_Situations_07-11-1927.pdf	5417	6	963269	none	none	0.0	0.0	0.0	128	n	80.6	weak	9.9
5418-In_Soviet_Russia-The_Non_Economic_policy_08-11-1927.pdf	5418	8	1285241	none	none	0.0	0.0	0.0	128	y	70.8	weak	18.2
5419-General_Secretarys_letter_no-313_31-10-1973.pdf	5419	1	137768	none	none	0.0	0.0	0.0	128	n	82.2	weak	11.3
542-Minutes_of_Meeting_of_The_Central_Parliamentary_Board_20-07-1969.pdf	542	2	341087	none	none	0.0	0.0	0.0	128	n	78.8	weak	6.6
5420-General_Secretarys_letter_no-309_21-08-1973.pdf	5420	2	222312	none	none	0.0	0.0	0.0	128	n	68.3	weak	58.1
5421-General_Secretarys_letter_no-307_26-07-1973.pdf	5421	1	107933	none	none	0.0	0.0	0.0	128	n	25.1	faint	35.5
5422-General_Secretarys_letter_no-306_26-06-1973.pdf	5422	1	126543	none	none	0.0	0.0	0.0	128	n	49.6	faint	8.6
5423-General_Secretarys_letter_no-306_20-06-1973.pdf	5423	1	117802	none	none	0.0	0.0	0.0	128	y	57.7	faint	6.4
5424-General_Secretarys_letter_no-305_06-06-1973.pdf	5424	3	337178	none	none	0.0	0.0	0.0	128	n	30.7	faint	37.6
5425-General_Secretarys_letter_no-304_31-05-1973.pdf	5425	2	290276	none	none	0.0	0.0	0.0	128	n	34.9	faint	32.8
5426-General_Secretarys_letter_no-303_20-05-1975.pdf	5426	1	134253	none	none	0.0	0.0	0.0	128	n	31.4	faint	36.9
5427-General_Secretarys_letter_no-302_30-04-1973.pdf	5427	2	288815	none	none	0.0	0.0	0.0	128	y	35.9	faint	27.3
5428-General_Secretarys_letter_no-301_27-04-1973.pdf	5428	20	3020070	none	none	0.0	0.0	0.0	128	y	37.4	faint	29.7
5429-General_Secretarys_letter_no-298_23-03-1974.pdf	5429	1	149700	none	none	0.0	0.0	0.0	128	n	32.1	faint	35.7
543-Minutes_of_Meeting_of_The_Central_Parliamentary_Board_22-06-1969.pdf	543	3	631614	none	none	0.0	0.0	0.0	128	n	75.7	weak	8.9
5430-General_Secretarys_letter_no-297_20-03-1975.pdf	5430	8	995831	none	none	0.0	0.0	0.0	128	n	39.4	faint	30.7
5431-General_Secretarys_letter_no-296_14-03-1973.pdf	5431	2	308987	none	none	0.0	0.0	0.0	128	n	50.6	faint	26.3
5432-General_Secretarys_letter_no-294_06-01-1973.pdf	5432	1	184554	none	none	0.0	0.0	0.0	128	n	37.4	faint	27.2
5433-General_Secretarys_letter_no-290_29-10-1972.pdf	5433	2	255563	none	none	0.0	0.0	0.0	128	n	74.5	weak	7.1
5434-General_Secretarys_letter_no-289_14-08-1972.pdf	5434	4	447919	none	none	0.0	0.0	0.0	128	n	39.7	faint	27.9
5435-General_Secretarys_letter_no-288_07-08-1972.pdf	5435	1	174227	none	none	0.0	0.0	0.0	128	n	55.9	faint	12.8
5436-Talking_Points_for_the_use_of_Swatantra_Party_Meetings.pdf	5436	2	321447	none	none	0.0	0.0	0.0	128	n	35.6	faint	33.9
5437-General_Secretarys_letter_no-288_01-08-1972.pdf	5437	1	117131	none	none	0.0	0.0	0.0	128	y	66.4	weak	5.5
5438-General_Secretarys_letter_no-296_26-07-1972.pdf	5438	1	153499	none	none	0.0	0.0	0.0	128	y	35.7	faint	36.2
5439-The_Farmers_Federations_of_India.pdf	5439	11	1553587	none	none	0.0	0.0	0.0	128	y	29.6	faint	42.4
544-Minutes_of_Meeting_of_The_Central_Parliamentary_Board_16-02-1969.pdf	544	4	670954	none	none	0.0	0.0	0.0	146	n	84.9	weak	9.0
5440-Real_Land_Reforms.pdf	5440	9	490964	none	none	0.0	0.0	0.0	128	y	53.0	faint	12.0
5441-General_Secretarys_letter_no-285_25-07-1972.pdf	5441	13	2207475	none	none	0.0	0.0	0.0	128	y	37.9	faint	36.2
5442-General_Secretarys_letter_no-284_24-07-1972.pdf	5442	1	148675	none	none	0.0	0.0	0.0	128	n	31.7	faint	29.6
5443-General_Secretarys_letter_no-283_06-07-1972.pdf	5443	2	228046	none	none	0.0	0.0	0.0	128	n	44.7	faint	21.0
5444-General_Secretarys_letter_no-282_27-07-1972.pdf	5444	10	1393224	none	none	0.0	0.0	0.0	128	y	30.7	faint	37.2
5445-General_Secretarys_letter_no-281_26-05-1972.pdf	5445	4	564096	none	none	0.0	0.0	0.0	128	y	41.8	faint	34.0
5446-General_Secretarys_letter_no-279_21-03-1972.pdf	5446	2	207983	none	none	0.0	0.0	0.0	128	n	46.4	faint	21.8
5447-General_Secretarys_letter_no-278_21-03-1972.pdf	5447	1	107424	none	none	0.0	0.0	0.0	128	n	61.2	weak	6.6
5448-General_Secretarys_letter_no-276_22-11-1971.pdf	5448	6	1067577	none	none	0.0	0.0	0.0	128	n	35.4	faint	28.7
5449-General_Secretarys_letter_no-273_02-10-1971.pdf	5449	13	1562479	none	none	0.0	0.0	0.0	128	y	47.6	faint	27.0
545-Correspondence_Between_Mr_N_Dandeker_and_Mr_Vinod_B_Sheth.pdf	545	2	398090	none	none	0.0	0.0	0.0	128	n	65.2	weak	8.1
5450-General_Secretarys_letter_no-272_19-02-1971.pdf	5450	1	112219	none	none	0.0	0.0	0.0	128	n	64.9	weak	6.0
5451-General_Secretarys_letter_no-274_15-11-1971.pdf	5451	1	148450	none	none	0.0	0.0	0.0	128	n	68.5	weak	8.9
5452-General_Secretarys_letter_no-270_03-08-1971.pdf	5452	5	686568	none	none	0.0	0.0	0.0	128	n	32.5	faint	38.2
5453-General_Secretarys_letter_no-259_17-03-1971.pdf	5453	1	101011	none	none	0.0	0.0	0.0	128	n	27.3	faint	33.7
5454-General_Secretarys_letter_no-258_19-01-1971.pdf	5454	2	212949	none	none	0.0	0.0	0.0	128	y	28.6	faint	34.5
5455-General_Secretarys_letter_no-258_19-01-1971.pdf	5455	2	241857	none	none	0.0	0.0	0.0	128	n	32.3	faint	36.5
5456-General_Secretarys_Circular-2.pdf	5456	11	1473896	none	none	0.0	0.0	0.0	128	y	28.6	faint	41.4
5457-General_Secretarys_Circular_to_Lok_Sabha-2_18-01-1971.pdf	5457	6	831531	none	none	0.0	0.0	0.0	128	n	31.2	faint	40.1
5458-General_Secretarys_letter_no-257_06-01-1971.pdf	5458	2	184863	none	none	0.0	0.0	0.0	128	n	39.9	faint	23.2
5459-General_Secretarys_letter_no-256_06-01-1971.pdf	5459	5	751112	none	none	0.0	0.0	0.0	128	y	34.2	faint	35.2
546-Minute_of_Dissent_Tabled_by_Mr_Masani_and_Mr_Dahyabhai.pdf	546	2	451274	none	none	0.0	0.0	0.0	128	n	79.8	weak	15.2
5460-General_Secretarys_letter_no-255_06-01-1971.pdf	5460	1	112165	none	none	0.0	0.0	0.0	128	y	60.4	weak	6.3
5461-General_Secretarys_letter_no-253_17-12-1970.pdf	5461	1	149311	none	none	0.0	0.0	0.0	128	n	66.7	weak	9.6
5462-General_Secretarys_letter_no-253_17-01-1970.pdf	5462	1	150177	none	none	0.0	0.0	0.0	128	n	68.2	weak	9.5
5463-General_Secretarys_letter_no-252_18-12-1970.pdf	5463	1	145581	none	none	0.0	0.0	0.0	128	n	32.6	faint	43.1
5464-General_Secretarys_letter_no-251_14-01-1970.pdf	5464	8	1012274	none	none	0.0	0.0	0.0	128	y	39.9	faint	30.5
5465-General_Secretarys_letter_no-251_14-01-1970.pdf	5465	8	1036306	none	none	0.0	0.0	0.0	128	n	42.3	faint	33.5
5466-General_Secretarys_letter_no-250_08-12-1970.pdf	5466	1	118812	none	none	0.0	0.0	0.0	128	y	58.4	faint	6.5
5467-General_Secretarys_letter_no-249_26-11-1970.pdf	5467	3	501648	none	none	0.0	0.0	0.0	128	y	70.2	weak	9.2
5468-General_Secretarys_letter_no-248_16-11-1970.pdf	5468	2	326692	none	none	0.0	0.0	0.0	128	y	64.0	weak	10.0
5469-General_Secretarys_letter_no-246_18-11-1970.pdf	5469	5	680081	none	none	0.0	0.0	0.0	128	y	84.9	weak	6.8
547-Interview_With_Mr_Minoo_Masani_05-10-1966.pdf	547	30	7440159	none	none	0.0	0.0	0.0	128	n	115.1	adequate	16.0
5470-General_Secretarys_letter_no-247_16-11-1970.pdf	5470	3	433971	none	none	0.0	0.0	0.0	128	y	63.1	weak	23.3
5471-General_Secretarys_letter_no-248_16-11-1970.pdf	5471	2	332742	none	none	0.0	0.0	0.0	128	y	69.7	weak	9.4
5472-General_Secretarys_letter_no-229_12-05-1970.pdf	5472	5	682985	none	none	0.0	0.0	0.0	128	y	73.3	weak	46.7
5473-General_Secretarys_letter_no-224_25-02-1970.pdf	5473	3	456954	none	none	0.0	0.0	0.0	128	y	36.9	faint	31.0
5474-General_Secretarys_letter_no-223_23-02-1970.pdf	5474	5	814722	none	none	0.0	0.0	0.0	128	y	31.9	faint	38.6
5475-General_Secretarys_letter_no-222_12-02-1970.pdf	5475	2	277597	none	none	0.0	0.0	0.0	128	y	30.6	faint	37.1
5476-General_Secretarys_letter_no-221_12-02-1970.pdf	5476	4	419226	none	none	0.0	0.0	0.0	128	y	30.2	faint	37.8
5477-General_Secretarys_letter_no-220_02-02-1970.pdf	5477	5	472981	none	none	0.0	0.0	0.0	128	y	47.0	faint	20.6
5478-General_Secretarys_letter_no-219_15-01-1970.pdf	5478	4	418502	none	none	0.0	0.0	0.0	128	n	49.9	faint	31.2
5479-General_Secretarys_letter_no-218_14-01-1970.pdf	5479	2	314038	none	none	0.0	0.0	0.0	128	n	31.9	faint	34.8
548-There_Is_The_Room_At_The_Top.pdf	548	1	322426	none	none	0.0	0.0	0.0	128	y	79.7	weak	28.4
5480-General_Secretarys_letter_no-217_12-01-1970.pdf	5480	10	1200383	none	none	0.0	0.0	0.0	128	y	30.6	faint	29.8
5481-General_Secretarys_letter_no-216_12-01-1970.pdf	5481	19	2358304	none	none	0.0	0.0	0.0	128	y	29.8	faint	42.2
5482-Swatantra_Party_State_Council_1969.pdf	5482	3	332287	none	none	0.0	0.0	0.0	128	y	28.5	faint	45.6
5483-Swatantra_party-Statement_of_Principles_01-08-1939.pdf	5483	6	376031	none	none	0.0	0.0	0.0	128	y	55.7	faint	19.2
5484-Swatantra_Organisation_Series.pdf	5484	35	2429237	none	none	0.0	0.0	0.0	128	y	74.3	weak	39.7
5485-Swatantra_party_Manifesto.pdf	5485	20	1182207	none	none	0.0	0.0	0.0	128	y	47.7	faint	19.4
5486-Swatantra_Party_Constitution_14-04-1973.pdf	5486	84	8707346	none	none	0.0	0.0	0.0	128	y	55.5	faint	21.5
5487-Sinha_says_he_can_form_govt_25-06-1973.pdf	5487	1	148719	none	none	0.0	0.0	0.0	128	n	44.3	faint	52.2
5488-By_Election_Swatantra_24-06-1968.pdf	5488	1	161757	none	none	0.0	0.0	0.0	128	n	40.3	faint	41.7
5489-Swatantra_factions_21-06-1968.pdf	5489	1	100006	none	none	0.0	0.0	0.0	128	n	40.9	faint	51.8
549-The_Opposition_In_India_20-10-1966.pdf	549	10	1525802	none	none	0.0	0.0	0.0	128	n	73.1	weak	6.8
5490-Militangy_for_its_own_sake_has_hardly_helped_SSP_21-06-1968.pdf	5490	2	504582	none	none	0.0	0.0	0.0	128	y	67.2	weak	39.4
5491-Masani_Keeps_Key_Post-National_Herald_17-06-1969.pdf	5491	1	133711	none	none	0.0	0.0	0.0	128	y	44.2	faint	52.9
5492-Masani_not_Quitting-Indian_Express_11-06-1968.pdf	5492	1	111567	none	none	0.0	0.0	0.0	128	n	47.2	faint	41.7
5493-Masani_will_not_resign_from_Swatantra-Hindustan_Standard_11-06-1968.pdf	5493	1	99104	none	none	0.0	0.0	0.0	128	y	39.4	faint	52.1
5494-Swatantra_is_hammed_by_ICS-The_Biltz_08-06-1968.pdf	5494	1	211824	none	none	0.0	0.0	0.0	128	y	56.8	faint	46.5
5495-They_sat_frozen_starting_towards_08-06-1968.pdf	5495	1	254795	none	none	0.0	0.0	0.0	128	y	82.1	weak	34.1
5496-Bitter_pill_for_Minoo_08-06-1968.pdf	5496	1	262554	none	none	0.0	0.0	0.0	128	y	74.8	weak	42.8
5497-Swatantra_party_to_Communist_Menace_08-06-1968.pdf	5497	1	153310	none	none	0.0	0.0	0.0	128	n	44.4	faint	45.9
5498-Swatantrites_repent-The_Indian_Express_05-06-1968.pdf	5498	1	65192	none	none	0.0	0.0	0.0	128	n	35.2	faint	56.6
5499-Resolution_on_Gujarat_issue_not_satisfactory_05-06-1968.pdf	5499	1	163237	none	none	0.0	0.0	0.0	128	y	47.5	faint	44.2
55-Letter_to_Mr_Minoo_Shroff_18-03-1971.pdf	55	1	124310	none	none	0.0	0.0	0.0	128	y	89.2	weak	3.4
550-For_Favour_of_Publication_15-09-1966.pdf	550	2	527556	none	none	0.0	0.0	0.0	128	n	77.3	weak	11.7
5500-Non_party_council_of_talents_urged_by_C_R-Times_of_India_05-06-1968.pdf	5500	1	149587	none	none	0.0	0.0	0.0	128	n	47.4	faint	47.6
5501-Massani_still_dissatisfied_with_party_decision_on_Gujarat_24-06-1968.pdf	5501	1	243657	none	none	0.0	0.0	0.0	128	y	64.7	weak	49.6
5502-Masani_not_Quitting_17-06-1968.pdf	5502	1	51502	none	none	0.0	0.0	0.0	128	n	72.4	weak	22.4
5503-Masani_sticks_to_his_stand-The_Indian_Express_03-06-1968.pdf	5503	1	110237	none	none	0.0	0.0	0.0	128	y	70.2	weak	12.4
5504-Masani_unhappy-The_Indian_Express_03-06-1968.pdf	5504	1	115061	none	none	0.0	0.0	0.0	128	y	37.8	faint	44.0
5506-Masani_worry_to_save_party_attack_National_Executive.pdf	5506	1	123446	none	none	0.0	0.0	0.0	128	y	59.6	faint	20.9
5507-Swatantra_future_bleak_04-06-1968.pdf	5507	1	148549	none	none	0.0	0.0	0.0	128	y	71.1	weak	19.4
5508-Masani_comment_on_decision_of_party_Executive-Assam_Tribute_04-06-1968.pdf	5508	1	108610	none	none	0.0	0.0	0.0	128	y	39.4	faint	47.6
5509-Masani_declines_to_accept_Dandekars_Proposal-Assam_Tribute_03-06-1968.pdf	5509	1	149844	none	none	0.0	0.0	0.0	128	y	47.9	faint	49.8
551-For_Favour_of_Publication_15-09-1966.pdf	551	12	3042285	none	none	0.0	0.0	0.0	128	n	70.7	weak	13.8
5510-Sandesh_06-06-1968.pdf	5510	1	144800	none	none	0.0	0.0	0.0	128	n	46.9	faint	43.9
5511-Decision_will_harm_party_says_Masani-The_Hindu_03-06-1968.pdf	5511	5	862833	none	none	0.0	0.0	0.0	128	n	47.3	faint	48.3
5512-Gujarat_row_still_pesters_Swatantra_party-The_Times_of_India_03-06-1968.pdf	5512	4	840684	none	none	0.0	0.0	0.0	128	y	65.2	weak	36.6
5513-Rebels_seaked_to_please_Masani_02-06-1968.pdf	5513	2	267046	none	none	0.0	0.0	0.0	128	y	49.2	faint	51.4
5514-Masani_refuses_to_rejoin_party_Executive_02-06-1968.pdf	5514	1	114603	none	none	0.0	0.0	0.0	128	y	61.1	weak	12.2
5515-Swatantra_decide_to_punish_Gujarat_rebels-Hindustan_Times_02-06-1968.pdf	5515	2	246535	none	none	0.0	0.0	0.0	128	n	75.5	weak	67.4
5516-Party_penalises_rebel_Gujarat_Swatantries-The_Indian_Express_01-06-1968.pdf	5516	1	101209	none	none	0.0	0.0	0.0	128	n	42.8	faint	50.8
5517-Tough_line_taken_against_Gujarat_Swatantrites-The_Times_of_India_01-06-1968.pdf	5517	1	141980	none	none	0.0	0.0	0.0	128	n	49.0	faint	51.9
5518-Swatantra_31-05-1968.pdf	5518	1	108220	none	none	0.0	0.0	0.0	128	n	39.4	faint	43.9
5519-C_R_may_attempt_to_patch_up_Swatantra_rift-The_Times_of_India_30-05-1968.pdf	5519	1	94679	none	none	0.0	0.0	0.0	128	n	40.2	faint	52.9
552-Nuclear_Weapons-The_Choice_Before_US.pdf	552	15	3160954	none	none	0.0	0.0	0.0	128	y	121.7	adequate	10.9
5520-Visible_Deccay_29-05-1968.pdf	5520	2	441626	none	none	0.0	0.0	0.0	128	n	56.5	faint	48.2
5521-Indisicipline_in_Gujarat_Swatantra_unit_deplored_by_Munshi-The_Times_of_India_29-05-1968.pdf	5521	2	463345	none	none	0.0	0.0	0.0	128	n	60.4	weak	47.7
5522-Visible_Deccay-The_Times_of_India_29-06-1968.pdf	5522	1	158424	none	none	0.0	0.0	0.0	128	n	52.1	faint	46.6
5523-Munshi_censures_Gujarat_Swatantraties_Indiscipline-The_Times_of_India_28-05-1968.pdf	5523	1	188519	none	none	0.0	0.0	0.0	128	n	57.4	faint	46.8
5524-Partymen_resent_Masani_move-The_Indian_Express_25-05-1968.pdf	5524	1	138927	none	none	0.0	0.0	0.0	128	n	52.9	faint	44.8
5525-Munshi_decries_intra-party_wrangles-The_Indian_Express_28-05-1968.pdf	5525	1	127478	none	none	0.0	0.0	0.0	128	n	46.5	faint	46.8
5526-Masani_indicted-Gujarat_Herald_28-08-1968.pdf	5526	2	305308	none	none	0.0	0.0	0.0	128	n	56.9	faint	47.8
5527-State_units_support_for_Bhagwanji-The_Western_Times_28-08-1968.pdf	5527	2	309910	none	none	0.0	0.0	0.0	128	n	50.1	faint	47.6
5528-Transalation_of_Report_in_the_Jan_Satta_20-05-1968.pdf	5528	2	384167	none	none	0.0	0.0	0.0	128	n	50.4	faint	43.6
5529-Swatantra_await_healing_touch.pdf	5529	2	502551	none	none	0.0	0.0	0.0	128	y	58.5	faint	46.2
553-Speech_of_Mr_Minoo_Masani.pdf	553	23	4048965	none	none	0.0	0.0	0.0	128	n	85.6	weak	7.9
5530-Letter_from_Mr_Minoo_Masani_04-06-1968.pdf	5530	2	263836	none	none	0.0	0.0	0.0	128	y	88.2	weak	63.8
5531-Masani_Dilemma-National_Herald_25-05-1968.pdf	5531	4	881631	none	none	0.0	0.0	0.0	128	y	61.5	weak	52.2
5532-Swatantra_in_the_doldrums_26-05-1968.pdf	5532	2	564245	none	none	0.0	0.0	0.0	128	n	59.1	faint	46.1
5533-Swatantra_in_the_doldrums_26-05-1968.pdf	5533	3	826028	none	none	0.0	0.0	0.0	128	n	87.2	weak	30.6
5534-Masani_hits_out_at_party_leadership-National_Herald_24-05-1968.pdf	5534	1	203357	none	none	0.0	0.0	0.0	128	y	64.4	weak	51.7
5535-Masani_hit_out_at_party_leadership_24-05-1968.pdf	5535	1	226961	none	none	0.0	0.0	0.0	128	y	63.8	weak	59.1
5536-A_Question_of_Broken_Pledges-The_Hindustan_Times_18-05-1968.pdf	5536	1	263552	none	none	0.0	0.0	0.0	128	y	70.0	weak	50.3
5537-A_Question_of_Broken_Pledges-The_Hindustan_Times_18-05-1968.pdf	5537	1	259305	none	none	0.0	0.0	0.0	128	y	67.2	weak	48.2
5538-A_Question_of_Broken_Pledges-The_Hindustan_Times_18-05-1968.pdf	5538	1	255100	none	none	0.0	0.0	0.0	128	y	71.3	weak	46.2
5539-Masani_Refuses_to_Withdraw_Resignation-National_Herald_17-05-1968.pdf	5539	1	85592	none	none	0.0	0.0	0.0	128	n	36.6	faint	44.8
554-Television__How_To_Develop_It-May-1966.pdf	554	2	710347	none	none	0.0	0.0	0.0	128	n	86.5	weak	15.7
5540-Mr_minoo_Masani_alleges_secret_decision_by_the_party_executive-The_Times_of_India_16-05-1968.pdf	5540	1	114982	none	none	0.0	0.0	0.0	128	y	42.7	faint	48.5
5541-Masani_stick_to_quit_Notice_16-05-1968.pdf	5541	1	112079	none	none	0.0	0.0	0.0	128	n	40.6	faint	43.0
5542-Masani_Sticks_to_Resignation_from_Swat_Executive-The_hindu_16-05-1968.pdf	5542	1	108442	none	none	0.0	0.0	0.0	128	n	39.0	faint	58.1
5543-Masani_Sticks_to_Resignation_from_Swat_Executive-The_hindu_16-05-1968.pdf	5543	1	167589	none	none	0.0	0.0	0.0	128	y	47.4	faint	47.2
5544-Masani_firm_on_Stands.pdf	5544	1	137133	none	none	0.0	0.0	0.0	128	y	54.4	faint	48.2
5545-Swatantra_not_to_drive_rebels_to_do_the_wall-Deccan_Herald_15-04-1968.pdf	5545	1	144184	none	none	0.0	0.0	0.0	128	y	71.4	weak	13.6
5546-Masani_quit_on_quitting_part_post_16-05-1968.pdf	5546	1	99122	none	none	0.0	0.0	0.0	128	y	45.9	faint	56.9
5547-Masani_firm_on_Quitting_Party_post_15-05-1968.pdf	5547	1	95389	none	none	0.0	0.0	0.0	128	n	41.1	faint	57.0
5548-Gujarat_Swatantra_leaders_spared_says_Masani_15-05-1968.pdf	5548	1	92386	none	none	0.0	0.0	0.0	128	n	40.3	faint	55.5
5549-Gujarat_Swatantra_leaders_spared_says_Masani_16-05-1968.pdf	5549	1	99466	none	none	0.0	0.0	0.0	128	n	43.1	faint	54.2
555-Road_Transport_Suffers_From_Gross_Overtaxation-IRTDA_News_Letter_16-05-1966.pdf	555	16	4597556	none	none	0.0	0.0	0.0	128	y	121.5	adequate	23.6
5550-Masani_firm_on_Quitting_Party_post-The_Times_of_India_15-05-1968.pdf	5550	1	109139	none	none	0.0	0.0	0.0	128	n	43.7	faint	57.9
5551-Gujarat_Swatantra_leaders_spared_says_Masani-The_Times_of_India_15-05-1968.pdf	5551	1	112920	none	none	0.0	0.0	0.0	128	n	49.5	faint	55.3
5552-Masani_firm_on_Quitting_Party_post-The_Times_of_India_15-05-1968.pdf	5552	1	185541	none	none	0.0	0.0	0.0	128	y	58.1	faint	49.9
5553-Masani_Firm_on_Resignation-The_Statesman_15-05-1968.pdf	5553	1	99423	none	none	0.0	0.0	0.0	128	y	43.0	faint	46.6
5554-Decision_to_Resign_Final_says_Masani-The_Statesman_15-05-1968.pdf	5554	1	142157	none	none	0.0	0.0	0.0	128	y	66.6	weak	17.6
5555-Masani_not_to_relent-The_Indian_Express_15-05-1968.pdf	5555	1	148674	none	none	0.0	0.0	0.0	128	y	52.3	faint	45.4
5556-Masani_not_to_withdraw_resignation_15-05-1968.pdf	5556	1	119752	none	none	0.0	0.0	0.0	128	y	45.2	faint	44.5
5557-Masani_firm_on_his_resignation-Deccan_Herald_15-05-1968.pdf	5557	1	124238	none	none	0.0	0.0	0.0	128	y	66.6	weak	17.3
5558-Masani_firm_on_Quitting_Party_post-The_Indian_Express_15-05-1968.pdf	5558	1	90102	none	none	0.0	0.0	0.0	128	y	83.8	weak	86.4
5559-Masani_Declines_to_Withdraw_his_Resignation-Poona_Daily_News_15-05-1968.pdf	5559	1	81296	none	none	0.0	0.0	0.0	128	y	70.1	weak	11.6
556-Letter_to_Mr_Minoo_Masani_24-05-1966.pdf	556	9	2464708	none	none	0.0	0.0	0.0	128	n	112.4	adequate	10.0
5560-Swatantra_Setback-Deccan_Herald_04-05-1968.pdf	5560	1	107976	none	none	0.0	0.0	0.0	128	y	65.9	weak	26.9
5561-Rebel_Swatantra_leaders_Apologise-The_Times_of_India_26-04-1968.pdf	5561	1	65132	none	none	0.0	0.0	0.0	128	y	33.4	faint	36.1
5562-Kutch_Melodrama-The_Indian_Express_23-04-1968.pdf	5562	2	193486	none	none	0.0	0.0	0.0	128	y	54.7	faint	32.0
5563-Gujarat_Swatantra_crisis_averted_22-04-1968.pdf	5563	1	70839	none	none	0.0	0.0	0.0	128	y	38.3	faint	13.6
5564-Kutch_Melodrama-The_Indian_Express.pdf	5564	2	180489	none	none	0.0	0.0	0.0	128	y	89.3	weak	65.8
5565-Swatantra_Leaders_not_joining_Sough_22-04-1968.pdf	5565	1	65475	none	none	0.0	0.0	0.0	128	y	43.6	faint	12.5
5566-Swatantra_Party-National_Herald_21-04-1968.pdf	5566	1	79030	none	none	0.0	0.0	0.0	128	y	50.5	faint	12.7
5567-Swatantra_Crisis_spreads_to_Ranks.pdf	5567	2	247908	none	none	0.0	0.0	0.0	128	y	50.4	faint	51.7
5568-Masani_does_not_relent-The_Hindustan_Times_21-04-1968.pdf	5568	2	186701	none	none	0.0	0.0	0.0	128	y	41.1	faint	33.8
5569-Swatantra_Party_-A_house_Divided_20-04-1968.pdf	5569	1	183849	none	none	0.0	0.0	0.0	128	y	51.8	faint	49.7
557-What_Is_Wrong_With_Our_Foreign_Policy_Jan-Mar-1966.pdf	557	5	1238235	none	none	0.0	0.0	0.0	128	y	76.6	weak	16.2
5570-Party_presses_Masani_to_Stay_on_18-04-1968.pdf	5570	2	231661	none	none	0.0	0.0	0.0	128	y	65.8	weak	15.9
5571-Swatantra_Party-National_Herald_18-04-1968.pdf	5571	1	155843	none	none	0.0	0.0	0.0	128	y	52.1	faint	30.8
5572-Swatantra_Decision.pdf	5572	1	113833	none	none	0.0	0.0	0.0	128	y	69.2	weak	24.9
5573-The_Swatantra_Party-National_Herald_17-04-1968.pdf	5573	1	137861	none	none	0.0	0.0	0.0	128	y	54.2	faint	21.0
5574-Defection_bid_by_rebels_deplored-Gujarat_Herald_16-06-1968.pdf	5574	1	98137	none	none	0.0	0.0	0.0	128	y	43.6	faint	43.0
5575-Comment_Chaotic_Swatantra_16-04-1968.pdf	5575	1	91520	none	none	0.0	0.0	0.0	128	y	49.4	faint	42.5
5576-Action_Against_Swatantra_Rebels-The_Indian_Express.pdf	5576	1	138424	none	none	0.0	0.0	0.0	128	y	52.6	faint	41.5
5577-Swatantra_Executive_moves_catiously_to_avoid_spilit.pdf	5577	1	110100	none	none	0.0	0.0	0.0	128	y	45.1	faint	25.7
5578-Swatantra_Sangh_move_for_Haryana_poll_Pacts-The_Hindustan_Times_15-04-1968.pdf	5578	1	165049	none	none	0.0	0.0	0.0	128	y	74.5	weak	37.6
5579-Masani_Firm_on_quitting.pdf	5579	1	102988	none	none	0.0	0.0	0.0	128	y	46.4	faint	36.7
558-Indias_Foreign_Policy_Jan-Feb-1966.pdf	558	19	3999605	none	none	0.0	0.0	0.0	128	n	107.3	adequate	8.2
5580-Masani_firm_on_Quitting_Party_post-The_Hindustan_Times_15-05-1968.pdf	5580	1	122887	none	none	0.0	0.0	0.0	128	y	49.0	faint	34.5
5581-Gujarat_Swatantra_leaders_spared_says_Masani_15-05-1968.pdf	5581	1	93408	none	none	0.0	0.0	0.0	128	y	39.2	faint	33.5
5582-Masani_firm_on_quitting_party_posts_15-05-1968.pdf	5582	1	96257	none	none	0.0	0.0	0.0	128	y	42.1	faint	37.6
5583-Harvesting_led_to_Swatantra_route-The_Indian_Express_02-05-1968.pdf	5583	1	115498	none	none	0.0	0.0	0.0	128	y	44.7	faint	39.7
5584-Maharani_Gives_Reason_for_Party_Defeat_02-05-1968.pdf	5584	1	97354	none	none	0.0	0.0	0.0	128	y	38.1	faint	42.8
5585-The_Swatantra_losses-The_Hindustan_Times_02-05-1968.pdf	5585	1	137044	none	none	0.0	0.0	0.0	128	n	46.1	faint	31.1
5586-Prithviraj_01-05-1968.pdf	5586	1	110136	none	none	0.0	0.0	0.0	128	y	77.3	weak	9.9
5587-Enfant_terrible-The_Indian_Express_01-06-1968.pdf	5587	1	103590	none	none	0.0	0.0	0.0	128	y	47.9	faint	64.3
5588-Masani_firm_on_Quitting_Party_post_15-05-1968.pdf	5588	1	116328	none	none	0.0	0.0	0.0	128	y	45.1	faint	53.0
5589-Swatantra_paid_Penalty_for_lack_of_effort_in_Rajasthan_01-05-1968.pdf	5589	2	217603	none	none	0.0	0.0	0.0	128	y	59.1	faint	11.0
559-Will_Liberalism_Survive_Socialism_13-12-1965.pdf	559	18	3691348	none	none	0.0	0.0	0.0	128	n	72.5	weak	19.5
5590-Influence_on_the_maharani_on_Decline_01-05-1968.pdf	5590	2	154624	none	none	0.0	0.0	0.0	128	y	33.1	faint	49.6
5591-Comment_Rajasthan_Polls_01-05-1968.pdf	5591	2	166541	none	none	0.0	0.0	0.0	128	y	54.5	faint	67.3
5592-Congress_in_Victory_in_Rajasthan_30-04-1968.pdf	5592	2	146387	none	none	0.0	0.0	0.0	128	y	28.5	faint	35.6
5593-Congress_Victory_at_Dausa_Chomu_30-04-1968.pdf	5593	1	105083	none	none	0.0	0.0	0.0	128	y	43.2	faint	31.7
5594-Congress_wins_both_Jaipur_seats_29-04-1968.pdf	5594	1	101850	none	none	0.0	0.0	0.0	128	y	43.7	faint	43.4
5595-Congress_defeats_Swatantra_in_Rajasthan_29-04-1968.pdf	5595	1	114061	none	none	0.0	0.0	0.0	128	y	44.2	faint	37.8
5596-Congress_wins_by_election_in_Rajasthan_30-04-1968.pdf	5596	1	111857	none	none	0.0	0.0	0.0	128	n	43.2	faint	32.6
5597-Swatantra_Sangh_move_for_Haryana_poll_Pacts_15-04-1968.pdf	5597	2	238841	none	none	0.0	0.0	0.0	128	y	51.5	faint	35.5
5598-Swatantra_Quits_S_V_D_in_UP_15-04-1968.pdf	5598	1	116825	none	none	0.0	0.0	0.0	128	y	66.6	weak	40.5
5599-Action_Against_Swatantra_Detectors_14-04-1968.pdf	5599	1	112840	none	none	0.0	0.0	0.0	128	y	41.1	faint	33.8
56-Letter_to_Mr_Minoo_Masani_15-03-1971.pdf	56	1	149980	none	none	0.0	0.0	0.0	128	y	85.2	weak	3.5
560-Will_Liberalism_Survive_Socialism_13-12-1965.pdf	560	18	3572015	none	none	0.0	0.0	0.0	134	n	88.1	weak	7.1
5600-Swatantra_decide_to_stay_neutral_UP_trial_of_Strength_15-08-1968.pdf	5600	1	110100	none	none	0.0	0.0	0.0	128	y	59.1	faint	32.0
5601-Swatantra_Quits_UP_SVD_23_MLA_Expelled_15-04-1968.pdf	5601	1	118601	none	none	0.0	0.0	0.0	128	y	68.2	weak	38.6
5602-Gujarat_Swatantra_Ranks_in_Disarray_15-04-1968.pdf	5602	1	200311	none	none	0.0	0.0	0.0	128	n	46.2	faint	29.8
5603-Swatantra_faces_revolt_from_Gujrat_14-04-1968.pdf	5603	1	121047	none	none	0.0	0.0	0.0	128	y	60.9	weak	20.7
5604-Swatantra_party_not_to_excel_rebels_for_fear_of_defections.pdf	5604	1	117831	none	none	0.0	0.0	0.0	128	y	67.9	weak	25.0
5605-Swatantra_unit_allowed_to_join_kutch_Agitations_15-04-1968.pdf	5605	2	160850	none	none	0.0	0.0	0.0	128	y	59.2	faint	26.1
5606-Masani_asked_to_withdraw_resignation_14-04-1968.pdf	5606	2	205022	none	none	0.0	0.0	0.0	128	y	61.6	weak	32.9
5607-Masani_Argued_not_to_resign.pdf	5607	2	161111	none	none	0.0	0.0	0.0	128	y	57.5	faint	28.9
5608-Action_Against_Swatantra_rebels_in_Gujarat_likely.pdf	5608	2	232248	none	none	0.0	0.0	0.0	128	y	53.7	faint	33.8
5609-Action_Against_Swatantra_rebels_in_Gujarat_likely_14-04-1968.pdf	5609	1	123001	none	none	0.0	0.0	0.0	128	y	89.8	weak	86.8
561-Big_Plans-The_Onlooker_Annual-1966.pdf	561	6	1805895	none	none	0.0	0.0	0.0	128	y	105.1	adequate	18.5
5610-Decision_soon_up_Swatantra_rebels.pdf	5610	2	153309	none	none	0.0	0.0	0.0	128	y	46.8	faint	33.4
5611-Swatantra_rebel_fail_to_resolve_Gujarat_crisis_14-04-1968.pdf	5611	1	124022	none	none	0.0	0.0	0.0	128	y	51.3	faint	31.3
5612-Masani_Argued_not_to_resign_14-04-1968.pdf	5612	1	116631	none	none	0.0	0.0	0.0	128	y	72.0	weak	28.7
5613-Kutch_Issue.pdf	5613	2	180672	none	none	0.0	0.0	0.0	128	y	50.2	faint	36.5
5614-A_Painful_Dilemma_13-04-1968.pdf	5614	2	280895	none	none	0.0	0.0	0.0	128	y	101.1	adequate	16.2
5615-Is_Woos_Swatantra_rebels_12-04-1968.pdf	5615	2	137425	none	none	0.0	0.0	0.0	128	y	43.7	faint	37.1
5616-Party_to_discuss_Masani_resignation_poll_defect_12-04-1968.pdf	5616	1	120038	none	none	0.0	0.0	0.0	128	y	41.4	faint	38.0
5617-Ranga_fails_in_his_Misson_08-04-1968.pdf	5617	2	170822	none	none	0.0	0.0	0.0	128	y	50.1	faint	30.9
5618-Heading_for_a_splilt.pdf	5618	2	373995	none	none	0.0	0.0	0.0	128	y	60.5	weak	34.4
5619-Swatantra_party_in_doldrums_spilit_in_the_offing_07-04-1968.pdf	5619	2	376452	none	none	0.0	0.0	0.0	128	y	78.1	weak	10.4
562-Big_Plans_Versus_Thinking_Big.pdf	562	5	955094	none	none	0.0	0.0	0.0	128	n	42.3	faint	23.9
5620-Masani_resignation-bid_to_restore_probity_to_public_life_09-03-1968.pdf	5620	1	209957	none	none	0.0	0.0	0.0	128	y	68.7	weak	32.4
5621-Masani_resignation-bid_to_restore_probity_to_public_life_09-04-1985.pdf	5621	2	419175	none	none	0.0	0.0	0.0	128	y	82.2	weak	47.2
5622-Lead_by_Congress.pdf	5622	3	345150	none	none	0.0	0.0	0.0	128	y	58.4	faint	44.2
5623-Masani_quits_party_post-Will_nija_and_Basu_follow_05-04-1968.pdf	5623	2	402909	none	none	0.0	0.0	0.0	128	y	51.5	faint	28.9
5624-Statesmem_05-04-1968.pdf	5624	4	433362	none	none	0.0	0.0	0.0	128	y	65.4	weak	33.8
5625-Martin_luther_king_indiscipline_Curbs_on_defectors_ministers_by_the_dozens.pdf	5625	4	630035	none	none	0.0	0.0	0.0	128	y	49.9	faint	29.9
5626-Promise-Solemn_obligation_on_Convenient_Device_02-04-1968.pdf	5626	2	255332	none	none	0.0	0.0	0.0	128	y	60.3	weak	20.5
5627-Comment_Swatantra_Crisis_01-04-1968.pdf	5627	2	207401	none	none	0.0	0.0	0.0	128	y	51.4	faint	28.6
5628-Spilit_possible_in_swatantra_Party_says_Dandekar.pdf	5628	2	203581	none	none	0.0	0.0	0.0	128	y	47.8	faint	42.1
5629-Gir_Forests_03-03-1968.pdf	5629	2	174507	none	none	0.0	0.0	0.0	128	y	77.9	weak	27.6
563-Text_Book_In_India_Dec-1965_10-08-1965.pdf	563	5	1356866	none	none	0.0	0.0	0.0	128	y	105.3	adequate	20.4
5630-Congress_party_wins_majority_seats_in_17_gujarat_district_Panchayat_30-03-1968.pdf	5630	1	135514	none	none	0.0	0.0	0.0	128	y	64.3	weak	40.4
5631-Masani_quits_party_posts_30-04-1968.pdf	5631	2	203115	none	none	0.0	0.0	0.0	128	y	53.5	faint	39.4
5632-Masani_quits_party_posts.pdf	5632	2	217682	none	none	0.0	0.0	0.0	128	y	51.2	faint	33.9
5633-House_Without_Opposition_Letter_30-03-1968.pdf	5633	2	203624	none	none	0.0	0.0	0.0	128	y	45.3	faint	36.4
5634-Letter_to_Mr_Minoo_Masani_11-10-1969.pdf	5634	2	206739	none	none	0.0	0.0	0.0	128	n	47.5	faint	33.7
5635-Masani_quits_party_posts_30-03-1968.pdf	5635	2	190165	none	none	0.0	0.0	0.0	128	n	73.7	weak	29.0
5636-Mr_Minoo_Masani_quits_Swatantra_Councils.pdf	5636	1	90196	none	none	0.0	0.0	0.0	128	y	43.7	faint	39.2
5637-Vidyas_case_not_Isolated_30-03-1968.pdf	5637	2	219467	none	none	0.0	0.0	0.0	128	y	43.2	faint	39.6
5638-Masani_quits_party_posts_30-03-1968.pdf	5638	2	227574	none	none	0.0	0.0	0.0	128	y	63.8	weak	23.4
5639-Masani_resign_Swatantra_party_posts_30-03-1968.pdf	5639	2	232526	none	none	0.0	0.0	0.0	128	y	49.5	faint	39.5
564-All_India_Radio-The_Illustrated_Weekly_Of_India_15-08-1965.pdf	564	2	821707	none	none	0.0	0.0	0.0	128	y	118.0	adequate	33.1
5640-Gujarat_Swatantra_nominee_loses_in_Rajya_Sabha_Poll_29-03-1968.pdf	5640	2	238308	none	none	0.0	0.0	0.0	128	y	47.4	faint	40.4
5641-Gujarat_Swatantra_MLA_Defy_Whip_29-03-1968.pdf	5641	2	246999	none	none	0.0	0.0	0.0	128	y	49.4	faint	41.7
5644-Walk_for_human_right_indians_for_democracy.pdf	5644	12	1768161	none	none	0.0	0.0	0.0	128	n	93.8	adequate	11.2
5645-British_rulers_outdone_14-07-1977.pdf	5645	19	7083454	none	none	0.0	0.0	0.0	128	y	64.3	weak	31.6
5646-Proclamation_Follows_Arrest_Of_Leaders-The_Statesman_13-06-1977.pdf	5646	8	7386917	none	none	0.0	0.0	0.0	300	y	76.7	weak	35.9
5647-Rule_Nisi_issued_by_High_Court_05-02-1977.pdf	5647	1	448992	none	none	0.0	0.0	0.0	128	n	65.0	weak	34.5
5648-Letter_to_Indhira_Gandhi_26-01-1977.pdf	5648	3	554435	none	none	0.0	0.0	0.0	128	y	37.8	faint	39.7
5649-Swatantra_Party_Letter_20-12-1976.pdf	5649	2	417536	none	none	0.0	0.0	0.0	128	n	39.6	faint	42.8
565-From_Within_and_Without-The_Illustrated_Weekly_Of_India_15-08-1965.pdf	565	2	909221	none	none	0.0	0.0	0.0	128	y	131.8	strong	35.3
5650-Youth_for_George_Fernades_Committee.pdf	5650	4	613216	none	none	0.0	0.0	0.0	128	y	34.3	faint	45.3
5651-Letter_to_B_G_Verghese_28-10-1976.pdf	5651	1	51937	none	none	0.0	0.0	0.0	128	y	66.6	weak	3.3
5652-Letter_from_BG_Vergheese_19-10-1976.pdf	5652	1	64757	none	none	0.0	0.0	0.0	128	y	77.4	weak	6.6
5653-US_House_of_representative_16-09-1976.pdf	5653	15	2063234	none	none	0.0	0.0	0.0	128	n	34.3	faint	40.1
5654-Extract_from_the_Washington_post_11-09-1976.pdf	5654	1	105606	none	none	0.0	0.0	0.0	128	y	32.3	faint	40.8
5655-Hindustani_Movement_Indians_in_Service_of_India_06-11-1976.pdf	5655	2	346098	none	none	0.0	0.0	0.0	128	n	35.4	faint	44.6
5656-Swatantra_Party_Letter.pdf	5656	2	378395	none	none	0.0	0.0	0.0	128	n	54.7	faint	13.8
5657-The_Universalist-How_to_be_a_dictator_legally_31-10-1976.pdf	5657	16	3370936	none	none	0.0	0.0	0.0	128	n	76.2	weak	23.9
5658-A_Note_on_the_press_in_india.pdf	5658	14	1938487	none	none	0.0	0.0	0.0	128	y	81.4	weak	12.9
5659-Letter_to_B_B_Chavas_21-09-1976.pdf	5659	1	117633	none	none	0.0	0.0	0.0	128	y	119.2	adequate	7.7
566-All_India_Radio_by_Mr_Minoo_Masani_15-08-1965.pdf	566	4	767392	none	none	0.0	0.0	0.0	128	n	66.0	weak	18.4
5660-Letter_from_Swatantra_Party_23-08-1976.pdf	5660	2	312730	none	none	0.0	0.0	0.0	128	n	32.0	faint	43.7
5661-Junior_Statesman-The_Statesman_Weekly_23-08-1976.pdf	5661	1	77289	none	none	0.0	0.0	0.0	128	y	66.2	weak	88.1
5662-Swatantra_Party_Letter_23-08-1976.pdf	5662	2	298435	none	none	0.0	0.0	0.0	128	n	29.7	faint	46.6
5663-A_Note_on_the_press_in_india.pdf	5663	14	1989379	none	none	0.0	0.0	0.0	128	y	81.3	weak	14.1
5664-Letter_From_Anil_Agarwal_20-08-1975.pdf	5664	3	326685	none	none	0.0	0.0	0.0	128	y	46.1	faint	32.8
5665-Letter_to_Shridhar_20-07-1976.pdf	5665	1	112056	none	none	0.0	0.0	0.0	128	y	79.9	weak	13.2
5666-Letter_to_P_N_Dhar.pdf	5666	4	421512	none	none	0.0	0.0	0.0	128	y	78.3	weak	11.7
5667-Aide_Memoir_July-1975.pdf	5667	55	6235948	none	none	0.0	0.0	0.0	128	n	33.4	faint	44.6
5668-Letter_from_Swatantra_Party_13-09-1976.pdf	5668	1	163973	none	none	0.0	0.0	0.0	128	y	39.6	faint	36.3
5669-Defence_and_internal_Security_of_India_02-07-1976.pdf	5669	4	564275	none	none	0.0	0.0	0.0	128	y	68.2	weak	26.2
567-All_India_Radio_by_Mr_Minoo_Masani_15-08-1965.pdf	567	4	739433	none	none	0.0	0.0	0.0	128	n	60.6	weak	22.7
5670-Defence_and_internal_Security_of_India_02-07-1976.pdf	5670	14	2308914	none	none	0.0	0.0	0.0	128	n	58.7	faint	21.7
5671-Swatantra_Party_Statement_of_Principles.pdf	5671	42	13960220	none	none	0.0	0.0	0.0	200	n	140.5	strong	12.8
5672-Who_is_Outdated-German_Socialists_Echo_Swatantra.pdf	5672	10	2372210	none	none	0.0	0.0	0.0	200	n	87.8	weak	10.2
5673-Labours_Friend-Concress_Or_Swatantra.pdf	5673	40	13389994	none	none	0.0	0.0	0.0	200	n	119.3	adequate	42.3
5674-The_Constitution_Twenty_Fourth_Amendment_Bill.pdf	5674	16	6909089	none	none	0.0	0.0	0.0	200	n	169.1	strong	14.7
5675-Letter_to_Mr_Minoo_Masani_05-04-1970.pdf	5675	2	237951	none	none	0.0	0.0	0.0	128	n	49.0	faint	24.8
5676-Letter_to_Mr_Minoo_Masani_13-04-1970.pdf	5676	1	79096	none	none	0.0	0.0	0.0	128	y	60.6	weak	5.9
5677-Letter_to_Mr_Minoo_Masani_16-04-1970.pdf	5677	1	134657	none	none	0.0	0.0	0.0	128	y	70.6	weak	9.2
5678-Letter_to_Jayantbhai_bhatt`_29-04-1970.pdf	5678	1	90985	none	none	0.0	0.0	0.0	128	n	41.7	faint	41.1
5679-Letter_to_Ramchandra_Asin_30-04-1970.pdf	5679	1	105213	none	none	0.0	0.0	0.0	128	y	93.0	adequate	7.7
568-The_Leopard_Never_Changes_Its_Spots-The_White_Star_August-1965.pdf	568	4	1368703	none	none	0.0	0.0	0.0	128	n	84.5	weak	18.0
5680-For_the_Favour_of_Publication_30-04-1970.pdf	5680	1	100250	none	none	0.0	0.0	0.0	128	n	32.1	faint	34.5
5681-Letter_to_Mr_Minoo_Masani_30-06-1970.pdf	5681	2	244189	none	none	0.0	0.0	0.0	128	y	96.5	adequate	16.7
5682-You_Said_it-The_Times_of_India_15-04-1970.pdf	5682	9	509868	none	none	0.0	0.0	0.0	128	y	46.1	faint	33.3
5683-The_Biltz_25-04-1970.pdf	5683	1	97577	none	none	0.0	0.0	0.0	128	y	107.1	adequate	22.1
5684-Anti_Reddy_Phamplet_distribution.pdf	5684	4	282460	none	none	0.0	0.0	0.0	128	y	59.9	faint	32.4
5685-Two_Correction-The_Times_of_India_01-07-1970.pdf	5685	1	53421	none	none	0.0	0.0	0.0	128	y	51.7	faint	11.2
5686-Merits_of_the_Case.pdf	5686	3	356594	none	none	0.0	0.0	0.0	128	y	44.5	faint	19.8
5687-Best_Compliments_of_S_G_Somani.pdf	5687	1	130617	none	none	0.0	0.0	0.0	128	y	37.7	faint	33.9
5688-Office_note_to_Dr_RC_Cooper_17-02-1970.pdf	5688	1	103429	none	none	0.0	0.0	0.0	128	y	59.4	faint	17.2
5689-The_Evening_News_13-04-1970.pdf	5689	2	271798	none	none	0.0	0.0	0.0	128	y	67.3	weak	25.4
569-The_Current_Economic_Crisis-Freedom_Fist_August-1965.pdf	569	8	2126106	none	none	0.0	0.0	0.0	128	n	95.3	adequate	14.3
5690-Letter_to_Nalinkumar_M_Desai_29-04-1970.pdf	5690	1	97459	none	none	0.0	0.0	0.0	128	y	43.1	faint	33.8
5691-Letter_to_C_Rajagopalachari_25-04-1970.pdf	5691	2	211703	none	none	0.0	0.0	0.0	128	y	62.3	weak	16.0
5692-Letter_to_C_Rajagopalachari_23-04-1970.pdf	5692	2	224377	none	none	0.0	0.0	0.0	128	y	63.4	weak	14.5
5693-Letter_to_Jayantbhai_bhatt`_17-04-1970.pdf	5693	2	146400	none	none	0.0	0.0	0.0	128	n	28.4	faint	39.2
5694-Letter_to_General_Secertary_15-04-1970.pdf	5694	2	227181	none	none	0.0	0.0	0.0	128	y	34.4	faint	40.1
5695-Letter_to_C_Rajagopalachari_14-04-1970.pdf	5695	2	217675	none	none	0.0	0.0	0.0	128	y	53.4	faint	25.4
5696-Letter_from_Mr_Minoo_Masani_12-04-1970.pdf	5696	1	96301	none	none	0.0	0.0	0.0	128	y	31.6	faint	44.1
5697-Telegram_to_Mr_Minoo_Masani.pdf	5697	2	140331	none	none	0.0	0.0	0.0	128	y	28.8	faint	30.8
5698-Letter_from_C_Rajagopalachari_11-04-1970.pdf	5698	1	72967	none	none	0.0	0.0	0.0	128	y	64.4	weak	4.0
5699-Letter_to_Liladhar_Patel.pdf	5699	2	180987	none	none	0.0	0.0	0.0	128	y	69.3	weak	65.1
57-Letter_to_Mr_Gunvant_Dave_18-03-1971.pdf	57	2	173669	none	none	0.0	0.0	0.0	128	y	84.7	weak	1.9
570-Whar_The_Swatantra_Party_Stands_For_21-08-1966.pdf	570	18	4142744	none	none	0.0	0.0	0.0	128	n	92.9	adequate	5.7
5700-Letter_to_C_C_Desai_10-04-1970.pdf	5700	1	45165	none	none	0.0	0.0	0.0	128	y	68.3	weak	5.1
5701-Letter_to_Mr_C_Rajagopalchari_07-04-1970.pdf	5701	1	141327	none	none	0.0	0.0	0.0	128	y	91.9	adequate	10.1
5702-Letter_to_Mr_Minoo_Masani_09-04-1970.pdf	5702	2	167306	none	none	0.0	0.0	0.0	128	y	82.1	weak	52.3
5703-Letter_to_Mr_C_C_Desai_09-04-1970.pdf	5703	1	102965	none	none	0.0	0.0	0.0	128	y	69.4	weak	11.4
5704-Letter_to_Mr_Minoo_Masani_08-04-1970.pdf	5704	1	132801	none	none	0.0	0.0	0.0	128	y	92.2	adequate	8.8
5705-Letter_to_Mr_Minoo_Masani_07-04-1970.pdf	5705	2	293350	none	none	0.0	0.0	0.0	128	n	40.5	faint	34.9
5706-Letter_to_Mr_Minoo_Masani_07-04-1970.pdf	5706	4	225820	none	none	0.0	0.0	0.0	128	y	82.2	weak	9.9
5707-Letter_to_Mr_Minoo_Masani.pdf	5707	2	122380	none	none	0.0	0.0	0.0	128	y	47.9	faint	14.3
5708-Letter_to_Mr_Minoo_Masani_04-04-1970.pdf	5708	3	445273	none	none	0.0	0.0	0.0	128	n	63.0	weak	25.2
5709-Letter_to_Mr_Minoo_Masani_07-04-1970.pdf	5709	3	263994	none	none	0.0	0.0	0.0	128	y	38.3	faint	26.5
571-Speech_of_Mr_Minoo_Masani_21-08-1966.pdf	571	58	11866029	none	none	0.0	0.0	0.0	128	n	82.2	weak	8.3
5710-Letter_to_Mr_N_G_Ranga_06-04-1970.pdf	5710	1	69152	none	none	0.0	0.0	0.0	128	y	78.1	weak	5.4
5711-Letter_to_Mr_C_Rajagopalchari_05-04-1970.pdf	5711	1	105680	none	none	0.0	0.0	0.0	128	n	60.7	weak	9.6
5712-Letter_to_Mr_S_V_Raju_05-04-1970.pdf	5712	1	129194	none	none	0.0	0.0	0.0	128	y	48.8	faint	11.9
5713-Letter_to_Mr_S_V_Raju_05-04-1970.pdf	5713	1	82542	none	none	0.0	0.0	0.0	128	y	28.7	faint	49.6
5714-Letter_to_Mr_K_Sundaram_04-04-1970.pdf	5714	1	50631	none	none	0.0	0.0	0.0	128	y	69.2	weak	6.8
5715-Letter_to_Mr_R_C_Cooper_04-04-1970.pdf	5715	1	129001	none	none	0.0	0.0	0.0	128	n	59.1	faint	11.4
5716-Letter_to_Mr_S_V_Raju_04-04-1970.pdf	5716	1	82168	none	none	0.0	0.0	0.0	128	n	30.7	faint	35.2
5717-Letter_to_Mr_S_V_Raju_04-04-1970.pdf	5717	1	109761	none	none	0.0	0.0	0.0	128	y	68.2	weak	7.4
5718-Letter_to_Mr_S_V_Raju_04-04-1970.pdf	5718	1	69079	none	none	0.0	0.0	0.0	128	n	29.1	faint	45.5
5719-Letter_to_Mr_Minoo_Masani_03-04-1970.pdf	5719	1	65693	none	none	0.0	0.0	0.0	128	y	74.7	weak	4.9
572-For_Favour_of_Publication_21-08-1966.pdf	572	2	624268	none	none	0.0	0.0	0.0	128	n	105.2	adequate	13.4
5720-Letter_to_Mr_N_G_Ranga_01-04-1970.pdf	5720	1	105037	none	none	0.0	0.0	0.0	128	y	84.2	weak	8.7
5721-Letter_to_Mr_C_Rajagopalchari_03-04-1970.pdf	5721	2	212706	none	none	0.0	0.0	0.0	128	n	89.3	weak	8.8
5722-Letter_to_Mr_Minoo_Masani_03-04-1970.pdf	5722	1	88921	none	none	0.0	0.0	0.0	128	n	36.9	faint	46.3
5723-Letter_to_MPs_Gujarat_MALs_and_Members_Of_Gujarat_State_Executive_03-04-1970.pdf	5723	1	109019	none	none	0.0	0.0	0.0	128	n	32.0	faint	37.7
5724-Letter_to_Mr_S_V_Raju_03-04-1970.pdf	5724	1	127928	none	none	0.0	0.0	0.0	128	n	67.1	weak	10.9
5725-Letter_to_Mr_C_Rajagopalchari_02-04-1970.pdf	5725	1	142005	none	none	0.0	0.0	0.0	128	n	62.4	weak	14.0
5726-Telex_Message_From_S_V_Raju_to_Minoo_Masani_02-04-1970.pdf	5726	1	40452	none	none	0.0	0.0	0.0	128	y	17.8	faint	37.0
5727-Letter_to_Mr_S_V_Raju_02-04-1970.pdf	5727	1	149052	none	none	0.0	0.0	0.0	128	n	62.0	weak	14.0
5728-Telex_Message_From_Minoo_Masani_to_S_V_Raju.pdf	5728	3	348407	none	none	0.0	0.0	0.0	128	y	67.9	weak	11.0
5729-Letter_to_MPs_Gujarat_MALs_and_Members_Of_Gujarat_State_Executive.pdf	5729	2	227588	none	none	0.0	0.0	0.0	128	n	69.8	weak	9.0
573-Devaluation-The_Illustrated_Weekly_Of_India_14-08-1966.pdf	573	20	6728095	none	none	0.0	0.0	0.0	128	y	106.2	adequate	27.4
5730-Draft_Letter_to_Member_of_Gujarat_State_Parliamentary_Board.pdf	5730	2	190262	none	none	0.0	0.0	0.0	128	y	33.8	faint	40.5
5731-Letter_to_Mr_S_V_Raju_01-04-1970.pdf	5731	1	126447	none	none	0.0	0.0	0.0	128	n	85.0	weak	9.4
5732-Letter_to_Mr_Minoo_Masani_31-03-1970.pdf	5732	1	110017	none	none	0.0	0.0	0.0	128	y	37.6	faint	33.6
5733-Letter_to_Mr_S_V_Raju_31-03-1970.pdf	5733	1	64496	none	none	0.0	0.0	0.0	128	y	53.0	faint	10.2
5734-Comments_On_Mr_C_C_Desais_Explanation.pdf	5734	2	241640	none	none	0.0	0.0	0.0	128	n	38.2	faint	38.2
5735-Letter_to_Mr_C_C_Desai_31-03-1970.pdf	5735	1	160437	none	none	0.0	0.0	0.0	128	n	97.5	adequate	14.5
5736-Letter_to_Mr_Minoo_Masani_25-03-1970.pdf	5736	2	276316	none	none	0.0	0.0	0.0	128	y	94.0	adequate	8.8
5737-Letter_to_Mr_C_C_Desai_23-02-1970.pdf	5737	1	104977	none	none	0.0	0.0	0.0	128	n	84.4	weak	6.1
5738-Offoce_Note_to_Dr_R_C_Cooper_17-02-1970.pdf	5738	1	113784	none	none	0.0	0.0	0.0	128	y	66.1	weak	7.4
5739-Letter_to_Mr_C_C_Desai_18-02-1970.pdf	5739	1	105319	none	none	0.0	0.0	0.0	128	y	41.3	faint	31.1
574-Indias_Problem_Is_Economic-Solution_Is_Political_12-08-1966.pdf	574	2	568833	none	none	0.0	0.0	0.0	128	y	85.2	weak	55.0
5740-Letter_to_Mr_R_C_Cooper_21-03-1970.pdf	5740	20	3132980	none	none	0.0	0.0	0.0	128	y	35.8	faint	41.7
5741-Note_Regarding_Mr_C_C_Desais_Activities.pdf	5741	18	2867368	none	none	0.0	0.0	0.0	128	y	38.1	faint	39.4
5742-Letter_to_The_Secretary_Swatantra_Party_21-02-1979.pdf	5742	2	59228	none	none	0.0	0.0	0.0	128	y	56.3	faint	12.8
5743-Letter_From_Mr_Girish_Munshi_06-02-1979.pdf	5743	1	91472	none	none	0.0	0.0	0.0	128	n	34.9	faint	48.3
5744-Letter_to_Mr_S_V_Raju_08-11-1978.pdf	5744	2	210141	none	none	0.0	0.0	0.0	128	y	64.0	weak	23.4
5745-Letter_From_Mr_S_V_Raju_02-11-1978.pdf	5745	1	98153	none	none	0.0	0.0	0.0	128	n	34.6	faint	32.2
5746-National_Party_Of_India-Good_Living_Next_To_Freedom_Is_Our_Birth_Right.pdf	5746	4	587067	none	none	0.0	0.0	0.0	128	n	66.8	weak	22.8
5747-Swatantra_Party_General_Council_Circular_No-53_16-04-1974.pdf	5747	1	235632	none	none	0.0	0.0	0.0	128	n	48.8	faint	47.7
5748-Resolution_Passed_At_The_National_Executive_Meeting_Of_Swatantra_Party_06-04-1974.pdf	5748	2	385567	none	none	0.0	0.0	0.0	128	y	48.0	faint	46.6
5749-Letter_to_Mr_Narayan_03-04-1974.pdf	5749	2	200116	none	none	0.0	0.0	0.0	128	n	95.3	adequate	7.2
575-Indias_Problem_Is_Economic-Solution_Is_Political-Amrit_Bazar_Patrika_12-08-1966.pdf	575	7	1630552	none	none	0.0	0.0	0.0	128	y	72.4	weak	20.1
5750-Letter_to_Mr_Narayan_26-02-1974.pdf	5750	2	195928	none	none	0.0	0.0	0.0	128	y	71.1	weak	10.3
5751-Letter_to_Mr_Munshi_14-02-1974.pdf	5751	1	122362	none	none	0.0	0.0	0.0	128	y	37.1	faint	44.4
5752-Letter_to_Mr_Dhanuka_18-02-1974.pdf	5752	1	58462	none	none	0.0	0.0	0.0	128	n	22.8	faint	34.7
5753-Letter_to_Mr_Navin_T_Khandwalla_18-02-1974.pdf	5753	1	67741	none	none	0.0	0.0	0.0	128	n	114.2	adequate	93.9
5754-Letter_to_Mr_Manubhai_Chwada_18-02-1974.pdf	5754	1	65773	none	none	0.0	0.0	0.0	128	n	24.4	faint	44.0
5755-Letter_to_Mr_Dhirubhai_Patel_18-02-1974.pdf	5755	2	139703	none	none	0.0	0.0	0.0	128	n	30.6	faint	42.9
5756-Letter_to_Mr_Narayan_11-02-1974.pdf	5756	3	266191	none	none	0.0	0.0	0.0	128	y	71.4	weak	8.9
5757-Letter_to_Mr_Jagdish_Munshi_18-02-1974.pdf	5757	1	69520	none	none	0.0	0.0	0.0	128	n	69.7	weak	4.7
5758-Swatantra_Party_Minuits_Of_Meeting_15-12-1973.pdf	5758	12	1797207	none	none	0.0	0.0	0.0	128	n	42.9	faint	42.7
5759-Letter_to_Mr_Narayan_23-01-1974.pdf	5759	1	77490	none	none	0.0	0.0	0.0	128	n	63.9	weak	5.7
576-Indias_Problem_Is_Economic-Solution_Is_Political-Amrit_Bazar_Patrika_12-08-1966.pdf	576	1	325506	none	none	0.0	0.0	0.0	128	y	65.5	weak	33.1
5760-Letter_to_Mr_Narayan_16-01-1974.pdf	5760	1	82667	none	none	0.0	0.0	0.0	128	n	39.4	faint	31.0
5761-Letter_From_Mr_V_P_Bhatia_09-01-1974.pdf	5761	4	546060	none	none	0.0	0.0	0.0	128	y	50.9	faint	25.5
5762-Letter_From_Mr_Girish_Munshi_27-12-1973.pdf	5762	1	123851	none	none	0.0	0.0	0.0	128	n	77.9	weak	7.5
5763-Letter_From_Mr_Girish_Munshi_28-12-1973.pdf	5763	1	187751	none	none	0.0	0.0	0.0	128	n	75.8	weak	13.0
5764-Swatantra_Party_Notice_And_Agenda_10-01-1974.pdf	5764	2	282656	none	none	0.0	0.0	0.0	128	n	46.4	faint	25.1
5765-Swatantra_Party_Notice_And_Agenda_01-12-1973.pdf	5765	2	232578	none	none	0.0	0.0	0.0	128	n	39.9	faint	46.7
5766-Agenda_For_The_Meeting_On_12th_Points.pdf	5766	1	154876	none	none	0.0	0.0	0.0	128	n	48.6	faint	38.5
5767-Fifth_Party_Elections-1973_15-10-1973.pdf	5767	5	697159	none	none	0.0	0.0	0.0	128	y	49.9	faint	33.7
5768-Office_Bearers_&_Members_Of_The_Executive_Committee_Of_Swatantra_Party.pdf	5768	7	984523	none	none	0.0	0.0	0.0	128	n	43.0	faint	40.3
5769-For_Favour_Of_Publication_26-11-1973.pdf	5769	1	166015	none	none	0.0	0.0	0.0	128	n	44.7	faint	36.2
577-Indias_Problem_Is_Economic-Solution_Is_Political_12-08-1966.pdf	577	1	347644	none	none	0.0	0.0	0.0	128	y	74.0	weak	25.7
5770-Letter_to_Mr_Narayan_26-11-1973.pdf	5770	1	105373	none	none	0.0	0.0	0.0	128	n	76.6	weak	8.6
5771-Swatantra_Party_General_Council_Circular_No-52_24-11-1973.pdf	5771	1	187153	none	none	0.0	0.0	0.0	128	n	59.6	faint	22.3
5772-Swatantra_Party_General_Council_Circular_No-52_24-11-1973.pdf	5772	2	330855	none	none	0.0	0.0	0.0	128	n	49.0	faint	30.9
5773-Letter_to_Mr_Narayan_29-11-1973.pdf	5773	1	113615	none	none	0.0	0.0	0.0	128	n	79.1	weak	9.5
5774-Letter_to_Mr_Madhu.pdf	5774	1	114898	none	none	0.0	0.0	0.0	128	n	41.5	faint	39.7
5775-Agenda_For_Todays_Party_Meeting_28-11-1973.pdf	5775	1	79446	none	none	0.0	0.0	0.0	128	n	37.5	faint	47.3
5776-Swatantra_Party_Finance.pdf	5776	1	128991	none	none	0.0	0.0	0.0	128	n	45.5	faint	46.3
5777-Proposals_For_Party_Development_In_Maharashtra.pdf	5777	2	372020	none	none	0.0	0.0	0.0	128	n	78.8	weak	32.2
5778-Office_Bearers_&_Members_Of_The_Executive_Committee_Of_Swatantra_Party.pdf	5778	7	971680	none	none	0.0	0.0	0.0	128	n	43.0	faint	41.4
5779-Swatantra_Party_6th_National_Convention_14-04-1973.pdf	5779	14	2283966	none	none	0.0	0.0	0.0	128	n	41.4	faint	40.6
578-The_Case_For_A_Pause_In_Planning-The_Economic_Times_11-08-1965.pdf	578	1	411925	none	none	0.0	0.0	0.0	128	y	89.5	weak	29.7
5780-Swatantra_Party_6th_National_Convention_14-04-1973.pdf	5780	1	151352	none	none	0.0	0.0	0.0	128	n	47.2	faint	44.4
5781-Department_of_Telecommunication_India.pdf	5781	4	335708	none	none	0.0	0.0	0.0	128	y	92.0	adequate	10.4
5782-Affidavit_Of_V_S_Srikumar.pdf	5782	4	326447	none	none	0.0	0.0	0.0	128	y	57.2	faint	25.4
5783-Plaint_Under_Or_VII_Rule_ICPC.pdf	5783	8	747551	none	none	0.0	0.0	0.0	128	y	79.8	weak	11.5
5784-Letter_From_Mr_Rajiv_Patil.pdf	5784	1	94092	none	none	0.0	0.0	0.0	128	n	115.8	adequate	6.4
5785-Swatantra_Party_Petitioners.pdf	5785	15	1999800	none	none	0.0	0.0	0.0	128	n	41.2	faint	41.3
5786-Letter_to_Mr_Venkiteswaran_14-09-1994.pdf	5786	4	457423	none	none	0.0	0.0	0.0	128	y	50.5	faint	22.6
5787-Registration_Of_Political_Parties_Under_Section_29A_28-06-1994.pdf	5787	6	360804	none	none	0.0	0.0	0.0	128	y	94.9	adequate	11.0
5788-The_Position_Re_Symbol_Of_The_Swatantra_Party.pdf	5788	4	480377	none	none	0.0	0.0	0.0	128	n	87.9	weak	7.9
5789-Registration_Of_Political_Parties_Under_Section_29A_30-08-1994.pdf	5789	3	238342	none	none	0.0	0.0	0.0	128	y	78.0	weak	12.3
579-Swatantra_Party_Big_Plan-Slow_Progress.pdf	579	4	1014324	none	none	0.0	0.0	0.0	128	y	62.5	weak	19.2
5790-Registration_Of_Political_Parties_Under_Section_29A_28-06-1994.pdf	5790	2	242032	none	none	0.0	0.0	0.0	128	n	47.6	faint	26.0
5791-Letter_to_Soli_16-11-1991.pdf	5791	1	116849	none	none	0.0	0.0	0.0	128	n	73.1	weak	6.1
5792-Registration_Of_Political_Parties_Under_Section_29A_12-08-1989.pdf	5792	7	927362	none	none	0.0	0.0	0.0	128	y	45.7	faint	30.0
5793-Letter_From_Mr_J_Venkiteswaran_01-08-1989.pdf	5793	9	722118	none	none	0.0	0.0	0.0	128	y	85.2	weak	14.6
5794-Copy_Of_Resolution_Addopted_By_The_State_Council_Of_Swatantra_Party_06-07-1974.pdf	5794	1	194258	none	none	0.0	0.0	0.0	128	n	48.2	faint	48.6
5795-Letter_to_Mr_Navroz_Seervai_21-07-1989.pdf	5795	3	362158	none	none	0.0	0.0	0.0	128	y	88.1	weak	10.0
5796-Parties_Rush_For_Formal_Status.pdf	5796	1	141324	none	none	0.0	0.0	0.0	128	y	70.9	weak	31.6
5797-August_15_Date_For_Parties_Listing-Times_Of_India_17-06-1989.pdf	5797	2	277262	none	none	0.0	0.0	0.0	128	y	65.2	weak	20.9
5798-With_Best_Compliments_To_Mr_Arvind_Deshpande.pdf	5798	1	73771	none	none	0.0	0.0	0.0	128	y	111.5	adequate	5.4
5799-The_Representation_Of_The_People_Amendment_Bill_1990.pdf	5799	23	3313411	none	none	0.0	0.0	0.0	128	n	56.3	faint	37.0
58-Letter_to_Mrs_Sosan_Panday_18-03-1971.pdf	58	1	136437	none	none	0.0	0.0	0.0	128	y	74.1	weak	4.0
580-For_Favour_of_Publication_10-08-1965.pdf	580	4	1139207	none	none	0.0	0.0	0.0	128	y	72.9	weak	18.4
5800-Letter_From_Mr_Girish_Munshi_16-10-1974.pdf	5800	1	130207	none	none	0.0	0.0	0.0	128	n	68.7	weak	8.9
5801-Letter_to_Girish_K_Munshi_30-09-1974.pdf	5801	1	83804	none	none	0.0	0.0	0.0	128	y	110.5	adequate	9.3
5802-Swatantra_Party_Opinion.pdf	5802	3	446819	none	none	0.0	0.0	0.0	128	y	42.3	faint	45.3
5803-Swatantra_party_Newsletter-Central_Committee_Meeting1969.pdf	5803	16	2832876	none	none	0.0	0.0	0.0	128	n	57.7	faint	24.2
5804-Swatantra_party_Newsletter.pdf	5804	14	2810600	none	none	0.0	0.0	0.0	128	n	69.5	weak	16.1
5805-As_I_See_it-The_Statesmen_15-03-1992.pdf	5805	1	195825	none	none	0.0	0.0	0.0	128	n	71.2	weak	31.6
5806-Letter_to_D_N_Patodia_28-04-1992.pdf	5806	2	171507	none	none	0.0	0.0	0.0	128	n	62.7	weak	17.1
5807-Letter_to_T_S_Bhluwalla.pdf	5807	3	400614	none	none	0.0	0.0	0.0	128	n	107.6	adequate	37.2
5808-The_Oxford_Dictionary.pdf	5808	3	721985	none	none	0.0	0.0	0.0	128	n	138.6	strong	32.2
5809-Privilege_move_against_masani_18-03-1992.pdf	5809	1	138717	none	none	0.0	0.0	0.0	128	n	79.0	weak	10.9
581-For_Favour_of_Publication_10-08-1965.pdf	581	2	581946	none	none	0.0	0.0	0.0	128	n	80.9	weak	11.1
5810-Member_object_to_masani_remarks.pdf	5810	1	118757	none	none	0.0	0.0	0.0	128	n	50.8	faint	22.0
5811-You_were_right_Mr_Masani.pdf	5811	4	880916	none	none	0.0	0.0	0.0	128	y	134.3	strong	27.5
5812-Letter_to_P_C_Chatterji_26-03-1992.pdf	5812	4	422573	none	none	0.0	0.0	0.0	128	y	98.2	adequate	23.0
5813-For_our_Mighty_Mps_truth_is_unpleasent_30-03-1992.pdf	5813	4	1363620	none	none	0.0	0.0	0.0	128	n	128.0	adequate	25.2
5814-Privilege_Motion_against_Minoo_Masani_23-03-1992.pdf	5814	2	695263	none	none	0.0	0.0	0.0	128	n	86.9	weak	27.6
5815-Question_hour-The_Economic_Times_Calcutta_24-03-1992.pdf	5815	3	1416644	none	none	0.0	0.0	0.0	128	n	131.5	strong	34.0
5816-Privilege_Motion_against_Minoo_Masani_20-03-1992.pdf	5816	1	156273	none	none	0.0	0.0	0.0	128	n	51.4	faint	25.6
5817-Letter_to_Mr_Minoo_Masani_18-03-1992.pdf	5817	1	117355	none	none	0.0	0.0	0.0	128	n	95.3	adequate	10.3
5818-Parliamentary_Notice_Office_15-03-1992.pdf	5818	2	466240	none	none	0.0	0.0	0.0	128	n	103.1	adequate	18.0
5819-Letter_from_Mr_Minoo_Masani_13-04-1992.pdf	5819	2	182622	none	none	0.0	0.0	0.0	128	y	93.0	adequate	4.9
582-Problem_of_Nationalism_and_Resonal_Security_in_South_and_South_East_Asia-Quest.pdf	582	7	2005259	none	none	0.0	0.0	0.0	128	y	80.0	weak	38.6
5820-Letter_to_S_C_Rastogi_11-04-1992.pdf	5820	1	102846	none	none	0.0	0.0	0.0	128	y	63.1	weak	10.9
5821-Letter_to_Mr_Roy_16-04-1992.pdf	5821	5	507391	none	none	0.0	0.0	0.0	128	y	93.6	adequate	47.2
5822-Letter_to_D_N_Patodia_11-05-1992.pdf	5822	2	155440	none	none	0.0	0.0	0.0	128	y	81.3	weak	64.4
5823-Unruly_Mps-The_Indian_Express_15-04-1992.pdf	5823	1	81307	none	none	0.0	0.0	0.0	128	y	78.5	weak	17.3
5824-Letter_to_Mr_Minoo_Masani_20-04-1992.pdf	5824	1	84195	none	none	0.0	0.0	0.0	128	y	29.1	faint	46.5
5825-Letter_to_Mr_Roy_16-04-1992.pdf	5825	1	80396	none	none	0.0	0.0	0.0	128	n	30.2	faint	54.8
5826-Truth_as_Evidence-The_Times_of_India_09-04-1992.pdf	5826	1	82946	none	none	0.0	0.0	0.0	128	y	44.9	faint	18.6
5827-As_I_See_it-The_Statesmen_15-03-1992.pdf	5827	1	164091	none	none	0.0	0.0	0.0	128	n	75.9	weak	33.3
5828-Excecutive_Committee_Meeting-Emergency_Diary.pdf	5828	130	14271167	none	none	0.0	0.0	0.0	128	n	44.6	faint	55.4
5829-Mr_Minoo_Masani_speech_discussion_on_detention_bill_17-12-1963.pdf	5829	5	919358	none	none	0.0	0.0	0.0	128	n	37.5	faint	40.5
583-Problem_of_Resonal_Security_in_South_and_South_East_Asia-Current_Affairs.pdf	583	10	1750194	none	none	0.0	0.0	0.0	128	y	78.6	weak	13.0
5830-Mr_Minoo_Masani_speech_discussion_on_comp_anies_bill_16-11-1960.pdf	5830	10	1944423	none	none	0.0	0.0	0.0	128	n	40.3	faint	48.4
5831-Mr_Minoo_Masani_speech_on_the_subject_of_Nationalised_and_Spurious_Textbook_in_the_Lok_Sabha_11-03-1964.pdf	5831	7	1175605	none	none	0.0	0.0	0.0	128	n	76.3	weak	13.9
5832-Mr_Minoo_Masani_speech_on_the_third_five_year_plan_in_the_Lok_Sabha_24-08-1960.pdf	5832	7	1538065	none	none	0.0	0.0	0.0	128	y	49.5	faint	49.3
5833-Mr_Minoo_Masani_speech_on_the_motion_of_no_confidence_in_the_lok_sabha_28-07-1970.pdf	5833	4	830788	none	none	0.0	0.0	0.0	128	n	47.7	faint	33.9
5834-Mr_Minoo_Masani_speech_in_the_course_of_disscussion_on_companies_22-04-1964.pdf	5834	4	715649	none	none	0.0	0.0	0.0	128	n	46.9	faint	26.7
5835-Extracts_from_the_speech_of_Mr_Minoo_Masani_while_moving_amendments_to_the_finance_bill_21-04-1964.pdf	5835	2	288413	none	none	0.0	0.0	0.0	128	n	91.1	adequate	12.6
5836-Extracts_from_Mr_Minoo_Masani_speech_in_the_Lok_Sabha_19-04-1964.pdf	5836	2	269588	none	none	0.0	0.0	0.0	128	y	97.5	adequate	11.0
5837-Extracts_from_Mr_Minoo_Masani_speech_in_the_Lok_Sabha_on_the_Finance_Bill_17-04-1964.pdf	5837	9	1957141	none	none	0.0	0.0	0.0	128	y	61.1	weak	24.9
5838-Extracts_from_Mr_Minoo_Masani_speech_on_the_demand_for_grant_for_the_ministry_16-04-1964.pdf	5838	5	789581	none	none	0.0	0.0	0.0	128	n	86.3	weak	13.5
5839-The_Indian_Road_and_Transport_Development_Association_Ltd_16-04-1964.pdf	5839	16	3086190	none	none	0.0	0.0	0.0	128	y	102.8	adequate	29.7
584-The_Gamblers_Last_Throw-The_White_Star_July-1965.pdf	584	6	1980779	none	none	0.0	0.0	0.0	128	n	98.1	adequate	16.2
5840-Extracts_from_the_speech_of_Mr_J_hathi_in_the_Lok_Sabha_15-04-1964.pdf	5840	2	272766	none	none	0.0	0.0	0.0	128	y	51.7	faint	33.3
5841-Mr_Minoo_Masani_speech_disscussion_on_demands_for_grant_of_the_home_minister_in_the_Lok_Sabha_14-04-1964.pdf	5841	2	434801	none	none	0.0	0.0	0.0	128	y	47.7	faint	32.7
5842-Mr_Minoo_Masani_speech_discussion_on_the_denands_for_grants_in_the_Lok_Sabha_23-03-1964.pdf	5842	6	1207850	none	none	0.0	0.0	0.0	128	n	94.1	adequate	16.8
5843-Extracts_from_the_speech_of_Mr_Raj_Bahadur_in_Lok_Sabha_24-04-1964.pdf	5843	4	760823	none	none	0.0	0.0	0.0	128	n	90.7	adequate	15.4
5844-Mr_Minoo_Masani_speech_for_grant_of_information_and_broadcasting_in_the_Lok_Sabha_17-03-1964.pdf	5844	7	1447978	none	none	0.0	0.0	0.0	128	n	48.2	faint	30.6
5845-Extracts_from_the_speech_by_Satnaryan_Sinha_18-03-1964.pdf	5845	2	373468	none	none	0.0	0.0	0.0	128	n	58.9	faint	18.4
5846-Extracts_from_the_speech_of_M_C_Chagla_in_the_Lok_Sabha_12-03-1964.pdf	5846	3	514303	none	none	0.0	0.0	0.0	128	n	94.3	adequate	11.8
5847-Mr_Minoo_Masani_speech_disscussion_on_the_budget_in_the_Lok_Sabha_03-03-1964.pdf	5847	10	1963341	none	none	0.0	0.0	0.0	128	n	46.8	faint	40.3
5848-Speech_of_Mr_Minoo_Masani_in_the_Lok_Sabha_27-02-1964.pdf	5848	4	615091	none	none	0.0	0.0	0.0	128	n	75.6	weak	14.5
5849-Mr_Minoo_Masani_speech_disscussion_on_the_banking_laws_in_the_Lok_Sabha_19-12-1963.pdf	5849	5	867910	none	none	0.0	0.0	0.0	128	n	39.1	faint	43.7
585-For_Favour_of_Publication_21-06-1966.pdf	585	2	479638	none	none	0.0	0.0	0.0	128	n	75.6	weak	12.4
5850-Intervention_by_Mr_Minoo_Masani_in_the_course_of_Second_reading_of_the_cpmpanies_16-12-1963.pdf	5850	8	1063735	none	none	0.0	0.0	0.0	128	n	38.9	faint	48.1
5851-Mr_Minoo_Masani_speech_disscussion_on_the_companies_Amendment_Bill_in_Lok_Sabha_13-12-1963.pdf	5851	4	806140	none	none	0.0	0.0	0.0	128	n	36.1	faint	39.9
5852-For_the_Favour_of_Publication_09-11-1963.pdf	5852	2	380221	none	none	0.0	0.0	0.0	128	n	38.4	faint	36.8
5853-Speech_of_Mr_Minoo_Masani_for_opening_debate_on_mid_term_appraisal_in_the_Lok_Sabha_05-12-1963.pdf	5853	8	1476173	none	none	0.0	0.0	0.0	128	n	39.7	faint	35.9
5854-Mr_Minoo_Masani_speech_in_the_Lok_Sabha_04-01-1963.pdf	5854	4	763371	none	none	0.0	0.0	0.0	128	y	43.6	faint	35.1
5855-Speech_of_Mr_Minoo_Masani_disscussion_on_the_motion_of_No_Confidence_in_the_Union_Govt_19-10-1963.pdf	5855	10	1936251	none	none	0.0	0.0	0.0	128	n	37.6	faint	42.3
5856-Mr_Minoo_Masani_speech_discussion_on_Third_Five_Year_Plan_in_Lok_Sabha_02-08-1964.pdf	5856	16	3062438	none	none	0.0	0.0	0.0	128	y	41.6	faint	39.9
5857-Mr_Minoo_Masani_speech_discussion_on_Income_Tax_Bill_in_the_Lok_Sabha_19-08-1961.pdf	5857	9	1967701	none	none	0.0	0.0	0.0	128	y	46.9	faint	39.4
5858-The_Indian_Roads_and_Transport_Development_Association_Ltd_30-04-1961.pdf	5858	32	6262124	none	none	0.0	0.0	0.0	128	y	101.6	adequate	30.3
5859-Typed_Text_Of_Mr_Minoo_Masanis_Speech_07-06-1961.pdf	5859	1	55792	none	none	0.0	0.0	0.0	128	y	35.5	faint	25.6
586-Devaluation_What_Next-A_Swatantra_Party_Publication.pdf	586	12	2061662	none	none	0.0	0.0	0.0	128	y	114.5	adequate	32.7
5860-Mr_Minoo_Masani_speech_discussion_on_the_Finance_Bill_20-04-1961.pdf	5860	14	2883535	none	none	0.0	0.0	0.0	128	y	52.3	faint	36.9
5861-Mr_Minoo_Masani_disscussion_on_the_Preventive_Detention_Bill_in_the_Lok_Sabha_05-12-1960.pdf	5861	4	635213	none	none	0.0	0.0	0.0	128	n	58.6	faint	26.7
5862-Mr_Minoo_Masani_disscussion_on_the_Preventive_Detention_Bill_in_the_Lok_Sabha_01-12-1960.pdf	5862	4	701105	none	none	0.0	0.0	0.0	128	n	42.6	faint	36.0
5863-Mr_Minoo_Masani_disscussion_on_the_company_Amendments_Bill_30-11-1960.pdf	5863	8	1418687	none	none	0.0	0.0	0.0	128	n	59.6	faint	35.6
5864-Minute_of_Dissent_By_Mr_Minoo_Masani.pdf	5864	5	968354	none	none	0.0	0.0	0.0	128	n	41.0	faint	48.3
5865-Mr_Minoo_Masani_speech_during_the_consideration_of_the_Taxation_Laws_11-08-1960.pdf	5865	2	331929	none	none	0.0	0.0	0.0	128	n	71.5	weak	70.1
5866-Speech_Of_Mr_Minoo_Masani_08-08-1960.pdf	5866	4	865197	none	none	0.0	0.0	0.0	128	n	42.1	faint	45.0
5867-Mr_Minoo_Masani_disscussion_on_the_budget_in_the_Lok_Sabha_07-03-1960.pdf	5867	7	1232225	none	none	0.0	0.0	0.0	128	n	40.6	faint	51.1
5868-Mr_Minoo_Masani_disscussion_on_the_budget_in_the_Lok_Sabha_07-03-1960.pdf	5868	7	1133167	none	none	0.0	0.0	0.0	128	y	63.3	weak	19.6
5869-Mr_Minoo_Masani_debate_on_the_Motion_of_Thanks_to_the_President_16-02-1960.pdf	5869	5	1078414	none	none	0.0	0.0	0.0	128	n	42.5	faint	38.4
587-For_Favour_of_Publication_15-06-1966.pdf	587	2	463232	none	none	0.0	0.0	0.0	128	n	88.8	weak	10.0
5870-An_End_to_Appeasement-Freedom_First.pdf	5870	7	1547646	none	none	0.0	0.0	0.0	128	y	61.6	weak	17.4
5871-Letter_to_K_V_Murthy_11-11-1967.pdf	5871	1	63813	none	none	0.0	0.0	0.0	128	n	28.4	faint	31.7
5872-Swatantra_party_Message.pdf	5872	3	243858	none	none	0.0	0.0	0.0	128	n	101.3	adequate	5.6
5873-Letter_to_B_P_Prem_07-11-1967.pdf	5873	2	162798	none	none	0.0	0.0	0.0	128	y	54.5	faint	20.5
5874-Letter_to_Mr_Minoo_Masani_06-11-1967.pdf	5874	1	116559	none	none	0.0	0.0	0.0	128	y	40.7	faint	31.7
5875-Letter_from_Mr_Minoo_Masani_04-11-1967.pdf	5875	1	90181	none	none	0.0	0.0	0.0	128	n	89.9	weak	3.6
5876-Letter_to_A_Madhwa_Warrier_02-11-1967.pdf	5876	3	271167	none	none	0.0	0.0	0.0	128	y	53.9	faint	43.5
5877-Letter_to_Mr_Minoo_Masani_27-05-1964.pdf	5877	1	105297	none	none	0.0	0.0	0.0	128	y	40.3	faint	31.1
5878-Letter_From_Mr_S_V_Raju.pdf	5878	1	76008	none	none	0.0	0.0	0.0	128	y	59.3	faint	22.6
5879-Letter_to_Mr_Minoo_Masani_26-09-1967.pdf	5879	14	2784875	none	none	0.0	0.0	0.0	128	y	84.2	weak	26.2
588-For_Favour_of_Publication_15-06-1966.pdf	588	2	471548	none	none	0.0	0.0	0.0	128	n	88.0	weak	10.0
5880-Letter_to_K_C_Ghia_17-10-1967.pdf	5880	1	78203	none	none	0.0	0.0	0.0	128	y	130.4	strong	85.4
5881-Letter_to_Balram_Tandon_06-10-1967.pdf	5881	1	71043	none	none	0.0	0.0	0.0	128	y	43.0	faint	13.8
5882-Letter_to_Mr_Minoo_Masani_26-09-1967.pdf	5882	1	100078	none	none	0.0	0.0	0.0	128	y	73.4	weak	8.4
5883-Letter_to_Mr_Minoo_Masani_24-09-1967.pdf	5883	1	81823	none	none	0.0	0.0	0.0	128	y	118.8	adequate	81.2
5884-Letter_to_N_Dandekar_07-09-1967.pdf	5884	1	137695	none	none	0.0	0.0	0.0	128	y	54.1	faint	33.7
5885-Letter_to_R_M_Totala_04-09-1967.pdf	5885	7	848566	none	none	0.0	0.0	0.0	128	y	57.0	faint	18.2
5886-Letter_to_Mr_Minoo_Masani_22-08-1967.pdf	5886	1	151835	none	none	0.0	0.0	0.0	128	y	37.1	faint	37.7
5887-Letter_to_R_M_Totala_08-09-1967.pdf	5887	1	79074	none	none	0.0	0.0	0.0	128	y	109.4	adequate	86.3
5888-Letter_to_Mr_Minoo_Masani_26-08-1968.pdf	5888	2	162055	none	none	0.0	0.0	0.0	128	y	54.8	faint	28.0
5889-Speeches_And_Articles_By_Mr_Minoo_Masani.pdf	5889	1	106557	none	none	0.0	0.0	0.0	128	y	88.6	weak	5.9
589-For_Favour_of_Publication_11-06-1965.pdf	589	2	482425	none	none	0.0	0.0	0.0	128	n	84.5	weak	11.3
5890-Letter_to_S_V_Raju_06-06-1969.pdf	5890	8	994912	none	none	0.0	0.0	0.0	128	y	35.1	faint	45.7
5891-Form_of_Free_Enterprise_04-05-1968.pdf	5891	1	46104	none	none	0.0	0.0	0.0	128	y	56.5	faint	12.4
5892-Swatantra_behavior_of_responsiblities.pdf	5892	6	571703	none	none	0.0	0.0	0.0	128	y	110.4	adequate	60.1
5893-India_neglated_backward_11-06-1965.pdf	5893	12	1941213	none	none	0.0	0.0	0.0	128	y	72.2	weak	20.4
5894-What_the_Swatantra_party_stand_for.pdf	5894	9	1642264	none	none	0.0	0.0	0.0	128	y	50.7	faint	27.7
5895-Letter_to_Ayub_Sayeed_14-10-1966.pdf	5895	1	77184	none	none	0.0	0.0	0.0	128	y	34.5	faint	36.4
5896-Mr_Minoo_masani_massage_printed_in_the_souvenir_issued_by_the_praja.pdf	5896	2	283928	none	none	0.0	0.0	0.0	128	y	98.9	adequate	14.3
5897-Letter_to_Mr_Minoo_Masani_09-10-1966.pdf	5897	1	87216	none	none	0.0	0.0	0.0	128	y	31.5	faint	40.1
5898-Interview_with_Mr_Minoo_Masani_05-10-1966.pdf	5898	43	7505260	none	none	0.0	0.0	0.0	128	y	93.6	adequate	18.3
5899-Interview_with_Mr_Minoo_Masani_05-10-1966.pdf	5899	20	2997502	none	none	0.0	0.0	0.0	128	n	46.3	faint	39.6
59-Letter_to_Mr_Minoo_Masani_11-03-1971.pdf	59	2	417838	none	none	0.0	0.0	0.0	128	y	63.8	weak	10.2
590-For_Favour_of_Publication_11-06-1965.pdf	590	2	268577	none	none	0.0	0.0	0.0	164	n	112.0	adequate	11.3
5900-Text_of_speech_delivered_by_Mr_Minoo_Masni_15-06-1966.pdf	5900	10	2185040	none	none	0.0	0.0	0.0	128	n	45.7	faint	33.2
5901-Transcript_of_speech_delivered_by_Mr_Minoo_Masani_15-06-1966.pdf	5901	16	2596489	none	none	0.0	0.0	0.0	128	n	94.5	adequate	9.4
5902-Wanted-Rethinking_on_taxation_24-03-1965.pdf	5902	1	163780	none	none	0.0	0.0	0.0	128	y	73.8	weak	26.3
5903-Wanted-Rethinking_on_taxation_21-03-1965.pdf	5903	4	988138	none	none	0.0	0.0	0.0	128	y	59.7	faint	42.6
5904-International_Clipping_Service_20-03-1985.pdf	5904	1	153588	none	none	0.0	0.0	0.0	200	y	69.8	weak	7.1
5905-Nagaland_Problem-The_Times_of_India_19-02-1969.pdf	5905	1	363887	none	none	0.0	0.0	0.0	128	y	57.6	faint	56.8
5906-The_Swatantra_party_Establishment.pdf	5906	7	996105	none	none	0.0	0.0	0.0	128	y	59.9	faint	31.2
5907-New_York_Herald_Tribune_20-10-1963.pdf	5907	2	397258	none	none	0.0	0.0	0.0	128	n	63.1	weak	18.9
5908-A_New_Political_party_comes_into_being_in_India.pdf	5908	34	6477389	none	none	0.0	0.0	0.0	128	y	70.0	weak	22.7
5909-Swatantra_Party_Meeting.pdf	5909	15	2228233	none	none	0.0	0.0	0.0	128	y	89.6	weak	10.7
591-For_Favour_of_Publication_11-06-1965.pdf	591	12	2331487	none	none	0.0	0.0	0.0	140	n	116.2	adequate	6.4
5910-Virodhi_Paksh_Eki_Karancha_Marg_Konta-Hindi_News_Paper_28-07-1963.pdf	5910	1	193500	none	none	0.0	0.0	0.0	128	y	71.2	weak	21.8
5911-Letter_to_Ashok_Padbidri_23-07-1963.pdf	5911	1	76804	none	none	0.0	0.0	0.0	128	y	70.3	weak	5.9
5912-Letter_to_Ashok_Padbidri_22-07-1963.pdf	5912	1	61356	none	none	0.0	0.0	0.0	128	y	63.6	weak	4.4
5913-The_Role_of_Opposition_party_in_India.pdf	5913	8	1598118	none	none	0.0	0.0	0.0	128	y	75.7	weak	29.5
5914-Letter_to_N_D_Prabhu_27-10-1962.pdf	5914	1	108251	none	none	0.0	0.0	0.0	128	y	41.2	faint	55.8
5915-Press_parties_and_the_people.pdf	5915	3	574283	none	none	0.0	0.0	0.0	128	y	93.4	adequate	19.0
5916-Press_parties_and_the_people.pdf	5916	3	602596	none	none	0.0	0.0	0.0	128	y	93.8	adequate	17.1
5917-Social_and_Religious_Decay.pdf	5917	7	365183	none	none	0.0	0.0	0.0	128	y	56.0	faint	19.1
5918-Swatantra_party_preaparatory_convention-1959.pdf	5918	5	391544	none	none	0.0	0.0	0.0	128	y	141.5	strong	24.0
5919-Social_and_Religious_Decay.pdf	5919	7	739274	none	none	0.0	0.0	0.0	120	y	66.8	weak	16.1
592-For_Favour_of_Publication_11-06-1965.pdf	592	2	500567	none	none	0.0	0.0	0.0	128	n	87.3	weak	11.1
5920-Souveinr_of_the_third_national_convention-1964.pdf	5920	59	10303052	none	none	0.0	0.0	0.0	128	y	112.1	adequate	13.9
5921-National_Headquarter_Circular_no-160_29-08-1974.pdf	5921	4	532299	none	none	0.0	0.0	0.0	128	y	61.5	weak	9.9
5922-Letter_to_M_K_Tata_10-08-1975.pdf	5922	2	219516	none	none	0.0	0.0	0.0	128	n	35.6	faint	37.1
5923-Letter_to_Jayaprakash_Naryan_10-06-1972.pdf	5923	1	119953	none	none	0.0	0.0	0.0	128	y	115.7	adequate	83.2
5924-Letter_to_Jayaprakash_Naryan_29-05-1978.pdf	5924	1	85746	none	none	0.0	0.0	0.0	128	n	69.6	weak	5.8
5925-Letter_to_Jayaprakash_Naryan_17-03-1979.pdf	5925	1	77241	none	none	0.0	0.0	0.0	128	y	30.8	faint	55.7
5926-Letter_to_Jayaprakash_Naryan_13-03-1975.pdf	5926	2	164261	none	none	0.0	0.0	0.0	128	y	60.0	weak	26.5
5927-Telegraph_to_Jayaprakash_Naryan_13-03-1975.pdf	5927	1	53978	none	none	0.0	0.0	0.0	128	y	62.1	weak	6.2
5928-Letter_to_Jayaprakash_Naryan_11-03-1975.pdf	5928	1	85030	none	none	0.0	0.0	0.0	128	y	87.0	weak	4.3
5929-Letter_to_Jayaprakash_Naryan_14-02-1975.pdf	5929	1	83624	none	none	0.0	0.0	0.0	128	n	120.8	adequate	86.6
593-For_Favour_of_Publication_11-06-1965.pdf	593	2	502721	none	none	0.0	0.0	0.0	128	n	90.2	adequate	11.1
5930-Letter_to_Jayaprakash_Naryan_13-02-1975.pdf	5930	1	95398	none	none	0.0	0.0	0.0	128	y	122.5	adequate	86.4
5931-Letter_to_Jayaprakash_Naryan.pdf	5931	1	76847	none	none	0.0	0.0	0.0	128	n	115.1	adequate	90.9
5932-Letter_to_Mr_Minoo_Masani_03-02-1975.pdf	5932	1	110283	none	none	0.0	0.0	0.0	128	y	64.5	weak	9.8
5933-Letter_to_Farrokh_S_Nulla_17-01-1975.pdf	5933	1	65193	none	none	0.0	0.0	0.0	128	n	26.6	faint	44.0
5934-Letter_to_S_V_Murthy_15-01-1975.pdf	5934	3	173837	none	none	0.0	0.0	0.0	128	y	42.0	faint	35.5
5935-Letter_to_Jayaprakash_Naryan_31-11-1974.pdf	5935	1	88849	none	none	0.0	0.0	0.0	128	y	84.5	weak	5.2
5936-Letter_to_Mr_Minoo_Masani_30-12-1974.pdf	5936	4	347781	none	none	0.0	0.0	0.0	128	y	59.6	faint	31.3
5937-Telegram_To_Mr_Sugata_Das_Gupta.pdf	5937	2	73760	none	none	0.0	0.0	0.0	128	y	50.1	faint	25.8
5938-Letter_to_Sugata_Das_Gupta_18-12-1974.pdf	5938	1	100231	none	none	0.0	0.0	0.0	128	n	80.3	weak	6.6
5939-Letter_to_Sugata_Das_Gupta_17-12-1974.pdf	5939	1	104643	none	none	0.0	0.0	0.0	128	n	91.4	adequate	7.0
594-The_Gandhian_Way-The_Illustrated_Weekly_Of_India_31-01-1965.pdf	594	11	4789092	none	none	0.0	0.0	0.0	128	y	88.7	weak	30.1
5940-Letter_to_Jayaprakash_Naryan.pdf	5940	1	83434	none	none	0.0	0.0	0.0	128	y	28.0	faint	43.1
5941-Telegram_to_Mr_Minoo_Masani_15-12-1974.pdf	5941	1	100875	none	none	0.0	0.0	0.0	128	y	123.7	adequate	83.3
5942-Letter_to_Jayaprakash_Naryan.pdf	5942	1	85770	none	none	0.0	0.0	0.0	128	y	28.6	faint	44.7
5943-Telegram_to_Mr_Minoo_Masani.pdf	5943	1	104099	none	none	0.0	0.0	0.0	128	n	46.2	faint	64.9
5944-Letter_to_Jayaprakash_Naryan_06-12-1974.pdf	5944	2	200650	none	none	0.0	0.0	0.0	128	y	93.8	adequate	7.0
5945-Letter_to_Jayaprakash_Naryan_22-11-1974.pdf	5945	13	1433084	none	none	0.0	0.0	0.0	128	y	109.4	adequate	9.5
5946-Letter_to_Jayaprakash_Naryan.pdf	5946	2	223636	none	none	0.0	0.0	0.0	128	n	99.8	adequate	51.6
5947-Letter_to_Jayaprakash_Naryan_18-11-1974.pdf	5947	1	76780	none	none	0.0	0.0	0.0	128	y	28.6	faint	47.9
5948-Mass_Meeting_Held_In_Capitals_Of_All_States_And_Union_Territories.pdf	5948	1	161141	none	none	0.0	0.0	0.0	128	y	43.0	faint	39.4
5949-Letter_to_Jayaprakash_Naryan.pdf	5949	1	68972	none	none	0.0	0.0	0.0	128	y	26.0	faint	45.4
595-Mr_Minoo_Masanis_Answers_to_the_Questions_31-01-1965.pdf	595	2	278821	none	none	0.0	0.0	0.0	128	n	86.8	weak	7.8
5950-Letter_to_Jayaprakash_Naryan.pdf	5950	1	83894	none	none	0.0	0.0	0.0	128	y	33.3	faint	46.1
5951-Letter_to_Mr_Minoo_Masani_27-10-1974.pdf	5951	1	66950	none	none	0.0	0.0	0.0	128	y	53.9	faint	4.7
5952-Letter_to_Jayaprakash_Naryan_24-10-1974.pdf	5952	1	112777	none	none	0.0	0.0	0.0	128	n	86.0	weak	9.2
5953-Letter_to_Jayaprakash_Naryan.pdf	5953	1	90920	none	none	0.0	0.0	0.0	128	y	108.1	adequate	90.3
5954-Telegram_to_Mr_Minoo_Masani.pdf	5954	1	111705	none	none	0.0	0.0	0.0	128	y	44.6	faint	38.3
5955-Telegram_to_Mr_Minoo_Masani.pdf	5955	1	86507	none	none	0.0	0.0	0.0	128	y	28.7	faint	39.2
5956-Letter_to_Jayaprakash_Naryan_07-10-1974.pdf	5956	1	111040	none	none	0.0	0.0	0.0	128	y	99.1	adequate	5.2
5957-Letter_to_Jayaprakash_Naryan.pdf	5957	1	88213	none	none	0.0	0.0	0.0	128	y	30.3	faint	42.3
5958-Letter_to_Jayaprakash_Naryan_19-08-1974.pdf	5958	1	106769	none	none	0.0	0.0	0.0	128	y	98.6	adequate	5.7
5959-Letter_from_Mr_Minoo_Masani_21-06-1974.pdf	5959	1	115516	none	none	0.0	0.0	0.0	128	n	89.5	weak	7.8
596-Transport_and_Its_Vital_Role-Transport_and_Communication_April-1965.pdf	596	13	3171753	none	none	0.0	0.0	0.0	128	n	97.0	adequate	11.3
5960-Letter_to_Mr_Minoo_Masani_13-06-1974.pdf	5960	2	216584	none	none	0.0	0.0	0.0	128	y	95.3	adequate	10.4
5961-Letter_to_Mr_Minoo_Masani_19-06-1974.pdf	5961	1	112152	none	none	0.0	0.0	0.0	128	y	42.6	faint	43.8
5962-Letter_to_Jayaprakash_Naryan_19-06-1974.pdf	5962	1	130568	none	none	0.0	0.0	0.0	128	n	93.9	adequate	8.2
5963-Letter_to_Jayaprakash_Naryan_19-06-1974.pdf	5963	3	343799	none	none	0.0	0.0	0.0	128	y	84.6	weak	8.2
5964-Letter_to_Mr_Minoo_Masani.pdf	5964	1	95288	none	none	0.0	0.0	0.0	128	y	126.7	adequate	81.7
5965-Letter_to_Jayaprakash_Naryan_18-06-1974.pdf	5965	1	71518	none	none	0.0	0.0	0.0	128	y	114.4	adequate	88.1
5966-Letter_to_Jayaprakash_Naryan_18-06-1974.pdf	5966	1	152414	none	none	0.0	0.0	0.0	128	n	105.6	adequate	10.4
5967-Letter_to_Jayaprakash_Naryan_15-06-1974.pdf	5967	1	88859	none	none	0.0	0.0	0.0	128	y	32.3	faint	48.1
5968-Telegram_to_Mr_Minoo_Masani_17-06-1974.pdf	5968	1	77556	none	none	0.0	0.0	0.0	128	y	45.2	faint	12.4
5969-Telegram_to_Mr_Minoo_Masani.pdf	5969	1	112979	none	none	0.0	0.0	0.0	128	y	53.5	faint	43.4
597-Allot_Rs1500_Crores_For_Roads_In_Fourth_Plan-IRTDA_News_Letter.pdf	597	14	3584462	none	none	0.0	0.0	0.0	128	y	100.6	adequate	25.8
5970-Letter_to_Arvind_Deshpandey.pdf	5970	1	69535	none	none	0.0	0.0	0.0	128	n	90.2	adequate	2.1
5971-Letter_to_Jayaprakash_Naryan_14-06-1974.pdf	5971	1	144309	none	none	0.0	0.0	0.0	128	y	82.2	weak	12.1
5972-Letter_to_Jayaprakash_Naryan.pdf	5972	1	85284	none	none	0.0	0.0	0.0	128	y	30.9	faint	44.2
5973-Letter_to_Manumantra_Rao_14-06-1974.pdf	5973	1	83376	none	none	0.0	0.0	0.0	128	n	31.1	faint	49.6
5974-Letter_to_Manumantra_Rao_14-06-1974.pdf	5974	1	140122	none	none	0.0	0.0	0.0	128	n	87.6	weak	10.1
5975-Telegram_to_Mr_Minoo_Masani.pdf	5975	1	83296	none	none	0.0	0.0	0.0	128	y	58.0	faint	8.0
5976-Letter_to_Jayaprakash_Naryan_10-06-1974.pdf	5976	1	118926	none	none	0.0	0.0	0.0	128	y	101.1	adequate	8.2
5977-Letter_to_Mr_Minoo_Masani_06-06-1974.pdf	5977	1	126053	none	none	0.0	0.0	0.0	128	y	98.3	adequate	9.0
5978-Letter_from_Mr_Minoo_Masani_06-06-1974.pdf	5978	1	94740	none	none	0.0	0.0	0.0	128	y	97.4	adequate	5.7
5979-Madras_Visit_Folder_21-05-1974.pdf	5979	1	45901	none	none	0.0	0.0	0.0	128	y	90.1	adequate	79.7
598-Wanted-Rethinking_On_Taxation.pdf	598	2	461065	none	none	0.0	0.0	0.0	128	n	88.2	weak	9.0
5980-Letter_to_T_Sadasivan.pdf	5980	1	92396	none	none	0.0	0.0	0.0	128	n	35.5	faint	42.4
5981-Letter_to_Jayaprakash_Naryan_22-05-1974.pdf	5981	1	93776	none	none	0.0	0.0	0.0	128	y	95.4	adequate	3.5
5982-Letter_to_Jayaprakash_Naryan_20-05-1974.pdf	5982	1	143006	none	none	0.0	0.0	0.0	128	y	95.8	adequate	10.4
5983-Letter_to_Jayaprakash_Naryan_20-05-1974.pdf	5983	1	97044	none	none	0.0	0.0	0.0	128	n	36.3	faint	44.3
5984-Telegram_to_Mr_Minoo_Masani.pdf	5984	1	87442	none	none	0.0	0.0	0.0	128	y	50.0	faint	11.8
5985-Letter_to_Jayaprakash_Naryan_07-05-1974.pdf	5985	1	92090	none	none	0.0	0.0	0.0	128	n	92.2	adequate	4.8
5986-Letter_to_Jayaprakash_Naryan.pdf	5986	1	87301	none	none	0.0	0.0	0.0	128	y	32.8	faint	44.1
5987-Telegram_to_Mr_Minoo_Masani.pdf	5987	2	178086	none	none	0.0	0.0	0.0	128	y	39.8	faint	23.5
5988-Letter_to_Jayaprakash_Naryan_16-04-1974.pdf	5988	1	126278	none	none	0.0	0.0	0.0	128	y	97.2	adequate	9.1
5989-Letter_to_Mr_Minoo_Masani_05-04-1974.pdf	5989	1	90838	none	none	0.0	0.0	0.0	128	y	28.4	faint	43.6
599-Indias_Answer_To_The_Chinese_Bomb-Janata_Republic_Day-1965.pdf	599	4	1111267	none	none	0.0	0.0	0.0	128	n	77.4	weak	17.6
5990-Letter_to_Jayaprakash_Naryan_18-03-1974.pdf	5990	2	185106	none	none	0.0	0.0	0.0	128	y	62.7	weak	31.2
5991-Letter_to_Jayaprakash_Naryan_29-01-1974.pdf	5991	1	113241	none	none	0.0	0.0	0.0	128	n	108.5	adequate	7.2
5992-For_Circular_Freedom-1966.pdf	5992	1	72328	none	none	0.0	0.0	0.0	128	n	106.7	adequate	91.4
5993-Letter_from_Nisula_Eskiel_24-08-1973.pdf	5993	1	75108	none	none	0.0	0.0	0.0	128	n	37.5	faint	41.1
5994-Letter_from_C_Rajagopalachari_21-08-1972.pdf	5994	1	90237	none	none	0.0	0.0	0.0	128	y	36.9	faint	41.9
5995-Letter_to_Mr_Minoo_Masani_09-08-1973.pdf	5995	2	200218	none	none	0.0	0.0	0.0	128	y	57.5	faint	43.8
5996-Letter_to_P_G_Navalankar_08-08-1973.pdf	5996	1	91002	none	none	0.0	0.0	0.0	128	n	105.8	adequate	5.5
5997-Letter_to_Jayaprakash_Naryan_29-07-1973.pdf	5997	2	196070	none	none	0.0	0.0	0.0	128	y	59.7	faint	16.1
5998-Letter_from_Mr_Minoo_Masani_16-06-1973.pdf	5998	1	149262	none	none	0.0	0.0	0.0	128	y	89.7	weak	12.0
5999-Letter_to_Jayaprakash_Naryan_08-07-1973.pdf	5999	1	104827	none	none	0.0	0.0	0.0	128	y	98.5	adequate	7.8
6-Letter_to_Mr_S_A_Chowdhury_30-03-1971.pdf	6	1	119161	none	none	0.0	0.0	0.0	128	y	82.8	weak	2.6
60-Letter_to_Mr_Viren_Saha_17-03-1971.pdf	60	1	127591	none	none	0.0	0.0	0.0	128	y	90.3	adequate	3.1
600-Mr_Minoo_Masanis_Answers_to_the_Questions_Put_by_Mr_Michale_Brecher.pdf	600	17	2274891	none	none	0.0	0.0	0.0	128	n	45.3	faint	19.8
6000-Letter_to_Mr_Minoo_Masani_25-06-1973.pdf	6000	2	236377	none	none	0.0	0.0	0.0	128	y	69.8	weak	10.4
6001-Letter_to_Jayaprakash_Naryan_20-06-1973.pdf	6001	1	110865	none	none	0.0	0.0	0.0	128	y	92.9	adequate	7.8
6002-Letter_to_Jayaprakash_Naryan_18-05-1973.pdf	6002	1	128485	none	none	0.0	0.0	0.0	128	n	95.4	adequate	12.0
6003-Letter_to_Jayaprakash_Naryan_17-04-1973.pdf	6003	1	133173	none	none	0.0	0.0	0.0	128	y	98.9	adequate	10.3
6004-Letter_to_Mr_Minoo_Masani_16-05-1973.pdf	6004	1	51073	none	none	0.0	0.0	0.0	128	y	73.6	weak	4.4
6005-Letter_to_Jayaprakash_Naryan_13-02-1973.pdf	6005	1	141083	none	none	0.0	0.0	0.0	128	y	101.8	adequate	14.6
6006-A_League_of_Democrats.pdf	6006	2	293378	none	none	0.0	0.0	0.0	128	n	40.1	faint	40.1
6007-Letter_to_Jayaprakash_Naryan_10-02-1973.pdf	6007	1	60640	none	none	0.0	0.0	0.0	128	y	37.7	faint	13.2
6008-Telegram_to_Mr_Minoo_Masani.pdf	6008	1	80776	none	none	0.0	0.0	0.0	128	y	119.6	adequate	88.3
6009-Telegram_to_Mr_Minoo_Masani.pdf	6009	1	82488	none	none	0.0	0.0	0.0	128	y	40.6	faint	19.2
601-The_Poly_Of_Gold_Control_22-01-1965.pdf	601	18	2484858	none	none	0.0	0.0	0.0	152	y	75.5	weak	5.7
6010-Letter_to_Mr_Minoo_Masani_22-11-1972.pdf	6010	2	185714	none	none	0.0	0.0	0.0	128	y	38.5	faint	44.4
6011-Interview_with_Mr_Minoo_Masani.pdf	6011	1	72621	none	none	0.0	0.0	0.0	128	n	95.9	adequate	2.7
6012-Letter_to_Jayaprakash_Naryan_03-11-1972.pdf	6012	1	118969	none	none	0.0	0.0	0.0	128	n	107.9	adequate	9.0
6013-Letter_to_Jayaprakash_Naryan_27-11-1972.pdf	6013	1	108781	none	none	0.0	0.0	0.0	128	y	94.7	adequate	8.5
6014-Letter_to_Jayaprakash_Naryan_11-10-1972.pdf	6014	1	116141	none	none	0.0	0.0	0.0	128	y	108.2	adequate	8.0
6015-Letter_to_Mr_Minoo_Masani_29-07-1972.pdf	6015	1	114346	none	none	0.0	0.0	0.0	128	n	34.1	faint	38.9
6016-Letter_from_Jayaprakash_Naryan_27-09-1972.pdf	6016	8	941134	none	none	0.0	0.0	0.0	128	y	94.1	adequate	7.9
6017-Letter_from_Jayaprakash_Naryan.pdf	6017	1	44807	none	none	0.0	0.0	0.0	128	y	19.9	faint	41.0
6018-Letter_to_Jayaprakash_Naryan_28-09-1978.pdf	6018	1	94400	none	none	0.0	0.0	0.0	128	y	104.1	adequate	6.6
6019-Draft_Statement.pdf	6019	8	1201328	none	none	0.0	0.0	0.0	128	n	109.7	adequate	10.3
602-Interview_With_Mr_Minoo_Masani-BBC_19-01-1965.pdf	602	6	960671	none	none	0.0	0.0	0.0	140	n	70.1	weak	13.0
6020-Letter_to_Jayaprakash_Naryan_21-09-1972.pdf	6020	1	99254	none	none	0.0	0.0	0.0	128	y	36.2	faint	38.3
6021-Letter_to_Jayaprakash_Naryan_24-07-1972.pdf	6021	1	131755	none	none	0.0	0.0	0.0	128	y	98.6	adequate	7.7
6022-Letter_to_Mr_Minoo_Masani_01-07-1972.pdf	6022	1	171810	none	none	0.0	0.0	0.0	128	y	89.5	weak	15.5
6023-JP_Response_to_autonomy_meet_encouraging_21-07-1972.pdf	6023	1	89403	none	none	0.0	0.0	0.0	128	y	64.6	weak	11.7
6024-Letter_to_Mr_Minoo_Masani_29-06-1972.pdf	6024	2	206055	none	none	0.0	0.0	0.0	128	y	84.6	weak	66.4
6025-Letter_to_Mr_Minoo_Masani_24-06-1972.pdf	6025	1	92867	none	none	0.0	0.0	0.0	128	y	73.5	weak	12.6
6026-Letter_to_Jayaprakash_Naryan_21-06-1972.pdf	6026	2	311988	none	none	0.0	0.0	0.0	128	y	87.8	weak	15.1
6027-Letter_to_Jayaprakash_Naryan_17-04-1972.pdf	6027	1	95748	none	none	0.0	0.0	0.0	128	y	71.2	weak	5.3
6028-Letter_to_Jayaprakash_Naryan_10-05-1972.pdf	6028	26	2929711	none	none	0.0	0.0	0.0	128	y	51.7	faint	27.3
6029-Give_Them_Time_30-03-1972.pdf	6029	1	100188	none	none	0.0	0.0	0.0	128	n	82.6	weak	19.4
603-Incentives_to_Economic_Development-Effect_of_Governmental_Policy_10-12-1962.pdf	603	9	1433886	none	none	0.0	0.0	0.0	128	y	81.4	weak	10.6
6030-A_Times_of_India_Notebook-The_Times_of_India_06-04-1972.pdf	6030	1	117799	none	none	0.0	0.0	0.0	128	y	68.6	weak	17.9
6031-Chambal_dacoits_to_surrender-Sunday_Standards_07-04-1972.pdf	6031	1	86673	none	none	0.0	0.0	0.0	128	n	44.9	faint	40.3
6032-J_P_Explain_Aim_of_Mission_11-04-1972.pdf	6032	1	121429	none	none	0.0	0.0	0.0	128	y	80.4	weak	25.9
6033-J_P_Explain_Mission_11-04-1972.pdf	6033	1	105333	none	none	0.0	0.0	0.0	128	n	75.6	weak	16.8
6034-Dacoit_Menance_11-04-1972.pdf	6034	1	116858	none	none	0.0	0.0	0.0	128	n	118.3	adequate	13.4
6035-Stage_Set_in_MP_Town_for_Surrender_of_Dacoits_11-04-1972.pdf	6035	1	182652	none	none	0.0	0.0	0.0	128	y	68.4	weak	35.8
6036-Dacoits_Gather_for_Talks_with_J_P_at_Dak_Bunglow_12-04-1972.pdf	6036	1	150632	none	none	0.0	0.0	0.0	128	y	66.5	weak	53.9
6037-Sethi_makes_another_dig_at_Newsmen_13-04-1972.pdf	6037	1	97410	none	none	0.0	0.0	0.0	128	y	50.8	faint	35.7
6038-Current_Topics-Times_of_India_14-04-1972.pdf	6038	1	99673	none	none	0.0	0.0	0.0	128	n	82.3	weak	11.8
6039-Pause_in_the_Badlands_14-04-1972.pdf	6039	1	185855	none	none	0.0	0.0	0.0	128	y	93.0	adequate	46.9
604-Our_Duty_in_the_Present_Crisis_06-12-1962.pdf	604	4	481673	none	none	0.0	0.0	0.0	128	y	80.6	weak	6.4
6040-Mohar_84_others_give_up_arms-Times_of_India_15-04-1972.pdf	6040	1	113805	none	none	0.0	0.0	0.0	128	y	52.7	faint	32.1
6041-Sunday_Standard_16-04-1972.pdf	6041	1	91580	none	none	0.0	0.0	0.0	128	n	47.3	faint	39.3
6042-Bandit-Sunday_Standard_16-04-1972.pdf	6042	1	133747	none	none	0.0	0.0	0.0	128	y	80.0	weak	32.2
6043-100_more_to_lay_down_arms-Sunday_Standard_16-04-1972.pdf	6043	1	115588	none	none	0.0	0.0	0.0	128	y	77.8	weak	15.0
6044-Citizen-Saked_Naqvi.pdf	6044	1	168211	none	none	0.0	0.0	0.0	128	y	87.4	weak	27.7
6045-82_more_dacoits_are_surrender_01-04-1972.pdf	6045	1	148321	none	none	0.0	0.0	0.0	128	y	65.2	weak	26.1
6046-You_Said_it-The_Times_of_India_18-04-1972.pdf	6046	1	82009	none	none	0.0	0.0	0.0	128	n	49.8	faint	37.3
6047-Another_dacoit_Nathu_Singh_surrenders_to_JP_18-04-1972.pdf	6047	1	106029	none	none	0.0	0.0	0.0	128	y	72.4	weak	34.8
6048-Bhagi_Bhais-Times_of_India_24-04-1972.pdf	6048	1	83370	none	none	0.0	0.0	0.0	128	y	70.9	weak	18.1
6049-Long_Term_steps_end_dacoit_menance_16-04-1972.pdf	6049	1	112614	none	none	0.0	0.0	0.0	128	n	62.1	weak	47.1
605-For_Favour_of_Publication_06-12-1962.pdf	605	3	421847	none	none	0.0	0.0	0.0	152	n	79.7	weak	7.9
6050-JP_tells_dacoits_they_wont_be_hanged-The_Hindustan_Times_16-04-1972.pdf	6050	1	130964	none	none	0.0	0.0	0.0	128	n	65.2	weak	35.9
6051-Consider_Surrender_25-04-1972.pdf	6051	1	160286	none	none	0.0	0.0	0.0	128	y	62.9	weak	30.3
6052-Surrender_by_Chambal_dacoits_today-The_Hindustan_Times_14-04-1972.pdf	6052	1	103319	none	none	0.0	0.0	0.0	128	y	55.9	faint	45.9
6053-Chambal_cheers_as_dacoits_surrender_15-04-1972.pdf	6053	1	135253	none	none	0.0	0.0	0.0	128	y	67.7	weak	26.4
6054-Telegram_to_Mr_Minoo_Masani.pdf	6054	1	87939	none	none	0.0	0.0	0.0	128	y	112.9	adequate	87.6
6055-Letter_to_Jayaprakash_Naryan_03-04-1972.pdf	6055	1	104239	none	none	0.0	0.0	0.0	128	y	44.4	faint	31.6
6056-Letter_to_Jayaprakash_Naryan_10-02-1972.pdf	6056	5	442162	none	none	0.0	0.0	0.0	128	y	76.9	weak	11.5
6057-Letter_to_Jayaprakash_Naryan_29-12-1971.pdf	6057	1	94193	none	none	0.0	0.0	0.0	128	y	91.0	adequate	4.8
6058-Letter_to_Jayaprakash_Naryan_18-11-1971.pdf	6058	3	332535	none	none	0.0	0.0	0.0	128	y	69.9	weak	22.1
6059-Letter_to_Jayaprakash_Naryan_29-01-1971.pdf	6059	8	707811	none	none	0.0	0.0	0.0	128	y	31.8	faint	46.4
606-Cease-Fire_and_Its_Implications-St_Xavier_College_04-12-1962.pdf	606	4	546548	none	none	0.0	0.0	0.0	128	n	91.8	adequate	7.0
6060-Letter_to_Mr_Minoo_Masani_01-12-1969.pdf	6060	1	85084	none	none	0.0	0.0	0.0	128	y	29.0	faint	40.6
6061-Letter_to_the_Members_of_the_Committee_12-07-1969.pdf	6061	1	140571	none	none	0.0	0.0	0.0	128	y	111.8	adequate	90.5
6062-Telegram_to_Mr_Minoo_Masani.pdf	6062	2	153077	none	none	0.0	0.0	0.0	128	y	62.7	weak	71.6
6063-Letter_to_Mr_Minoo_Masani_03-04-1969.pdf	6063	1	96810	none	none	0.0	0.0	0.0	128	y	81.4	weak	4.8
6064-Sandesh_28-11-1967.pdf	6064	1	223894	none	none	0.0	0.0	0.0	120	n	107.0	adequate	5.4
6065-Letter_to_Piloo_Mody_09-11-1965.pdf	6065	2	119302	none	none	0.0	0.0	0.0	128	y	62.1	weak	67.0
6066-Letter_to_C_Rajagopalachari.pdf	6066	1	63762	none	none	0.0	0.0	0.0	128	y	70.6	weak	6.9
6067-Letter_to_C_Rajagopalachari_10-02-1972.pdf	6067	1	53044	none	none	0.0	0.0	0.0	128	y	64.2	weak	4.4
6068-Letter_to_C_Rajagopalachari.pdf	6068	1	54267	none	none	0.0	0.0	0.0	128	y	72.7	weak	4.0
6069-Letter_to_C_Rajagopalachari.pdf	6069	1	65938	none	none	0.0	0.0	0.0	128	y	94.8	adequate	81.4
607-For_Favour_of_Publication_01-12-1962.pdf	607	4	287405	none	none	0.0	0.0	0.0	182	n	116.7	adequate	7.5
6070-Letter_to_Madhu_N_Mehta_01-02-1965.pdf	6070	3	204570	none	none	0.0	0.0	0.0	128	y	93.4	adequate	7.4
6071-Letter_to_S_V_Raju_05-02-1965.pdf	6071	2	150273	none	none	0.0	0.0	0.0	128	y	118.3	adequate	46.7
6072-Letter_to_C_Rajagopalachari_26-01-1965.pdf	6072	1	137873	none	none	0.0	0.0	0.0	128	n	75.8	weak	11.3
6073-Letter_to_C_Rajagopalachari_29-01-1965.pdf	6073	1	92115	none	none	0.0	0.0	0.0	128	n	37.9	faint	52.9
6074-Letter_to_Piloo_Mody_10-12-1964.pdf	6074	2	135377	none	none	0.0	0.0	0.0	128	y	33.1	faint	44.1
6075-Letter_from_C_Rajagopalachari_08-12-1964.pdf	6075	2	173693	none	none	0.0	0.0	0.0	128	y	37.1	faint	48.8
6076-C_Rajagopalachari_Programme.pdf	6076	1	94442	none	none	0.0	0.0	0.0	128	n	101.5	adequate	5.1
6077-Letter_to_Jai_S_Ratnakar_20-07-1964.pdf	6077	2	107550	none	none	0.0	0.0	0.0	128	y	59.8	faint	17.5
6078-With_the_Compliments_of_The_Indian_Journal_16-07-1964.pdf	6078	4	508506	none	none	0.0	0.0	0.0	128	y	120.8	adequate	41.9
6079-Letter_from_C_Rajagopalachari_21-09-1961.pdf	6079	1	126588	none	none	0.0	0.0	0.0	128	y	41.2	faint	54.0
608-Lecture_Notes_For_Indians_For_Victory_Meeting_On_26-11-1962.pdf	608	3	341482	none	none	0.0	0.0	0.0	128	n	113.6	adequate	3.8
6080-Letter_to_C_Rajagopalachari_11-09-1964.pdf	6080	1	105391	none	none	0.0	0.0	0.0	128	y	100.1	adequate	5.7
6081-Letter_to_Piloo_Mody_21-09-1963.pdf	6081	1	81474	none	none	0.0	0.0	0.0	128	y	92.1	adequate	8.1
6082-Letter_to_C_Rajagopalachari_19-12-1963.pdf	6082	1	186596	none	none	0.0	0.0	0.0	128	y	91.9	adequate	17.4
6083-18_Goa_Congrssmen_Quit_on_Party-Times_of_India_06-11-1963.pdf	6083	1	152081	none	none	0.0	0.0	0.0	128	y	47.4	faint	41.9
6084-Letter_to_Piloo_Mody_01-11-1963.pdf	6084	1	123144	none	none	0.0	0.0	0.0	128	y	34.0	faint	40.7
6085-Letter_to_Piloo_Mody_26-10-1963.pdf	6085	2	168670	none	none	0.0	0.0	0.0	128	y	77.0	weak	74.5
6086-Letter_to_C_Rajagopalachari_24-10-1969.pdf	6086	1	172507	none	none	0.0	0.0	0.0	128	y	116.4	adequate	16.3
6087-Letter_to_Piloo_Mody_21-09-1963.pdf	6087	1	76051	none	none	0.0	0.0	0.0	128	y	94.7	adequate	7.4
6088-Letter_to_C_Rajagopalachari_18-09-1963.pdf	6088	1	129875	none	none	0.0	0.0	0.0	128	y	111.6	adequate	9.8
6089-The_Center_Has_Affixed_Us_The_Status_Of_Union_Territory.pdf	6089	2	319487	none	none	0.0	0.0	0.0	128	n	99.7	adequate	11.6
609-For_Favour_of_Publication_26-11-1962.pdf	609	1	189836	none	none	0.0	0.0	0.0	128	n	89.7	weak	7.4
6090-Letter_to_C_Rajagopalachari_22-01-1965.pdf	6090	1	85720	none	none	0.0	0.0	0.0	128	n	100.8	adequate	5.8
6091-Letter_to_C_Rajagopalachari_06-12-1962.pdf	6091	1	83258	none	none	0.0	0.0	0.0	128	n	79.6	weak	7.0
6092-Letter_to_Piloo_Mody_12-12-1962.pdf	6092	2	151561	none	none	0.0	0.0	0.0	128	y	57.5	faint	25.3
6093-Letter_to_K_S_Srinivasan.pdf	6093	2	60402	none	none	0.0	0.0	0.0	128	y	135.1	strong	8.0
6094-Letter_to_the_secretary.pdf	6094	2	61825	none	none	0.0	0.0	0.0	128	y	127.4	adequate	7.5
6095-Letter_to_C_Rajagopalachari.pdf	6095	1	42643	none	none	0.0	0.0	0.0	128	y	122.2	adequate	90.7
6096-Letter_to_C_Rajagopalachari.pdf	6096	1	55832	none	none	0.0	0.0	0.0	128	y	117.2	adequate	84.9
6097-Letter_to_C_Rajagopalachari.pdf	6097	1	81762	none	none	0.0	0.0	0.0	128	n	116.4	adequate	89.1
6098-Letter_to_C_Rajagopalachari_05-12-1960.pdf	6098	1	88585	none	none	0.0	0.0	0.0	128	n	90.5	adequate	5.7
6099-Letter_to_Jayaprakash_Naryan_04-12-1975.pdf	6099	1	108603	none	none	0.0	0.0	0.0	128	y	33.2	faint	49.4
61-Letter_to_Mr_Minoo_Masani_13-03-1971.pdf	61	1	120375	none	none	0.0	0.0	0.0	128	y	84.3	weak	4.2
610-Notes_and_Extracts_From_Keesings_Contemporary_Archives.pdf	610	7	1460667	none	none	0.0	0.0	0.0	128	y	101.3	adequate	8.1
6100-Undergoing_Treatment_Jaslok_Hospital_05-12-1975.pdf	6100	5	729707	none	none	0.0	0.0	0.0	128	n	88.3	weak	44.2
6101-Letter_from_George_Fernandes_05-12-1975.pdf	6101	4	866731	none	none	0.0	0.0	0.0	128	n	46.3	faint	36.9
6102-Letter_from_Jayaprakash_05-12-1975.pdf	6102	11	1603386	none	none	0.0	0.0	0.0	128	n	116.6	adequate	13.1
6103-Letter_to_K_Venkatraman_26-06-1970.pdf	6103	2	176000	none	none	0.0	0.0	0.0	128	n	35.2	faint	37.1
6104-Letter_to_S_V_Raju_24-06-1970.pdf	6104	1	62790	none	none	0.0	0.0	0.0	128	y	33.8	faint	35.0
6105-Letter_to_G_Mahadevan_25-06-1970.pdf	6105	2	180778	none	none	0.0	0.0	0.0	128	y	104.0	adequate	45.5
6106-Message_from_Mr_Minoo_Masani.pdf	6106	2	178158	none	none	0.0	0.0	0.0	128	y	69.9	weak	70.5
6107-Why_Swatantra_Opposed_Bank_Nationalisation_by_Mr_Minoo_Masani.pdf	6107	5	782054	none	none	0.0	0.0	0.0	128	n	72.7	weak	21.5
6108-Letter_to_Mr_Minoo_Masani_16-06-1970.pdf	6108	1	71497	none	none	0.0	0.0	0.0	128	y	34.4	faint	31.4
6109-Letter_to_Mr_Minoo_Masani_13-06-1970.pdf	6109	1	73602	none	none	0.0	0.0	0.0	128	y	35.3	faint	29.3
611-Role_of_Opposition_in_National_Emergency_22-11-1962.pdf	611	10	1459236	none	none	0.0	0.0	0.0	128	y	94.6	adequate	6.9
6110-MRMs_Itinerary_for_Europe_Visit-June_1970.pdf	6110	1	87777	none	none	0.0	0.0	0.0	128	n	34.8	faint	39.6
6111-Letter_to_Mr_Minoo_Masani_10-06-1970.pdf	6111	1	98263	none	none	0.0	0.0	0.0	128	n	109.5	adequate	84.3
6112-Letter_to_S_V_Raju_07-06-1970.pdf	6112	1	125486	none	none	0.0	0.0	0.0	128	n	40.5	faint	48.1
6113-Letter_to_Mr_Minoo_Masani_05-06-1970.pdf	6113	1	144186	none	none	0.0	0.0	0.0	128	y	90.6	adequate	9.4
6114-Letter_from_S_V_Raju_02-06-1970.pdf	6114	3	248031	none	none	0.0	0.0	0.0	128	y	76.8	weak	77.5
6115-Letter_to_Maganlal_B_Joshi_15-05-1970.pdf	6115	1	101557	none	none	0.0	0.0	0.0	128	n	104.7	adequate	87.3
6116-Letter_to_Mr_Minoo_Masani_14-05-1970.pdf	6116	1	108833	none	none	0.0	0.0	0.0	128	n	118.2	adequate	82.4
6117-Letter_to_S_V_Raju_13-05-1970.pdf	6117	1	66120	none	none	0.0	0.0	0.0	128	n	102.1	adequate	84.5
6118-Letter_from_Mr_Minoo_Masani.pdf	6118	1	43838	none	none	0.0	0.0	0.0	128	y	25.7	faint	47.3
6119-Letter_from_Mr_Minoo_Masani_15-05-1970.pdf	6119	2	213222	none	none	0.0	0.0	0.0	128	n	88.4	weak	52.1
612-For_Favour_of_Publication_22-11-1962.pdf	612	2	537823	none	none	0.0	0.0	0.0	128	n	48.0	faint	23.6
6120-Letter_from_Akhil_Bhartiya_Jain_S_M_Sangh.pdf	6120	5	485137	none	none	0.0	0.0	0.0	128	y	64.9	weak	19.5
6121-Letter_from_Mr_Minoo_Masani_06-05-1970.pdf	6121	1	75791	none	none	0.0	0.0	0.0	128	y	51.5	faint	53.4
6122-Letter_from_S_V_Raju_06-05-1970.pdf	6122	5	364212	none	none	0.0	0.0	0.0	128	y	59.5	faint	16.8
6123-Letter_from_Mr_Minoo_Masani_06-05-1970.pdf	6123	1	97328	none	none	0.0	0.0	0.0	128	n	41.7	faint	41.2
6124-Letter_from_Mr_Minoo_Masani_05-05-1970.pdf	6124	9	842365	none	none	0.0	0.0	0.0	128	y	59.3	faint	23.1
6125-Letter_to_George_Fernanded_04-05-1970.pdf	6125	1	125349	none	none	0.0	0.0	0.0	128	n	76.5	weak	10.1
6126-Letter_to_S_V_Raju_02-05-1970.pdf	6126	1	68034	none	none	0.0	0.0	0.0	128	y	50.2	faint	8.3
6127-Telegram_to_S_V_Raju.pdf	6127	1	88293	none	none	0.0	0.0	0.0	128	y	76.6	weak	16.7
6128-Letter_to_S_V_Raju_30-04-1970.pdf	6128	1	85606	none	none	0.0	0.0	0.0	128	n	43.3	faint	44.2
6129-Letter_to_Mr_Minoo_Masani_30-04-1970.pdf	6129	1	163625	none	none	0.0	0.0	0.0	128	y	57.6	faint	18.7
613-Speech_of_Mr_Minoo_Masani_07-11-1962.pdf	613	1	120976	none	none	0.0	0.0	0.0	128	y	81.6	weak	6.1
6130-Letter_from_S_V_Raju_29-04-1970.pdf	6130	1	55592	none	none	0.0	0.0	0.0	128	y	26.0	faint	39.2
6131-Letter_to_R_K_Narayan_29-04-1970.pdf	6131	1	66123	none	none	0.0	0.0	0.0	128	y	139.2	strong	95.7
6132-Letter_from_Mr_Minoo_Masani_29-04-1970.pdf	6132	1	129913	none	none	0.0	0.0	0.0	128	y	118.6	adequate	90.1
6133-Letter_from_Mr_Minoo_Masani_29-04-1970.pdf	6133	1	115362	none	none	0.0	0.0	0.0	128	n	47.0	faint	36.2
6134-Letter_from_Mr_Minoo_Masani_28-04-1970.pdf	6134	1	109460	none	none	0.0	0.0	0.0	128	n	40.2	faint	35.4
6135-Letter_from_Mr_Minoo_Masani_25-04-1970.pdf	6135	1	70110	none	none	0.0	0.0	0.0	128	n	131.6	strong	92.9
6136-Letter_to_S_V_Raju_24-04-1970.pdf	6136	1	76650	none	none	0.0	0.0	0.0	128	y	40.7	faint	9.3
6137-Letter_from_S_V_Raju_22-04-1970.pdf	6137	2	127517	none	none	0.0	0.0	0.0	128	y	85.3	weak	44.8
6138-Telegram_to_Mr_Minoo_Masani_24-04-1970.pdf	6138	1	106033	none	none	0.0	0.0	0.0	128	y	129.8	adequate	88.3
6139-Letter_from_Harihar_Patel_19-04-1970.pdf	6139	1	63782	none	none	0.0	0.0	0.0	128	y	116.8	adequate	91.3
614-For_Favour_of_Publication_06-11-1962.pdf	614	1	338704	none	none	0.0	0.0	0.0	128	n	82.9	weak	10.8
6140-Letter_from_R_N_Singh_Deo_18-04-1970.pdf	6140	1	62896	none	none	0.0	0.0	0.0	128	y	26.1	faint	38.8
6141-Telegram_to_Mr_Minoo_Masani_25-04-1970.pdf	6141	1	90148	none	none	0.0	0.0	0.0	128	y	116.4	adequate	84.6
6142-Letter_from_Mr_Minoo_Masani_17-04-1970.pdf	6142	2	175084	none	none	0.0	0.0	0.0	128	y	58.2	faint	25.4
6143-Telegram_to_S_V_Raju_17-04-1970.pdf	6143	1	94455	none	none	0.0	0.0	0.0	128	y	121.1	adequate	85.4
6144-Draft_Message_from_Mr_Minoo_Masani_12-04-1970.pdf	6144	1	127663	none	none	0.0	0.0	0.0	128	n	68.1	weak	20.7
6145-12th_Annual_Convention_of_Foodgrain_Dealers_of_India_12-04-1970.pdf	6145	7	1043063	none	none	0.0	0.0	0.0	128	y	62.0	weak	19.8
6146-Letter_from_Mr_Minoo_Masani_10-04-1970.pdf	6146	2	230736	none	none	0.0	0.0	0.0	128	n	61.1	weak	24.9
6147-Telegram_to_S_V_Raju_08-04-1970.pdf	6147	1	75862	none	none	0.0	0.0	0.0	128	y	28.1	faint	42.3
6148-Telegram_to_S_V_Raju_08-04-1970.pdf	6148	1	88455	none	none	0.0	0.0	0.0	128	y	33.3	faint	45.0
6149-Letter_to_Mr_Minoo_Masani_04-04-1970.pdf	6149	1	63364	none	none	0.0	0.0	0.0	128	n	29.4	faint	52.2
615-Lecture_Notes_For_SP_Meetings_at_Matunga_31-10-1962.pdf	615	4	368895	none	none	0.0	0.0	0.0	146	y	99.7	adequate	6.2
6150-Letter_to_Mr_Minoo_Masani_03-04-1970.pdf	6150	1	63622	none	none	0.0	0.0	0.0	128	y	25.3	faint	37.5
6151-Letter_to_Mr_Minoo_Masani_03-04-1970.pdf	6151	1	60523	none	none	0.0	0.0	0.0	128	y	123.5	adequate	94.3
6152-Letter_to_Mr_Minoo_Masani_03-04-1970.pdf	6152	1	94862	none	none	0.0	0.0	0.0	128	y	31.8	faint	37.0
6153-Letter_to_Mr_Minoo_Masani_03-04-1970.pdf	6153	2	230485	none	none	0.0	0.0	0.0	128	n	86.4	weak	8.2
6154-Letter_to_Mr_Minoo_Masani_03-04-1970.pdf	6154	3	438949	none	none	0.0	0.0	0.0	128	y	47.2	faint	33.4
6155-Letter_to_Mr_Minoo_Masani_02-04-1970.pdf	6155	1	138392	none	none	0.0	0.0	0.0	128	y	67.4	weak	10.6
6156-Telegram_to_S_V_Raju_04-04-1970.pdf	6156	1	101311	none	none	0.0	0.0	0.0	128	y	58.0	faint	14.7
6157-Letter_to_S_V_Raju_01-04-1970.pdf	6157	2	154570	none	none	0.0	0.0	0.0	128	y	40.2	faint	31.5
6158-Letter_to_S_V_Raju_01-04-1970.pdf	6158	1	152754	none	none	0.0	0.0	0.0	128	y	87.6	weak	10.6
6159-Letter_from_S_V_Raju_01-04-1970.pdf	6159	1	93726	none	none	0.0	0.0	0.0	128	n	34.1	faint	46.9
616-For_Favour_of_Publication_31-10-1962.pdf	616	3	730104	none	none	0.0	0.0	0.0	128	n	69.7	weak	8.5
6160-Letter_to_Mr_Minoo_Masani_26-03-1970.pdf	6160	1	83823	none	none	0.0	0.0	0.0	128	n	111.7	adequate	87.7
6161-Letter_from_Mr_Minoo_Masani_25-03-1970.pdf	6161	1	91436	none	none	0.0	0.0	0.0	128	y	34.2	faint	33.7
6162-Letter_from_Mr_Minoo_Masani_25-03-1970.pdf	6162	1	101991	none	none	0.0	0.0	0.0	128	y	74.3	weak	6.5
6163-Telegram_to_S_V_Raju_25-03-1970.pdf	6163	1	111061	none	none	0.0	0.0	0.0	128	y	47.3	faint	31.6
6164-Letter_from_Mr_Minoo_Masani.pdf	6164	1	70454	none	none	0.0	0.0	0.0	128	n	29.3	faint	51.7
6165-Letter_to_Mr_Minoo_Masani_21-03-1970.pdf	6165	2	170357	none	none	0.0	0.0	0.0	128	y	77.6	weak	51.9
6166-Letter_to_R_K_A_NARAYAN_18-03-1970.pdf	6166	2	153092	none	none	0.0	0.0	0.0	128	y	48.7	faint	24.5
6167-Letter_to_R_K_A_NARAYAN_18-03-1970.pdf	6167	1	94600	none	none	0.0	0.0	0.0	128	n	77.6	weak	7.9
6168-Letter_to_S_V_Raju_23-02-1970.pdf	6168	1	80171	none	none	0.0	0.0	0.0	128	n	59.6	faint	6.6
6169-Letter_from_S_V_Raju_18-03-1970.pdf	6169	1	87163	none	none	0.0	0.0	0.0	128	n	74.7	weak	6.2
617-Yuvaj_Samaj_Vileparle_27-10-1962.pdf	617	3	350415	none	none	0.0	0.0	0.0	128	y	67.7	weak	7.1
6170-Letter_from_S_V_Raju_17-03-1970.pdf	6170	1	65953	none	none	0.0	0.0	0.0	128	y	34.0	faint	21.3
6171-Letter_from_S_V_Raju_12-03-1970.pdf	6171	1	64280	none	none	0.0	0.0	0.0	128	y	68.2	weak	4.6
6172-Letter_from_S_V_Raju_10-03-1970.pdf	6172	1	61901	none	none	0.0	0.0	0.0	128	y	35.5	faint	32.6
6173-Telegram_to_Mr_Minoo_Masani.pdf	6173	2	206723	none	none	0.0	0.0	0.0	128	y	39.1	faint	35.4
6174-Letter_from_Mr_Minoo_Masani_05-03-1970.pdf	6174	1	84923	none	none	0.0	0.0	0.0	128	y	30.8	faint	43.0
6175-Message_from_S_V_RAJU_03-03-1970.pdf	6175	1	74532	none	none	0.0	0.0	0.0	128	n	62.5	weak	4.9
6176-Letter_to_Mr_Minoo_Masani_04-03-1970.pdf	6176	2	320360	none	none	0.0	0.0	0.0	128	n	82.1	weak	10.0
6177-Letter_from_S_V_Raju_03-03-1970.pdf	6177	1	82251	none	none	0.0	0.0	0.0	128	y	28.9	faint	45.1
6178-Telegram_to_S_V_Raju_01-03-1970.pdf	6178	1	109326	none	none	0.0	0.0	0.0	128	y	49.6	faint	40.3
6179-Letter_to_R_C_Cooper_02-03-1970.pdf	6179	1	116968	none	none	0.0	0.0	0.0	128	n	39.5	faint	43.0
618-Lecture_Notes_26-10-1962.pdf	618	2	255903	none	none	0.0	0.0	0.0	128	y	82.1	weak	5.7
6180-Letter_from_Mr_Minoo_Masani_02-03-1970.pdf	6180	1	94351	none	none	0.0	0.0	0.0	128	y	32.8	faint	55.1
6181-Letter_from_Mr_Minoo_Masani_01-03-1970.pdf	6181	1	91984	none	none	0.0	0.0	0.0	128	y	35.3	faint	55.5
6182-Speech_of_Mr_Minoo_Masani_15-02-1970.pdf	6182	14	2277192	none	none	0.0	0.0	0.0	128	y	60.6	weak	31.9
6183-Letter_to_Mr_Minoo_Masani_28-02-1970.pdf	6183	2	236080	none	none	0.0	0.0	0.0	128	y	48.3	faint	28.8
6184-Letter_to_Mr_Minoo_Masani_28-02-1970.pdf	6184	1	86653	none	none	0.0	0.0	0.0	128	n	29.8	faint	54.2
6185-Letter_to_S_V_Raju_26-02-1970.pdf	6185	1	121852	none	none	0.0	0.0	0.0	128	n	37.8	faint	37.6
6186-Letter_to_S_V_Raju_26-02-1970.pdf	6186	1	117060	none	none	0.0	0.0	0.0	128	y	40.9	faint	38.3
6187-Letter_to_Mr_Minoo_Masani_26-02-1970.pdf	6187	1	77107	none	none	0.0	0.0	0.0	128	n	30.5	faint	47.8
6188-Telegram_from_Mr_Minoo_Masani_25-02-1970.pdf	6188	1	95239	none	none	0.0	0.0	0.0	128	n	83.2	weak	86.4
6189-Letter_to_Mr_Minoo_Masani_25-02-1970.pdf	6189	1	107317	none	none	0.0	0.0	0.0	128	n	84.8	weak	7.6
619-Lecture_Notes_For_Public_Meeting_25-10-1962.pdf	619	4	440056	none	none	0.0	0.0	0.0	128	y	92.1	adequate	5.9
6190-Telegram_to_S_V_Raju_27-02-1970.pdf	6190	1	117251	none	none	0.0	0.0	0.0	128	y	114.7	adequate	94.1
6191-Letter_to_S_V_Raju_24-02-1970.pdf	6191	1	104447	none	none	0.0	0.0	0.0	128	n	36.7	faint	37.1
6192-Letter_to_S_V_Raju_24-02-1970.pdf	6192	1	84019	none	none	0.0	0.0	0.0	128	n	31.5	faint	53.1
6193-Letter_to_S_V_Raju_24-02-1970.pdf	6193	1	102410	none	none	0.0	0.0	0.0	128	y	109.7	adequate	90.0
6194-Letter_to_Mr_Minoo_Masani_24-02-1970.pdf	6194	1	116551	none	none	0.0	0.0	0.0	128	n	81.8	weak	6.1
6195-Telegram_to_S_V_Raju_25-02-1970.pdf	6195	1	113269	none	none	0.0	0.0	0.0	128	y	94.7	adequate	7.2
6196-Letter_to_S_V_Raju_23-02-1970.pdf	6196	1	117365	none	none	0.0	0.0	0.0	128	n	35.9	faint	35.4
6197-Letter_to_Mr_Minoo_Masani_23-02-1970.pdf	6197	3	256568	none	none	0.0	0.0	0.0	128	y	62.8	weak	44.2
6198-Letter_to_Mr_Minoo_Masani_23-02-1970.pdf	6198	1	147283	none	none	0.0	0.0	0.0	128	n	46.1	faint	60.7
6199-Letter_to_Mr_Minoo_Masani_21-02-1970.pdf	6199	1	126039	none	none	0.0	0.0	0.0	128	y	40.1	faint	39.9
62-Letter_to_Maharaja_Saheb_17-03-1971.pdf	62	1	113786	none	none	0.0	0.0	0.0	128	y	94.2	adequate	5.0
620-For_Favour_of_Publication_25-10-1962.pdf	620	3	627435	none	none	0.0	0.0	0.0	152	n	103.9	adequate	10.5
6200-Letter_to_S_V_Raju_21-02-1970.pdf	6200	1	158369	none	none	0.0	0.0	0.0	128	n	64.3	weak	11.1
6201-Letter_from_V_P_Bhatia_20-02-1970.pdf	6201	1	51057	none	none	0.0	0.0	0.0	128	n	23.4	faint	33.3
6202-Letter_to_B_Bhatnagar_06-02-1970.pdf	6202	1	87352	none	none	0.0	0.0	0.0	128	y	38.5	faint	30.0
6203-Letter_to_Mr_Minoo_Masani_05-02-1970.pdf	6203	4	367985	none	none	0.0	0.0	0.0	128	y	68.5	weak	20.3
6204-Letter_from_S_V_Raju_30-01-1970.pdf	6204	1	69889	none	none	0.0	0.0	0.0	128	y	45.6	faint	19.2
6205-Letter_from_S_V_Raju_27-01-1970.pdf	6205	27	3542816	none	none	0.0	0.0	0.0	128	n	58.3	faint	24.8
6206-From_Speeches_in_the_Lok_Sabha_21-08-1960.pdf	6206	3	485048	none	none	0.0	0.0	0.0	128	y	57.0	faint	34.2
6207-Speeches_at_Public_Meetings_29-05-1960.pdf	6207	10	1255542	none	none	0.0	0.0	0.0	128	y	69.8	weak	53.2
6208-Letter_from_S_V_Raju_27-01-1970.pdf	6208	2	211202	none	none	0.0	0.0	0.0	128	y	43.6	faint	41.1
6209-Letter_from_Mr_Minoo_Masani_24-01-1970.pdf	6209	1	70417	none	none	0.0	0.0	0.0	128	y	76.7	weak	5.7
621-Management_Training_at_Tata_Institute_of_Social_Sciences_13-10-1962.pdf	621	1	169212	none	none	0.0	0.0	0.0	128	y	65.1	weak	10.0
6210-Letter_from_Mr_Minoo_Masani_24-01-1970.pdf	6210	1	105024	none	none	0.0	0.0	0.0	128	y	109.3	adequate	86.4
6211-Letter_from_Mr_Minoo_Masani_24-01-1970.pdf	6211	1	82905	none	none	0.0	0.0	0.0	128	n	33.5	faint	50.2
6212-Letter_to_S_V_Raju_23-01-1970.pdf	6212	1	83634	none	none	0.0	0.0	0.0	128	n	35.3	faint	49.4
6213-Letter_to_SV_Raju_21-01-1970.pdf	6213	2	198807	none	none	0.0	0.0	0.0	128	y	96.1	adequate	7.1
6214-Letter_from_Vijay_Mehta_20-01-1970.pdf	6214	3	377050	none	none	0.0	0.0	0.0	128	y	74.7	weak	15.1
6215-Letter_from_S_V_Raju_19-01-1970.pdf	6215	1	75263	none	none	0.0	0.0	0.0	128	y	85.3	weak	6.0
6216-Letter_to_Mr_Minoo_Masani_19-01-1970.pdf	6216	1	117730	none	none	0.0	0.0	0.0	128	y	67.2	weak	10.9
6217-Letter_from_S_V_Raju_18-01-1970.pdf	6217	2	207740	none	none	0.0	0.0	0.0	128	y	50.6	faint	30.2
6218-Letter_to_Mr_Minoo_Masani_18-01-1970.pdf	6218	4	554624	none	none	0.0	0.0	0.0	128	n	59.3	faint	34.6
6219-Letter_from_S_V_Raju_17-01-1970.pdf	6219	1	83284	none	none	0.0	0.0	0.0	128	y	123.9	adequate	89.4
622-Outside_Leadership_of_Trade_Unions-The_Economic_Weekly_July-1958.pdf	622	6	1426487	none	none	0.0	0.0	0.0	128	y	82.4	weak	22.4
6220-Letter_from_S_V_Raju_16-01-1970.pdf	6220	1	83348	none	none	0.0	0.0	0.0	128	y	79.3	weak	6.4
6221-Letter_to_D_N_Patodia_16-01-1970.pdf	6221	2	244449	none	none	0.0	0.0	0.0	128	y	96.8	adequate	51.0
6222-Letter_from_Mr_Minoo_Masani_16-01-1970.pdf	6222	1	90438	none	none	0.0	0.0	0.0	128	y	30.4	faint	51.1
6223-Letter_to_Mr_Minoo_Masani_08-01-1970.pdf	6223	3	353349	none	none	0.0	0.0	0.0	128	y	53.3	faint	27.2
6224-Letter_to_Mr_Minoo_Masani_08-01-1970.pdf	6224	1	184085	none	none	0.0	0.0	0.0	128	y	75.6	weak	19.1
6225-Letter_to_Mr_Minoo_Masani_16-01-1970.pdf	6225	4	475204	none	none	0.0	0.0	0.0	128	y	51.1	faint	33.9
6226-Letter_from_A_J_Faridi_15-01-1970.pdf	6226	4	482811	none	none	0.0	0.0	0.0	128	y	71.2	weak	9.6
6227-Letter_from_S_V_Raju_14-01-1970.pdf	6227	1	74110	none	none	0.0	0.0	0.0	128	y	33.0	faint	54.3
6228-Letter_from_S_V_Raju_13-01-1970.pdf	6228	1	70863	none	none	0.0	0.0	0.0	128	y	126.4	adequate	87.8
6229-Telegram_to_Mr_Minoo_Masani_12-01-1970.pdf	6229	1	93834	none	none	0.0	0.0	0.0	128	y	77.9	weak	10.6
623-Biennial_Meeting_of_ICCF_28-09-1962.pdf	623	6	735647	none	none	0.0	0.0	0.0	128	y	96.4	adequate	4.6
6230-Letter_to_Mr_Minoo_Masani_12-01-1970.pdf	6230	1	96942	none	none	0.0	0.0	0.0	128	y	64.6	weak	9.6
6231-Letter_to_Mr_Minoo_Masani_12-01-1970.pdf	6231	5	808813	none	none	0.0	0.0	0.0	128	y	58.7	faint	25.7
6232-Letter_to_Mr_Minoo_Masani_12-01-1970.pdf	6232	1	159538	none	none	0.0	0.0	0.0	128	n	80.9	weak	10.7
6233-Letter_to_Mr_Minoo_Masani_12-01-1970.pdf	6233	2	275389	none	none	0.0	0.0	0.0	128	n	87.7	weak	12.1
6234-Letter_to_Mr_Minoo_Masani_11-01-1970.pdf	6234	1	80945	none	none	0.0	0.0	0.0	128	y	79.7	weak	6.8
6235-Letter_to_Mr_Minoo_Masani_10-01-1970.pdf	6235	1	60361	none	none	0.0	0.0	0.0	128	y	72.1	weak	8.0
6236-Telegram_to_Mr_Minoo_Masani_08-01-1970.pdf	6236	1	86538	none	none	0.0	0.0	0.0	128	y	55.8	faint	16.3
6237-Letter_to_Mr_Minoo_Masani_09-01-1970.pdf	6237	1	91423	none	none	0.0	0.0	0.0	128	y	87.8	weak	7.9
6238-Letter_to_Mr_Minoo_Masani_08-01-1970.pdf	6238	1	108927	none	none	0.0	0.0	0.0	128	y	78.2	weak	7.1
6239-Letter_to_Mr_Minoo_Masani_08-01-1970.pdf	6239	1	122534	none	none	0.0	0.0	0.0	128	n	89.2	weak	11.5
624-Government_Economic_Policies_Capital_Formation_and_Investment_in_Industries.pdf	624	20	4818437	none	none	0.0	0.0	0.0	128	n	54.6	faint	18.3
6240-Letter_from_Mr_Minoo_Masani_07-01-1970.pdf	6240	1	73850	none	none	0.0	0.0	0.0	128	y	100.3	adequate	6.0
6241-letter_to_S_V_Raju_07-01-1970.pdf	6241	2	298180	none	none	0.0	0.0	0.0	128	n	62.1	weak	30.1
6242-Letter_to_Mr_Minoo_Masani_07-01-1970.pdf	6242	1	102559	none	none	0.0	0.0	0.0	128	y	44.0	faint	48.6
6243-Letter_to_D_Nanda_05-01-1970.pdf	6243	1	72756	none	none	0.0	0.0	0.0	128	n	90.9	adequate	87.9
6244-Letter_from_Mr_Minoo_Masani_05-01-1970.pdf	6244	1	72488	none	none	0.0	0.0	0.0	128	n	87.0	weak	85.1
6245-Letter_from_Mr_Minoo_Masani_05-01-1970.pdf	6245	1	78604	none	none	0.0	0.0	0.0	128	n	91.0	adequate	86.7
6246-Letter_from_Mr_Minoo_Masani_05-01-1970.pdf	6246	1	63237	none	none	0.0	0.0	0.0	128	n	86.4	weak	3.1
6247-Letter_from_Mr_Minoo_Masani_05-01-1970.pdf	6247	1	75107	none	none	0.0	0.0	0.0	128	n	122.5	adequate	90.0
6248-Letter_from_Mr_Minoo_Masani_05-01-1970.pdf	6248	1	93832	none	none	0.0	0.0	0.0	128	y	36.8	faint	51.0
6249-Letter_from_Mr_Minoo_Masani_02-01-1970.pdf	6249	1	68334	none	none	0.0	0.0	0.0	128	n	88.1	weak	4.1
625-ICCF_Meeting_on_Human_Freedom_and_the_Berlin_Wall_13-08-1962.pdf	625	15	1368373	none	none	0.0	0.0	0.0	128	y	58.7	faint	6.1
6250-Letter_from_Mr_Minoo_Masani_02-01-1970.pdf	6250	1	80838	none	none	0.0	0.0	0.0	128	y	118.3	adequate	86.3
6251-Letter_from_Mr_Minoo_Masani_02-01-1970.pdf	6251	1	70662	none	none	0.0	0.0	0.0	128	y	74.1	weak	4.7
6252-Letter_from_Mr_Minoo_Masani_02-01-1970.pdf	6252	1	69511	none	none	0.0	0.0	0.0	128	y	85.2	weak	7.1
6253-Letter_from_Mr_Minoo_Masani_01-01-1970.pdf	6253	1	113622	none	none	0.0	0.0	0.0	128	n	70.3	weak	8.2
6254-Telex_from_Mr_Masani_to_Mr_Raju_30-01-1970.pdf	6254	1	63889	none	none	0.0	0.0	0.0	128	y	89.2	weak	93.1
6255-Letter_to_Mr_Minoo_Masani_30-12-1969.pdf	6255	2	225927	none	none	0.0	0.0	0.0	128	y	79.1	weak	23.5
6256-Letter_to_Mr_Minoo_Masani_30-12-1969.pdf	6256	1	78871	none	none	0.0	0.0	0.0	128	n	33.9	faint	48.6
6257-Letter_to_Mr_Minoo_Masani_29-12-1969.pdf	6257	1	102112	none	none	0.0	0.0	0.0	128	n	91.9	adequate	10.3
6258-Letter_to_Mr_Minoo_Masani.pdf	6258	3	294442	none	none	0.0	0.0	0.0	128	y	77.0	weak	45.3
6259-Letter_to_Mr_Minoo_Masani_27-12-1969.pdf	6259	1	67602	none	none	0.0	0.0	0.0	128	y	74.8	weak	5.2
626-For_Favour_of_Publication_26-07-1962.pdf	626	2	530064	none	none	0.0	0.0	0.0	128	n	77.1	weak	9.2
6260-Letter_to_Mr_Minoo_Masani_24-12-1969.pdf	6260	1	83170	none	none	0.0	0.0	0.0	128	y	29.9	faint	53.1
6261-Letter_from_Mr_Minoo_Masni_23-12-1969.pdf	6261	2	157575	none	none	0.0	0.0	0.0	128	y	101.0	adequate	91.5
6262-Letter_to_Mr_Minoo_Masni_07-12-1969.pdf	6262	2	267159	none	none	0.0	0.0	0.0	128	n	73.3	weak	25.1
6263-Letter_to_K_S_Koder_03-12-1969.pdf	6263	1	107425	none	none	0.0	0.0	0.0	128	n	87.0	weak	6.9
6264-Letter_to_S_V_Raju_28-11-1969.pdf	6264	3	295768	none	none	0.0	0.0	0.0	128	y	75.0	weak	13.9
6265-Letter_to_Mr_Minoo_Masni_25-11-1969.pdf	6265	1	138175	none	none	0.0	0.0	0.0	128	y	88.2	weak	11.4
6266-Letter_to_S_V_Raju_24-12-1969.pdf	6266	1	90905	none	none	0.0	0.0	0.0	128	n	98.8	adequate	5.1
6267-Letter_to_S_V_Raju_24-12-1969.pdf	6267	2	110036	none	none	0.0	0.0	0.0	128	y	26.6	faint	34.2
6268-Letter_to_S_V_Raju_24-12-1969.pdf	6268	1	110048	none	none	0.0	0.0	0.0	128	y	85.9	weak	8.8
6269-Letter_to_R_C_Cooper_11-11-1969.pdf	6269	1	120961	none	none	0.0	0.0	0.0	128	y	94.1	adequate	7.8
627-Election_Results.pdf	627	9	2038442	none	none	0.0	0.0	0.0	128	y	77.7	weak	15.8
6270-Letter_to_Mr_Minoo_Masani_04-12-1969.pdf	6270	1	54287	none	none	0.0	0.0	0.0	128	n	70.7	weak	5.3
6271-Letter_to_Lalchand_hirachand_12-09-1969.pdf	6271	1	100467	none	none	0.0	0.0	0.0	128	n	37.7	faint	37.2
6272-For_the_Favour_of_Publication_11-09-1969.pdf	6272	2	330892	none	none	0.0	0.0	0.0	128	n	38.4	faint	41.2
6273-Letter_to_Mr_Minoo_Masani_06-09-1969.pdf	6273	4	430672	none	none	0.0	0.0	0.0	128	y	81.2	weak	21.5
6274-Letter_to_Mr_Minoo_Masani_16-08-1969.pdf	6274	1	101133	none	none	0.0	0.0	0.0	128	y	29.3	faint	52.6
6275-Letter_to_S_V_Raju_18-08-1969.pdf	6275	3	341614	none	none	0.0	0.0	0.0	128	y	65.4	weak	19.7
6276-Telegram_to_S_V_Raju.pdf	6276	1	84719	none	none	0.0	0.0	0.0	128	y	117.2	adequate	90.8
6277-Letter_to_S_V_Raju_25-06-1969.pdf	6277	1	64712	none	none	0.0	0.0	0.0	128	y	56.5	faint	8.7
6278-Letter_to_Mr_Minoo_Masani_07-04-1971.pdf	6278	2	556844	none	none	0.0	0.0	0.0	120	n	53.3	faint	24.5
6279-Letter_to_Mr_Minoo_Masani_21-07-1972.pdf	6279	1	105454	none	none	0.0	0.0	0.0	128	n	93.0	adequate	89.0
628-Uncertain_Future_May-1962.pdf	628	2	405879	none	none	0.0	0.0	0.0	128	y	76.1	weak	17.1
6280-Letter_to_Mr_B_Satyanarayana_20-07-1971.pdf	6280	3	304218	none	none	0.0	0.0	0.0	128	n	37.1	faint	36.8
6281-Speech_of_Mr_Minoo_Masani_17-04-1971.pdf	6281	9	1904080	none	none	0.0	0.0	0.0	128	n	52.9	faint	24.6
6282-Acknowledgement_sent_on_16-04-1971.pdf	6282	1	138577	none	none	0.0	0.0	0.0	128	n	53.3	faint	43.1
6283-Minoo_Masani_Explanation_Regarding_Regignation_From_Presidenship_of_Swatantra_Party.pdf	6283	1	157079	none	none	0.0	0.0	0.0	128	n	54.2	faint	46.3
6284-Letter_to_Mr_B_Satyanarayana_29-04-1971.pdf	6284	3	319780	none	none	0.0	0.0	0.0	128	y	64.9	weak	21.3
6285-Letter_to_Mr_M_Desai_29-04-1971.pdf	6285	2	206710	none	none	0.0	0.0	0.0	128	n	40.5	faint	43.6
6286-Letter_to_Mr_K_H_Subramaniam_21-04-1971.pdf	6286	1	80399	none	none	0.0	0.0	0.0	128	y	46.7	faint	30.3
6287-Letter_to_Mr_Minoo_Masani_13-04-1971.pdf	6287	2	308698	none	none	0.0	0.0	0.0	128	y	106.0	adequate	9.9
6288-Letter_to_Mr_C_Rajagopalchari_21-04-1971.pdf	6288	1	80066	none	none	0.0	0.0	0.0	128	n	127.2	adequate	4.2
6289-Letter_to_Mr_Minoo_Masani_11-04-1971.pdf	6289	10	1001578	none	none	0.0	0.0	0.0	128	y	69.5	weak	26.0
629-For_Favour_of_Publication_26-07-1962.pdf	629	2	445104	none	none	0.0	0.0	0.0	128	n	76.1	weak	53.3
6290-Letter_to_Mr_Maharaja_Sriraj_21-04-1971.pdf	6290	2	97008	none	none	0.0	0.0	0.0	128	y	112.9	adequate	50.0
6291-Letter_to_Mr_Yaswant_Kumar_Choudhary_21-04-1971.pdf	6291	2	161041	none	none	0.0	0.0	0.0	128	y	68.3	weak	13.2
6292-Letter_to_Mr_Ram_Avatar_Prasad_Varua_21-04-1971.pdf	6292	2	186923	none	none	0.0	0.0	0.0	128	y	82.3	weak	8.6
6293-Letter_to_Mr_Minoo_Masani_12-05-1971.pdf	6293	4	593024	none	none	0.0	0.0	0.0	128	y	82.3	weak	27.6
6294-Letter_to_Mr_Battu_Singh_Verma_13-04-1971.pdf	6294	1	76436	none	none	0.0	0.0	0.0	128	y	48.6	faint	38.1
6295-Letter_From_Mr_Battu_Singh_Verma_04-04-1971.pdf	6295	4	638326	none	none	0.0	0.0	0.0	128	y	61.7	weak	33.0
6296-Extract_From_Mr_K_K_Kurvillas_Letter_10-04-1971.pdf	6296	1	71316	none	none	0.0	0.0	0.0	128	y	98.7	adequate	3.9
6297-Letter_to_Mr_Minoo_Masani_12-04-1971.pdf	6297	2	293054	none	none	0.0	0.0	0.0	128	y	60.2	weak	37.1
6298-Letter_To_Dr_R_C_Cooper_09-04-1971.pdf	6298	2	191728	none	none	0.0	0.0	0.0	128	n	39.3	faint	36.8
6299-Letter_to_Mr_Minoo_Masani_06-04-1971.pdf	6299	1	119627	none	none	0.0	0.0	0.0	128	y	43.5	faint	16.2
63-Telegram_to_Mr_Minoo_Masani_11-03-1971.pdf	63	1	112259	none	none	0.0	0.0	0.0	128	y	50.9	faint	14.2
630-Lecture_Notes_for_Talk_to_the_Progressive_Group_26-07-1962.pdf	630	15	1946421	none	none	0.0	0.0	0.0	128	y	95.5	adequate	7.0
6300-Letter_to_Mr_Minoo_Masani_06-04-1971.pdf	6300	3	210222	none	none	0.0	0.0	0.0	128	y	20.6	faint	40.2
6301-Letter_to_Mr_Minoo_Masani_05-04-1971.pdf	6301	1	60403	none	none	0.0	0.0	0.0	128	y	43.1	faint	6.5
6302-Letter_to_Mr_Minoo_Masani_05-04-1971.pdf	6302	2	169303	none	none	0.0	0.0	0.0	128	y	52.7	faint	38.6
6303-Letter_to_Mr_Minoo_Masani_08-04-1971.pdf	6303	2	211868	none	none	0.0	0.0	0.0	128	n	36.6	faint	39.9
6304-Letter_to_Mr_Minoo_Masani_05-04-1971.pdf	6304	2	230918	none	none	0.0	0.0	0.0	128	n	42.8	faint	36.3
6305-Letter_to_Mr_Minoo_Masani_05-04-1971.pdf	6305	2	357314	none	none	0.0	0.0	0.0	128	n	57.2	faint	31.7
6306-Letter_to_Mr_Minoo_Masani_08-04-1971.pdf	6306	2	198947	none	none	0.0	0.0	0.0	128	y	44.6	faint	34.7
6307-Letter_to_Mr_Minoo_Masani_04-04-1971.pdf	6307	1	92225	none	none	0.0	0.0	0.0	128	y	47.1	faint	9.7
6308-Letter_From_Mr_Battu_Singh_Verma_04-04-1971.pdf	6308	2	327074	none	none	0.0	0.0	0.0	128	n	105.0	adequate	14.8
6309-Letter_to_Mr_Minoo_Masani.pdf	6309	4	427284	none	none	0.0	0.0	0.0	128	y	60.3	weak	33.0
631-For_Favour_of_Publication_26-06-1962.pdf	631	2	387806	none	none	0.0	0.0	0.0	128	n	33.4	faint	44.6
6310-Letter_To_Dr_R_C_Cooper.pdf	6310	3	350475	none	none	0.0	0.0	0.0	128	y	52.1	faint	46.7
6311-Letter_to_Col_H_R_Pasricha_07-04-1971.pdf	6311	1	91068	none	none	0.0	0.0	0.0	128	y	76.8	weak	8.5
6312-Letter_to_Mr_Minoo_Masani_05-04-1971.pdf	6312	2	200254	none	none	0.0	0.0	0.0	128	y	43.7	faint	26.0
6313-Letter_to_Mr_Minoo_Masani_06-04-1971.pdf	6313	4	669735	none	none	0.0	0.0	0.0	128	y	93.9	adequate	18.1
6314-Telegram_to_Mr_Minoo_Masani_08-04-1971.pdf	6314	1	100877	none	none	0.0	0.0	0.0	128	y	64.2	weak	16.3
6315-Telegram_to_Mr_Minoo_Masani_04-04-1971.pdf	6315	1	97191	none	none	0.0	0.0	0.0	128	y	70.6	weak	13.7
6316-For_Favour_Of_Publication_03-04-1971.pdf	6316	1	139701	none	none	0.0	0.0	0.0	128	y	78.9	weak	8.3
6317-Speech_of_Mr_Minoo_Masani_07-04-1971.pdf	6317	19	3892462	none	none	0.0	0.0	0.0	128	n	49.2	faint	31.2
6318-Speech_of_Mr_Minoo_Masani_07-04-1971.pdf	6318	13	2411402	none	none	0.0	0.0	0.0	128	y	68.3	weak	46.0
6319-The_Presidents_Report_On_Political_Development_21-07-1970.pdf	6319	9	1579892	none	none	0.0	0.0	0.0	128	n	43.4	faint	34.1
632-Lecture_Notes_for_Mr_Masani_Speech_18-06-1962.pdf	632	5	536024	none	none	0.0	0.0	0.0	128	y	82.6	weak	15.3
6320-Letter_From_Mr_Minoo_Masani_02-04-1971.pdf	6320	2	318512	none	none	0.0	0.0	0.0	128	n	62.3	weak	49.4
6321-Cut_The_Guardian_Knot-Swarajya_01-04-1971.pdf	6321	2	400992	none	none	0.0	0.0	0.0	128	y	50.0	faint	43.3
6322-The_Call_Of_Humanity-Swarajya_24-04-1971.pdf	6322	2	391124	none	none	0.0	0.0	0.0	128	y	57.6	faint	33.1
6323-The_Call_Of_Humanity-Swarajya_24-04-1971.pdf	6323	1	192092	none	none	0.0	0.0	0.0	128	y	57.5	faint	31.6
6324-Masanis_Resignation-March_Of_The_Nation_24-04-1971.pdf	6324	1	120105	none	none	0.0	0.0	0.0	128	y	43.8	faint	36.8
6325-Swatantra_Adopts_9-Point_Plan_Plan_For_72-Statesman_19-04-1971.pdf	6325	1	102262	none	none	0.0	0.0	0.0	128	n	40.5	faint	41.2
6326-Dandekar_To_Officiate_As_Swatantra_President-Hindu_19-04-1971.pdf	6326	1	160386	none	none	0.0	0.0	0.0	128	y	51.0	faint	33.6
6327-M_R_Masani-Economic_Times_19-04-1971.pdf	6327	1	65233	none	none	0.0	0.0	0.0	128	n	34.2	faint	45.2
6328-Masanis_Resignation-Hindustan_Times_19-04-1971.pdf	6328	1	92674	none	none	0.0	0.0	0.0	128	n	48.0	faint	33.2
6329-Masanis_Resignation_Accepted-Hindustan_Times_19-04-1971.pdf	6329	1	90450	none	none	0.0	0.0	0.0	128	y	75.6	weak	13.0
633-For_Favour_of_Publication_18-06-1962.pdf	633	3	253199	none	none	0.0	0.0	0.0	176	n	114.3	adequate	8.8
6330-Dandekar_To_Act_As_Interim_Chief-Indian_Express_19-04-1971.pdf	6330	1	103145	none	none	0.0	0.0	0.0	128	y	43.6	faint	48.1
6331-Party_Council_Accepts_Masanis_Resignation-Times_Of_India_19-04-1971.pdf	6331	1	106596	none	none	0.0	0.0	0.0	128	y	36.2	faint	49.6
6332-Resignation_Decision_Irrevocable-Masani-Statesman_18-04-1971.pdf	6332	1	106394	none	none	0.0	0.0	0.0	128	y	48.7	faint	38.1
6333-Masani-No_Need_To_Desolve_Party-Indian_Express_17-04-1971.pdf	6333	1	98646	none	none	0.0	0.0	0.0	128	y	70.3	weak	13.0
6334-Resignation_Of_Masani_To_Be_Taken_Up_Today-Times_Of_India_17-04-1971.pdf	6334	1	97122	none	none	0.0	0.0	0.0	128	y	42.7	faint	47.8
6335-CR_Ask_To_Swatantra_to_Fight_Totalitarian_Trends-Hindu_17-04-1971.pdf	6335	1	115287	none	none	0.0	0.0	0.0	128	y	74.3	weak	27.8
6336-An_Appeal_To_Congress-Polstar_11-04-1971.pdf	6336	1	302052	none	none	0.0	0.0	0.0	128	y	98.1	adequate	18.3
6337-All_Eyes_On_India.pdf	6337	23	4887491	none	none	0.0	0.0	0.0	128	y	103.8	adequate	21.9
6338-Govt_Can_Have_No_Alibis_Now-Masani-Times_Of_India_13-04-1971.pdf	6338	1	84108	none	none	0.0	0.0	0.0	128	n	35.0	faint	39.7
6339-Masani_Goes-March_Of_The_Nation_10-04-1971.pdf	6339	1	96103	none	none	0.0	0.0	0.0	128	y	37.1	faint	52.0
634-The_Constructive_Path_to_Disarmanent_By_Adam_Adil.pdf	634	6	1143520	none	none	0.0	0.0	0.0	128	n	70.5	weak	7.3
6340-Resolution_Accepting_Mr_Minoo_Masanis_Resignation_18-04-1971.pdf	6340	2	203366	none	none	0.0	0.0	0.0	128	y	32.0	faint	42.8
6341-All_Eyes_On_India.pdf	6341	1	229540	none	none	0.0	0.0	0.0	128	y	63.1	weak	24.9
6342-Refreshing-Himmat_16-04-1971.pdf	6342	2	147040	none	none	0.0	0.0	0.0	128	y	49.7	faint	42.2
6343-Finding_An_Identity-Hindustan_Times_16-04-1971.pdf	6343	1	110067	none	none	0.0	0.0	0.0	128	y	59.9	faint	33.3
6344-A_Message_From_Rajaji_To_The_National_Executive_Meeting_14-04-1971.pdf	6344	1	133737	none	none	0.0	0.0	0.0	128	n	41.2	faint	31.5
6345-Pheruman_Group_Wants_Sant_To_Quit_Politics-Times_Of_India_10-04-1971.pdf	6345	1	81637	none	none	0.0	0.0	0.0	128	y	32.6	faint	49.2
6346-Jantar_Mantar-Hindustan_Times_07-04-1971.pdf	6346	1	138916	none	none	0.0	0.0	0.0	128	y	67.8	weak	46.3
6347-No_Room_For_Right_Wing_Party_06-04-1971.pdf	6347	1	228449	none	none	0.0	0.0	0.0	128	y	71.7	weak	44.9
6348-Masani_Asked_Not_To_Quit-Indian_Express_05-04-1971.pdf	6348	1	75433	none	none	0.0	0.0	0.0	128	n	110.4	adequate	95.4
6349-Masani_Resigns_As_Swatantra_Chairman-Hindu_04-04-1971.pdf	6349	1	97822	none	none	0.0	0.0	0.0	128	y	60.7	weak	14.4
635-Plan_Dominates_Budget_07-06-1962.pdf	635	8	847369	none	none	0.0	0.0	0.0	128	y	53.7	faint	16.8
6350-Masani_Quits_Swatantra_Chairmanship-Hindustan_Times_04-04-1971.pdf	6350	1	83008	none	none	0.0	0.0	0.0	128	y	115.8	adequate	82.8
6351-Ranga_May_Be_Swatantra_Chief-Hindustan_Times_05-04-1971.pdf	6351	1	84873	none	none	0.0	0.0	0.0	128	y	79.6	weak	6.5
6352-Masani_Resigns_From_Party_Post-Statesman_04-04-1971.pdf	6352	1	72372	none	none	0.0	0.0	0.0	128	y	51.6	faint	9.6
6353-Masani_Resigns_As_Swatantra_Chairman-Hindu_04-04-1971.pdf	6353	1	93104	none	none	0.0	0.0	0.0	128	y	62.1	weak	24.6
6354-Masani_Quits_Swatantra_Chairmanship-Hindustan_Times_04-04-1971.pdf	6354	1	73850	none	none	0.0	0.0	0.0	128	y	35.1	faint	54.7
6355-Ranga_May_Be_Swatantra_Chief-Hindustan_Times_05-04-1971.pdf	6355	1	69058	none	none	0.0	0.0	0.0	128	y	36.3	faint	53.2
6356-Masani_Resigns_From_Party_Post-Statesman_04-04-1971.pdf	6356	1	68362	none	none	0.0	0.0	0.0	128	n	35.1	faint	56.3
6357-M_R_Masani_Quits_As_Party_Chief-Times_Of_India_04-04-1971.pdf	6357	1	69529	none	none	0.0	0.0	0.0	128	y	33.6	faint	57.8
6358-Masani_Quits-Sunday_Standard_04-04-1971.pdf	6358	1	74550	none	none	0.0	0.0	0.0	128	n	78.6	weak	8.7
6359-For_Favour_Of_Publication_03-04-1971.pdf	6359	3	454514	none	none	0.0	0.0	0.0	128	n	60.4	weak	17.4
636-For_Favour_of_Publication_07-06-1962.pdf	636	2	338918	none	none	0.0	0.0	0.0	128	n	38.2	faint	22.0
6360-For_Favour_Of_Publication_02-04-1971.pdf	6360	1	182339	none	none	0.0	0.0	0.0	128	n	42.8	faint	39.9
637-For_Favour_of_Publication_07-06-1962.pdf	637	2	378719	none	none	0.0	0.0	0.0	128	n	41.4	faint	25.8
638-The_Role_Of_Taxation_in_Planned_Economy_31-05-1962.pdf	638	14	2310069	none	none	0.0	0.0	0.0	128	y	84.2	weak	3.4
639-Forum_of_Free_enterprise-Press_Release_01-06-1962.pdf	639	2	398637	none	none	0.0	0.0	0.0	128	n	49.3	faint	11.2
64-Letter_to_Mr_Y_Gadilingana_Goud_17-03-1971.pdf	64	1	110620	none	none	0.0	0.0	0.0	128	y	90.0	adequate	3.3
640-For_Favour_of_Publication_30-05-1962.pdf	640	2	474959	none	none	0.0	0.0	0.0	128	n	46.9	faint	24.5
641-Talk_on_Some_World_Trends_for_the_Lions_Club_30-05-1962.pdf	641	9	1005683	none	none	0.0	0.0	0.0	128	y	102.1	adequate	7.7
642-Some_World_Trends_27-04-1962.pdf	642	7	654529	none	none	0.0	0.0	0.0	128	y	80.5	weak	4.6
643-State_Enterprises_The_Second_Olompians_12-04-1962.pdf	643	2	381208	none	none	0.0	0.0	0.0	128	n	72.3	weak	12.4
644-Planning_&_Delivery_04-04-1962.pdf	644	4	436776	none	none	0.0	0.0	0.0	128	y	73.1	weak	9.1
645-Rotary_Club_Speech_on_UN_Day_24-10-1961.pdf	645	10	1029889	none	none	0.0	0.0	0.0	128	y	89.1	weak	5.3
646-Universal_Declaration_Of_Human_Rights.pdf	646	6	1166473	none	none	0.0	0.0	0.0	128	n	51.2	faint	22.7
647-Tata_Personnel_Officers_Conference_27-09-1961.pdf	647	4	417984	none	none	0.0	0.0	0.0	128	y	109.4	adequate	5.6
648-The_First_Tata_Personnel_&_Labour_Officers_Conference_09-02-1953.pdf	648	4	470381	none	none	0.0	0.0	0.0	128	y	129.0	adequate	8.9
649-The_Tata_Iron_and_Steel_Co_Ltd_26-08-1954.pdf	649	10	1758599	none	none	0.0	0.0	0.0	128	y	103.0	adequate	8.9
65-Letter_to_Mr_Minoo_Masani_06-03-1971.pdf	65	1	115309	none	none	0.0	0.0	0.0	128	y	77.1	weak	4.1
650-Speech_on_the_III_Plan_in_Lok_Sabha_23-08-1961.pdf	650	12	1423652	none	none	0.0	0.0	0.0	128	y	96.7	adequate	9.3
651-PSS-Annual_Willingdon_Sports_Club_Dinner_09-06-1961.pdf	651	3	214120	none	none	0.0	0.0	0.0	128	y	101.6	adequate	6.5
652-Lecture_Notes_for_Speech_on_the_Finance_Bill_20-04-1961.pdf	652	10	1033802	none	none	0.0	0.0	0.0	128	y	107.9	adequate	11.6
653-Financier-Times_of_India_19-03-1961.pdf	653	1	146857	none	none	0.0	0.0	0.0	128	n	53.1	faint	20.4
654-Wages_in_Private_and_Public_Sectors.pdf	654	2	117168	none	none	0.0	0.0	0.0	128	y	71.1	weak	46.6
655-Ministry_of_Transport_and_Communications_05-04-1961.pdf	655	10	1276152	none	none	0.0	0.0	0.0	128	y	81.7	weak	10.6
656-Notes_for_Speech_on_Budget_in_Lok_Sabha_15-03-1961.pdf	656	14	1841182	none	none	0.0	0.0	0.0	128	y	84.7	weak	7.2
657-Meeting_of_the_British_Group_of_Liberal_International_15-02-1961.pdf	657	8	780215	none	none	0.0	0.0	0.0	128	y	94.0	adequate	8.2
658-Notes_for_Talk_HSL_Training_Centre_15-03-1961.pdf	658	5	638353	none	none	0.0	0.0	0.0	128	y	80.3	weak	7.4
659-Note_on_the_II_and_III_Plans_British_Group_of_the_Liberal_International_15-02-1961.pdf	659	3	270040	none	none	0.0	0.0	0.0	128	y	79.6	weak	14.6
66-Letter_to_Mr_P_B_Meckoni_17-03-1971.pdf	66	1	107457	none	none	0.0	0.0	0.0	128	y	87.4	weak	3.2
660-London_Press_Conference_15-02-1961.pdf	660	3	281094	none	none	0.0	0.0	0.0	128	y	72.6	weak	7.3
661-Agrarian_Organisational_Pattern.pdf	661	2	473513	none	none	0.0	0.0	0.0	128	n	100.4	adequate	9.0
662-India_Revisited_28-01-1961.pdf	662	10	3367721	none	none	0.0	0.0	0.0	128	n	102.1	adequate	21.1
663-Indias_Ambitious_New_Plan_26-01-1961.pdf	663	2	252398	none	none	0.0	0.0	0.0	128	y	37.8	faint	47.4
664-A_Smaller_Share_for_The_Private_Sector_04-02-1961.pdf	664	3	499378	none	none	0.0	0.0	0.0	128	y	77.9	weak	28.2
665-Unity_Was_Main_Theme_At_Session_08-01-1961.pdf	665	1	87584	none	none	0.0	0.0	0.0	128	y	68.3	weak	39.7
666-Purge_of_Party_Incompetents_in_China_17-02-1961.pdf	666	2	202569	none	none	0.0	0.0	0.0	128	y	80.2	weak	57.5
667-Costs_Wages_and_Work-Loads-The_Business_World_27-01-1961.pdf	667	2	611226	none	none	0.0	0.0	0.0	128	y	71.1	weak	25.6
668-Land_Politics_in_Maharashtra-The_Times_of_India.pdf	668	1	302516	none	none	0.0	0.0	0.0	128	y	65.0	weak	30.3
669-India_Faces_15th-The_Economic_Situation_and_the_Jan-1961.pdf	669	8	2103702	none	none	0.0	0.0	0.0	128	n	73.6	weak	14.9
67-Letter_to_Mr_Minoo_Masani.pdf	67	2	310258	none	none	0.0	0.0	0.0	128	y	54.4	faint	5.0
670-Indo-Pakistan_A_Federation_to_Meet_China_16-01-1961.pdf	670	5	1206391	none	none	0.0	0.0	0.0	128	y	72.3	weak	25.8
671-Speech_at_the_Elphinstone_College_23-12-1960.pdf	671	5	418998	none	none	0.0	0.0	0.0	128	y	75.2	weak	8.6
672-Effective_Thinking_is_Impossible_16-12-1960.pdf	672	2	327956	none	none	0.0	0.0	0.0	128	y	60.0	weak	52.0
673-Attached_Note_On_Education_16-12-1960.pdf	673	1	108009	none	none	0.0	0.0	0.0	128	y	76.0	weak	13.1
674-On_Education.pdf	674	11	1903647	none	none	0.0	0.0	0.0	128	y	84.7	weak	10.6
675-Letter_to_Mr_Minoo_Masani_18-12-1960.pdf	675	3	453134	none	none	0.0	0.0	0.0	128	y	66.8	weak	31.8
676-On_Education.pdf	676	9	1797550	none	none	0.0	0.0	0.0	128	y	86.1	weak	10.9
677-Talk_to_Voltas_Management_Conference_17-12-1960.pdf	677	14	2134030	none	none	0.0	0.0	0.0	128	y	71.6	weak	12.0
678-Lecture_Notes_for_Speech_10-12-1960.pdf	678	7	737596	none	none	0.0	0.0	0.0	128	y	81.9	weak	6.2
679-Lecture_Notes_for_Flag_&_Founders_Day_09-12-1960.pdf	679	2	165845	none	none	0.0	0.0	0.0	128	y	80.5	weak	4.9
68-Letter_to_Mr_Hanumantha_Rao_17-03-1971.pdf	68	1	129180	none	none	0.0	0.0	0.0	128	y	82.4	weak	3.0
680-Talk_to_Delhi_Management_Assn_06-12-1960.pdf	680	5	411866	none	none	0.0	0.0	0.0	128	y	79.1	weak	7.8
681-Lecture_Notes_for_Talk_at_the_Tata_Staff_College_11-11-1960.pdf	681	11	1293597	none	none	0.0	0.0	0.0	128	y	75.9	weak	9.5
682-Mcmurry_Bombay_Seminar_08-11-1960.pdf	682	1	94593	none	none	0.0	0.0	0.0	128	y	88.4	weak	6.3
683-Problems_of_Democracy_in_India_28-10-1960.pdf	683	15	1733139	none	none	0.0	0.0	0.0	128	y	79.5	weak	38.0
684-The_Service_Economy-Growth_in_a_New_Direction_31-10-1960.pdf	684	5	978452	none	none	0.0	0.0	0.0	128	y	45.4	faint	39.6
685-Lecture_Notes_for_Ivor_Youngs_Dinner-Discussion_11-10-1960.pdf	685	6	623282	none	none	0.0	0.0	0.0	128	y	98.9	adequate	5.0
686-Lecture_Notes_for_Mr_MRM_Speech_29-09-1960.pdf	686	4	447770	none	none	0.0	0.0	0.0	128	y	94.3	adequate	7.4
687-Lecture_Notes_for_Speech_of_Mr_MRM_on_Tibet_27-09-1960.pdf	687	2	171863	none	none	0.0	0.0	0.0	128	y	93.9	adequate	4.7
688-Lecture_Notes_of_Speech_at_Madras_18-09-1960.pdf	688	6	460325	none	none	0.0	0.0	0.0	128	y	38.0	faint	36.5
689-Third_Plan_Finance-The_Times_of_India_21-08-1960.pdf	689	4	485948	none	none	0.0	0.0	0.0	128	y	92.1	adequate	67.5
69-Letter_to_Mr_Minoo_Masani_11-03-1971.pdf	69	2	318606	none	none	0.0	0.0	0.0	128	y	47.6	faint	25.1
690-A_Policy_for_Foreign_Aid_20-05-1960.pdf	690	3	487432	none	none	0.0	0.0	0.0	128	y	98.3	adequate	69.3
691-Leakages_From_Foreign_Aid_19-08-1960.pdf	691	3	455894	none	none	0.0	0.0	0.0	128	y	117.6	adequate	76.2
692-Third_Plan_Finance-The_Times_of_India_03-08-1960.pdf	692	3	483191	none	none	0.0	0.0	0.0	128	y	100.5	adequate	70.9
693-Inflation_and_Society_09-07-1960.pdf	693	1	191859	none	none	0.0	0.0	0.0	128	y	79.6	weak	26.6
694-The_Right_Road_to_Indian_Progress-April_1960.pdf	694	4	1143552	none	none	0.0	0.0	0.0	128	y	118.6	adequate	30.7
695-Markets_of_the_Sixties-April_1960.pdf	695	2	527886	none	none	0.0	0.0	0.0	128	n	137.4	strong	12.2
696-The_Bruning_Mans_Smallest_Copying_Machine-April_1960.pdf	696	4	1089151	none	none	0.0	0.0	0.0	128	n	147.1	strong	36.3
697-The_All_New_Aero_Commander_500A.pdf	697	2	718870	none	none	0.0	0.0	0.0	128	n	124.7	adequate	20.6
698-DRS_Get_Together-100th_Issue_of_Freedom_First_01-09-1960.pdf	698	7	632002	none	none	0.0	0.0	0.0	128	n	96.1	adequate	5.7
699-Debate_on_Draft_Plan_24-08-1960.pdf	699	29	2964714	none	none	0.0	0.0	0.0	128	y	61.5	weak	8.3
7-Letter_to_Mr_Minoo_Masani_17-02-1971.pdf	7	1	124133	none	none	0.0	0.0	0.0	128	n	64.6	weak	2.3
70-Letter_to_Mr_K_D_Merchant_17-03-1971.pdf	70	1	119435	none	none	0.0	0.0	0.0	128	y	82.1	weak	4.1
700-Africa_Society_ICCF_Meeting_24-03-1960.pdf	700	6	545329	none	none	0.0	0.0	0.0	128	y	78.3	weak	7.9
701-For_Favour_of_Publication_18-01-1960.pdf	701	2	336870	none	none	0.0	0.0	0.0	128	n	73.6	weak	9.2
702-Mr_Masani_Speech_in_Parliament_25-12-1959.pdf	702	12	992773	none	none	0.0	0.0	0.0	128	y	63.2	weak	8.0
703-The_Wrong_Enemy-Hindustan_Times_25-11-1959.pdf	703	2	411269	none	none	0.0	0.0	0.0	128	y	88.2	weak	30.9
704-Motion_for_Adjournment_26-11-1959.pdf	704	14	2069451	none	none	0.0	0.0	0.0	128	y	72.2	weak	11.1
705-Calling_Attention_to_Matter_of_Urgent_Public_importance_25-11-1959.pdf	705	13	1432554	none	none	0.0	0.0	0.0	128	y	83.4	weak	8.8
706-For_Favour_of_Publication_23-11-1959.pdf	706	3	744068	none	none	0.0	0.0	0.0	128	n	58.2	faint	14.2
707-Letter_to_Mr_Minoo_Masani_23-10-1963.pdf	707	13	2872463	none	none	0.0	0.0	0.0	128	n	69.3	weak	11.2
708-Before_the_Economic_Club_of_Detroit_07-10-1963.pdf	708	17	2589187	none	none	0.0	0.0	0.0	146	n	144.6	strong	7.2
709-Seminar_Notes-The_Indian_Attitude_to_the_Soviet_Union_30-09-1963.pdf	709	10	2008042	none	none	0.0	0.0	0.0	128	y	112.7	adequate	9.5
71-Letter_to_Mr_Minoo_Masani_11-03-1971.pdf	71	1	138921	none	none	0.0	0.0	0.0	128	y	68.5	weak	4.2
710-Mr_Masani_Speech_23-10-1963.pdf	710	11	2107780	none	none	0.0	0.0	0.0	128	n	88.7	weak	11.7
711-For_Favour_of_Publication_11-11-1963.pdf	711	2	378998	none	none	0.0	0.0	0.0	128	n	79.2	weak	9.5
712-For_Favour_of_Publication_11-11-1963.pdf	712	2	375821	none	none	0.0	0.0	0.0	128	n	90.2	adequate	7.3
713-Five_Days_In_Formosa_and_Quemoy_05-11-1963.pdf	713	14	7001495	none	none	0.0	0.0	0.0	200	n	97.2	adequate	18.2
714-Five_Days_In_Formosa_and_Quemoy_05-11-1963.pdf	714	14	7474823	none	none	0.0	0.0	0.0	200	n	108.3	adequate	16.8
715-For_Favour_of_Publication_05-11-1963.pdf	715	2	1129173	none	none	0.0	0.0	0.0	200	n	81.0	weak	12.5
716-A_Visit_to_National_China_29-11-1963.pdf	716	9	4047932	none	none	0.0	0.0	0.0	200	n	71.7	weak	23.8
717-India-Ater_Two_months_Absence_Abroad_11-11-1963.pdf	717	15	6275272	none	none	0.0	0.0	0.0	200	n	104.1	adequate	8.4
718-Important_Speeches_21-12-1963.pdf	718	4	1607740	none	none	0.0	0.0	0.0	200	y	94.3	adequate	21.6
719-For_Favour_of_Publication_04-04-1964.pdf	719	1	319142	none	none	0.0	0.0	0.0	200	n	81.9	weak	9.2
72-Letter_to_Mr_Merchants_Association_17-03-1971.pdf	72	1	253144	none	none	0.0	0.0	0.0	200	y	77.6	weak	1.3
720-Discussion_On_Transport_Demands-March_1964.pdf	720	12	6116113	none	none	0.0	0.0	0.0	200	n	111.6	adequate	16.4
721-Mr_MR_Masani_Speech_in_Lok_Sabha_16-04-1964.pdf	721	27	11095150	none	none	0.0	0.0	0.0	200	y	100.2	adequate	19.9
722-For_Favour_of_Publication_05-02-1964.pdf	722	1	427216	none	none	0.0	0.0	0.0	200	n	54.4	faint	16.9
723-Inter-State_Transport_By_Road.pdf	723	3	1181640	none	none	0.0	0.0	0.0	200	n	88.5	weak	13.0
724-Preventive_Detention_By_Minoo_Masani.pdf	724	2	1090101	none	none	0.0	0.0	0.0	200	n	85.2	weak	27.0
725-Third_Plan_An_Alternative_16-12-1963.pdf	725	1	650872	none	none	0.0	0.0	0.0	200	n	83.4	weak	26.0
726-The_Third_Plan_An_Alternative_16-12-1963.pdf	726	4	1442487	none	none	0.0	0.0	0.0	200	n	77.4	weak	11.2
727-The_Third_Plan_An_Alternative.pdf	727	3	1040229	none	none	0.0	0.0	0.0	200	n	69.8	weak	11.8
728-For_Favour_of_Publication_09-12-1963.pdf	728	2	998530	none	none	0.0	0.0	0.0	200	n	52.7	faint	19.2
729-Are_We_to_be_Trampled_on_By_Minoo_Masani_03-05-1964.pdf	729	1	911309	none	none	0.0	0.0	0.0	200	n	93.4	adequate	31.1
73-Telegram_to_Mr_Minoo_Masani_13-03-1971.pdf	73	1	246642	none	none	0.0	0.0	0.0	200	y	127.3	adequate	98.1
730-Text_Book_In_India_By_Minoo_Masani_26-05-1964.pdf	730	6	2464551	none	none	0.0	0.0	0.0	200	n	90.5	adequate	12.2
731-Sounding_Board_12-05-1964.pdf	731	4	1933672	none	none	0.0	0.0	0.0	200	n	113.8	adequate	14.2
732-Food_Shortage_and_High_Prices-Sep_1964.pdf	732	1	381272	none	none	0.0	0.0	0.0	200	n	96.2	adequate	11.8
733-India_After_Nehru-May_1962.pdf	733	6	1551645	none	none	0.0	0.0	0.0	200	n	106.9	adequate	15.9
734-India_After_Nehru_10-08-1964.pdf	734	15	6407685	none	none	0.0	0.0	0.0	200	n	98.8	adequate	12.9
735-For_Favour_of_Publication_06-08-1964.pdf	735	2	757418	none	none	0.0	0.0	0.0	200	n	56.5	faint	22.0
736-For_Favour_of_Publication_06-08-1964.pdf	736	1	375950	none	none	0.0	0.0	0.0	200	n	85.9	weak	7.7
737-For_Favour_of_Publication_21-07-1964.pdf	737	1	482514	none	none	0.0	0.0	0.0	200	n	113.8	adequate	10.9
738-For_Favour_of_Publication_17-07-1964.pdf	738	1	446576	none	none	0.0	0.0	0.0	200	n	90.9	adequate	8.8
739-Property_In_Land_28-06-1964.pdf	739	2	1729119	none	none	0.0	0.0	0.0	200	n	114.3	adequate	23.3
74-Letter_to_Mrs_Durga_Joshi_17-03-1971.pdf	74	1	214462	none	none	0.0	0.0	0.0	200	y	76.1	weak	1.5
740-For_Favour_of_Publication_09-06-1964.pdf	740	1	463982	none	none	0.0	0.0	0.0	200	n	78.4	weak	10.1
741-India_Versus_The_Bomb.pdf	741	11	4181820	none	none	0.0	0.0	0.0	200	n	92.1	adequate	10.3
742-The_Sagging_Rupee_10-11-1964.pdf	742	8	2531351	none	none	0.0	0.0	0.0	200	n	108.6	adequate	9.3
743-For_Favour_of_Publication_02-11-1964.pdf	743	1	533040	none	none	0.0	0.0	0.0	200	n	94.1	adequate	12.7
744-For_Favour_of_Publication_10-09-1964.pdf	744	2	1061234	none	none	0.0	0.0	0.0	200	n	85.8	weak	13.9
745-Transport_Co-ordination-1964.pdf	745	9	3987197	none	none	0.0	0.0	0.0	200	n	103.8	adequate	10.9
746-Food_Shortage_and_High_Prices_06-08-1964.pdf	746	19	6702367	none	none	0.0	0.0	0.0	200	y	117.3	adequate	4.7
747-Bombay_Regions_Delegate_Representation.pdf	747	1	228866	none	none	0.0	0.0	0.0	200	n	123.1	adequate	4.4
748-Office_Bearers_&_Members_of_the_Excutive_Committee_of_the_Swatantra_Party.pdf	748	9	3214091	none	none	0.0	0.0	0.0	200	n	121.3	adequate	6.0
749-Under_Certificate_of_Posting_21-09-1974.pdf	749	1	198844	none	none	0.0	0.0	0.0	200	n	133.6	strong	3.1
75-Telegram_to_Mr_Minoo_Masani.pdf	75	1	250167	none	none	0.0	0.0	0.0	200	y	52.8	faint	10.7
750-Resolution_on_the_State_of_Emergency_Holding_of_Election.pdf	750	2	688249	none	none	0.0	0.0	0.0	200	n	139.3	strong	6.8
751-Letter_to_Mr_Girish_Munshi_13-01-1975.pdf	751	2	833136	none	none	0.0	0.0	0.0	200	y	149.9	strong	6.9
752-National_Headquarters_Circular_no.pdf	752	1	408906	none	none	0.0	0.0	0.0	200	n	140.3	strong	6.3
753-National_Headquarters_Circular_no.pdf	753	1	390865	none	none	0.0	0.0	0.0	200	n	133.3	strong	5.9
754-For_Favour_of_Publication_23-01-1975.pdf	754	3	972110	none	none	0.0	0.0	0.0	200	n	132.1	strong	4.0
755-Minutes_of_the_Executive_Committee_19-11-1974.pdf	755	2	835217	none	none	0.0	0.0	0.0	200	n	141.1	strong	6.4
756-Minutes_of_the_Executive_Committee_28-10-1974.pdf	756	2	685596	none	none	0.0	0.0	0.0	200	n	155.9	strong	5.6
757-Minutes_of_the_Executive_Committee_12-10-1974.pdf	757	2	627572	none	none	0.0	0.0	0.0	200	n	153.4	strong	4.7
758-Minutes_of_the_Executive_Committee_12-10-1974.pdf	758	2	552092	none	none	0.0	0.0	0.0	200	n	150.3	strong	4.4
759-Public_Meeting_at_Matunga_14-12-1974.pdf	759	1	547038	none	none	0.0	0.0	0.0	200	n	139.6	strong	7.0
76-Letter_to_Miss_Rati_Cooper_16-03-1971.pdf	76	2	446372	none	none	0.0	0.0	0.0	200	y	97.1	adequate	4.1
760-Minutes_of_the_Executive_Committee_09-04-1975.pdf	760	5	1714935	none	none	0.0	0.0	0.0	200	n	96.9	adequate	4.9
761-Letter_to_Mr_Srikumar_26-04-1975.pdf	761	1	157820	none	none	0.0	0.0	0.0	200	n	140.0	strong	4.5
762-Letter_to_Mr_Girish_Munshi_15-04-1975.pdf	762	1	181575	none	none	0.0	0.0	0.0	200	n	147.2	strong	2.9
763-Letter_to_Raja_11-04-1975.pdf	763	1	117907	none	none	0.0	0.0	0.0	200	n	159.9	strong	3.1
764-Letter_About_Residential_Telephone_Connection_12-04-1975.pdf	764	1	188031	none	none	0.0	0.0	0.0	200	n	126.9	adequate	4.9
765-Minutes_of_the_Excutive_Committee_21-12-1974.pdf	765	1	410435	none	none	0.0	0.0	0.0	200	n	142.8	strong	6.1
766-Letter_About_Recollection_of_Subscriptions_for_the_White_Star_07-08-1970.pdf	766	3	1254822	none	none	0.0	0.0	0.0	200	n	136.1	strong	7.2
767-Letter_to_KS_Srinivasan_28-10-1970.pdf	767	1	145829	none	none	0.0	0.0	0.0	200	n	140.9	strong	2.3
768-Letter_to_Sharayu_Daftary_10-11-1970.pdf	768	1	177740	none	none	0.0	0.0	0.0	200	n	128.0	adequate	4.9
769-Letter_About_Raja_Birthday_Celebration_02-12-1970.pdf	769	1	390372	none	none	0.0	0.0	0.0	200	n	107.0	adequate	5.2
77-Letter_to_Mr_Arvind_Parakh_16-03-1971.pdf	77	1	222977	none	none	0.0	0.0	0.0	200	y	82.7	weak	1.5
770-Sixth_National_Convention_02-12-1970.pdf	770	4	1767840	none	none	0.0	0.0	0.0	200	n	113.7	adequate	6.6
771-Letter_to_Mrs_Sharayu_A_Daftary_25-11-1970.pdf	771	2	444511	none	none	0.0	0.0	0.0	200	n	112.8	adequate	3.8
772-For_the_use_of_General_Council_Members_09-04-1972.pdf	772	68	41525051	none	none	0.0	0.0	0.0	200	y	132.2	strong	6.5
773-General_Seceratary_s_Circular_no_321_27-11-1974.pdf	773	4	1855043	none	none	0.0	0.0	0.0	200	n	109.8	adequate	8.6
774-Letter_to_Mr_Minoo_Masani_25-12-1974.pdf	774	1	414541	none	none	0.0	0.0	0.0	200	n	149.2	strong	7.3
775-Letter_to_VP_Bhatia_18-12-1974.pdf	775	1	630951	none	none	0.0	0.0	0.0	200	y	178.5	strong	2.3
776-Letter_to_Mr_Minoo_Masani_17-12-1974.pdf	776	1	310053	none	none	0.0	0.0	0.0	200	n	156.0	strong	5.1
777-Letter_to_Mr_Minoo_Masani_17-12-1974.pdf	777	1	401675	none	none	0.0	0.0	0.0	200	n	136.4	strong	8.3
778-Letter_to_Mr_Minoo_Masani_16-12-1974.pdf	778	2	1133548	none	none	0.0	0.0	0.0	200	n	162.2	strong	2.2
779-Letter_to_Mr_Minoo_Masani_16-12-1974.pdf	779	3	2227654	none	none	0.0	0.0	0.0	200	y	120.0	adequate	19.5
78-Telegram_to_Mr_Minoo_Masani_12-03-1971.pdf	78	1	223354	none	none	0.0	0.0	0.0	200	y	72.8	weak	6.2
780-Resolution_of_the_Swantantra_Party_National_General_Council_08-12-1974.pdf	780	4	2149722	none	none	0.0	0.0	0.0	200	n	123.0	adequate	7.1
781-Letter_to_VP_Bhatia_13-12-1974.pdf	781	1	635059	none	none	0.0	0.0	0.0	200	n	156.8	strong	5.0
782-Letter_to_Mr_Minoo_Masani_07-12-1974.pdf	782	2	842489	none	none	0.0	0.0	0.0	200	y	134.3	strong	19.4
783-Letter_to_GK_Sundaram_04-12-1974.pdf	783	2	1381890	none	none	0.0	0.0	0.0	200	y	156.5	strong	2.3
784-Letter_to_Mr_Minoo_Masani_03-12-1974.pdf	784	1	308044	none	none	0.0	0.0	0.0	200	n	162.2	strong	6.1
785-Letter_to_Mr_Minoo_Masani_26-11-1974.pdf	785	1	473768	none	none	0.0	0.0	0.0	200	n	137.1	strong	8.1
786-Memo_to_Mr_Minoo_Masani_28-11-1974.pdf	786	1	262616	none	none	0.0	0.0	0.0	200	n	150.1	strong	2.2
787-Letter_to_Mr_Minoo_Masani_20-11-1974.pdf	787	1	333809	none	none	0.0	0.0	0.0	200	n	120.3	adequate	4.5
788-Letter_to_Mr_Shahajanand_Singh_19-11-1974.pdf	788	1	725891	none	none	0.0	0.0	0.0	200	y	152.3	strong	3.9
789-Letter_to_P.pdf	789	7	2305394	none	none	0.0	0.0	0.0	200	y	135.5	strong	7.6
79-Letter_to_Mr_A_D_Rawal_16-03-1971.pdf	79	1	231962	none	none	0.0	0.0	0.0	200	y	96.2	adequate	3.3
790-Letter_to_A_Duraisamy_18-11-1974.pdf	790	1	566218	none	none	0.0	0.0	0.0	200	n	177.7	strong	3.4
791-Letter_to_Mr_Minoo_Masani_04-11-1974.pdf	791	2	1912299	none	none	0.0	0.0	0.0	200	y	109.0	adequate	22.6
792-Letter_to_PC_Mohapatra_18-11-1974.pdf	792	1	776716	none	none	0.0	0.0	0.0	200	y	164.8	strong	5.1
793-Letter_to_Mr_Minoo_Masani_21-07-1974.pdf	793	1	476811	none	none	0.0	0.0	0.0	200	n	150.4	strong	8.0
794-Letter_to_VS_Srikumar_18-11-1974.pdf	794	1	717832	none	none	0.0	0.0	0.0	200	y	164.8	strong	4.7
795-Kerla_State_Council_of_Swatantra_party_10-11-1974.pdf	795	1	900215	none	none	0.0	0.0	0.0	200	n	159.4	strong	6.3
796-Letter_to_Mr_V_P_Bhatia_16-10-1974.pdf	796	3	1340328	none	none	0.0	0.0	0.0	200	n	171.0	strong	7.8
797-Letter_to_VT_Sreenivasan_14-11-1974.pdf	797	1	421401	none	none	0.0	0.0	0.0	200	n	157.9	strong	1.6
798-Letter_to_Mr_Minoo_Masani_03-09-1974.pdf	798	2	1858413	none	none	0.0	0.0	0.0	200	y	112.2	adequate	22.8
799-Letter_to_Mr_Minoo_Masani_24-08-1974.pdf	799	2	1609895	none	none	0.0	0.0	0.0	200	y	121.9	adequate	37.7
8-Letter_to_Mr_L_M_Singhvi_30-03-1971.pdf	8	1	209736	none	none	0.0	0.0	0.0	200	y	86.7	weak	5.0
80-Letter_to_Mr_Minoo_Masani_11-03-1971.pdf	80	2	524988	none	none	0.0	0.0	0.0	200	y	60.0	weak	5.7
800-Letter_to_P_Rangaswami_10-10-1974.pdf	800	1	430396	none	none	0.0	0.0	0.0	200	n	151.1	strong	3.8
801-Letter_to_P_Rangaswami_24-09-1974.pdf	801	4	1590099	none	none	0.0	0.0	0.0	200	y	146.4	strong	9.2
802-Letter_to_VS_Srikumar_11-09-1974.pdf	802	1	606925	none	none	0.0	0.0	0.0	200	y	161.3	strong	4.3
803-Letter_to_Mr_Minoo_Masani_28-08-1974.pdf	803	2	1167120	none	none	0.0	0.0	0.0	200	n	149.7	strong	7.1
804-Letter_to_BD_Pandey_11-09-1974.pdf	804	1	545549	none	none	0.0	0.0	0.0	200	n	160.7	strong	4.7
805-Letter_to_Mr_Minoo_Masani_11-08-1974.pdf	805	1	310364	none	none	0.0	0.0	0.0	200	n	132.1	strong	6.5
806-Letter_to_MD_Joseph_11-09-1974.pdf	806	1	455036	none	none	0.0	0.0	0.0	200	n	167.9	strong	4.4
807-Letter_to_Mr_Minoo_Masani_18-08-1976.pdf	807	1	317162	none	none	0.0	0.0	0.0	200	n	159.3	strong	6.7
808-Letter_to_Bhagwan_Das_Sharma_11-09-1974.pdf	808	3	2104988	none	none	0.0	0.0	0.0	200	y	128.9	adequate	20.7
809-Letter_to_Mohan_lal_jadav_10-09-1974.pdf	809	1	587406	none	none	0.0	0.0	0.0	200	y	170.0	strong	4.8
81-Letter_to_Mr_Thakore_Saheb_16-03-1971.pdf	81	1	220545	none	none	0.0	0.0	0.0	200	y	88.4	weak	3.9
810-Letter_to_Mr_Minoo_Masani_25-08-1974.pdf	810	2	542827	none	none	0.0	0.0	0.0	200	n	162.2	strong	6.0
811-Letter_to_RS_Bharati_10-09-1974.pdf	811	2	812022	none	none	0.0	0.0	0.0	200	y	149.4	strong	5.1
812-Letter_to_JG_Tiwari_10-09-1974.pdf	812	1	564030	none	none	0.0	0.0	0.0	200	y	167.1	strong	6.1
813-Letter_to_Mr_Minoo_Masani_27-08-1974.pdf	813	1	161042	none	none	0.0	0.0	0.0	200	n	100.8	adequate	3.4
814-Letter_to_HR_Pashricha_10-09-1974.pdf	814	1	636668	none	none	0.0	0.0	0.0	200	y	165.6	strong	8.0
815-Letter_to_Mr_Minoo_Masani_26-08-1974.pdf	815	1	243288	none	none	0.0	0.0	0.0	200	n	140.7	strong	5.5
816-Letter_to_P_kodanda_Rao_09-09-1974.pdf	816	1	557275	none	none	0.0	0.0	0.0	200	y	156.5	strong	3.0
817-Letter_to_Mr_Minoo_Masani_02-09-1974.pdf	817	9	5223972	none	none	0.0	0.0	0.0	200	n	161.8	strong	5.9
818-Letter_to_Man_Singh_09-09-1974.pdf	818	1	619363	none	none	0.0	0.0	0.0	200	n	173.9	strong	5.3
819-Letter_to_Mr_Minoo_Masani_28-08-1974.pdf	819	1	253435	none	none	0.0	0.0	0.0	200	n	142.4	strong	5.4
82-Telegram_to_Mr_Minoo_Masani_11-03-1971.pdf	82	1	269088	none	none	0.0	0.0	0.0	200	y	55.8	faint	14.1
820-Letter_to_VGK_Unnitham_01-09-1974.pdf	820	1	683683	none	none	0.0	0.0	0.0	200	y	177.4	strong	2.3
821-Letter_to_Mr_Minoo_Masani_08-08-1974.pdf	821	2	1913754	none	none	0.0	0.0	0.0	200	y	106.9	adequate	23.2
822-Letter_to_James_Cherian_01-09-1974.pdf	822	1	771160	none	none	0.0	0.0	0.0	200	y	172.3	strong	2.3
823-Kochn_Veedu_09-08-1974.pdf	823	2	1726507	none	none	0.0	0.0	0.0	200	y	127.0	adequate	23.3
824-National_Headquarters_Circular_no.pdf	824	2	517389	none	none	0.0	0.0	0.0	200	n	161.8	strong	4.1
825-Letter_to_Sridharmurthy_21-08-1974.pdf	825	1	779386	none	none	0.0	0.0	0.0	200	y	170.2	strong	3.7
826-Letter_to_Mr_Minoo_Masani_12-08-1974.pdf	826	3	658322	none	none	0.0	0.0	0.0	200	n	141.4	strong	6.7
827-Letter_to_N_K_Ganapaiah_14-08-1974.pdf	827	2	1064982	none	none	0.0	0.0	0.0	200	y	153.9	strong	7.3
828-Letter_to_Mr_Minoo_Masani_21-08-1974.pdf	828	2	253964	none	none	0.0	0.0	0.0	200	y	111.9	adequate	9.3
829-General_Seceratary_s_letter_no_320_20-08-1974.pdf	829	3	1407186	none	none	0.0	0.0	0.0	200	n	132.6	strong	6.2
83-Letter_to_Miss_Kusumkumari_Joshi_16-03-1791.pdf	83	2	551693	none	none	0.0	0.0	0.0	200	y	87.0	weak	6.2
830-Resolution_of_National_Convention_05-08-1974.pdf	830	3	1421387	none	none	0.0	0.0	0.0	200	n	130.1	strong	6.6
831-General_Seceratary_s_letter_no_320_20-08-1974.pdf	831	3	1524130	none	none	0.0	0.0	0.0	200	n	137.2	strong	6.4
832-Resolution_of_National_Convention_04-08-1974.pdf	832	4	1507500	none	none	0.0	0.0	0.0	200	y	147.2	strong	5.4
833-Letter_to_Adil_Billimorie_21-08-1974.pdf	833	1	842070	none	none	0.0	0.0	0.0	200	y	168.2	strong	6.1
834-Letter_to_Minoo_Tata_21-08-1974.pdf	834	1	810146	none	none	0.0	0.0	0.0	200	y	169.9	strong	7.1
835-Resolution_Adopted_by_the_State_Council_of_Swatantra_Party_06-07-1974.pdf	835	1	603011	none	none	0.0	0.0	0.0	200	n	126.1	adequate	9.4
836-Karnataka_Swantara_Party_Workers_Meeting_19-08-1974.pdf	836	1	231813	none	none	0.0	0.0	0.0	200	n	146.8	strong	3.7
837-Letter_to_VT_Sreenivasan_14-08-1974.pdf	837	1	364762	none	none	0.0	0.0	0.0	200	n	189.7	strong	1.7
838-Letter_to_Mr_Minoo_Masani_06-08-1974.pdf	838	1	882728	none	none	0.0	0.0	0.0	200	n	128.8	adequate	5.6
839-Letter_to_P_Rangaswami_14-08-1974.pdf	839	1	475367	none	none	0.0	0.0	0.0	200	n	172.8	strong	2.7
84-Letter_to_Viraj_Radio_16-03-1791.pdf	84	1	234658	none	none	0.0	0.0	0.0	200	y	100.0	adequate	1.3
840-Letter_to_P_Rangaswami_08-08-1974.pdf	840	2	1846442	none	none	0.0	0.0	0.0	200	y	87.5	weak	27.3
841-Letter_to_R_kalamegham_14-08-1974.pdf	841	1	505045	none	none	0.0	0.0	0.0	200	n	172.8	strong	2.4
842-Letter_to_Mr_Minoo_Masani_09-08-1974.pdf	842	2	1753244	none	none	0.0	0.0	0.0	200	y	96.0	adequate	21.4
843-Executive_Committee_of_Swatantra_Party_15-07-1974.pdf	843	1	274058	none	none	0.0	0.0	0.0	200	n	147.0	strong	4.3
844-Congratulation_on_Heroic_Lead_at_Delhi_06-08-1974.pdf	844	1	251842	none	none	0.0	0.0	0.0	200	n	114.5	adequate	5.9
845-Letter_to_Mr_Minoo_Masani_06-08-1974.pdf	845	1	180073	none	none	0.0	0.0	0.0	200	n	119.8	adequate	4.3
846-Swatantra_party_Convention_04-08-1974.pdf	846	1	338836	none	none	0.0	0.0	0.0	200	n	147.8	strong	3.5
847-Points_for_Press_Conference.pdf	847	9	1503231	none	none	0.0	0.0	0.0	200	n	130.8	strong	6.9
848-Resolution_05-08-1974.pdf	848	2	626189	none	none	0.0	0.0	0.0	200	n	116.8	adequate	4.8
849-Meeting_of_the_State_Council_of_the_Swatantra_party_06-07-1974.pdf	849	2	897224	none	none	0.0	0.0	0.0	200	n	132.3	strong	6.1
85-Telegram_to_Mr_Minoo_Masani_13-03-1971.pdf	85	1	265960	none	none	0.0	0.0	0.0	200	y	82.5	weak	7.6
850-National_Convention_of_the_Swatantra_Party_04-08-1974.pdf	850	2	917413	none	none	0.0	0.0	0.0	200	n	123.5	adequate	6.4
851-Draft_Resolution_for_National_Convention_04-08-1974.pdf	851	2	1069784	none	none	0.0	0.0	0.0	200	n	120.6	adequate	6.8
852-National_Convention_of_the_Swatantra_Party.pdf	852	9	5604238	none	none	0.0	0.0	0.0	200	n	161.6	strong	6.1
853-National_Convention_of_the_Swatantra_Party_04-08-1974.pdf	853	2	558397	none	none	0.0	0.0	0.0	200	n	168.1	strong	6.0
854-Letter_to_Piloo_Mody_31-07-1974.pdf	854	2	1031837	none	none	0.0	0.0	0.0	200	n	143.1	strong	10.1
855-Letter_to_RD_Patel_30-07-1974.pdf	855	1	752073	none	none	0.0	0.0	0.0	200	y	164.5	strong	3.0
856-Letter_to_Mr_Minoo_Masani_23-07-1974.pdf	856	6	2499850	none	none	0.0	0.0	0.0	200	n	115.4	adequate	5.6
857-Letter_to_Mr_Minoo_Masani_27-07-1974.pdf	857	2	824639	none	none	0.0	0.0	0.0	200	n	152.7	strong	8.6
858-Letter_to_Mr_Minoo_Masani_20-07-1974.pdf	858	1	242027	none	none	0.0	0.0	0.0	200	n	133.4	strong	5.6
859-Letter_to_SS_Ahuja_24-07-1974.pdf	859	1	749717	none	none	0.0	0.0	0.0	200	y	157.1	strong	1.6
86-Letter_to_Mr_Nautamlal_16-03-1971.pdf	86	1	248968	none	none	0.0	0.0	0.0	200	y	95.1	adequate	1.4
860-Letter_to_Mr_Minoo_Masani_23-07-1974.pdf	860	1	1162370	none	none	0.0	0.0	0.0	200	y	107.8	adequate	5.4
861-National_Executive_Circular_no_121_23-07-1974.pdf	861	2	608286	none	none	0.0	0.0	0.0	200	y	172.5	strong	3.2
862-Letter_to_Mr_Minoo_Masani_22-07-1974.pdf	862	1	598650	none	none	0.0	0.0	0.0	200	n	133.1	strong	9.0
863-Letter_to_Piloo_Mody_22-07-1974.pdf	863	1	540145	none	none	0.0	0.0	0.0	200	n	131.0	strong	8.4
864-Letter_to_Piloo_Mody_16-07-1974.pdf	864	2	824463	none	none	0.0	0.0	0.0	200	n	152.5	strong	7.4
865-National_Executive_of_Swatantra_party_09-07-1974.pdf	865	4	4034480	none	none	0.0	0.0	0.0	200	y	137.1	strong	10.4
866-Letter_to_Kusum_Kumar_Joshi_18-07-1974.pdf	866	1	728652	none	none	0.0	0.0	0.0	200	y	127.8	adequate	5.2
867-Letter_to_Mr_Minoo_Masani_18-07-1974.pdf	867	4	1409584	none	none	0.0	0.0	0.0	200	n	123.9	adequate	5.4
868-Resolution_For_Consideration_by_the_National_Convention_04-08-1974.pdf	868	2	539567	none	none	0.0	0.0	0.0	200	n	148.2	strong	5.7
869-Letter_to_N_Dandekar_17-07-1974.pdf	869	1	737352	none	none	0.0	0.0	0.0	200	n	159.4	strong	4.2
87-Telegram_to_Mr_Minoo_Masani_11-03-1971.pdf	87	1	268057	none	none	0.0	0.0	0.0	200	y	64.2	weak	10.0
870-Letter_to_HM_Patel_17-07-1974.pdf	870	1	740338	none	none	0.0	0.0	0.0	200	y	163.1	strong	3.6
871-Letter_About_national_Convention_16-07-1974.pdf	871	1	93217	none	none	0.0	0.0	0.0	200	n	134.7	strong	2.9
872-Letter_About_national_Convention_16-07-1974.pdf	872	1	645836	none	none	0.0	0.0	0.0	200	n	181.3	strong	2.9
873-National_Convention_of_the_Swatantra_Party_04-08-1974.pdf	873	2	549597	none	none	0.0	0.0	0.0	200	n	165.3	strong	5.3
874-The_Move_to_Dissolve_the_Swatantra_party_16-07-1974.pdf	874	5	1338268	none	none	0.0	0.0	0.0	200	n	174.8	strong	8.4
875-Letter_to_Om_Prakash_Pathik_16-07-1974.pdf	875	1	651798	none	none	0.0	0.0	0.0	200	n	164.1	strong	2.8
876-National_Executive_Circular_no_121_13-07-1974.pdf	876	1	249429	none	none	0.0	0.0	0.0	200	n	133.8	strong	4.4
877-Letter_to_Piloo_Mody_13-07-1974.pdf	877	7	2617931	none	none	0.0	0.0	0.0	200	n	128.8	adequate	9.5
878-Letter_to_Mr_Minoo_Masani_10-07-1974.pdf	878	2	369507	none	none	0.0	0.0	0.0	200	n	101.1	adequate	4.3
879-Letter_to_Sumatilal_P_Shah_15-07-1974.pdf	879	1	733045	none	none	0.0	0.0	0.0	200	y	159.0	strong	3.7
88-Letter_to_Mr_Jivrajbhai_16-03-1971.pdf	88	1	299350	none	none	0.0	0.0	0.0	200	y	107.2	adequate	2.3
880-Letter_to_Mr_Minoo_Masani_10-07-1974.pdf	880	2	1090512	none	none	0.0	0.0	0.0	200	n	100.7	adequate	6.2
881-Letter_to_Piloo_Mody_15-07-1974.pdf	881	1	725964	none	none	0.0	0.0	0.0	200	y	160.1	strong	3.5
882-Letter_to_Piloo_Mody_15-07-1974.pdf	882	1	650721	none	none	0.0	0.0	0.0	200	n	161.5	strong	3.5
883-Letter_to_Mr_Minoo_Masani_11-07-1974.pdf	883	1	166354	none	none	0.0	0.0	0.0	200	n	123.2	adequate	2.9
884-Draft_Resolution_for_National_Convention_04-08-1974.pdf	884	2	717005	none	none	0.0	0.0	0.0	200	n	136.1	strong	5.7
885-Letter_to_Piloo_Mody_11-07-1974.pdf	885	5	2299956	none	none	0.0	0.0	0.0	200	n	113.2	adequate	7.4
886-Letter_to_Madhu_Mehta_12-07-1974.pdf	886	1	775623	none	none	0.0	0.0	0.0	200	y	150.6	strong	2.3
887-Letter_to_Girish_Munshi_11-07-1974.pdf	887	2	849110	none	none	0.0	0.0	0.0	200	n	172.3	strong	7.4
888-Complaints_Regarding_the_Delegates_Quota_06-07-1974.pdf	888	2	1003137	none	none	0.0	0.0	0.0	200	n	133.3	strong	6.9
889-Letter_to_Sumatilal_P_Shah_10-07-1974.pdf	889	1	736949	none	none	0.0	0.0	0.0	200	y	156.5	strong	2.5
89-Letter_to_Mr_Ramjibhai_Talsania_16-03-1971.pdf	89	1	284570	none	none	0.0	0.0	0.0	200	y	100.9	adequate	2.4
890-Letter_to_Mr_Minoo_Masani_02-07-1974.pdf	890	6	2922506	none	none	0.0	0.0	0.0	200	n	134.0	strong	5.2
891-Letter_to_Piloo_Mody_08-07-1974.pdf	891	1	672679	none	none	0.0	0.0	0.0	200	n	136.2	strong	5.5
892-National_Convention_of_the_Swatantra_Party.pdf	892	3	715186	none	none	0.0	0.0	0.0	200	n	175.3	strong	4.5
893-Meeting_of_the_State_Council_of_the_Swatantra_party_06-07-1974.pdf	893	3	1480971	none	none	0.0	0.0	0.0	200	n	124.5	adequate	6.6
894-Letter_to_N_K_Ganapaiah_03-07-1974.pdf	894	1	857729	none	none	0.0	0.0	0.0	200	y	188.8	strong	2.8
895-Letter_to_Mr_Minoo_Masani_26-06-1974.pdf	895	1	990070	none	none	0.0	0.0	0.0	200	n	127.0	adequate	11.5
896-Letter_to_SP_Shah_03-07-1974.pdf	896	1	792990	none	none	0.0	0.0	0.0	200	y	144.6	strong	1.8
897-Letter_to_Mr_Minoo_Masani_13-06-1974.pdf	897	3	284313	none	none	0.0	0.0	0.0	200	n	133.5	strong	2.8
898-Letter_to_Piloo_Mody_01-07-1974.pdf	898	3	3051560	none	none	0.0	0.0	0.0	200	y	161.4	strong	12.6
899-Letter_to_GK_Sundaram_27-06-1974.pdf	899	1	742745	none	none	0.0	0.0	0.0	200	n	166.4	strong	7.9
9-Letter_to_Mr_Minoo_Masani_24-03-1971.pdf	9	1	373031	none	none	0.0	0.0	0.0	200	y	97.8	adequate	4.0
90-Letter_to_Harjivanbhai_Sheth_16-03-1971.pdf	90	1	284330	none	none	0.0	0.0	0.0	200	y	99.8	adequate	2.2
900-Telegram_to_Mr_Minoo_Masani_27-07-1974.pdf	900	1	698632	none	none	0.0	0.0	0.0	200	n	153.2	strong	3.0
901-Letter_to_Mr_Minoo_Masani_26-06-1974.pdf	901	2	1132729	none	none	0.0	0.0	0.0	200	y	119.9	adequate	24.4
902-Meeting_of_the_State_Council_of_the_Swatantra_party_22-06-1974.pdf	902	2	626734	none	none	0.0	0.0	0.0	200	n	137.2	strong	6.6
903-Letter_to_Madhu_Mehta_29-06-1974.pdf	903	2	1434538	none	none	0.0	0.0	0.0	200	n	143.3	strong	10.0
904-Letter_to_Jairam_26-06-1968.pdf	904	2	1073763	none	none	0.0	0.0	0.0	200	n	126.9	adequate	21.4
905-Letter_About_Two_Party_System_in_India_16-06-1974.pdf	905	4	2385342	none	none	0.0	0.0	0.0	200	n	123.0	adequate	7.5
906-Letter_to_Mr_Minoo_Masani_12-06-1974.pdf	906	2	708901	none	none	0.0	0.0	0.0	200	n	131.4	strong	5.0
907-Draft_Minutes_of_the_Meeting_of_the_general_Council_10-06-1974.pdf	907	8	4995883	none	none	0.0	0.0	0.0	200	n	147.6	strong	6.5
908-Draft_Statement_of_Policy.pdf	908	25	16407227	none	none	0.0	0.0	0.0	200	n	108.1	adequate	4.9
909-Letter_to_Mr_Minoo_Masani_12-06-1974.pdf	909	2	748080	none	none	0.0	0.0	0.0	200	n	125.5	adequate	6.4
91-Letter_to_Rasiklalbhai_16-03-1971.pdf	91	1	278706	none	none	0.0	0.0	0.0	200	y	96.5	adequate	2.3
910-Letter_to_Mr_Minoo_Masani_06-06-1974.pdf	910	1	678531	none	none	0.0	0.0	0.0	200	n	153.8	strong	2.1
911-Letter_to_Piloo_Mody_06-06-1974.pdf	911	2	1748067	none	none	0.0	0.0	0.0	200	y	168.2	strong	8.5
912-General_Council_Circular_No_55_13-05-1974.pdf	912	1	311258	none	none	0.0	0.0	0.0	200	n	156.5	strong	5.7
913-Charan_Back_Strikers_17-05-1974.pdf	913	1	713638	none	none	0.0	0.0	0.0	200	y	126.9	adequate	2.7
914-Minutes_of_the_State_Council_Meeting_of_the_Swatantra_Party_27-04-1974.pdf	914	4	1912289	none	none	0.0	0.0	0.0	200	n	141.9	strong	4.9
915-Letter_to_Mr_Minoo_Masani_01-06-1974.pdf	915	3	1657887	none	none	0.0	0.0	0.0	200	n	113.0	adequate	9.2
916-Letter_to_K_Sundaram_30-05-1974.pdf	916	4	3639039	none	none	0.0	0.0	0.0	200	y	180.3	strong	7.7
917-Letter_to_Mr_Minoo_Masani_03-06-1974.pdf	917	8	4082405	none	none	0.0	0.0	0.0	200	n	132.7	strong	6.2
918-Letter_to_J_Ramabardhan_30-05-1974.pdf	918	1	738735	none	none	0.0	0.0	0.0	200	y	160.2	strong	3.5
919-Letter_to_Mr_Minoo_Masani_27-05-1974.pdf	919	2	576488	none	none	0.0	0.0	0.0	200	n	117.8	adequate	6.6
92-Letter_to_Mr_Minoo_Masani_05-03-1971.pdf	92	1	449252	none	none	0.0	0.0	0.0	200	y	80.9	weak	6.3
920-Letter_to_Mr_Minoo_Masani_27-05-1974.pdf	920	1	193897	none	none	0.0	0.0	0.0	200	n	129.7	adequate	5.4
921-Letter_to_Mr_Minoo_Masani_01-06-1974.pdf	921	4	1465311	none	none	0.0	0.0	0.0	200	y	188.4	strong	13.0
922-Letter_to_Mr_Minoo_Masani_29-04-1974.pdf	922	9	2609486	none	none	0.0	0.0	0.0	200	n	139.7	strong	6.2
923-Letter_to_Mr_Minoo_Masani.pdf	923	2	2050442	none	none	0.0	0.0	0.0	200	y	109.9	adequate	25.8
924-Letter_to_Mathu_Mehta_20-05-1974.pdf	924	2	1303956	none	none	0.0	0.0	0.0	200	n	201.9	strong	9.1
925-Letter_to_Mr_Minoo_Masani_30-05-1974.pdf	925	2	1908531	none	none	0.0	0.0	0.0	200	y	104.7	adequate	24.0
926-Letter_to_Mr_Minoo_Masani_28-05-1974.pdf	926	1	269530	none	none	0.0	0.0	0.0	200	n	156.7	strong	7.7
927-Letter_to_S_GopalKrishnan_28-05-1974.pdf	927	1	663708	none	none	0.0	0.0	0.0	200	y	210.1	strong	4.4
928-Letter_to_Piloo_Mody_25-04-1974.pdf	928	3	2145255	none	none	0.0	0.0	0.0	200	n	151.5	strong	8.6
929-Letter_to_A_Seshadri_28-05-1974.pdf	929	1	722742	none	none	0.0	0.0	0.0	200	y	155.9	strong	2.4
93-Letter_To_Fali_Wadia_15-03-1971.pdf	93	1	324378	none	none	0.0	0.0	0.0	200	y	98.8	adequate	4.8
930-Letter_to_Mr_Minoo_Masani_24-04-1974.pdf	930	2	1839460	none	none	0.0	0.0	0.0	200	y	142.2	strong	25.9
931-Letter_to_Sumatilal_Shah_24-05-1974.pdf	931	1	616090	none	none	0.0	0.0	0.0	200	n	199.8	strong	3.4
932-Letter_to_Mr_Minoo_Masani_20-05-1974.pdf	932	2	240654	none	none	0.0	0.0	0.0	200	y	122.3	adequate	10.1
933-Letter_to_Mr_Minoo_Masani_13-03-1974.pdf	933	4	2241879	none	none	0.0	0.0	0.0	200	n	112.0	adequate	6.3
934-Letter_to_Ghasiram_Majhi_17-05-1974.pdf	934	1	601578	none	none	0.0	0.0	0.0	200	n	146.6	strong	4.3
935-Letter_to_Mody_22-04-1974.pdf	935	1	510204	none	none	0.0	0.0	0.0	200	n	149.9	strong	11.5
936-Letter_to_Mr_Minoo_Masani_15-04-1974.pdf	936	1	449567	none	none	0.0	0.0	0.0	200	n	153.9	strong	10.3
937-Letter_to_Mr_Minoo_Masani_07-04-1974.pdf	937	3	796772	none	none	0.0	0.0	0.0	200	n	150.2	strong	6.8
938-Letter_to_Dahyabhai_V_Patel_17-05-1974.pdf	938	1	445454	none	none	0.0	0.0	0.0	200	n	147.4	strong	2.9
939-Letter_to_Dahyabhai_V_Patel_25-03-1974.pdf	939	4	1155799	none	none	0.0	0.0	0.0	200	n	120.2	adequate	4.6
94-Letter_to_Mulubhai_Nautamalal_Mehta_11-03-1971.pdf	94	1	323617	none	none	0.0	0.0	0.0	200	y	47.3	faint	9.3
940-Greeting_to_the_Delegates_22-03-1974.pdf	940	1	595605	none	none	0.0	0.0	0.0	200	n	197.5	strong	2.4
941-Letter_to_Raju_30-06-1974.pdf	941	437	193382688	none	none	0.0	0.0	0.0	200	y	121.8	adequate	6.5
943-Lette_to_Mr_Masani_27-02-1963.pdf	943	2	199751	none	none	0.0	0.0	0.0	200	y	85.2	weak	9.9
944-Letter_to_Raja_14-03-1963.pdf	944	1	6470	none	none	0.0	0.0	0.0	200	n	185.6	strong	1.4
945-Letter_to_Raja_16-03-1963.pdf	945	2	665154	none	none	0.0	0.0	0.0	200	n	93.6	adequate	5.1
946-Letter_to_bhailal_15-03-1963.pdf	946	1	232637	none	none	0.0	0.0	0.0	200	n	92.1	adequate	1.6
947-Letter_to_Raja_16-03-1963.pdf	947	1	322801	none	none	0.0	0.0	0.0	200	n	105.9	adequate	3.4
948-Letter_to_Raja_23-03-1963.pdf	948	1	392004	none	none	0.0	0.0	0.0	200	n	89.4	weak	7.4
949-Letter_to_Shri_Kannamwar_14-10-1963.pdf	949	1	381639	none	none	0.0	0.0	0.0	200	n	48.6	faint	13.5
95-Letter_to_Mr_Minoo_Masani_25-01-1971.pdf	95	10	2547770	none	none	0.0	0.0	0.0	200	y	72.9	weak	6.4
950-Letter_to_Dahyabhai_V_Patel_08-08-1963.pdf	950	1	306668	none	none	0.0	0.0	0.0	200	n	103.6	adequate	3.9
951-Letter_to_Mr_Minoo_Masani_24-07-1963.pdf	951	1	347697	none	none	0.0	0.0	0.0	200	n	138.0	strong	8.8
952-Letter_to_Kripalani_15-07-1963.pdf	952	1	348394	none	none	0.0	0.0	0.0	200	n	85.8	weak	6.6
953-Letter_to_Kripalani_04-07-1963.pdf	953	2	641330	none	none	0.0	0.0	0.0	200	y	104.9	adequate	7.3
954-Letter_to_JN_from_Urli_Kanchan_07-03-1957.pdf	954	2	612255	none	none	0.0	0.0	0.0	200	y	101.6	adequate	9.3
955-Thiruvannamalai_Poll_Straight_Fight_Between_Congress_DMK_29-06-1963.pdf	955	1	359735	none	none	0.0	0.0	0.0	200	y	86.3	weak	19.7
956-GPCC_to_Take_Action_Against_Rebal_Partymen_25-03-1963.pdf	956	1	284122	none	none	0.0	0.0	0.0	200	y	67.7	weak	10.3
957-Munshi_for_Counting_Emergency_26-06-1963.pdf	957	1	284532	none	none	0.0	0.0	0.0	200	y	89.0	weak	12.3
958-Call_to_Retain_Emergency_26-06-1963.pdf	958	1	221986	none	none	0.0	0.0	0.0	200	y	50.3	faint	22.3
959-Emergency_Must_Stay_Says_Munshi_25-06-1963.pdf	959	1	243494	none	none	0.0	0.0	0.0	200	y	47.0	faint	23.8
96-Letter_to_Mr_Minoo_Masani_11-03-1971.pdf	96	1	384157	none	none	0.0	0.0	0.0	200	y	109.6	adequate	6.9
960-Call_to_Retain_Emergency_26-06-1963.pdf	960	1	236754	none	none	0.0	0.0	0.0	200	y	31.9	faint	29.4
961-No_Swatantra_Split_on_Language_Issue_26-06-1963.pdf	961	1	270145	none	none	0.0	0.0	0.0	200	y	36.7	faint	19.7
962-Lette_to_Mr_Masani_29-06-1963.pdf	962	4	1388639	none	none	0.0	0.0	0.0	200	y	110.7	adequate	14.4
963-Letter_to_Kripalani_29-06-1963.pdf	963	1	396607	none	none	0.0	0.0	0.0	200	y	73.0	weak	12.9
964-Letter_to_Kripalani_28-06-1963.pdf	964	1	302787	none	none	0.0	0.0	0.0	200	n	63.8	weak	10.8
965-Letter_to_Mr_Minoo_Masani_28-06-1963.pdf	965	1	302851	none	none	0.0	0.0	0.0	200	y	98.1	adequate	5.9
966-Letter_to_Mr_Minoo_Masani_27-06-1963.pdf	966	1	174707	none	none	0.0	0.0	0.0	200	y	95.6	adequate	3.3
967-Letter_to_Kripalani_20-06-1963.pdf	967	1	318489	none	none	0.0	0.0	0.0	200	n	117.9	adequate	6.7
968-Letter_to_Jayaprakash_Narayan_27-06-1963.pdf	968	1	373030	none	none	0.0	0.0	0.0	200	y	112.5	adequate	14.8
969-Letter_to_C_Rajagopalachari_26-06-1963.pdf	969	2	383550	none	none	0.0	0.0	0.0	200	y	118.9	adequate	7.8
97-Letter_to_Mr_Ahmed_Kassam_Koonda_11-03-1971.pdf	97	1	258634	none	none	0.0	0.0	0.0	200	y	81.9	weak	1.8
970-Letter_to_Kripalani_26-06-1963.pdf	970	1	278171	none	none	0.0	0.0	0.0	200	n	77.7	weak	4.6
971-Letter_to_NG_Ranga_26-06-1963.pdf	971	3	1115520	none	none	0.0	0.0	0.0	200	n	84.8	weak	13.7
972-Swatantra_Split_Over_Language_Question_20-06-1963.pdf	972	1	306595	none	none	0.0	0.0	0.0	200	y	65.8	weak	22.6
973-Munshi_Wants_Emergency_to_Continue-Times_of_India_26-06-1963.pdf	973	1	285553	none	none	0.0	0.0	0.0	200	y	57.3	faint	26.3
974-Munshi_Wants_Emergency_to_Continue-Times_of_India.pdf	974	1	628681	none	none	0.0	0.0	0.0	200	y	72.7	weak	20.8
975-Letter_to_Deendayal_Upadhyaya_25-06-1963.pdf	975	1	278458	none	none	0.0	0.0	0.0	200	n	96.4	adequate	10.9
976-Letter_to_Dahyabhai_V_Patel_24-06-1963.pdf	976	1	333622	none	none	0.0	0.0	0.0	200	n	123.5	adequate	5.8
977-Letter_to_Mr_Minoo_Masani_21-06-1963.pdf	977	1	223797	none	none	0.0	0.0	0.0	200	y	133.3	strong	4.1
978-Letter_to_Raja_19-06-1963.pdf	978	1	421143	none	none	0.0	0.0	0.0	200	n	111.4	adequate	7.8
979-Letter_to_Mr_Minoo_Masani_20-06-1963.pdf	979	1	347245	none	none	0.0	0.0	0.0	200	n	108.0	adequate	7.0
98-Letter_to_Miss_Rati_Cooper_04-03-1971.pdf	98	5	1089702	none	none	0.0	0.0	0.0	200	y	92.8	adequate	4.6
980-Letter_to_Sardar_Kapur_Singhjee_20-06-1963.pdf	980	3	824516	none	none	0.0	0.0	0.0	200	y	82.8	weak	9.0
981-Letter_to_Mr_Minoo_Masani_20-06-1963.pdf	981	1	372276	none	none	0.0	0.0	0.0	200	n	104.4	adequate	5.5
982-Letter_to_Raja_19-06-1963.pdf	982	1	345432	none	none	0.0	0.0	0.0	200	n	70.0	weak	6.8
983-Efforts_at_Opposition_Unity_19-06-1963.pdf	983	1	300270	none	none	0.0	0.0	0.0	200	n	75.3	weak	4.4
984-Letter_to_Mr_Minoo_Masani_19-06-1963.pdf	984	1	434788	none	none	0.0	0.0	0.0	200	n	88.5	weak	11.7
985-Letter_to_Mr_Minoo_Masani_19-06-1963.pdf	985	1	442599	none	none	0.0	0.0	0.0	200	n	116.3	adequate	9.3
986-Letter_to_Mr_Minoo_Masani_19-06-1963.pdf	986	1	242855	none	none	0.0	0.0	0.0	200	y	107.1	adequate	4.3
987-Letter_to_Raja_19-06-1963.pdf	987	2	513339	none	none	0.0	0.0	0.0	200	y	120.2	adequate	8.3
988-Letter_to_Mr_Minoo_Masani_19-06-1963.pdf	988	2	816526	none	none	0.0	0.0	0.0	200	n	83.3	weak	6.8
989-Letter_to_Mr_Minoo_Masani_17-06-1963.pdf	989	1	428944	none	none	0.0	0.0	0.0	200	n	112.9	adequate	9.6
99-Letter_to_Mr_Harisn_Chinai_05-03-1971.pdf	99	1	261570	none	none	0.0	0.0	0.0	200	y	73.1	weak	3.1
990-Letter_to_Mr_Minoo_Masani_17-06-1963.pdf	990	1	342630	none	none	0.0	0.0	0.0	200	y	127.3	adequate	8.7
991-Letter_to_Mr_Minoo_Masani_02-11-1963.pdf	991	4	1291388	none	none	0.0	0.0	0.0	200	y	71.4	weak	11.0
992-MR_Masanis_Supplementary_Report_to_the_Central_Organising.pdf	992	1	393507	none	none	0.0	0.0	0.0	200	n	89.6	weak	6.7
993-Report_to_the_Central_Organising_Committee_on_Their_Visit_to_Bihar.pdf	993	2	1225098	none	none	0.0	0.0	0.0	200	n	83.8	weak	14.0
994-Letter_to_SK_Kooka_31-08-1964.pdf	994	1	339942	none	none	0.0	0.0	0.0	200	n	43.3	faint	10.4
995-Letter_to_Mr_Minoo_Masani_09-09-1964.pdf	995	2	652981	none	none	0.0	0.0	0.0	200	y	97.6	adequate	13.5
996-Letter_About_Issue_Ticket.pdf	996	1	211537	none	none	0.0	0.0	0.0	200	n	90.5	adequate	3.4
997-Letter_About_Discuss_Affairs_in_Rajasthan_and_About_Party_in_General_02-09-1964.pdf	997	3	1165014	none	none	0.0	0.0	0.0	200	n	63.9	weak	23.9
998-Letter_to_Mr_Minoo_Masani_28-08-1964.pdf	998	2	821996	none	none	0.0	0.0	0.0	200	y	103.5	adequate	28.9
999-Telegram_to_Mr_Minoo_Masani_28-08-1964.pdf	999	1	266264	none	none	0.0	0.0	0.0	200	y	148.1	strong	13.3
