2026-08-20T07:40:18	1261-Letter_from_Mr_Minoo_Masani_17-12-1969	metadata.a	ok cred=0.28
2026-08-20T07:40:21	1267-Letter_from_PK_Patnaik_03-03-1970	metadata.a	ok cred=0.31
2026-08-20T07:40:21	1260-Letter_from_Mr_Minoo_Masani_06-08-1970	metadata.a	ok cred=0.23
2026-08-20T07:40:43	1267-Letter_from_PK_Patnaik_03-03-1970	summary	ok cred=0.28
2026-08-20T07:40:48	1260-Letter_from_Mr_Minoo_Masani_06-08-1970	summary	ok cred=0.26
2026-08-20T07:40:49	1261-Letter_from_Mr_Minoo_Masani_17-12-1969	summary	ok cred=0.28
2026-08-20T07:41:04	1269-Letter_to_Mr_Minoo_Masani_06-02-1970	metadata.a	ok cred=0.23
2026-08-20T07:41:10	1270-Letter_from_Mr_Minoo_Masani_27-02-1970	metadata.a	ok cred=0.28
2026-08-20T07:41:16	127-Telegram_to_Mr_Minoo_Masani_01-03-1971	metadata.a	ok cred=0.29
2026-08-20T07:41:36	1270-Letter_from_Mr_Minoo_Masani_27-02-1970	summary	ok cred=0.27
2026-08-20T07:41:39	127-Telegram_to_Mr_Minoo_Masani_01-03-1971	summary	ok cred=0.25
2026-08-20T07:41:53	1269-Letter_to_Mr_Minoo_Masani_06-02-1970	summary	ok cred=0.27
2026-08-20T07:42:52	1280-Letter_to_Acting_President_24-07-1969	metadata.a	ok cred=0.29
2026-08-20T07:42:54	1272-Letter_from_Mr_Minoo_Masani_15-12-1969	metadata.a	ok cred=0.28
2026-08-20T07:42:55	1291-Letter_to_Mr_Minoo_Masani_25-03-1963	metadata.a	ok cred=0.29
2026-08-20T07:42:56	1274-Letter_to_The_Speaker-Lok_Sabha_03-12-1969	metadata.a	ok cred=0.29
2026-08-20T07:42:57	1285-Letter_from_Mr_Minoo_Masani_22-07-1969	metadata.a	ok cred=0.3
2026-08-20T07:42:58	1288-Letter_to_NG_Ranga_03-06-1968	metadata.a	ok cred=0.29
2026-08-20T07:43:00	1292-Letter_to_CC_Desai_24-03-1968	metadata.a	ok cred=0.31
2026-08-20T07:43:05	1284-For_Favour_of_Publication_23-07-1969	metadata.a	ok cred=0.34
2026-08-20T07:43:16	1280-Letter_to_Acting_President_24-07-1969	summary	ok cred=0.26
2026-08-20T07:43:17	1272-Letter_from_Mr_Minoo_Masani_15-12-1969	summary	ok cred=0.27
2026-08-20T07:43:20	1285-Letter_from_Mr_Minoo_Masani_22-07-1969	summary	ok cred=0.27
2026-08-20T07:43:21	1291-Letter_to_Mr_Minoo_Masani_25-03-1963	summary	ok cred=0.28
2026-08-20T07:43:29	1288-Letter_to_NG_Ranga_03-06-1968	summary	ok cred=0.26
2026-08-20T07:43:30	1274-Letter_to_The_Speaker-Lok_Sabha_03-12-1969	summary	UNPARSEABLE
2026-08-20T07:43:41	1293-Letter_to_Mr_Minoo_Masani_19-02-1968	metadata.a	ok cred=0.28
2026-08-20T07:43:43	1292-Letter_to_CC_Desai_24-03-1968	summary	ok cred=0.34
2026-08-20T07:43:44	1296-Letter_to_Mr_Minoo_Masani_08-03-1968	metadata.a	ok cred=0.28
2026-08-20T07:43:53	1294-For_Favour_of_Publication_15-02-1968	metadata.a	ok cred=0.35
2026-08-20T07:43:55	1284-For_Favour_of_Publication_23-07-1969	summary	ok cred=0.35
2026-08-20T07:43:57	1297-Letter_to_Mr_Minoo_Masani_23-02-1968	metadata.a	ok cred=0.3
2026-08-20T07:44:01	1293-Letter_to_Mr_Minoo_Masani_19-02-1968	summary	ok cred=0.26
2026-08-20T07:44:08	1298-Letter_from_Mr_Minoo_Masani_22-02-1968	metadata.a	ok cred=0.22
2026-08-20T07:44:10	1296-Letter_to_Mr_Minoo_Masani_08-03-1968	summary	ok cred=0.27
2026-08-20T07:44:10	1299-Letter_to_Mr_Minoo_Masani_06-02-1968	metadata.a	ok cred=0.29
2026-08-20T07:44:19	13-Letter_to_Mr_Nagen_Bakshi_29-03-1971	metadata.a	ok cred=0.22
2026-08-20T07:44:21	1297-Letter_to_Mr_Minoo_Masani_23-02-1968	summary	ok cred=0.26
2026-08-20T07:44:26	1301-Letter_from_Mr_Minoo_Masani_23-03-1967	metadata.a	ok cred=0.29
2026-08-20T07:44:34	1294-For_Favour_of_Publication_15-02-1968	summary	ok cred=0.31
2026-08-20T07:44:38	1298-Letter_from_Mr_Minoo_Masani_22-02-1968	summary	ok cred=0.29
2026-08-20T07:44:38	1299-Letter_to_Mr_Minoo_Masani_06-02-1968	summary	ok cred=0.26
2026-08-20T07:44:41	1305-Letter_from_Mr_Minoo_Masani_09-11-1967	metadata.a	ok cred=0.28
2026-08-20T07:44:47	13-Letter_to_Mr_Nagen_Bakshi_29-03-1971	summary	ok cred=0.25
2026-08-20T07:44:49	1307-Letter_to_Mr_Minoo_Masani_24-11-1967	metadata.a	ok cred=0.29
2026-08-20T07:44:51	1301-Letter_from_Mr_Minoo_Masani_23-03-1967	summary	ok cred=0.26
2026-08-20T07:44:56	1308-Letter_to_Mr_Minoo_Masani_21-11-1967	metadata.a	ok cred=0.3
2026-08-20T07:45:01	1310-Letter_from_Mr_Minoo_Masani_20-11-1967	metadata.a	ok cred=0.28
2026-08-20T07:45:02	1313-Letter_to_Morarji_Desai_10-11-1967	metadata.a	ok cred=0.23
2026-08-20T07:45:11	1307-Letter_to_Mr_Minoo_Masani_24-11-1967	summary	ok cred=0.27
2026-08-20T07:45:11	1305-Letter_from_Mr_Minoo_Masani_09-11-1967	summary	ok cred=0.3
2026-08-20T07:45:11	1314-Letter_from_Mr_Minoo_Masani_14-11-1967	metadata.a	ok cred=0.29
2026-08-20T07:45:13	1318-Deficit_Financing_16-11-1967	metadata.a	ok cred=0.23
2026-08-20T07:45:15	1308-Letter_to_Mr_Minoo_Masani_21-11-1967	summary	ok cred=0.27
2026-08-20T07:45:21	1295-Indias_Naval_Expansion_Programme_13-03-1968	metadata.a	ok cred=0.33
2026-08-20T07:45:29	1310-Letter_from_Mr_Minoo_Masani_20-11-1967	summary	ok cred=0.27
2026-08-20T07:45:36	1320-Letter_to_Mr_Minoo_Masani_24-07-1967	metadata.a	ok cred=0.29
2026-08-20T07:45:37	1318-Deficit_Financing_16-11-1967	summary	ok cred=0.27
2026-08-20T07:45:38	1313-Letter_to_Morarji_Desai_10-11-1967	summary	ok cred=0.29
2026-08-20T07:45:39	1321-Letter_from_Morarji_Desai_24-07-1967	metadata.a	ok cred=0.3
2026-08-20T07:45:40	1314-Letter_from_Mr_Minoo_Masani_14-11-1967	summary	ok cred=0.28
2026-08-20T07:45:49	132-The_Hidden_Telephone_Tax-Hindustan_Times_01-07-1967	metadata.a	ok cred=0.3
2026-08-20T07:45:50	1322-Letter_from_Mr_Minoo_Masani_19-07-1967	metadata.a	ok cred=0.28
2026-08-20T07:45:59	1323-Letter_to_Prime_Minister_05-06-1967	metadata.a	ok cred=0.28
2026-08-20T07:45:59	1327-Letter_from_Mr_Minoo_Masani_22-05-1967	metadata.a	ok cred=0.23
2026-08-20T07:46:00	1295-Indias_Naval_Expansion_Programme_13-03-1968	summary	ok cred=0.32
2026-08-20T07:46:03	1320-Letter_to_Mr_Minoo_Masani_24-07-1967	summary	ok cred=0.26
2026-08-20T07:46:07	1322-Letter_from_Mr_Minoo_Masani_19-07-1967	summary	ok cred=0.23
2026-08-20T07:46:09	1321-Letter_from_Morarji_Desai_24-07-1967	summary	ok cred=0.31
2026-08-20T07:46:11	1326-Letter_to_Mr_Minoo_Masani_26-05-1967	metadata.a	ok cred=0.29
2026-08-20T07:46:17	132-The_Hidden_Telephone_Tax-Hindustan_Times_01-07-1967	summary	ok cred=0.28
2026-08-20T07:46:23	1323-Letter_to_Prime_Minister_05-06-1967	summary	ok cred=0.24
2026-08-20T07:46:23	1328-Letter_from_Mr_Minoo_Masani_28-04-1967	metadata.a	ok cred=0.23
2026-08-20T07:46:26	1327-Letter_from_Mr_Minoo_Masani_22-05-1967	summary	ok cred=0.29
2026-08-20T07:46:29	1329-Letter_to_Mr_Minoo_Masani_25-04-1967	metadata.a	ok cred=0.29
2026-08-20T07:46:30	1331-Letter_to_Mr_Minoo_Masani_21-04-1967	metadata.a	ok cred=0.28
2026-08-20T07:46:31	1330-Letter_to_Piloo_H_Mody_26-04-1967	metadata.a	ok cred=0.28
2026-08-20T07:46:37	1326-Letter_to_Mr_Minoo_Masani_26-05-1967	summary	ok cred=0.28
2026-08-20T07:46:39	1332-Letter_to_Mr_Minoo_Masani_18-04-1967	metadata.a	ok cred=0.27
2026-08-20T07:46:45	1336-Letter_from_Mr_Minoo_Masani_07-04-1967	metadata.a	ok cred=0.27
2026-08-20T07:46:49	1328-Letter_from_Mr_Minoo_Masani_28-04-1967	summary	ok cred=0.29
2026-08-20T07:46:53	1331-Letter_to_Mr_Minoo_Masani_21-04-1967	summary	ok cred=0.28
2026-08-20T07:46:54	1329-Letter_to_Mr_Minoo_Masani_25-04-1967	summary	ok cred=0.26
2026-08-20T07:46:54	1330-Letter_to_Piloo_H_Mody_26-04-1967	summary	ok cred=0.25
2026-08-20T07:46:54	1339-Letter_to_Mr_Minoo_Masani_03-04-1967	metadata.a	ok cred=0.29
2026-08-20T07:47:01	134-Morarjis_Breakfast_Nations_Last_Supper-March_Of_The_Nation_24-06-1967	metadata.a	ok cred=0.29
2026-08-20T07:47:10	1336-Letter_from_Mr_Minoo_Masani_07-04-1967	summary	ok cred=0.28
2026-08-20T07:47:11	1332-Letter_to_Mr_Minoo_Masani_18-04-1967	summary	ok cred=0.28
2026-08-20T07:47:14	1342-Letter_to_Mr_Minoo_Masani_29-03-1967	metadata.a	ok cred=0.27
2026-08-20T07:47:16	1343-Letter_from_Mr_Minoo_Masani_28-03-1967	metadata.a	ok cred=0.22
2026-08-20T07:47:16	1340-Letter_to_Mr_Minoo_Masani_01-04-1967	metadata.a	ok cred=0.23
2026-08-20T07:47:17	1341-Letter_to_Mr_Minoo_Masani_31-03-1967	metadata.a	ok cred=0.21
2026-08-20T07:47:25	1339-Letter_to_Mr_Minoo_Masani_03-04-1967	summary	ok cred=0.28
2026-08-20T07:47:34	1342-Letter_to_Mr_Minoo_Masani_29-03-1967	summary	ok cred=0.24
2026-08-20T07:47:36	134-Morarjis_Breakfast_Nations_Last_Supper-March_Of_The_Nation_24-06-1967	summary	ok cred=0.27
2026-08-20T07:47:38	1343-Letter_from_Mr_Minoo_Masani_28-03-1967	summary	ok cred=0.25
2026-08-20T07:47:38	1345-Letter_to_Indira_Gandhi_28-03-1967	metadata.a	ok cred=0.3
2026-08-20T07:47:41	1348-Letter_to_Mr_Minoo_Masani_27-03-1967	metadata.a	ok cred=0.29
2026-08-20T07:47:43	1341-Letter_to_Mr_Minoo_Masani_31-03-1967	summary	ok cred=0.27
2026-08-20T07:47:52	1349-Letter_from_Mr_Minoo_Masani_27-03-1967	metadata.a	ok cred=0.23
2026-08-20T07:47:56	1351-Letter_from_Mr_Minoo_Masani_21-03-1967	metadata.a	ok cred=0.29
2026-08-20T07:48:01	1352-Letter_to_Mr_Minoo_Masani_20-03-1967	metadata.a	ok cred=0.22
2026-08-20T07:48:02	1348-Letter_to_Mr_Minoo_Masani_27-03-1967	summary	ok cred=0.26
2026-08-20T07:48:04	1353-Relevant_Extract_from_the_House_of_the_People_Deoates_28-04-1953	metadata.a	ok cred=0.23
2026-08-20T07:48:08	1345-Letter_to_Indira_Gandhi_28-03-1967	summary	ok cred=0.27
2026-08-20T07:48:08	1340-Letter_to_Mr_Minoo_Masani_01-04-1967	summary	ok cred=0.26
2026-08-20T07:48:11	1354-Letter_to_Mr_Minoo_Masani_20-03-1967	metadata.a	ok cred=0.28
2026-08-20T07:48:23	1351-Letter_from_Mr_Minoo_Masani_21-03-1967	summary	ok cred=0.25
2026-08-20T07:48:24	1349-Letter_from_Mr_Minoo_Masani_27-03-1967	summary	ok cred=0.29
2026-08-20T07:48:25	1352-Letter_to_Mr_Minoo_Masani_20-03-1967	summary	UNPARSEABLE
2026-08-20T07:48:28	1357-Letter_to_Mr_Minoo_Masani_12-03-1967	metadata.a	ok cred=0.28
2026-08-20T07:48:29	1355-Meeting_of_the_Speaker_with_the_Leaders_of_Uroups_17-03-1967	metadata.a	ok cred=0.24
2026-08-20T07:48:32	1356-Letter_to_Mr_Minoo_Masani_15-03-1967	metadata.a	ok cred=0.3
2026-08-20T07:48:32	1354-Letter_to_Mr_Minoo_Masani_20-03-1967	summary	ok cred=0.26
2026-08-20T07:48:37	1353-Relevant_Extract_from_the_House_of_the_People_Deoates_28-04-1953	summary	ok cred=0.29
2026-08-20T07:48:47	1359-Letter_from_SV_Raju_06-10-1977	metadata.a	ok cred=0.28
2026-08-20T07:48:48	1358-Telegram_from_Mr_Minoo_Masani_12-03-1967	metadata.a	ok cred=0.29
2026-08-20T07:48:49	1364-Letter_from_SV_Raju_15-06-1977	metadata.a	ok cred=0.29
2026-08-20T07:48:52	1355-Meeting_of_the_Speaker_with_the_Leaders_of_Uroups_17-03-1967	summary	ok cred=0.27
2026-08-20T07:48:55	1365-Letter_to_SV_Raju_04-05-1977	metadata.a	ok cred=0.28
2026-08-20T07:48:58	1357-Letter_to_Mr_Minoo_Masani_12-03-1967	summary	ok cred=0.26
2026-08-20T07:48:59	1367-Letter_from_SV_Raju_27-04-1977	metadata.a	ok cred=0.28
2026-08-20T07:49:05	1356-Letter_to_Mr_Minoo_Masani_15-03-1967	summary	ok cred=0.24
2026-08-20T07:49:11	1359-Letter_from_SV_Raju_06-10-1977	summary	ok cred=0.27
2026-08-20T07:49:13	1364-Letter_from_SV_Raju_15-06-1977	summary	ok cred=0.25
2026-08-20T07:49:14	1368-Letter_from_SV_Raju_13-04-1977	metadata.a	ok cred=0.22
2026-08-20T07:49:17	1358-Telegram_from_Mr_Minoo_Masani_12-03-1967	summary	ok cred=0.24
2026-08-20T07:49:24	1375-Letter_from_SV_Raju_27-04-1977	metadata.a	ok cred=0.22
2026-08-20T07:49:26	1365-Letter_to_SV_Raju_04-05-1977	summary	ok cred=0.27
2026-08-20T07:49:31	1367-Letter_from_SV_Raju_27-04-1977	summary	ok cred=0.3
2026-08-20T07:49:32	1376-Letter_to_SV_Raju_05-04-1977	metadata.a	ok cred=0.28
2026-08-20T07:49:33	1385-Letter_to_Mr_Minoo_Masani_16-10-1984	metadata.a	ok cred=0.28
2026-08-20T07:49:35	1378-Letter_to_SV_Raju_20-04-1977	metadata.a	ok cred=0.22
2026-08-20T07:49:43	1368-Letter_from_SV_Raju_13-04-1977	summary	ok cred=0.29
2026-08-20T07:49:43	1387-Letter_from_SV_Raju_Jan-1985	metadata.a	ok cred=0.28
2026-08-20T07:49:47	1388-Letter_from_SV_Raju_20-02-1985	metadata.a	ok cred=0.22
2026-08-20T07:49:54	1389-Letter_to_SV_Raju_05-01-1985	metadata.a	ok cred=0.27
2026-08-20T07:49:58	1378-Letter_to_SV_Raju_20-04-1977	summary	ok cred=0.26
2026-08-20T07:49:58	1385-Letter_to_Mr_Minoo_Masani_16-10-1984	summary	ok cred=0.26
2026-08-20T07:50:06	1376-Letter_to_SV_Raju_05-04-1977	summary	ok cred=0.29
2026-08-20T07:50:07	1388-Letter_from_SV_Raju_20-02-1985	summary	ok cred=0.26
2026-08-20T07:50:07	1390-Letter_from_SV_Raju_15-10-1985	metadata.a	ok cred=0.22
2026-08-20T07:50:09	1375-Letter_from_SV_Raju_27-04-1977	summary	ok cred=0.33
2026-08-20T07:50:12	1389-Letter_to_SV_Raju_05-01-1985	summary	ok cred=0.24
2026-08-20T07:50:20	1393-Talent_House_31-12-1985	metadata.a	ok cred=0.28
2026-08-20T07:50:26	1387-Letter_from_SV_Raju_Jan-1985	summary	ok cred=0.34
2026-08-20T07:50:31	1390-Letter_from_SV_Raju_15-10-1985	summary	ok cred=0.26
2026-08-20T07:50:31	1397-Letter_to_Omkar_Nath_Tiku_08-09-1963	metadata.a	ok cred=0.28
2026-08-20T07:50:32	14-Letter_to_Mrs_K_S_Alva_29-03-1971	metadata.a	ok cred=0.28
2026-08-20T07:50:34	1403-Letter_from_SV_Raju_05-12-1974	metadata.a	ok cred=0.27
2026-08-20T07:50:38	1394-Letter_from_SV_Raju_29-12-1976	metadata.a	ok cred=0.28
2026-08-20T07:50:40	1404-Letter_to_SV_Raju_03-12-1974	metadata.a	ok cred=0.29
2026-08-20T07:50:42	1393-Talent_House_31-12-1985	summary	ok cred=0.25
2026-08-20T07:50:51	1403-Letter_from_SV_Raju_05-12-1974	summary	ok cred=0.21
2026-08-20T07:50:58	14-Letter_to_Mrs_K_S_Alva_29-03-1971	summary	ok cred=0.26
2026-08-20T07:51:01	1409-Letter_to_SV_Raju_20-11-1974	metadata.a	ok cred=0.29
2026-08-20T07:51:04	1420-SV_Raju_will_the_Compliments_of_Swatantra_Party_07-10-1974	metadata.a	ok cred=0.26
2026-08-20T07:51:06	1404-Letter_to_SV_Raju_03-12-1974	summary	ok cred=0.25
2026-08-20T07:51:08	1423-Letter_to_SV_Raju_25-09-1974	metadata.a	ok cred=0.28
2026-08-20T07:51:10	1394-Letter_from_SV_Raju_29-12-1976	summary	ok cred=0.28
2026-08-20T07:51:12	1427-Letter_to_IS_Bhargava_17-09-1974	metadata.a	ok cred=0.28
2026-08-20T07:51:24	1428-Letter_to_MR_Arya_17-09-1974	metadata.a	ok cred=0.22
2026-08-20T07:51:29	1430-Letter_to_SV_Raju_16-09-1974	metadata.a	ok cred=0.23
2026-08-20T07:51:34	1409-Letter_to_SV_Raju_20-11-1974	summary	ok cred=0.29
2026-08-20T07:51:37	1431-Letter_to_Piloo_Mody_13-09-1974	metadata.a	ok cred=0.23
2026-08-20T07:51:39	1427-Letter_to_IS_Bhargava_17-09-1974	summary	ok cred=0.25
2026-08-20T07:51:47	1420-SV_Raju_will_the_Compliments_of_Swatantra_Party_07-10-1974	summary	ok cred=0.3
2026-08-20T07:51:47	1423-Letter_to_SV_Raju_25-09-1974	summary	ok cred=0.3
2026-08-20T07:51:52	1430-Letter_to_SV_Raju_16-09-1974	summary	ok cred=0.25
2026-08-20T07:52:00	1436-Letter_to_SV_Raju_13-09-1974	metadata.a	ok cred=0.22
2026-08-20T07:52:04	1438-Letter_from_SV_Raju_11-09-1974	metadata.a	ok cred=0.28
2026-08-20T07:52:05	1441-Letter_to_SV_Raju_03-09-1974	metadata.a	ok cred=0.27
2026-08-20T07:52:05	1428-Letter_to_MR_Arya_17-09-1974	summary	ok cred=0.29
2026-08-20T07:52:05	1431-Letter_to_Piloo_Mody_13-09-1974	summary	ok cred=0.27
2026-08-20T07:52:08	1449-The_United_States_22-07-1974	metadata.a	ok cred=0.27
2026-08-20T07:52:10	1397-Letter_to_Omkar_Nath_Tiku_08-09-1963	summary	ok cred=0.26
2026-08-20T07:52:22	1455-Sassoon_J_David_&_Co_Ltd_30-04-1974	metadata.a	ok cred=0.27
2026-08-20T07:52:22	1436-Letter_to_SV_Raju_13-09-1974	summary	ok cred=0.26
2026-08-20T07:52:25	1459-letter_from_VP_Bhatia_25-07-1974	metadata.a	ok cred=0.28
2026-08-20T07:52:29	1441-Letter_to_SV_Raju_03-09-1974	summary	ok cred=0.23
2026-08-20T07:52:29	1457-Letter_to_MR_Arya_26-07-1974	metadata.a	ok cred=0.28
2026-08-20T07:52:30	1438-Letter_from_SV_Raju_11-09-1974	summary	ok cred=0.27
2026-08-20T07:52:35	1461-Registration_Reciept_26-03-1974	metadata.a	ok cred=0.28
2026-08-20T07:52:43	1455-Sassoon_J_David_&_Co_Ltd_30-04-1974	summary	ok cred=0.26
2026-08-20T07:52:47	1462-Magistrate_Order_14-08-1974	metadata.a	ok cred=0.29
2026-08-20T07:52:50	1457-Letter_to_MR_Arya_26-07-1974	summary	ok cred=0.26
2026-08-20T07:52:50	1449-The_United_States_22-07-1974	summary	ok cred=0.3
2026-08-20T07:52:51	1464-Letter_to_Mr_Minoo_Masani_23-07-1974	metadata.a	ok cred=0.28
2026-08-20T07:52:54	1466-Letter_to_SV_Raju_15-07-1974	metadata.a	ok cred=0.28
2026-08-20T07:52:58	1459-letter_from_VP_Bhatia_25-07-1974	summary	UNPARSEABLE
2026-08-20T07:53:07	1461-Registration_Reciept_26-03-1974	summary	UNPARSEABLE
2026-08-20T07:53:09	1467-Letter_from_Madhu_Mehta_13-07-1974	metadata.a	ok cred=0.29
2026-08-20T07:53:13	1469-Telegram_to_S_V_Raju	metadata.a	ok cred=0.22
2026-08-20T07:53:17	1462-Magistrate_Order_14-08-1974	summary	ok cred=0.28
2026-08-20T07:53:18	1479-Letter_from_SV_Raju_28-06-1974	metadata.a	ok cred=0.28
2026-08-20T07:53:19	1466-Letter_to_SV_Raju_15-07-1974	summary	ok cred=0.27
2026-08-20T07:53:21	1474-Telegram_from_Mr_Minoo_Masani	metadata.a	ok cred=0.29
2026-08-20T07:53:23	1464-Letter_to_Mr_Minoo_Masani_23-07-1974	summary	ok cred=0.29
2026-08-20T07:53:32	1480-Sixth_National_Convention_15-04-1974	metadata.a	ok cred=0.22
2026-08-20T07:53:37	1467-Letter_from_Madhu_Mehta_13-07-1974	summary	ok cred=0.26
2026-08-20T07:53:39	1484-Letter_to_SV_Raju_14-06-1974	metadata.a	ok cred=0.22
2026-08-20T07:53:44	1469-Telegram_to_S_V_Raju	summary	ok cred=0.21
2026-08-20T07:53:48	1479-Letter_from_SV_Raju_28-06-1974	summary	ok cred=0.27
2026-08-20T07:53:49	1485-For_Favour_of_Publication_10-06-1974	metadata.a	ok cred=0.29
2026-08-20T07:53:51	1492-Letter_from_SV_Raju_13-04-1974	metadata.a	ok cred=0.27
2026-08-20T07:53:53	1480-Sixth_National_Convention_15-04-1974	summary	ok cred=0.23
2026-08-20T07:53:55	1474-Telegram_from_Mr_Minoo_Masani	summary	ok cred=0.29
2026-08-20T07:54:05	1495-Letter_to_Piloo_Mody_26-03-1974	metadata.a	ok cred=0.22
2026-08-20T07:54:08	1496-Letter_to_SV_Raju_19-03-1974	metadata.a	ok cred=0.22
2026-08-20T07:54:08	1497-Letter_to_SV_Raju_18-03-1974	metadata.a	ok cred=0.23
2026-08-20T07:54:13	1484-Letter_to_SV_Raju_14-06-1974	summary	ok cred=0.29
2026-08-20T07:54:20	160-The_Democrats_Dilemma_12-08-1967	metadata.a	ok cred=0.29
2026-08-20T07:54:23	1485-For_Favour_of_Publication_10-06-1974	summary	UNPARSEABLE
2026-08-20T07:54:24	1492-Letter_from_SV_Raju_13-04-1974	summary	ok cred=0.25
2026-08-20T07:54:25	1651-Original_Allocation_Of_Grants_To_The_Regional_Committees_In_The_State	metadata.a	ok cred=0.27
2026-08-20T07:54:30	1496-Letter_to_SV_Raju_19-03-1974	summary	ok cred=0.27
2026-08-20T07:54:37	1495-Letter_to_Piloo_Mody_26-03-1974	summary	ok cred=0.29
2026-08-20T07:54:39	1653-Letter_to_Mr_S_Y_Krishnaswamy_17-11-1959	metadata.a	ok cred=0.29
2026-08-20T07:54:43	1497-Letter_to_SV_Raju_18-03-1974	summary	ok cred=0.3
2026-08-20T07:54:48	1655-Telegram_to_Mr_S_Y_Krishnaswamy_17-11-1959	metadata.a	ok cred=0.28
2026-08-20T07:54:49	1654-Letter_to_Mr_H_P_Modi	metadata.a	ok cred=0.23
2026-08-20T07:54:53	1651-Original_Allocation_Of_Grants_To_The_Regional_Committees_In_The_State	summary	ok cred=0.23
2026-08-20T07:54:56	1657-Letter_to_Ram_Rai_Munshi_16-11-1959	metadata.a	ok cred=0.22
2026-08-20T07:54:57	160-The_Democrats_Dilemma_12-08-1967	summary	ok cred=0.27
2026-08-20T07:55:08	1653-Letter_to_Mr_S_Y_Krishnaswamy_17-11-1959	summary	ok cred=0.28
2026-08-20T07:55:10	1658-Letter_to_Mr_H_N_Hota_16-11-1959	metadata.a	ok cred=0.28
2026-08-20T07:55:11	1655-Telegram_to_Mr_S_Y_Krishnaswamy_17-11-1959	summary	ok cred=0.24
2026-08-20T07:55:15	1660-Letter_to_Dr_Cooper_16-11-1959	metadata.a	ok cred=0.28
2026-08-20T07:55:18	1661-Swatantra_Party_Notice_For_Meeting_09-11-1959	metadata.a	ok cred=0.28
2026-08-20T07:55:22	1662-Letter_to_Kaikhusru_07-11-1959	metadata.a	ok cred=0.22
2026-08-20T07:55:24	1657-Letter_to_Ram_Rai_Munshi_16-11-1959	summary	ok cred=0.27
2026-08-20T07:55:26	1654-Letter_to_Mr_H_P_Modi	summary	UNPARSEABLE
2026-08-20T07:55:29	1664-Letter_to_Chiranjilal_Loyalka_06-11-1959	metadata.a	ok cred=0.27
2026-08-20T07:55:35	1666-Letter_to_Mr_H_P_Modi_06-11-1959	metadata.a	ok cred=0.28
2026-08-20T07:55:39	1658-Letter_to_Mr_H_N_Hota_16-11-1959	summary	UNPARSEABLE
2026-08-20T07:55:41	1661-Swatantra_Party_Notice_For_Meeting_09-11-1959	summary	ok cred=0.24
2026-08-20T07:55:42	1660-Letter_to_Dr_Cooper_16-11-1959	summary	ok cred=0.24
2026-08-20T07:55:48	1664-Letter_to_Chiranjilal_Loyalka_06-11-1959	summary	ok cred=0.21
2026-08-20T07:55:48	1667-Letter_to_Mr_G_Rajagopalachari_03-11-1959	metadata.a	ok cred=0.23
2026-08-20T07:55:50	1662-Letter_to_Kaikhusru_07-11-1959	summary	ok cred=0.28
2026-08-20T07:55:51	1668-Letter_to_Pandit_B_N_Chaturvedi_02-11-1959	metadata.a	ok cred=0.21
2026-08-20T07:56:04	167-Letter_to_Mr_Minoo_Masani_27-03-1968	metadata.a	ok cred=0.21
2026-08-20T07:56:04	1672-Letter_to_Mr_H_P_Modi_23-10-1959	metadata.a	ok cred=0.28
2026-08-20T07:56:07	1666-Letter_to_Mr_H_P_Modi_06-11-1959	summary	ok cred=0.29
2026-08-20T07:56:08	1670-Letter_to_Mr_Purshotam_Das_28-10-1959	metadata.a	ok cred=0.28
2026-08-20T07:56:08	1673-Letter_to_Mr_S_S_Mariswamy_22-10-1959	metadata.a	ok cred=0.21
2026-08-20T07:56:16	1668-Letter_to_Pandit_B_N_Chaturvedi_02-11-1959	summary	UNPARSEABLE
2026-08-20T07:56:16	1674-Letter_to_Mr_H_P_Modi	metadata.a	ok cred=0.29
2026-08-20T07:56:17	1667-Letter_to_Mr_G_Rajagopalachari_03-11-1959	summary	ok cred=0.28
2026-08-20T07:56:25	1676-Letter_to_A_A_Jasdenvala_20-10-1959	metadata.a	ok cred=0.26
2026-08-20T07:56:29	167-Letter_to_Mr_Minoo_Masani_27-03-1968	summary	ok cred=0.24
2026-08-20T07:56:32	1672-Letter_to_Mr_H_P_Modi_23-10-1959	summary	ok cred=0.25
2026-08-20T07:56:35	1670-Letter_to_Mr_Purshotam_Das_28-10-1959	summary	ok cred=0.23
2026-08-20T07:56:36	1673-Letter_to_Mr_S_S_Mariswamy_22-10-1959	summary	ok cred=0.23
2026-08-20T07:56:37	1678-Letter_to_Mrs_F_J_Gazdar_20-10-1959	metadata.a	ok cred=0.2
2026-08-20T07:56:46	1676-Letter_to_A_A_Jasdenvala_20-10-1959	summary	ok cred=0.23
2026-08-20T07:56:47	1677-Letter_to_Jal_J_Gazdar_20-10-1959	metadata.a	ok cred=0.28
2026-08-20T07:56:55	1674-Letter_to_Mr_H_P_Modi	summary	ok cred=0.29
2026-08-20T07:56:55	1681-Letter_to_Mr_H_P_Modi_17-10-1959	metadata.a	ok cred=0.27
2026-08-20T07:56:56	1678-Letter_to_Mrs_F_J_Gazdar_20-10-1959	summary	ok cred=0.23
2026-08-20T07:56:59	1686-Letter_to_Mr_Homi_Modi	metadata.a	ok cred=0.27
2026-08-20T07:57:00	1682-Letter_to_Mr_H_P_Modi_16-10-1959	metadata.a	ok cred=0.28
2026-08-20T07:57:03	1680-Letter_to_Mr_S_Y_Krishnaswamy_19-10-1959	metadata.a	ok cred=0.27
2026-08-20T07:57:08	1677-Letter_to_Jal_J_Gazdar_20-10-1959	summary	ok cred=0.23
2026-08-20T07:57:12	1687-Letter_to_Mr_Homi_Modi	metadata.a	ok cred=0.22
2026-08-20T07:57:14	1681-Letter_to_Mr_H_P_Modi_17-10-1959	summary	UNPARSEABLE
2026-08-20T07:57:14	1689-Letter_to_Chimanlal_B_Parikh_12-10-1959	metadata.a	ok cred=0.27
2026-08-20T07:57:15	1688-Swatanrtra_Party_Statement_of_Remittances_10-10-1959	metadata.a	ok cred=0.27
2026-08-20T07:57:21	1686-Letter_to_Mr_Homi_Modi	summary	ok cred=0.24
2026-08-20T07:57:28	1682-Letter_to_Mr_H_P_Modi_16-10-1959	summary	ok cred=0.28
2026-08-20T07:57:31	1687-Letter_to_Mr_Homi_Modi	summary	ok cred=0.23
2026-08-20T07:57:33	1691-Letter_to_Raja_Bahadur_Singh_07-10-1959	metadata.a	ok cred=0.28
2026-08-20T07:57:34	1689-Letter_to_Chimanlal_B_Parikh_12-10-1959	summary	ok cred=0.22
2026-08-20T07:57:48	1694-Letter_to_Mr_Ranbir_Singh_Jain_05-10-1959	metadata.a	ok cred=0.21
2026-08-20T07:57:49	1692-Letter_to_Mr_R_Agni_Bhoj_07-10-1959	metadata.a	ok cred=0.28
2026-08-20T07:57:49	1693-Letter_to_Mr_Kalayan_Singh_06-10-1959	metadata.a	ok cred=0.29
2026-08-20T07:57:52	1680-Letter_to_Mr_S_Y_Krishnaswamy_19-10-1959	summary	ok cred=0.25
2026-08-20T07:57:58	1691-Letter_to_Raja_Bahadur_Singh_07-10-1959	summary	ok cred=0.24
2026-08-20T07:58:01	1688-Swatanrtra_Party_Statement_of_Remittances_10-10-1959	summary	ok cred=0.29
2026-08-20T07:58:01	17-Letter_to_Mr_Minoo_Masani_16-03-1971	metadata.a	ok cred=0.29
2026-08-20T07:58:14	1696-Letter_to_General_Nathu_Singh_01-10-1959	metadata.a	ok cred=0.27
2026-08-20T07:58:16	1693-Letter_to_Mr_Kalayan_Singh_06-10-1959	summary	ok cred=0.28
2026-08-20T07:58:18	1694-Letter_to_Mr_Ranbir_Singh_Jain_05-10-1959	summary	ok cred=0.27
2026-08-20T07:58:20	1705-Letter_to_Mr_K_N_Munshi_25-09-1959	metadata.a	ok cred=0.28
2026-08-20T07:58:23	1692-Letter_to_Mr_R_Agni_Bhoj_07-10-1959	summary	UNPARSEABLE
2026-08-20T07:58:25	1704-Letter_to_Mr_Homi_Modi_26-09-1959	metadata.a	ok cred=0.23
2026-08-20T07:58:34	17-Letter_to_Mr_Minoo_Masani_16-03-1971	summary	ok cred=0.29
2026-08-20T07:58:36	1696-Letter_to_General_Nathu_Singh_01-10-1959	summary	ok cred=0.26
2026-08-20T07:58:37	1700-Letter_to_Mr_Lynn_28-09-1959	metadata.a	ok cred=0.21
2026-08-20T07:58:38	1709-Letter_to_Mr_S_Y_Krishnaswamy_23-09-1959	metadata.a	ok cred=0.27
2026-08-20T07:58:38	1712-Letter_to_Mr_N_C_Zamindar_14-09-1959	metadata.a	ok cred=0.27
2026-08-20T07:58:44	1705-Letter_to_Mr_K_N_Munshi_25-09-1959	summary	ok cred=0.27
2026-08-20T07:58:48	1715-Letter_to_Mr_Homi_Modi_08-09-1959	metadata.a	ok cred=0.28
2026-08-20T07:58:54	1704-Letter_to_Mr_Homi_Modi_26-09-1959	summary	ok cred=0.28
2026-08-20T07:58:58	1709-Letter_to_Mr_S_Y_Krishnaswamy_23-09-1959	summary	ok cred=0.23
2026-08-20T07:58:59	1716-Letter_to_Mr_C_Rajagopalachari_07-09-1959	metadata.a	ok cred=0.22
2026-08-20T07:59:00	1700-Letter_to_Mr_Lynn_28-09-1959	summary	ok cred=0.23
2026-08-20T07:59:04	1712-Letter_to_Mr_N_C_Zamindar_14-09-1959	summary	ok cred=0.27
2026-08-20T07:59:07	1718-Letter_to_Mr_C_Rajagopalachari_09-08-1959	metadata.a	ok cred=0.27
2026-08-20T07:59:14	1720-Letter_to_Mr_Homi_Modi_10-08-1959	metadata.a	ok cred=0.21
2026-08-20T07:59:14	1715-Letter_to_Mr_Homi_Modi_08-09-1959	summary	ok cred=0.23
2026-08-20T07:59:16	1719-Letter_to_Mr_Homi_Modi_09-08-1959	metadata.a	ok cred=0.28
2026-08-20T07:59:17	1723-Letter_to_Mr_S_Y_Krishnaswamy_08-09-1959	metadata.a	ok cred=0.21
2026-08-20T07:59:18	1721-Letter_to_General_Nathu_Singh_08-09-1959	metadata.a	ok cred=0.27
2026-08-20T07:59:25	1716-Letter_to_Mr_C_Rajagopalachari_07-09-1959	summary	ok cred=0.27
2026-08-20T07:59:30	1724-Letter_To_Mr_Minoo_Masani_03-09-1959	metadata.a	ok cred=0.23
2026-08-20T07:59:40	1719-Letter_to_Mr_Homi_Modi_09-08-1959	summary	UNPARSEABLE
2026-08-20T07:59:42	1725-Letter_to_Mr_Homi_Modi_01-09-1959	metadata.a	ok cred=0.28
2026-08-20T07:59:43	1718-Letter_to_Mr_C_Rajagopalachari_09-08-1959	summary	ok cred=0.3
2026-08-20T07:59:47	1721-Letter_to_General_Nathu_Singh_08-09-1959	summary	ok cred=0.26
2026-08-20T07:59:49	1720-Letter_to_Mr_Homi_Modi_10-08-1959	summary	ok cred=0.26
2026-08-20T07:59:56	1726-Letter_to_Mr_S_Y_Krishnaswamy_28-08-1959	metadata.a	ok cred=0.29
2026-08-20T08:00:05	1723-Letter_to_Mr_S_Y_Krishnaswamy_08-09-1959	summary	ok cred=0.29
2026-08-20T08:00:07	1724-Letter_To_Mr_Minoo_Masani_03-09-1959	summary	ok cred=0.28
2026-08-20T08:00:07	1727-Letter_To_Mr_Minoo_Masani_29-08-1959	metadata.a	ok cred=0.28
2026-08-20T08:00:09	1725-Letter_to_Mr_Homi_Modi_01-09-1959	summary	ok cred=0.27
2026-08-20T08:00:16	1728-Letter_to_Mr_Homi_Modi_28-08-1959	metadata.a	ok cred=0.23
2026-08-20T08:00:20	1730-Letter_From_Mr_Raghavendra_Pratap_Singh_02-09-1959	metadata.a	ok cred=0.29
2026-08-20T08:00:24	1729-Letter_to_Mr_Homi_Modi_06-09-1959	metadata.a	ok cred=0.29
2026-08-20T08:00:28	1726-Letter_to_Mr_S_Y_Krishnaswamy_28-08-1959	summary	ok cred=0.28
2026-08-20T08:00:34	1731-Letter_to_Mr_Hukum_Singh_04-09-1959	metadata.a	ok cred=0.23
2026-08-20T08:00:34	1732-Letter_to_Mr_Homi_Modi_31-08-1959	metadata.a	ok cred=0.3
2026-08-20T08:00:34	1734-Swatantra_Party_Notice_For_Meeting_31-08-1959	metadata.a	ok cred=0.21
2026-08-20T08:00:42	1728-Letter_to_Mr_Homi_Modi_28-08-1959	summary	UNPARSEABLE
2026-08-20T08:00:46	1736-Letter_to_Sirdar_P_S_Sodhbans_04-08-1959	metadata.a	ok cred=0.21
2026-08-20T08:00:47	1727-Letter_To_Mr_Minoo_Masani_29-08-1959	summary	ok cred=0.28
2026-08-20T08:00:47	1730-Letter_From_Mr_Raghavendra_Pratap_Singh_02-09-1959	summary	ok cred=0.26
2026-08-20T08:00:56	1734-Swatantra_Party_Notice_For_Meeting_31-08-1959	summary	ok cred=0.24
2026-08-20T08:00:56	1729-Letter_to_Mr_Homi_Modi_06-09-1959	summary	ok cred=0.3
2026-08-20T08:01:03	1731-Letter_to_Mr_Hukum_Singh_04-09-1959	summary	ok cred=0.28
2026-08-20T08:01:04	1737-Letter_to_Mr_Homi_Modi_30-07-1959	metadata.a	ok cred=0.22
2026-08-20T08:01:05	1732-Letter_to_Mr_Homi_Modi_31-08-1959	summary	ok cred=0.29
2026-08-20T08:01:09	1736-Letter_to_Sirdar_P_S_Sodhbans_04-08-1959	summary	ok cred=0.27
2026-08-20T08:01:10	1741-International_Whos_Who	metadata.a	ok cred=0.28
2026-08-20T08:01:13	174-Letter_to_Mr_S_V_Raju_19-09-1968	metadata.a	ok cred=0.28
2026-08-20T08:01:18	1744-Letter_to_Mr_Homi_Modi_09-08-1959	metadata.a	ok cred=0.28
2026-08-20T08:01:18	1746-Swatantra_Party_Receipts_&_Payments_01-06-1959_to_22-09-1959	metadata.a	ok cred=0.28
2026-08-20T08:01:27	1752-Swatantra_Party_Statement_Of_Financial_Position_08-08-1959	metadata.a	ok cred=0.28
2026-08-20T08:01:30	1754-Letter_to_Mr_Homi_Modi_15-08-1959	metadata.a	ok cred=0.22
2026-08-20T08:01:30	1751-Letter_to_N_G_Ranga_09-08-1959	metadata.a	ok cred=0.22
2026-08-20T08:01:31	1737-Letter_to_Mr_Homi_Modi_30-07-1959	summary	ok cred=0.26
2026-08-20T08:01:36	1741-International_Whos_Who	summary	ok cred=0.28
2026-08-20T08:01:37	174-Letter_to_Mr_S_V_Raju_19-09-1968	summary	ok cred=0.26
2026-08-20T08:01:46	1746-Swatantra_Party_Receipts_&_Payments_01-06-1959_to_22-09-1959	summary	ok cred=0.27
2026-08-20T08:01:52	1755-Letter_to_Mr_N_C_Zamindar_12-08-1959	metadata.a	ok cred=0.21
2026-08-20T08:01:53	1744-Letter_to_Mr_Homi_Modi_09-08-1959	summary	UNPARSEABLE
2026-08-20T08:01:58	1760-Letter_to_Mr_N_C_Zamindar_24-08-1959	metadata.a	ok cred=0.27
2026-08-20T08:02:01	1754-Letter_to_Mr_Homi_Modi_15-08-1959	summary	ok cred=0.27
2026-08-20T08:02:01	1751-Letter_to_N_G_Ranga_09-08-1959	summary	ok cred=0.28
2026-08-20T08:02:02	1752-Swatantra_Party_Statement_Of_Financial_Position_08-08-1959	summary	ok cred=0.28
2026-08-20T08:02:08	1758-Letter_to_Mr_C_V_Ramanatha_30-05-1959	metadata.a	ok cred=0.27
2026-08-20T08:02:11	1761-Letter_to_Mr_S_Y_Krishnaswamy_24-08-1959	metadata.a	ok cred=0.22
2026-08-20T08:02:16	1762-Letter_to_Mr_Homi_Modi_24-08-1959	metadata.a	ok cred=0.23
2026-08-20T08:02:18	1760-Letter_to_Mr_N_C_Zamindar_24-08-1959	summary	ok cred=0.25
2026-08-20T08:02:21	1763-Letter_to_N_G_Ranga	metadata.a	ok cred=0.27
2026-08-20T08:02:27	1755-Letter_to_Mr_N_C_Zamindar_12-08-1959	summary	ok cred=0.25
2026-08-20T08:02:27	1767-Letter_to_Mr_Ruttonchund_Master_21-08-1959	metadata.a	ok cred=0.21
2026-08-20T08:02:32	1764-Letter_to_Mr_C_Rajagopalachari_14-08-1959	metadata.a	ok cred=0.29
2026-08-20T08:02:35	1761-Letter_to_Mr_S_Y_Krishnaswamy_24-08-1959	summary	ok cred=0.24
2026-08-20T08:02:37	1758-Letter_to_Mr_C_V_Ramanatha_30-05-1959	summary	ok cred=0.26
2026-08-20T08:02:40	1762-Letter_to_Mr_Homi_Modi_24-08-1959	summary	ok cred=0.28
2026-08-20T08:02:46	1763-Letter_to_N_G_Ranga	summary	ok cred=0.22
2026-08-20T08:02:52	1767-Letter_to_Mr_Ruttonchund_Master_21-08-1959	summary	ok cred=0.25
2026-08-20T08:02:52	1770-Letter_to_Mr_Homi_Modi_07-08-1959	metadata.a	ok cred=0.28
2026-08-20T08:02:53	1771-Letter_to_Mr_Homi_Modi_02-08-1959	metadata.a	ok cred=0.28
2026-08-20T08:02:57	1781-Letter_to_Mr_Homi_Modi_16-08-1959	metadata.a	ok cred=0.23
2026-08-20T08:03:04	1788-Letter_to_D_N_D_Khandalavala_19-08-1959	metadata.a	ok cred=0.22
2026-08-20T08:03:06	1786-Swatantra_Party_Notice_For_Meeting_13-08-1959	metadata.a	ok cred=0.28
2026-08-20T08:03:12	1795-Swatantra_Party_List_Of_Member_Of_The_Central_Organising_Committee	metadata.a	ok cred=0.21
2026-08-20T08:03:16	1793-Letter_From_Mr_S_Y_Krishnaswamy_04-08-1959	metadata.a	ok cred=0.29
2026-08-20T08:03:16	1764-Letter_to_Mr_C_Rajagopalachari_14-08-1959	summary	ok cred=0.3
2026-08-20T08:03:21	1781-Letter_to_Mr_Homi_Modi_16-08-1959	summary	ok cred=0.26
2026-08-20T08:03:21	1770-Letter_to_Mr_Homi_Modi_07-08-1959	summary	ok cred=0.28
2026-08-20T08:03:24	1771-Letter_to_Mr_Homi_Modi_02-08-1959	summary	ok cred=0.29
2026-08-20T08:03:28	1788-Letter_to_D_N_D_Khandalavala_19-08-1959	summary	ok cred=0.27
2026-08-20T08:03:32	1786-Swatantra_Party_Notice_For_Meeting_13-08-1959	summary	ok cred=0.25
2026-08-20T08:03:39	18-Letter_to_Mr_Ramchandra_M_Barot_29-03-1971	metadata.a	ok cred=0.28
2026-08-20T08:03:39	1793-Letter_From_Mr_S_Y_Krishnaswamy_04-08-1959	summary	ok cred=0.26
2026-08-20T08:03:41	1796-Letter_to_Isaac_Mathai_06-08-1959	metadata.a	ok cred=0.27
2026-08-20T08:03:43	1795-Swatantra_Party_List_Of_Member_Of_The_Central_Organising_Committee	summary	ok cred=0.25
2026-08-20T08:03:48	1802-Swatantra_Party_Notice_28-07-1959	metadata.a	ok cred=0.28
2026-08-20T08:03:48	1801-Swatantra_Party_Notice_29-07-1959	metadata.a	ok cred=0.22
2026-08-20T08:03:50	1799-Swatantra_Party_Notice_For_Meeting_05-08-1959	metadata.a	ok cred=0.22
2026-08-20T08:03:57	18-Letter_to_Mr_Ramchandra_M_Barot_29-03-1971	summary	ok cred=0.25
2026-08-20T08:04:01	1796-Letter_to_Isaac_Mathai_06-08-1959	summary	ok cred=0.25
2026-08-20T08:04:02	1805-Letter_to_HP_Mody_28-07-1959	metadata.a	ok cred=0.28
2026-08-20T08:04:04	1803-Letter_to_HP_Mody_30-07-1959	metadata.a	ok cred=0.27
2026-08-20T08:04:08	1801-Swatantra_Party_Notice_29-07-1959	summary	ok cred=0.25
2026-08-20T08:04:09	1809-Letter_to_T_Sadasivam_22-07-1959	metadata.a	ok cred=0.27
2026-08-20T08:04:11	1799-Swatantra_Party_Notice_For_Meeting_05-08-1959	summary	ok cred=0.21
2026-08-20T08:04:13	1802-Swatantra_Party_Notice_28-07-1959	summary	ok cred=0.21
2026-08-20T08:04:21	1810-Letter_to_HP_Mody_30-06-1959	metadata.a	ok cred=0.28
2026-08-20T08:04:26	1805-Letter_to_HP_Mody_28-07-1959	summary	ok cred=0.26
2026-08-20T08:04:28	1812-Letter_to_BB_Kapashi_22-07-1959	metadata.a	ok cred=0.28
2026-08-20T08:04:29	1813-Letter_to_Secretary-Indian_Exporter_&_Importer_22-07-1959	metadata.a	ok cred=0.21
2026-08-20T08:04:31	1803-Letter_to_HP_Mody_30-07-1959	summary	ok cred=0.27
2026-08-20T08:04:31	1809-Letter_to_T_Sadasivam_22-07-1959	summary	ok cred=0.24
2026-08-20T08:04:31	1817-Letter_to_YD_Tyagi_22-07-1959	metadata.a	ok cred=0.27
2026-08-20T08:04:38	1814-Letter_to_HP_Mody_08-07-1959	metadata.a	ok cred=0.29
2026-08-20T08:04:47	1812-Letter_to_BB_Kapashi_22-07-1959	summary	ok cred=0.22
2026-08-20T08:04:50	1810-Letter_to_HP_Mody_30-06-1959	summary	ok cred=0.29
2026-08-20T08:04:54	1813-Letter_to_Secretary-Indian_Exporter_&_Importer_22-07-1959	summary	UNPARSEABLE
2026-08-20T08:04:57	1819-Letter_to_HH_Maharawal_16-07-1959	metadata.a	ok cred=0.28
2026-08-20T08:04:59	1818-Letter_to_HP_Mody_14-07-1959	metadata.a	ok cred=0.22
2026-08-20T08:05:03	1820-Letter_to_HP_Mody_13-07-1959	metadata.a	ok cred=0.22
2026-08-20T08:05:04	1814-Letter_to_HP_Mody_08-07-1959	summary	ok cred=0.26
2026-08-20T08:05:08	1817-Letter_to_YD_Tyagi_22-07-1959	summary	ok cred=0.24
2026-08-20T08:05:17	1821-Letter_to_HP_Mody_08-07-1959	metadata.a	ok cred=0.28
2026-08-20T08:05:17	1824-Letter_to_TN_Bhargava_20-07-1959	metadata.a	ok cred=0.22
2026-08-20T08:05:18	1819-Letter_to_HH_Maharawal_16-07-1959	summary	ok cred=0.25
2026-08-20T08:05:19	1825-Letter_from_RV_Murthy_14-07-1959	metadata.a	ok cred=0.29
2026-08-20T08:05:28	1820-Letter_to_HP_Mody_13-07-1959	summary	ok cred=0.25
2026-08-20T08:05:32	1831-Swatantra_Party_Letter_22-06-1959	metadata.a	ok cred=0.23
2026-08-20T08:05:34	1826-Letter_from_TN_Bhargava_10-07-1959	metadata.a	ok cred=0.29
2026-08-20T08:05:38	1818-Letter_to_HP_Mody_14-07-1959	summary	ok cred=0.28
2026-08-20T08:05:38	1834-Letter_to_HP_Mody_17-06-1959	metadata.a	ok cred=0.27
2026-08-20T08:05:39	1824-Letter_to_TN_Bhargava_20-07-1959	summary	ok cred=0.24
2026-08-20T08:05:40	1821-Letter_to_HP_Mody_08-07-1959	summary	ok cred=0.23
2026-08-20T08:05:44	1825-Letter_from_RV_Murthy_14-07-1959	summary	ok cred=0.27
2026-08-20T08:05:49	1835-Letter_to_HP_Mody_11-06-1959	metadata.a	ok cred=0.28
2026-08-20T08:05:57	1831-Swatantra_Party_Letter_22-06-1959	summary	ok cred=0.23
2026-08-20T08:06:01	1834-Letter_to_HP_Mody_17-06-1959	summary	ok cred=0.26
2026-08-20T08:06:01	1846-Swatantra_Party_Bihar_Constituency	metadata.a	ok cred=0.28
2026-08-20T08:06:02	1847-Swatantra_Party_Assam_Constituency	metadata.a	ok cred=0.21
2026-08-20T08:06:03	1838-The_AICC_Planning_Seminar_17-06-1959	metadata.a	ok cred=0.29
2026-08-20T08:06:05	1826-Letter_from_TN_Bhargava_10-07-1959	summary	ok cred=0.29
2026-08-20T08:06:06	1839-Swatantra_Party_Rajasthan_Constituency	metadata.a	ok cred=0.29
2026-08-20T08:06:14	1835-Letter_to_HP_Mody_11-06-1959	summary	ok cred=0.26
2026-08-20T08:06:21	1847-Swatantra_Party_Assam_Constituency	summary	ok cred=0.22
2026-08-20T08:10:18	1861-Minutes_of_Meeting-Swatantra_Party_22-11-1965	metadata.a	ok cred=0.28
2026-08-20T08:10:19	1869-Letter_to_N_Raghavan_Pillai_09-08-1965	metadata.a	ok cred=0.28
2026-08-20T08:10:19	1866-Letter_to_MS_Sundaresan_17-11-1965	metadata.a	ok cred=0.21
2026-08-20T08:10:20	1875-Letter_from_KN_Krishnan_01-11-1965	metadata.a	ok cred=0.29
2026-08-20T08:10:20	1858-Letter_from_MS_Sundaresan_23-11-1965	metadata.a	ok cred=0.29
2026-08-20T08:10:22	1867-Letter_to_Mr_Minoo_Masani_16-11-1965	metadata.a	ok cred=0.28
2026-08-20T08:10:22	1876-Letter_from_Mr_Minoo_Masani_08-11-1965	metadata.a	ok cred=0.28
2026-08-20T08:10:22	1864-Letter_to_Mr_Minoo_Masani_19-11-1965	metadata.a	ok cred=0.22
2026-08-20T08:10:23	1868-Letter_to_Mr_Minoo_Masani_17-08-1965	metadata.a	ok cred=0.28
2026-08-20T08:10:29	1848-Swatantra_Party_Orissa_Constituency	metadata.a	ok cred=0.32
2026-08-20T08:10:42	1866-Letter_to_MS_Sundaresan_17-11-1965	summary	ok cred=0.25
2026-08-20T08:10:43	1869-Letter_to_N_Raghavan_Pillai_09-08-1965	summary	UNPARSEABLE
2026-08-20T08:10:44	1858-Letter_from_MS_Sundaresan_23-11-1965	summary	ok cred=0.27
2026-08-20T08:10:44	1875-Letter_from_KN_Krishnan_01-11-1965	summary	ok cred=0.27
2026-08-20T08:10:44	1864-Letter_to_Mr_Minoo_Masani_19-11-1965	summary	ok cred=0.26
2026-08-20T08:10:46	1876-Letter_from_Mr_Minoo_Masani_08-11-1965	summary	ok cred=0.27
2026-08-20T08:10:47	1868-Letter_to_Mr_Minoo_Masani_17-08-1965	summary	ok cred=0.25
2026-08-20T08:10:47	1867-Letter_to_Mr_Minoo_Masani_16-11-1965	summary	ok cred=0.26
2026-08-20T08:11:01	1861-Minutes_of_Meeting-Swatantra_Party_22-11-1965	summary	ok cred=0.29
2026-08-20T08:11:03	1881-Letter_from_Mr_Minoo_Masani_01-09-1965	metadata.a	ok cred=0.27
2026-08-20T08:11:04	1848-Swatantra_Party_Orissa_Constituency	summary	ok cred=0.33
2026-08-20T08:11:05	1880-Letter_to_Mr_Minoo_Masani_04-09-1965	metadata.a	ok cred=0.27
2026-08-20T08:11:05	1879-Swatantra_Party_Circular_03-09-1965	metadata.a	ok cred=0.22
2026-08-20T08:11:07	1882-Swatantra_Party_Notice_24-08-1965	metadata.a	ok cred=0.28
2026-08-20T08:11:10	1885-Swatantra_Party_Notice_19-08-1965	metadata.a	ok cred=0.29
2026-08-20T08:11:13	1884-Letter_to_Mr_Minoo_Masani_18-08-1965	metadata.a	ok cred=0.3
2026-08-20T08:11:15	189-How_The_People_Really_Voted-Indian_Express_01-06-1977	metadata.a	ok cred=0.28
2026-08-20T08:11:21	1890-Letter_from_Mr_Minoo_Masani_09-08-1965	metadata.a	ok cred=0.27
2026-08-20T08:11:22	1886-Letter_from_Satyanarayan_Sinha_14-08-1965	metadata.a	ok cred=0.22
2026-08-20T08:11:26	1879-Swatantra_Party_Circular_03-09-1965	summary	ok cred=0.23
2026-08-20T08:11:29	1880-Letter_to_Mr_Minoo_Masani_04-09-1965	summary	ok cred=0.23
2026-08-20T08:11:29	1881-Letter_from_Mr_Minoo_Masani_01-09-1965	summary	ok cred=0.23
2026-08-20T08:11:31	1882-Swatantra_Party_Notice_24-08-1965	summary	ok cred=0.22
2026-08-20T08:11:33	1885-Swatantra_Party_Notice_19-08-1965	summary	ok cred=0.26
2026-08-20T08:11:40	1884-Letter_to_Mr_Minoo_Masani_18-08-1965	summary	ok cred=0.28
2026-08-20T08:11:43	1886-Letter_from_Satyanarayan_Sinha_14-08-1965	summary	ok cred=0.26
2026-08-20T08:11:44	1890-Letter_from_Mr_Minoo_Masani_09-08-1965	summary	ok cred=0.24
2026-08-20T08:11:48	189-How_The_People_Really_Voted-Indian_Express_01-06-1977	summary	ok cred=0.3
2026-08-20T08:11:51	1892-Letter_to_Mr_Minoo_Masani_05-08-1965	metadata.a	ok cred=0.29
2026-08-20T08:11:52	1895-Letter_to_AP_Jain_04-05-1965	metadata.a	ok cred=0.27
2026-08-20T08:11:52	1893-Letter_to_AP_Jain_05-08-1965	metadata.a	ok cred=0.28
2026-08-20T08:11:52	1894-Telegram_from_Mr_Minoo_Masani	metadata.a	ok cred=0.28
2026-08-20T08:11:56	1897-Letter_to_Secretary-Lok_Sabha	metadata.a	ok cred=0.21
2026-08-20T08:12:00	1898-Letter_to_Mr_Minoo_Masani_03-08-1965	metadata.a	ok cred=0.28
2026-08-20T08:12:03	1900-Letter_from_Mr_Minoo_Masani_30-07-1965	metadata.a	ok cred=0.21
2026-08-20T08:12:04	1891-Letter_from_Mr_Minoo_Masani_05-08-1965	metadata.a	ok cred=0.29
2026-08-20T08:12:08	1894-Telegram_from_Mr_Minoo_Masani	summary	ok cred=0.24
2026-08-20T08:12:09	1899-Telegram_to_Mr_Minoo_Masani	metadata.a	ok cred=0.28
2026-08-20T08:12:12	1901-Letter_from_Mr_Minoo_Masani_30-07-1965	metadata.a	ok cred=0.27
2026-08-20T08:12:13	1893-Letter_to_AP_Jain_05-08-1965	summary	ok cred=0.22
2026-08-20T08:12:13	1897-Letter_to_Secretary-Lok_Sabha	summary	ok cred=0.23
2026-08-20T08:12:17	1895-Letter_to_AP_Jain_04-05-1965	summary	ok cred=0.26
2026-08-20T08:12:28	1892-Letter_to_Mr_Minoo_Masani_05-08-1965	summary	ok cred=0.31
2026-08-20T08:12:32	1902-Letter_from_Mr_Minoo_Masani_29-07-1965	metadata.a	ok cred=0.23
2026-08-20T08:12:35	1891-Letter_from_Mr_Minoo_Masani_05-08-1965	summary	ok cred=0.29
2026-08-20T08:12:35	1899-Telegram_to_Mr_Minoo_Masani	summary	ok cred=0.23
2026-08-20T08:12:38	1900-Letter_from_Mr_Minoo_Masani_30-07-1965	summary	ok cred=0.29
2026-08-20T08:12:38	1903-Letter_to_Mr_Minoo_Masani_29-07-1965	metadata.a	ok cred=0.22
2026-08-20T08:12:40	1906-Letter_to_Secretary-Lok_Sabha_24-07-1965	metadata.a	ok cred=0.28
2026-08-20T08:12:44	1907-Letter_to_Mr_Minoo_Masani_27-07-1965	metadata.a	ok cred=0.29
2026-08-20T08:12:45	1898-Letter_to_Mr_Minoo_Masani_03-08-1965	summary	UNPARSEABLE
2026-08-20T08:12:49	1901-Letter_from_Mr_Minoo_Masani_30-07-1965	summary	ok cred=0.27
2026-08-20T08:12:51	191-Free_China-A_good_Friend	metadata.a	ok cred=0.27
2026-08-20T08:12:57	1917-Letter_to_Mr_Minoo_Masani_06-04-1965	metadata.a	ok cred=0.28
2026-08-20T08:12:58	1903-Letter_to_Mr_Minoo_Masani_29-07-1965	summary	UNPARSEABLE
2026-08-20T08:12:59	1911-Letter_to_Mohida_15-06-1965	metadata.a	ok cred=0.28
2026-08-20T08:13:00	1902-Letter_from_Mr_Minoo_Masani_29-07-1965	summary	ok cred=0.28
2026-08-20T08:13:00	1906-Letter_to_Secretary-Lok_Sabha_24-07-1965	summary	ok cred=0.24
2026-08-20T08:13:05	1912-Letter_to_Mr_Minoo_Masani_14-06-1965	metadata.a	ok cred=0.28
2026-08-20T08:13:10	1907-Letter_to_Mr_Minoo_Masani_27-07-1965	summary	ok cred=0.28
2026-08-20T08:13:12	1919-Letter_from_Mr_Minoo_Masani_02-04-1965	metadata.a	ok cred=0.22
2026-08-20T08:13:14	1918-Letter_from_NG_Ranga_15-03-1965	metadata.a	ok cred=0.28
2026-08-20T08:13:16	191-Free_China-A_good_Friend	summary	ok cred=0.23
2026-08-20T08:13:18	1923-Letter_to_Fredie_Letter_09-03-1965	metadata.a	ok cred=0.27
2026-08-20T08:13:20	1921-Letter_from_Mr_Minoo_Masani_12-03-1965	metadata.a	ok cred=0.28
2026-08-20T08:13:24	1912-Letter_to_Mr_Minoo_Masani_14-06-1965	summary	ok cred=0.22
2026-08-20T08:13:25	1911-Letter_to_Mohida_15-06-1965	summary	ok cred=0.28
2026-08-20T08:13:25	1925-Letter_from_Mr_Minoo_Masani_12-03-1965	metadata.a	ok cred=0.22
2026-08-20T08:13:33	1917-Letter_to_Mr_Minoo_Masani_06-04-1965	summary	ok cred=0.3
2026-08-20T08:13:36	1923-Letter_to_Fredie_Letter_09-03-1965	summary	ok cred=0.22
2026-08-20T08:13:36	1926-Swatantra_Party_Circular_04-03-1965	metadata.a	ok cred=0.3
2026-08-20T08:13:39	1919-Letter_from_Mr_Minoo_Masani_02-04-1965	summary	ok cred=0.25
2026-08-20T08:13:42	1918-Letter_from_NG_Ranga_15-03-1965	summary	ok cred=0.26
2026-08-20T08:13:44	1921-Letter_from_Mr_Minoo_Masani_12-03-1965	summary	ok cred=0.23
2026-08-20T08:13:46	1930-Guilty_Men-The_Hindustan_Times_05-03-1965	metadata.a	ok cred=0.22
2026-08-20T08:13:46	1927-Letter_to_Mr_Minoo_Masani_04-03-1965	metadata.a	ok cred=0.22
2026-08-20T08:13:51	1925-Letter_from_Mr_Minoo_Masani_12-03-1965	summary	ok cred=0.24
2026-08-20T08:13:53	1932-Letter_from_Tan_Singh_26-02-1965	metadata.a	ok cred=0.22
2026-08-20T08:13:58	1934-Letter_to_Mr_Minoo_Masani_26-02-1965	metadata.a	ok cred=0.27
2026-08-20T08:13:58	1936-Letter_from_Mr_Minoo_Masani_23-02-1965	metadata.a	ok cred=0.28
2026-08-20T08:13:59	1933-Letter_from_Mr_Minoo_Masani_26-02-1965	metadata.a	ok cred=0.28
2026-08-20T08:14:04	1938-Swatantra_Party_Circular_20-02-1965	metadata.a	ok cred=0.28
2026-08-20T08:14:06	1926-Swatantra_Party_Circular_04-03-1965	summary	ok cred=0.25
2026-08-20T08:14:11	1927-Letter_to_Mr_Minoo_Masani_04-03-1965	summary	ok cred=0.26
2026-08-20T08:14:16	1932-Letter_from_Tan_Singh_26-02-1965	summary	ok cred=0.25
2026-08-20T08:14:16	1939-Letter_from_Mr_Minoo_Masani_19-02-1965	metadata.a	ok cred=0.29
2026-08-20T08:14:16	1941-Letter_from_Mr_Minoo_Masani_19-02-1965	metadata.a	ok cred=0.28
2026-08-20T08:14:19	1930-Guilty_Men-The_Hindustan_Times_05-03-1965	summary	ok cred=0.26
2026-08-20T08:14:20	1936-Letter_from_Mr_Minoo_Masani_23-02-1965	summary	ok cred=0.25
2026-08-20T08:14:23	1933-Letter_from_Mr_Minoo_Masani_26-02-1965	summary	ok cred=0.23
2026-08-20T08:14:25	1934-Letter_to_Mr_Minoo_Masani_26-02-1965	summary	ok cred=0.22
2026-08-20T08:14:25	1938-Swatantra_Party_Circular_20-02-1965	summary	ok cred=0.26
2026-08-20T08:14:26	1942-Swatantra_Party_Circular_17-02-1965	metadata.a	ok cred=0.21
2026-08-20T08:14:37	1945-Swatantra_Party_Circular_27-01-1965	metadata.a	ok cred=0.23
2026-08-20T08:14:41	1949-Letter_from_Mr_Minoo_Masani_18-01-1965	metadata.a	ok cred=0.28
2026-08-20T08:14:42	1939-Letter_from_Mr_Minoo_Masani_19-02-1965	summary	ok cred=0.26
2026-08-20T08:14:43	1951-Telegram_to_Mr_Minoo_Masani	metadata.a	ok cred=0.28
2026-08-20T08:14:44	1947-Letter_to_Mr_Minoo_Masani_22-01-1965	metadata.a	ok cred=0.29
2026-08-20T08:14:44	1941-Letter_from_Mr_Minoo_Masani_19-02-1965	summary	ok cred=0.26
2026-08-20T08:14:46	1942-Swatantra_Party_Circular_17-02-1965	summary	ok cred=0.24
2026-08-20T08:14:47	1952-Letter_from_Mr_Minoo_Masani_15-12-1964	metadata.a	ok cred=0.28
2026-08-20T08:14:49	1948-Letter_from_Mr_Minoo_Masani_19-01-1965	metadata.a	ok cred=0.29
2026-08-20T08:14:58	1954-Letter_to_Mr_Minoo_Masani_14-12-1964	metadata.a	ok cred=0.22
2026-08-20T08:14:58	1945-Swatantra_Party_Circular_27-01-1965	summary	ok cred=0.25
2026-08-20T08:15:05	1951-Telegram_to_Mr_Minoo_Masani	summary	ok cred=0.25
2026-08-20T08:15:08	1958-Letter_to_Mr_Minoo_Masani_23-11-1964	metadata.a	ok cred=0.21
2026-08-20T08:15:10	1948-Letter_from_Mr_Minoo_Masani_19-01-1965	summary	ok cred=0.24
2026-08-20T08:15:12	1956-Letter_from_Kapur_Singh_26-11-1964	metadata.a	ok cred=0.22
2026-08-20T08:15:16	1957-Swatantra_Party_Circular_18-11-1964	metadata.a	ok cred=0.22
2026-08-20T08:15:18	1952-Letter_from_Mr_Minoo_Masani_15-12-1964	summary	UNPARSEABLE
2026-08-20T08:15:25	1949-Letter_from_Mr_Minoo_Masani_18-01-1965	summary	ok cred=0.34
2026-08-20T08:15:28	1961-Letter_to_Sardar_Swaran_Singh_17-11-1964	metadata.a	ok cred=0.23
2026-08-20T08:15:28	1963-Letter_to_AP_Jain_12-11-1964	metadata.a	ok cred=0.27
2026-08-20T08:15:29	1947-Letter_to_Mr_Minoo_Masani_22-01-1965	summary	ok cred=0.33
2026-08-20T08:15:33	1958-Letter_to_Mr_Minoo_Masani_23-11-1964	summary	ok cred=0.23
2026-08-20T08:15:34	1965-Letter_to_AP_Jain_27-10-1964	metadata.a	ok cred=0.27
2026-08-20T08:15:34	1956-Letter_from_Kapur_Singh_26-11-1964	summary	ok cred=0.25
2026-08-20T08:15:40	1957-Swatantra_Party_Circular_18-11-1964	summary	ok cred=0.25
2026-08-20T08:15:44	1954-Letter_to_Mr_Minoo_Masani_14-12-1964	summary	ok cred=0.32
2026-08-20T08:15:49	1966-Letter_to_Mr_Minoo_Masani_23-10-1964	metadata.a	ok cred=0.28
2026-08-20T08:15:50	1969-Letter_from_Mr_Minoo_Masani_25-09-1964	metadata.a	ok cred=0.28
2026-08-20T08:15:53	1963-Letter_to_AP_Jain_12-11-1964	summary	ok cred=0.26
2026-08-20T08:15:54	1971-Letter_from_Mr_Minoo_Masani_25-09-1964	metadata.a	ok cred=0.22
2026-08-20T08:15:54	1961-Letter_to_Sardar_Swaran_Singh_17-11-1964	summary	ok cred=0.24
2026-08-20T08:15:55	1967-Letter_from_N_Dandekar_03-10-1964	metadata.a	ok cred=0.27
2026-08-20T08:15:58	1972-Letter_to_Yashpal_Singh_22-09-1964	metadata.a	ok cred=0.28
2026-08-20T08:16:00	1965-Letter_to_AP_Jain_27-10-1964	summary	ok cred=0.27
2026-08-20T08:16:03	1973-Letter_to_Mr_Minoo_Masani_16-09-1964	metadata.a	ok cred=0.27
2026-08-20T08:16:09	1975-Letter_to_AP_Jain_02-09-1964	metadata.a	ok cred=0.22
2026-08-20T08:16:15	1978-Letter_to_AP_Jain_21-08-1964	metadata.a	ok cred=0.22
2026-08-20T08:16:15	1966-Letter_to_Mr_Minoo_Masani_23-10-1964	summary	ok cred=0.28
2026-08-20T08:16:17	1971-Letter_from_Mr_Minoo_Masani_25-09-1964	summary	UNPARSEABLE
2026-08-20T08:16:17	1977-Letter_from_Mr_Minoo_Masani_25-08-1964	metadata.a	ok cred=0.22
2026-08-20T08:16:19	1967-Letter_from_N_Dandekar_03-10-1964	summary	UNPARSEABLE
2026-08-20T08:16:21	1969-Letter_from_Mr_Minoo_Masani_25-09-1964	summary	ok cred=0.25
2026-08-20T08:16:24	1972-Letter_to_Yashpal_Singh_22-09-1964	summary	UNPARSEABLE
2026-08-20T08:16:26	1973-Letter_to_Mr_Minoo_Masani_16-09-1964	summary	UNPARSEABLE
2026-08-20T08:16:27	1979-Letter_to_Mr_Minoo_Masani_19-08-1964	metadata.a	ok cred=0.23
2026-08-20T08:16:36	1978-Letter_to_AP_Jain_21-08-1964	summary	ok cred=0.22
2026-08-20T08:16:37	1975-Letter_to_AP_Jain_02-09-1964	summary	ok cred=0.29
2026-08-20T08:16:38	1981-Meeting_of_Parliamentary_Group_06-09-1964	metadata.a	ok cred=0.22
2026-08-20T08:16:42	1977-Letter_from_Mr_Minoo_Masani_25-08-1964	summary	ok cred=0.26
2026-08-20T08:16:42	1985-Letter_to_Mr_Minoo_Masani_29-07-1964	metadata.a	ok cred=0.27
2026-08-20T08:16:45	1983-Letter_to_Mr_Minoo_Masani_20-08-1964	metadata.a	ok cred=0.28
2026-08-20T08:16:45	1984-Letter_to_AP_Jain_20-08-1964	metadata.a	ok cred=0.22
2026-08-20T08:16:45	1982-Letter_to_Mr_Minoo_Masani_24-08-1964	metadata.a	ok cred=0.29
2026-08-20T08:16:52	1986-Letter_to_Mr_Minoo_Masani_13-07-1964	metadata.a	ok cred=0.23
2026-08-20T08:16:58	1981-Meeting_of_Parliamentary_Group_06-09-1964	summary	ok cred=0.25
2026-08-20T08:16:59	1991-Letter_to_AP_Jain_17-06-1964	metadata.a	ok cred=0.27
2026-08-20T08:17:00	1988-Letter_to_AP_Jain_04-07-1964	metadata.a	ok cred=0.28
2026-08-20T08:17:08	1992-Letter_to_Mr_Minoo_Masani_13-06-1964	metadata.a	ok cred=0.3
2026-08-20T08:17:08	1984-Letter_to_AP_Jain_20-08-1964	summary	ok cred=0.27
2026-08-20T08:17:09	1979-Letter_to_Mr_Minoo_Masani_19-08-1964	summary	UNPARSEABLE
2026-08-20T08:17:09	1985-Letter_to_Mr_Minoo_Masani_29-07-1964	summary	ok cred=0.26
2026-08-20T08:17:17	1986-Letter_to_Mr_Minoo_Masani_13-07-1964	summary	UNPARSEABLE
2026-08-20T08:17:19	2-Letter_to_Mr_Minoo_Masani_07-04-1971	metadata.a	ok cred=0.21
2026-08-20T08:17:21	1988-Letter_to_AP_Jain_04-07-1964	summary	ok cred=0.23
2026-08-20T08:17:23	1983-Letter_to_Mr_Minoo_Masani_20-08-1964	summary	ok cred=0.25
2026-08-20T08:17:26	1982-Letter_to_Mr_Minoo_Masani_24-08-1964	summary	ok cred=0.29
2026-08-20T08:17:28	1991-Letter_to_AP_Jain_17-06-1964	summary	ok cred=0.28
2026-08-20T08:17:31	20-Letter_to_Mr_Bhikshu_Jannadas_26-03-1971	metadata.a	ok cred=0.23
2026-08-20T08:17:34	2003-The_Facts_Regarding_the_Nomination_21-04-1964	metadata.a	ok cred=0.24
2026-08-20T08:17:38	2005-Statement_Showing_Arrears_of_Contribution_01-03-1964	metadata.a	ok cred=0.22
2026-08-20T08:17:41	1992-Letter_to_Mr_Minoo_Masani_13-06-1964	summary	ok cred=0.3
2026-08-20T08:17:42	2004-Letter_to_Mr_Minoo_Masani_28-03-1964	metadata.a	ok cred=0.28
2026-08-20T08:17:45	2006-Letter_from_Secretary_of_Mr_Minoo_Masani_06-04-1964	metadata.a	ok cred=0.23
2026-08-20T08:17:47	2008-Letter_from_Mr_Minoo_Masani_28-03-1964	metadata.a	ok cred=0.21
2026-08-20T08:17:47	2-Letter_to_Mr_Minoo_Masani_07-04-1971	summary	ok cred=0.23
2026-08-20T08:17:48	2007-Letter_from_Mr_Minoo_Masani_31-03-1964	metadata.a	ok cred=0.28
2026-08-20T08:17:50	20-Letter_to_Mr_Bhikshu_Jannadas_26-03-1971	summary	ok cred=0.25
2026-08-20T08:17:50	2010-Letter_from_Mr_Minoo_Masani_17-03-1964	metadata.a	ok cred=0.27
2026-08-20T08:18:01	2005-Statement_Showing_Arrears_of_Contribution_01-03-1964	summary	ok cred=0.25
2026-08-20T08:18:04	2003-The_Facts_Regarding_the_Nomination_21-04-1964	summary	ok cred=0.28
2026-08-20T08:18:06	2011-Letter_from_Mr_Minoo_Masani_11-03-1964	metadata.a	ok cred=0.21
2026-08-20T08:18:08	2008-Letter_from_Mr_Minoo_Masani_28-03-1964	summary	ok cred=0.25
2026-08-20T08:18:10	2012-A_Meeting_of_the_Executive-Committee_of_the_Swatantra_Party_10-03-1964	metadata.a	ok cred=0.28
2026-08-20T08:18:11	2004-Letter_to_Mr_Minoo_Masani_28-03-1964	summary	ok cred=0.28
2026-08-20T08:18:12	2021-Letter_from_Mr_Minoo_Masani_03-03-1964	metadata.a	ok cred=0.27
2026-08-20T08:18:14	2006-Letter_from_Secretary_of_Mr_Minoo_Masani_06-04-1964	summary	ok cred=0.26
2026-08-20T08:18:19	2010-Letter_from_Mr_Minoo_Masani_17-03-1964	summary	ok cred=0.27
2026-08-20T08:18:27	2023-Letter_to_AP_Jain_02-03-1964	metadata.a	ok cred=0.28
2026-08-20T08:18:28	2022-Letter_to_Mr_Minoo_Masani_21-02-1964	metadata.a	ok cred=0.29
2026-08-20T08:18:28	2007-Letter_from_Mr_Minoo_Masani_31-03-1964	summary	ok cred=0.23
2026-08-20T08:18:31	2012-A_Meeting_of_the_Executive-Committee_of_the_Swatantra_Party_10-03-1964	summary	UNPARSEABLE
2026-08-20T08:18:33	2026-Letter_to_PK_Deo_21-02-1964	metadata.a	ok cred=0.28
2026-08-20T08:18:34	2024-Letter_to_Mr_Minoo_Masani_29-02-1964	metadata.a	ok cred=0.27
2026-08-20T08:18:35	2011-Letter_from_Mr_Minoo_Masani_11-03-1964	summary	ok cred=0.27
2026-08-20T08:18:37	2027-Letter_from_Mr_Minoo_Masani_20-02-1964	metadata.a	ok cred=0.22
2026-08-20T08:18:41	2021-Letter_from_Mr_Minoo_Masani_03-03-1964	summary	ok cred=0.23
2026-08-20T08:18:43	2028-Swatantra_Party_Circular_19-02-1964	metadata.a	ok cred=0.28
2026-08-20T08:18:53	2029-Letter_from_Mr_Minoo_Masani	metadata.a	ok cred=0.24
2026-08-20T08:18:55	2030-Letter_to_AP_Jain_21-01-1964	metadata.a	ok cred=0.27
2026-08-20T08:18:56	2024-Letter_to_Mr_Minoo_Masani_29-02-1964	summary	ok cred=0.26
2026-08-20T08:18:57	2022-Letter_to_Mr_Minoo_Masani_21-02-1964	summary	ok cred=0.28
2026-08-20T08:18:57	203-The_Time_to_Fight-Now_or_Never_28-07-1963	metadata.a	ok cred=0.22
2026-08-20T08:18:59	2031-Letter_from_Mr_Minoo_Masani_17-01-1964	metadata.a	ok cred=0.27
2026-08-20T08:19:03	2023-Letter_to_AP_Jain_02-03-1964	summary	ok cred=0.3
2026-08-20T08:19:06	2026-Letter_to_PK_Deo_21-02-1964	summary	ok cred=0.29
2026-08-20T08:19:08	2028-Swatantra_Party_Circular_19-02-1964	summary	ok cred=0.26
2026-08-20T08:19:11	2027-Letter_from_Mr_Minoo_Masani_20-02-1964	summary	ok cred=0.25
2026-08-20T08:19:19	2033-Swatantra_Party_Circular_06-12-1963	metadata.a	ok cred=0.28
2026-08-20T08:19:24	203-The_Time_to_Fight-Now_or_Never_28-07-1963	summary	ok cred=0.27
2026-08-20T08:19:25	2034-Telegram_from_Mr_Minoo_Masani_30-11-1963	metadata.a	ok cred=0.29
2026-08-20T08:19:27	2029-Letter_from_Mr_Minoo_Masani	summary	ok cred=0.29
2026-08-20T08:19:29	2030-Letter_to_AP_Jain_21-01-1964	summary	ok cred=0.24
2026-08-20T08:19:30	2031-Letter_from_Mr_Minoo_Masani_17-01-1964	summary	ok cred=0.23
2026-08-20T08:19:38	2037-Letter_to_Mr_Minoo_Masani_06-11-1963	metadata.a	ok cred=0.23
2026-08-20T08:19:41	2036-Letter_to_NG_Ranga_16-11-1963	metadata.a	ok cred=0.22
2026-08-20T08:19:42	2033-Swatantra_Party_Circular_06-12-1963	summary	ok cred=0.25
2026-08-20T08:19:42	2038-Letter_to_AP_Jain_05-11-1963	metadata.a	ok cred=0.28
2026-08-20T08:19:50	2035-Letter_from_Mr_Minoo_Masani_27-11-1963	metadata.a	ok cred=0.29
2026-08-20T08:19:51	2034-Telegram_from_Mr_Minoo_Masani_30-11-1963	summary	ok cred=0.26
2026-08-20T08:19:52	2040-Telegram_to_Mr_Minoo_Masani	metadata.a	ok cred=0.27
2026-08-20T08:19:54	2039-Letter_from_Mr_Minoo_Masani_22-08-1963	metadata.a	ok cred=0.28
2026-08-20T08:19:55	2041-Letter_from_Mr_Minoo_Masani_16-08-1963	metadata.a	ok cred=0.27
2026-08-20T08:19:58	2043-Letter_to_Mr_Minoo_Masani_09-08-1963	metadata.a	ok cred=0.29
2026-08-20T08:20:08	2035-Letter_from_Mr_Minoo_Masani_27-11-1963	summary	ok cred=0.25
2026-08-20T08:20:08	2036-Letter_to_NG_Ranga_16-11-1963	summary	ok cred=0.25
2026-08-20T08:20:12	2040-Telegram_to_Mr_Minoo_Masani	summary	ok cred=0.21
2026-08-20T08:20:12	2044-Letter_to_AP_Jain_07-08-1963	metadata.a	ok cred=0.28
2026-08-20T08:20:38	2057-Letter_to_Mr_Minoo_Masani_26-06-1963	metadata.a	ok cred=0.22
2026-08-20T08:20:38	2050-Letter_to_Mr_Minoo_Masani_31-07-1963	metadata.a	ok cred=0.28
2026-08-20T08:20:41	2054-Letter_to_AP_Jain_24-07-1963	metadata.a	ok cred=0.29
2026-08-20T08:20:41	2052-Letter_to_Mr_Minoo_Masani_27-07-1963	metadata.a	ok cred=0.22
2026-08-20T08:20:41	2058-Emergency_Must_Stay_Says_Munshi-The_Hindustan_Times_26-06-1963	metadata.a	ok cred=0.22
2026-08-20T08:20:41	2048-Letter_to_Mr_Minoo_Masani_05-08-1963	metadata.a	ok cred=0.28
2026-08-20T08:20:42	2055-Letter_to_Mr_Minoo_Masani_19-07-1963	metadata.a	ok cred=0.22
2026-08-20T08:20:43	2056-Swatantra_Party_Circular_29-06-1963	metadata.a	ok cred=0.28
2026-08-20T08:21:37	2049-Letter_to_Mr_Minoo_Masani_03-08-1963	metadata.a	ok cred=0.22
2026-08-20T08:21:37	2047-Letter_from_Mr_Minoo_Masani_06-08-1963	metadata.a	ok cred=0.28
2026-08-20T08:21:38	2062-Letter_to_Mr_Minoo_Masani_08-06-1963	metadata.a	ok cred=0.28
2026-08-20T08:21:39	2068-What_is_the_Rupee	metadata.a	ok cred=0.22
2026-08-20T08:21:39	2063-Letter_to_Mr_Minoo_Masani_07-06-1963	metadata.a	ok cred=0.29
2026-08-20T08:21:39	2061-Letter_to_AP_Jain_12-06-1963	metadata.a	ok cred=0.27
2026-08-20T08:21:41	2059-Letter_to_AP_Jain_18-06-1963	metadata.a	ok cred=0.28
2026-08-20T08:21:44	2069-Value_of_the_Rupee	metadata.a	ok cred=0.22
2026-08-20T08:21:48	2067-Indias_Spriraling_Price_Line-MR_Pai	metadata.a	ok cred=0.3
2026-08-20T08:21:58	2047-Letter_from_Mr_Minoo_Masani_06-08-1963	summary	ok cred=0.23
2026-08-20T08:22:02	2049-Letter_to_Mr_Minoo_Masani_03-08-1963	summary	ok cred=0.25
2026-08-20T08:22:03	2068-What_is_the_Rupee	summary	ok cred=0.23
2026-08-20T08:22:04	2061-Letter_to_AP_Jain_12-06-1963	summary	ok cred=0.27
2026-08-20T08:22:06	2062-Letter_to_Mr_Minoo_Masani_08-06-1963	summary	ok cred=0.25
2026-08-20T08:22:08	2059-Letter_to_AP_Jain_18-06-1963	summary	ok cred=0.27
2026-08-20T08:22:13	2064-Letter_to_Mr_Minoo_Masani_10-06-1963	metadata.a	ok cred=0.23
2026-08-20T08:22:15	2067-Indias_Spriraling_Price_Line-MR_Pai	summary	ok cred=0.26
2026-08-20T08:22:22	2063-Letter_to_Mr_Minoo_Masani_07-06-1963	summary	ok cred=0.33
2026-08-20T08:22:23	2072-Whereas_in_India	metadata.a	ok cred=0.28
2026-08-20T08:22:24	2069-Value_of_the_Rupee	summary	ok cred=0.26
2026-08-20T08:22:27	2070-Is_World_Comparision_Valid	metadata.a	ok cred=0.28
2026-08-20T08:22:30	2073-Aggravating_Factors	metadata.a	ok cred=0.28
2026-08-20T08:22:31	2075-The_Natural_Order_of_Economic_Growth	metadata.a	ok cred=0.22
2026-08-20T08:22:32	2071-Price_Rise_in_India_Cannot_be_Compared_With_the_Price_Elsewhere_in_the_World_for_the_Following_Reasons	metadata.a	ok cred=0.22
2026-08-20T08:22:33	2074-Centralised_Comprehensive_Planning	metadata.a	ok cred=0.28
2026-08-20T08:22:47	2077-Centralised_Comprehensive_Planning_has_Another_Characterstic	metadata.a	ok cred=0.23
2026-08-20T08:22:50	2070-Is_World_Comparision_Valid	summary	ok cred=0.25
2026-08-20T08:22:50	2076-Under_the_Centralised_Comprehensive_Planning	metadata.a	ok cred=0.28
2026-08-20T08:22:51	2072-Whereas_in_India	summary	ok cred=0.27
2026-08-20T08:22:53	2074-Centralised_Comprehensive_Planning	summary	ok cred=0.23
2026-08-20T08:22:54	2078-Profits_of_the_Public_Sector_and_Government_Undertakings	metadata.a	ok cred=0.28
2026-08-20T08:22:56	2075-The_Natural_Order_of_Economic_Growth	summary	ok cred=0.27
2026-08-20T08:23:00	2064-Letter_to_Mr_Minoo_Masani_10-06-1963	summary	ok cred=0.31
2026-08-20T08:23:02	2071-Price_Rise_in_India_Cannot_be_Compared_With_the_Price_Elsewhere_in_the_World_for_the_Following_Reasons	summary	ok cred=0.27
2026-08-20T08:23:03	2073-Aggravating_Factors	summary	ok cred=0.25
2026-08-20T08:23:10	2079-Return_on_State_Investments	metadata.a	ok cred=0.22
2026-08-20T08:23:12	2078-Profits_of_the_Public_Sector_and_Government_Undertakings	summary	ok cred=0.26
2026-08-20T08:23:12	2080-The_Amount_Invested_in_Public_Sector_Undertakings	metadata.a	ok cred=0.29
2026-08-20T08:23:15	2081-Short_Term_Causes	metadata.a	ok cred=0.28
2026-08-20T08:23:15	2076-Under_the_Centralised_Comprehensive_Planning	summary	ok cred=0.28
2026-08-20T08:23:16	2077-Centralised_Comprehensive_Planning_has_Another_Characterstic	summary	ok cred=0.23
2026-08-20T08:23:23	2082-State_Takeover_of_Wholesale_Wheat_Trade_in_April_1973	metadata.a	ok cred=0.28
2026-08-20T08:23:32	2083-Demonetisation	metadata.a	ok cred=0.22
2026-08-20T08:23:33	2084-Black_Money	metadata.a	ok cred=0.28
2026-08-20T08:23:35	2079-Return_on_State_Investments	summary	ok cred=0.25
2026-08-20T08:23:36	2086-Consumer_Resistance	metadata.a	ok cred=0.28
2026-08-20T08:23:37	2087-The_Real_Answer_to_the_Problem_of_Inflation	metadata.a	ok cred=0.22
2026-08-20T08:23:38	2080-The_Amount_Invested_in_Public_Sector_Undertakings	summary	ok cred=0.27
2026-08-20T08:23:41	2085-Nationalisation_the_third_Suggested_Remedy	metadata.a	ok cred=0.29
2026-08-20T08:23:41	2088-The_Public_Sector-Consolidation_of	metadata.a	ok cred=0.28
2026-08-20T08:23:41	2081-Short_Term_Causes	summary	ok cred=0.27
2026-08-20T08:23:47	2082-State_Takeover_of_Wholesale_Wheat_Trade_in_April_1973	summary	ok cred=0.27
2026-08-20T08:23:54	2083-Demonetisation	summary	ok cred=0.26
2026-08-20T08:23:59	2089-Foundation_of_Economic_Growth_Savings	metadata.a	ok cred=0.22
2026-08-20T08:24:00	2090-Tax_Reduction	metadata.a	ok cred=0.28
2026-08-20T08:24:00	2087-The_Real_Answer_to_the_Problem_of_Inflation	summary	ok cred=0.23
2026-08-20T08:24:03	2091-Inflation	metadata.a	ok cred=0.22
2026-08-20T08:24:04	2086-Consumer_Resistance	summary	ok cred=0.24
2026-08-20T08:24:08	2093-Letter_from_SV_Raju_28-01-1977	metadata.a	ok cred=0.23
2026-08-20T08:24:12	2088-The_Public_Sector-Consolidation_of	summary	ok cred=0.26
2026-08-20T08:24:14	2085-Nationalisation_the_third_Suggested_Remedy	summary	ok cred=0.29
2026-08-20T08:24:16	2084-Black_Money	summary	ok cred=0.26
2026-08-20T08:24:18	2095-Letter_from_SV_Raju_20-01-1977	metadata.a	ok cred=0.22
2026-08-20T08:24:24	2091-Inflation	summary	ok cred=0.23
2026-08-20T08:24:25	2097-Letter_from_SV_Raju_20-01-1977	metadata.a	ok cred=0.22
2026-08-20T08:24:26	2089-Foundation_of_Economic_Growth_Savings	summary	ok cred=0.27
2026-08-20T08:24:26	2090-Tax_Reduction	summary	ok cred=0.25
2026-08-20T08:24:27	2098-Telegram_to_S_V_Raju_19-01-1977	metadata.a	ok cred=0.28
2026-08-20T08:24:30	2099-Letter_from_SV_Raju_10-01-1977	metadata.a	ok cred=0.28
2026-08-20T08:24:39	2100-Letter_to_SV_Raju_06-01-1977	metadata.a	ok cred=0.28
2026-08-20T08:24:41	2093-Letter_from_SV_Raju_28-01-1977	summary	ok cred=0.26
2026-08-20T08:24:41	210-Remarks_of_Mr_Minoo_Masani_at_a_Public_Meeting_11-04-1963	metadata.a	ok cred=0.24
2026-08-20T08:24:47	2104-Letter_from_SV_Raju_29-12-1976	metadata.a	ok cred=0.28
2026-08-20T08:24:50	2101-Letter_from_SV_Raju_10-01-1977	metadata.a	ok cred=0.22
2026-08-20T08:24:50	2095-Letter_from_SV_Raju_20-01-1977	summary	ok cred=0.28
2026-08-20T08:24:51	2097-Letter_from_SV_Raju_20-01-1977	summary	ok cred=0.23
2026-08-20T08:24:51	2106-Letter_from_SV_Raju_08-12-1976	metadata.a	ok cred=0.28
2026-08-20T08:24:52	2098-Telegram_to_S_V_Raju_19-01-1977	summary	ok cred=0.26
2026-08-20T08:24:54	2099-Letter_from_SV_Raju_10-01-1977	summary	ok cred=0.26
2026-08-20T08:25:06	2108-Letter_to_SV_Raju_04-12-1976	metadata.a	ok cred=0.28
2026-08-20T08:25:10	2100-Letter_to_SV_Raju_06-01-1977	summary	ok cred=0.26
2026-08-20T08:25:11	2101-Letter_from_SV_Raju_10-01-1977	summary	ok cred=0.22
2026-08-20T08:25:12	2109-Letter_from_VS_Srikumar_26-11-1976	metadata.a	ok cred=0.22
2026-08-20T08:25:15	2113-Letter_from_SV_Raju_31-03-1976	metadata.a	ok cred=0.28
2026-08-20T08:25:16	2104-Letter_from_SV_Raju_29-12-1976	summary	ok cred=0.28
2026-08-20T08:25:17	210-Remarks_of_Mr_Minoo_Masani_at_a_Public_Meeting_11-04-1963	summary	ok cred=0.27
2026-08-20T08:25:20	2111-Letter_to_SV_Raju_30-11-1976	metadata.a	ok cred=0.29
2026-08-20T08:25:25	2114-Letter_from_SV_Raju_12-11-1976	metadata.a	ok cred=0.27
2026-08-20T08:25:28	2106-Letter_from_SV_Raju_08-12-1976	summary	UNPARSEABLE
2026-08-20T08:25:35	2117-Letter_to_SV_Raju_27-10-1976	metadata.a	ok cred=0.22
2026-08-20T08:25:36	2115-Letter_from_SV_Raju_10-11-1976	metadata.a	ok cred=0.21
2026-08-20T08:25:37	2113-Letter_from_SV_Raju_31-03-1976	summary	ok cred=0.25
2026-08-20T08:25:41	2121-Letter_from_SV_Raju_01-10-1976	metadata.a	ok cred=0.22
2026-08-20T08:25:41	2123-Letter_to_SV_Raju_14-09-1976	metadata.a	ok cred=0.3
2026-08-20T08:25:42	2108-Letter_to_SV_Raju_04-12-1976	summary	ok cred=0.29
2026-08-20T08:25:44	2109-Letter_from_VS_Srikumar_26-11-1976	summary	UNPARSEABLE
2026-08-20T08:25:49	2111-Letter_to_SV_Raju_30-11-1976	summary	ok cred=0.3
2026-08-20T08:25:55	2129-Letter_to_SV_Raju_02-07-1976	metadata.a	ok cred=0.22
2026-08-20T08:25:58	2115-Letter_from_SV_Raju_10-11-1976	summary	ok cred=0.21
2026-08-20T08:25:59	2117-Letter_to_SV_Raju_27-10-1976	summary	ok cred=0.27
2026-08-20T08:26:00	2130-Swatantra_to_Keep_off-The_Indian_Express_29-06-1976	metadata.a	ok cred=0.29
2026-08-20T08:26:01	2114-Letter_from_SV_Raju_12-11-1976	summary	ok cred=0.26
2026-08-20T08:26:05	2132-Letter_to_SV_Raju_26-06-1976	metadata.a	ok cred=0.28
2026-08-20T08:26:09	2131-Swatantra_Terms_for_Merger-Times_of_India_29-06-1976	metadata.a	ok cred=0.23
2026-08-20T08:26:12	2121-Letter_from_SV_Raju_01-10-1976	summary	ok cred=0.3
2026-08-20T08:26:17	2123-Letter_to_SV_Raju_14-09-1976	summary	ok cred=0.26
2026-08-20T08:26:20	214-For_Favour_of_Publication_16-03-1963	metadata.a	ok cred=0.22
2026-08-20T08:26:21	2136-Letter_from_SV_Raju_08-06-1976	metadata.a	ok cred=0.29
2026-08-20T08:26:24	2148-Statement_Given_by_Girish_Munshi	metadata.a	ok cred=0.28
2026-08-20T08:26:25	2130-Swatantra_to_Keep_off-The_Indian_Express_29-06-1976	summary	ok cred=0.24
2026-08-20T08:26:28	2149-Letter_to_SV_Raju_11-06-1975	metadata.a	ok cred=0.23
2026-08-20T08:26:32	2150-Letter_to_SV_Raju_07-06-1975	metadata.a	ok cred=0.27
2026-08-20T08:26:34	2131-Swatantra_Terms_for_Merger-Times_of_India_29-06-1976	summary	ok cred=0.22
2026-08-20T08:26:36	2129-Letter_to_SV_Raju_02-07-1976	summary	ok cred=0.32
2026-08-20T08:26:38	2132-Letter_to_SV_Raju_26-06-1976	summary	ok cred=0.29
2026-08-20T08:26:42	2151-Letter_to_Mr_Girish_Munshi_22-05-1975	metadata.a	ok cred=0.29
2026-08-20T08:26:46	2148-Statement_Given_by_Girish_Munshi	summary	ok cred=0.24
2026-08-20T08:26:47	2153-Receipt_of_Donation_No-141_20-05-1975	metadata.a	ok cred=0.22
2026-08-20T08:26:48	2136-Letter_from_SV_Raju_08-06-1976	summary	UNPARSEABLE
2026-08-20T08:26:51	214-For_Favour_of_Publication_16-03-1963	summary	ok cred=0.29
2026-08-20T08:26:56	2154-Letter_to_SV_Raju_12-05-1975	metadata.a	ok cred=0.28
2026-08-20T08:26:57	2155-Letter_from_VS_Srikumar_26-04-1975	metadata.a	ok cred=0.28
2026-08-20T08:27:02	2150-Letter_to_SV_Raju_07-06-1975	summary	ok cred=0.28
2026-08-20T08:27:04	2149-Letter_to_SV_Raju_11-06-1975	summary	ok cred=0.27
2026-08-20T08:27:04	2157-Letter_to_Mr_Girish_Munshi_19-04-1975	metadata.a	ok cred=0.3
2026-08-20T08:27:05	2153-Receipt_of_Donation_No-141_20-05-1975	summary	ok cred=0.21
2026-08-20T08:27:06	216-For_Favour_of_Publication_08-03-1963	metadata.a	ok cred=0.28
2026-08-20T08:27:08	2160-Letter_to_SV_Raju_05-04-1975	metadata.a	ok cred=0.22
2026-08-20T08:27:13	2163-Letter_to_SV_Raju_30-03-1975	metadata.a	ok cred=0.28
2026-08-20T08:27:14	2151-Letter_to_Mr_Girish_Munshi_22-05-1975	summary	ok cred=0.25
2026-08-20T08:27:22	2154-Letter_to_SV_Raju_12-05-1975	summary	ok cred=0.27
2026-08-20T08:27:26	2164-Receipt_of_Donation_No-107_29-03-1975	metadata.a	ok cred=0.2
2026-08-20T08:27:28	2169-National_Headquarters_Circular_no	metadata.a	ok cred=0.28
2026-08-20T08:27:28	2168-Letter_to_SV_Raju_04-03-1975	metadata.a	ok cred=0.28
2026-08-20T08:27:35	217-For_Favour_of_Publication_22-01-1963	metadata.a	ok cred=0.28
2026-08-20T08:27:36	2155-Letter_from_VS_Srikumar_26-04-1975	summary	ok cred=0.27
2026-08-20T08:27:43	2163-Letter_to_SV_Raju_30-03-1975	summary	ok cred=0.24
2026-08-20T08:27:44	216-For_Favour_of_Publication_08-03-1963	summary	ok cred=0.31
2026-08-20T08:27:44	2157-Letter_to_Mr_Girish_Munshi_19-04-1975	summary	ok cred=0.33
2026-08-20T08:27:46	2160-Letter_to_SV_Raju_05-04-1975	summary	ok cred=0.3
2026-08-20T08:27:49	2170-Letter_from_SV_Raju_28-02-1975	metadata.a	ok cred=0.29
2026-08-20T08:27:53	2164-Receipt_of_Donation_No-107_29-03-1975	summary	ok cred=0.24
2026-08-20T08:27:58	2171-Letter_from_SV_Raju_18-02-1975	metadata.a	ok cred=0.28
2026-08-20T08:27:59	2168-Letter_to_SV_Raju_04-03-1975	summary	ok cred=0.28
2026-08-20T08:28:01	217-For_Favour_of_Publication_22-01-1963	summary	ok cred=0.28
2026-08-20T08:28:05	2178-Letter_to_Piloo_Mody_15-01-1975	metadata.a	ok cred=0.29
2026-08-20T08:28:06	2169-National_Headquarters_Circular_no	summary	ok cred=0.26
2026-08-20T08:28:08	2174-Letter_to_SV_Raju_05-02-1975	metadata.a	ok cred=0.23
2026-08-20T08:28:16	2185-Letter_from_SV_Raju_14-03-1974	metadata.a	ok cred=0.27
2026-08-20T08:28:17	2175-Letter_to_SV_Raju_16-01-1975	metadata.a	ok cred=0.28
2026-08-20T08:28:17	2188-Letter_from_Mr_Minoo_Masani_13-03-1973	metadata.a	ok cred=0.21
2026-08-20T08:28:20	2180-Letter_from_SV_Raju_10-01-1975	metadata.a	ok cred=0.27
2026-08-20T08:28:29	2190-Letter_to_Mr_Minoo_Masani_08-03-1973	metadata.a	ok cred=0.28
2026-08-20T08:28:32	2171-Letter_from_SV_Raju_18-02-1975	summary	ok cred=0.3
2026-08-20T08:28:34	2178-Letter_to_Piloo_Mody_15-01-1975	summary	ok cred=0.28
2026-08-20T08:28:39	2170-Letter_from_SV_Raju_28-02-1975	summary	ok cred=0.3
2026-08-20T08:28:40	2174-Letter_to_SV_Raju_05-02-1975	summary	ok cred=0.29
2026-08-20T08:28:41	2188-Letter_from_Mr_Minoo_Masani_13-03-1973	summary	ok cred=0.23
2026-08-20T08:28:44	2185-Letter_from_SV_Raju_14-03-1974	summary	ok cred=0.25
2026-08-20T08:28:44	2194-Letter_from_Mr_Minoo_Masani_13-06-1972	metadata.a	ok cred=0.28
2026-08-20T08:28:52	2175-Letter_to_SV_Raju_16-01-1975	summary	ok cred=0.3
2026-08-20T08:28:56	2195-Letter_to_Mr_Minoo_Masani_02-04-1972	metadata.a	ok cred=0.28
2026-08-20T08:29:00	2196-Letter_from_Mr_Minoo_Masani_23-05-1972	metadata.a	ok cred=0.28
2026-08-20T08:29:01	2200-Letter_from_Mr_Minoo_Masani_23-05-1972	metadata.a	ok cred=0.22
2026-08-20T08:29:04	2198-Letter_from_Mr_Minoo_Masani_23-05-1972	metadata.a	ok cred=0.28
2026-08-20T08:29:04	2180-Letter_from_SV_Raju_10-01-1975	summary	ok cred=0.32
2026-08-20T08:29:06	2190-Letter_to_Mr_Minoo_Masani_08-03-1973	summary	UNPARSEABLE
2026-08-20T08:29:08	2201-Letter_to_Mr_Minoo_Masani_17-05-1972	metadata.a	ok cred=0.27
2026-08-20T08:29:08	2194-Letter_from_Mr_Minoo_Masani_13-06-1972	summary	ok cred=0.27
2026-08-20T08:29:09	22-Letter_to_Mr_Minoo_Masani_25-03-1971	metadata.a	ok cred=0.22
2026-08-20T08:29:12	2202-Letter_from_Mr_Minoo_Masani_18-05-1972	metadata.a	ok cred=0.27
2026-08-20T08:29:20	2195-Letter_to_Mr_Minoo_Masani_02-04-1972	summary	ok cred=0.23
2026-08-20T08:29:23	2196-Letter_from_Mr_Minoo_Masani_23-05-1972	summary	ok cred=0.24
2026-08-20T08:29:29	2204-Letter_from_Mr_Minoo_Masani_21-03-1972	metadata.a	ok cred=0.22
2026-08-20T08:29:31	2200-Letter_from_Mr_Minoo_Masani_23-05-1972	summary	ok cred=0.27
2026-08-20T08:29:32	2202-Letter_from_Mr_Minoo_Masani_18-05-1972	summary	ok cred=0.23
2026-08-20T08:29:32	2205-Letter_to_Mr_Minoo_Masani_17-03-1972	metadata.a	ok cred=0.21
2026-08-20T08:29:33	2203-Letter_to_Mr_Minoo_Masani_15-05-1972	metadata.a	ok cred=0.21
2026-08-20T08:29:33	2198-Letter_from_Mr_Minoo_Masani_23-05-1972	summary	ok cred=0.27
2026-08-20T08:29:35	2201-Letter_to_Mr_Minoo_Masani_17-05-1972	summary	ok cred=0.28
2026-08-20T08:29:38	22-Letter_to_Mr_Minoo_Masani_25-03-1971	summary	ok cred=0.25
2026-08-20T08:29:45	2209-The_Draft_Election_Manifesto_of_the_Swatantra_Party_March-1960	metadata.a	ok cred=0.23
2026-08-20T08:29:46	2206-Letter_to_Dhyan_S_Makhija_29-11-1971	metadata.a	ok cred=0.21
2026-08-20T08:29:49	2212-Letter_from_Mr_Minoo_Masani_28-10-1971	metadata.a	ok cred=0.27
2026-08-20T08:29:50	2214-Meeting_of_the_Mysore_State_Excutive_Committee_19-09-1971	metadata.a	ok cred=0.22
2026-08-20T08:29:53	2217-Letter_from_Mr_Minoo_Masani_02-08-1971	metadata.a	ok cred=0.28
2026-08-20T08:29:55	2204-Letter_from_Mr_Minoo_Masani_21-03-1972	summary	ok cred=0.24
2026-08-20T08:29:59	2205-Letter_to_Mr_Minoo_Masani_17-03-1972	summary	ok cred=0.24
2026-08-20T08:30:06	2218-Letter_to_Mr_Minoo_Masani_03-06-1971	metadata.a	ok cred=0.28
2026-08-20T08:30:07	2209-The_Draft_Election_Manifesto_of_the_Swatantra_Party_March-1960	summary	ok cred=0.27
2026-08-20T08:30:08	2203-Letter_to_Mr_Minoo_Masani_15-05-1972	summary	ok cred=0.26
2026-08-20T08:30:10	2216-Letter_from_Mr_Minoo_Masani_02-08-1971	metadata.a	ok cred=0.28
2026-08-20T08:30:10	2206-Letter_to_Dhyan_S_Makhija_29-11-1971	summary	ok cred=0.24
2026-08-20T08:30:14	2212-Letter_from_Mr_Minoo_Masani_28-10-1971	summary	ok cred=0.23
2026-08-20T08:30:20	2223-Letter_from_Mr_Minoo_Masani_15-04-1971	metadata.a	ok cred=0.27
2026-08-20T08:30:20	2214-Meeting_of_the_Mysore_State_Excutive_Committee_19-09-1971	summary	ok cred=0.25
2026-08-20T08:30:21	2217-Letter_from_Mr_Minoo_Masani_02-08-1971	summary	ok cred=0.24
2026-08-20T08:30:23	2221-Letter_from_Mr_Minoo_Masani_21-04-1971	metadata.a	ok cred=0.28
2026-08-20T08:30:29	2224-Letter_to_Mr_Minoo_Masani_03-04-1971	metadata.a	ok cred=0.29
2026-08-20T08:30:34	2228-Letter_to_Mr_Maharaja_Natwarsingh_05-11-1971	metadata.a	ok cred=0.23
2026-08-20T08:30:35	223-Annexure-B	metadata.a	ok cred=0.22
2026-08-20T08:30:39	2216-Letter_from_Mr_Minoo_Masani_02-08-1971	summary	ok cred=0.27
2026-08-20T08:30:39	2231-Masani_Flays_Partys_Role_In_Orissa-Times_Of_India_15-04-1973	metadata.a	ok cred=0.22
2026-08-20T08:30:40	2218-Letter_to_Mr_Minoo_Masani_03-06-1971	summary	ok cred=0.29
2026-08-20T08:30:42	2223-Letter_from_Mr_Minoo_Masani_15-04-1971	summary	ok cred=0.26
2026-08-20T08:30:44	2233-Swatantras_Capers-Times_Of_India	metadata.a	ok cred=0.23
2026-08-20T08:30:48	2232-The_Swatantra_Convention-Statesman_17-04-1973	metadata.a	ok cred=0.28
2026-08-20T08:30:55	2221-Letter_from_Mr_Minoo_Masani_21-04-1971	summary	ok cred=0.27
2026-08-20T08:30:57	223-Annexure-B	summary	ok cred=0.27
2026-08-20T08:31:02	2228-Letter_to_Mr_Maharaja_Natwarsingh_05-11-1971	summary	ok cred=0.25
2026-08-20T08:31:02	2235-Singh_Deo_Defends_Ties_With_Biju_Patnaik-Hindustan_Times_19-04-1973	metadata.a	ok cred=0.23
2026-08-20T08:31:05	2236-Singh_Deo_Lashes_Out_At_Masani-Times_Of_India_19-04-1973	metadata.a	ok cred=0.28
2026-08-20T08:31:05	2224-Letter_to_Mr_Minoo_Masani_03-04-1971	summary	ok cred=0.31
2026-08-20T08:31:07	2231-Masani_Flays_Partys_Role_In_Orissa-Times_Of_India_15-04-1973	summary	ok cred=0.27
2026-08-20T08:31:08	2234-Singh_Deo_Slams_Back_At_Masani_18-04-1973	metadata.a	ok cred=0.28
2026-08-20T08:31:19	2239-Swatantra_Asks_Centre_To_End_All_Controls_16-04-1973	metadata.a	ok cred=0.28
2026-08-20T08:31:21	2233-Swatantras_Capers-Times_Of_India	summary	ok cred=0.28
2026-08-20T08:31:22	2240-Masani_Sees_Stranglehold-Indian_Express_16-04-1973	metadata.a	ok cred=0.28
2026-08-20T08:31:22	224-For_Favour_of_Publication_06-11-1962	metadata.a	ok cred=0.29
2026-08-20T08:31:28	2232-The_Swatantra_Convention-Statesman_17-04-1973	summary	ok cred=0.29
2026-08-20T08:31:33	2242-Tide_In_Favour_Of_Swatantra-Piloo-Times_Of_India_15-04-1973	metadata.a	ok cred=0.23
2026-08-20T08:31:35	2235-Singh_Deo_Defends_Ties_With_Biju_Patnaik-Hindustan_Times_19-04-1973	summary	ok cred=0.27
2026-08-20T08:31:37	2241-Split_AP_Demands_Swatantra_Party-Times_Of_India_16-04-1973	metadata.a	ok cred=0.22
2026-08-20T08:31:46	2243-Need_To_Resurrect_Swatantra_Party_Stressed_At_Session-Statesman_15-04-1973	metadata.a	ok cred=0.22
2026-08-20T08:31:48	2234-Singh_Deo_Slams_Back_At_Masani_18-04-1973	summary	ok cred=0.3
2026-08-20T08:31:49	2236-Singh_Deo_Lashes_Out_At_Masani-Times_Of_India_19-04-1973	summary	ok cred=0.27
2026-08-20T08:31:55	2244-Swatantra_Shift_To_Radicalism-Indian_Express_15-04-1973	metadata.a	ok cred=0.28
2026-08-20T08:31:55	2240-Masani_Sees_Stranglehold-Indian_Express_16-04-1973	summary	ok cred=0.26
2026-08-20T08:31:57	224-For_Favour_of_Publication_06-11-1962	summary	ok cred=0.29
2026-08-20T08:31:57	2245-Swatantra_Can_Form_Govt_In_1976-Piloo_Mody-Hindustan_Times_15-04-1973	metadata.a	ok cred=0.29
2026-08-20T08:32:03	2239-Swatantra_Asks_Centre_To_End_All_Controls_16-04-1973	summary	ok cred=0.35
2026-08-20T08:32:08	2246-Swatantra_Party_Men_Urged_To_Aim_High_&_Work_Hard-Statesman_14-04-1973	metadata.a	ok cred=0.28
2026-08-20T08:32:13	2241-Split_AP_Demands_Swatantra_Party-Times_Of_India_16-04-1973	summary	ok cred=0.3
2026-08-20T08:32:19	2250-Bengal_Withdraws_From_AIR_TV_Panels-Times_Of_India_15-09-1987	metadata.a	ok cred=0.29
2026-08-20T08:32:22	2251-Monopoly_On_AIR_&_TV_Challenged-The_Statesman_11-09-1987	metadata.a	ok cred=0.22
2026-08-20T08:32:26	2242-Tide_In_Favour_Of_Swatantra-Piloo-Times_Of_India_15-04-1973	summary	ok cred=0.3
2026-08-20T08:32:27	2245-Swatantra_Can_Form_Govt_In_1976-Piloo_Mody-Hindustan_Times_15-04-1973	summary	ok cred=0.3
2026-08-20T08:32:28	2243-Need_To_Resurrect_Swatantra_Party_Stressed_At_Session-Statesman_15-04-1973	summary	ok cred=0.31
2026-08-20T08:32:28	2253-Monopoly_On_AIR_&_TV_Challenged-The_Statesman_11-09-1987	metadata.a	ok cred=0.23
2026-08-20T08:32:29	2252-Petition_Against_Govt_Monopoly_In_Broadcasting-The_Hindustan_Times_10-09-1987	metadata.a	ok cred=0.23
2026-08-20T08:32:36	2244-Swatantra_Shift_To_Radicalism-Indian_Express_15-04-1973	summary	UNPARSEABLE
2026-08-20T08:32:38	2255-SC_Directive_On_AIR_TV_Autonomy_Plea-Indian_Express_29-04-1987	metadata.a	ok cred=0.29
2026-08-20T08:32:46	2246-Swatantra_Party_Men_Urged_To_Aim_High_&_Work_Hard-Statesman_14-04-1973	summary	UNPARSEABLE
2026-08-20T08:32:47	2258-IOA_Blasts_Doordarshan-Times_Of_India_16-09-1987	metadata.a	ok cred=0.28
2026-08-20T08:32:53	2252-Petition_Against_Govt_Monopoly_In_Broadcasting-The_Hindustan_Times_10-09-1987	summary	ok cred=0.24
2026-08-20T08:32:56	2251-Monopoly_On_AIR_&_TV_Challenged-The_Statesman_11-09-1987	summary	ok cred=0.3
2026-08-20T08:32:57	2259-Govt_Monopoly_Over_Radio_TV_Illegal-Indian_Express_11-09-1987	metadata.a	ok cred=0.22
2026-08-20T08:32:59	2250-Bengal_Withdraws_From_AIR_TV_Panels-Times_Of_India_15-09-1987	summary	ok cred=0.29
2026-08-20T08:33:00	2260-Monopoly_Over_Radio_TV_Illegal-Indian_Express_10-09-1987	metadata.a	ok cred=0.23
2026-08-20T08:33:05	2269-Letter_to_Mr_Minoo_Masani_13-11-1987	metadata.a	ok cred=0.27
2026-08-20T08:33:08	227-For_Favour_of_Publication_31-10-1962	metadata.a	ok cred=0.29
2026-08-20T08:33:21	2270-Letter_to_Mr_K_S_Venkateshwaran_27-11-1987	metadata.a	ok cred=0.29
2026-08-20T08:33:23	2280-Telegram-Dissolution_Of_Swatantra_Party_14-04-1973	metadata.a	ok cred=0.23
2026-08-20T08:33:24	2258-IOA_Blasts_Doordarshan-Times_Of_India_16-09-1987	summary	ok cred=0.32
2026-08-20T08:33:24	2271-Letter_to_Mr_Naoroz_Seervai_08-04-1987	metadata.a	ok cred=0.28
2026-08-20T08:33:25	2259-Govt_Monopoly_Over_Radio_TV_Illegal-Indian_Express_11-09-1987	summary	ok cred=0.26
2026-08-20T08:33:26	2255-SC_Directive_On_AIR_TV_Autonomy_Plea-Indian_Express_29-04-1987	summary	ok cred=0.35
2026-08-20T08:33:33	227-For_Favour_of_Publication_31-10-1962	summary	ok cred=0.24
2026-08-20T08:33:34	2260-Monopoly_Over_Radio_TV_Illegal-Indian_Express_10-09-1987	summary	ok cred=0.3
2026-08-20T08:33:42	2280-Telegram-Dissolution_Of_Swatantra_Party_14-04-1973	summary	ok cred=0.26
2026-08-20T08:33:43	2269-Letter_to_Mr_Minoo_Masani_13-11-1987	summary	ok cred=0.27
2026-08-20T08:33:47	2270-Letter_to_Mr_K_S_Venkateshwaran_27-11-1987	summary	ok cred=0.27
2026-08-20T08:33:49	2294-Letter_to_Mr_V_P_Bhatia_14-05-1975	metadata.a	ok cred=0.3
2026-08-20T08:33:49	2296-Letter_to_Mr_V_P_Bhatia_14-05-1975	metadata.a	ok cred=0.29
2026-08-20T08:33:50	2295-Letter_to_Mr_Girish_22-04-1975	metadata.a	ok cred=0.23
2026-08-20T08:33:52	2271-Letter_to_Mr_Naoroz_Seervai_08-04-1987	summary	ok cred=0.24
2026-08-20T08:33:59	230-For_Favour_of_Publication_25-10-1962	metadata.a	ok cred=0.22
2026-08-20T08:34:02	2297-Letter_to_Swatantra_Party_06-05-1975	metadata.a	ok cred=0.27
2026-08-20T08:34:04	2305-Letter_to_Mr_Girish_Munshi_23-01-1975	metadata.a	ok cred=0.28
2026-08-20T08:34:09	2306-Letter_to_Mr_Piloo_Mody_29-01-1975	metadata.a	ok cred=0.22
2026-08-20T08:34:09	2308-Letter_to_Mr_V_P_Bhatia_26-12-1974	metadata.a	ok cred=0.27
2026-08-20T08:34:13	2253-Monopoly_On_AIR_&_TV_Challenged-The_Statesman_11-09-1987	summary	ok cred=0.28
2026-08-20T08:34:16	2309-Rent_and_Electricity_Charges_For_The_Month_Nov-1974_16-12-1974	metadata.a	ok cred=0.29
2026-08-20T08:34:17	2295-Letter_to_Mr_Girish_22-04-1975	summary	ok cred=0.27
2026-08-20T08:34:24	2294-Letter_to_Mr_V_P_Bhatia_14-05-1975	summary	ok cred=0.28
2026-08-20T08:34:26	2297-Letter_to_Swatantra_Party_06-05-1975	summary	ok cred=0.25
2026-08-20T08:34:30	2308-Letter_to_Mr_V_P_Bhatia_26-12-1974	summary	ok cred=0.24
2026-08-20T08:34:31	2306-Letter_to_Mr_Piloo_Mody_29-01-1975	summary	ok cred=0.27
2026-08-20T08:34:38	2309-Rent_and_Electricity_Charges_For_The_Month_Nov-1974_16-12-1974	summary	ok cred=0.23
2026-08-20T08:34:41	2310-Rent_and_Electricity_Charges_For_The_Month_Oct-1974_26-11-1974	metadata.a	ok cred=0.28
2026-08-20T08:34:42	2305-Letter_to_Mr_Girish_Munshi_23-01-1975	summary	ok cred=0.26
2026-08-20T08:34:43	2311-Rent_and_Electricity_Charges_For_The_Month_Sep-1974_30-10-1974	metadata.a	ok cred=0.29
2026-08-20T08:34:45	230-For_Favour_of_Publication_25-10-1962	summary	ok cred=0.31
2026-08-20T08:34:45	2315-JPs_Programme_For_December_69	metadata.a	ok cred=0.28
2026-08-20T08:34:47	2296-Letter_to_Mr_V_P_Bhatia_14-05-1975	summary	ok cred=0.33
2026-08-20T08:34:49	2317-Masani_Welcomes_Mrs_Gandhi_Offer_To_End_Controls-Statesman_10-10-1969	metadata.a	ok cred=0.29
2026-08-20T08:34:56	2318-What_Stirred_Us-Himmat_10-10-1969	metadata.a	ok cred=0.24
2026-08-20T08:34:58	2319-Masani_Lauds_Indira_Stand_On_Controls-Indian_Express_09-10-1969	metadata.a	ok cred=0.3
2026-08-20T08:35:00	2320-Masani_Welcomes_PMs_Offer_To_Lift_Controls-Times_Of_India_09-10-1969	metadata.a	ok cred=0.23
2026-08-20T08:35:04	2321-Challenge_To_Industry-Hindustan_Times_09-10-1969	metadata.a	ok cred=0.23
2026-08-20T08:35:04	2310-Rent_and_Electricity_Charges_For_The_Month_Oct-1974_26-11-1974	summary	ok cred=0.25
2026-08-20T08:35:06	2311-Rent_and_Electricity_Charges_For_The_Month_Sep-1974_30-10-1974	summary	ok cred=0.27
2026-08-20T08:35:06	2315-JPs_Programme_For_December_69	summary	ok cred=0.26
2026-08-20T08:35:11	2323-Anti_Social_Elements_Must_Not_Get_Bank_Credit-PM-Times_Of_India_06-10-1969	metadata.a	ok cred=0.29
2026-08-20T08:35:11	2324-Controls_On_Rational_Basis_PM_Asserts-Indian_Express_06-10-1969	metadata.a	ok cred=0.29
2026-08-20T08:35:19	2317-Masani_Welcomes_Mrs_Gandhi_Offer_To_End_Controls-Statesman_10-10-1969	summary	ok cred=0.27
2026-08-20T08:35:26	2334-Letter_to_Mr_Minoo_Masani_26-11-1989	metadata.a	ok cred=0.29
2026-08-20T08:35:28	2335-Letter_to_President_Mr_R_Venkataraman_21-11-1989	metadata.a	ok cred=0.22
2026-08-20T08:35:31	2336-Letter_to_Mr_Minoo_Masani_14-10-1989	metadata.a	ok cred=0.28
2026-08-20T08:35:31	2319-Masani_Lauds_Indira_Stand_On_Controls-Indian_Express_09-10-1969	summary	ok cred=0.31
2026-08-20T08:35:34	2321-Challenge_To_Industry-Hindustan_Times_09-10-1969	summary	ok cred=0.26
2026-08-20T08:35:38	2320-Masani_Welcomes_PMs_Offer_To_Lift_Controls-Times_Of_India_09-10-1969	summary	ok cred=0.3
2026-08-20T08:35:40	2337-Letter_to_President_Mr_R_Venkataraman_04-10-1989	metadata.a	ok cred=0.23
2026-08-20T08:35:43	2324-Controls_On_Rational_Basis_PM_Asserts-Indian_Express_06-10-1969	summary	ok cred=0.29
2026-08-20T08:35:43	2323-Anti_Social_Elements_Must_Not_Get_Bank_Credit-PM-Times_Of_India_06-10-1969	summary	ok cred=0.26
2026-08-20T08:35:49	2334-Letter_to_Mr_Minoo_Masani_26-11-1989	summary	ok cred=0.23
2026-08-20T08:35:50	2335-Letter_to_President_Mr_R_Venkataraman_21-11-1989	summary	ok cred=0.24
2026-08-20T08:35:52	2336-Letter_to_Mr_Minoo_Masani_14-10-1989	summary	ok cred=0.26
2026-08-20T08:35:53	2338-Letter_to_President_Mr_R_Venkataraman_09-09-1987	metadata.a	ok cred=0.22
2026-08-20T08:35:57	2318-What_Stirred_Us-Himmat_10-10-1969	summary	UNPARSEABLE
2026-08-20T08:36:01	2339-Letter_to_Mr_Minoo_Masani_27-08-1987	metadata.a	ok cred=0.28
2026-08-20T08:36:01	2345-National_Govt_Not_Utopain_29-10-1987	metadata.a	ok cred=0.28
2026-08-20T08:36:04	2348-Letter_to_Regional_Transport_Officer_16-01-1989	metadata.a	ok cred=0.21
2026-08-20T08:36:08	2337-Letter_to_President_Mr_R_Venkataraman_04-10-1989	summary	ok cred=0.25
2026-08-20T08:36:09	2360-Letter_to_Shri_Ghasirambabu_Majhi_07-12-1979	metadata.a	ok cred=0.27
2026-08-20T08:36:13	2354-Letter_to_Regional_Transport_Officer_Regarding_Jeep_No-MRA4093_28-12-1984	metadata.a	ok cred=0.21
2026-08-20T08:36:13	2352-Letter_to_Regional_Transport_Officer_Regarding_Jeep_No-MRA4024_09-03-1985	metadata.a	ok cred=0.27
2026-08-20T08:36:13	2338-Letter_to_President_Mr_R_Venkataraman_09-09-1987	summary	ok cred=0.23
2026-08-20T08:36:25	2363-Letter_to_Regional_Transport_Officer_12-11-1979	metadata.a	ok cred=0.21
2026-08-20T08:36:26	2339-Letter_to_Mr_Minoo_Masani_27-08-1987	summary	UNPARSEABLE
2026-08-20T08:36:27	2348-Letter_to_Regional_Transport_Officer_16-01-1989	summary	UNPARSEABLE
2026-08-20T08:36:33	2354-Letter_to_Regional_Transport_Officer_Regarding_Jeep_No-MRA4093_28-12-1984	summary	UNPARSEABLE
2026-08-20T08:36:33	2346-Letters-National_Govt-The_Times_Of_India_27-10-1987	metadata.a	ok cred=0.33
2026-08-20T08:36:34	2362-Letter_to_Mr_S_V_Raju_22-11-1979	metadata.a	ok cred=0.22
2026-08-20T08:36:35	2360-Letter_to_Shri_Ghasirambabu_Majhi_07-12-1979	summary	ok cred=0.27
2026-08-20T08:36:38	2352-Letter_to_Regional_Transport_Officer_Regarding_Jeep_No-MRA4024_09-03-1985	summary	ok cred=0.23
2026-08-20T08:36:39	2345-National_Govt_Not_Utopain_29-10-1987	summary	ok cred=0.28
2026-08-20T08:36:41	2364-Letter_to_Mr_P_K_Deo_09-11-1979	metadata.a	ok cred=0.28
2026-08-20T08:36:47	2368-Letter_to_Regional_Transport_Officer_Regarding_Jeep_No-MRA4024_08-02-1977	metadata.a	ok cred=0.22
2026-08-20T08:36:48	2363-Letter_to_Regional_Transport_Officer_12-11-1979	summary	ok cred=0.25
2026-08-20T08:36:52	2372-Letter_to_Regional_Transport_Officer_17-03-1976	metadata.a	ok cred=0.28
2026-08-20T08:36:56	2374-Letter_From_Associated_Cement_Companies_11-03-1976	metadata.a	ok cred=0.22
2026-08-20T08:37:01	2376-Letter_to_Mr_Minoo_Masani_20-03-1975	metadata.a	ok cred=0.29
2026-08-20T08:37:02	2362-Letter_to_Mr_S_V_Raju_22-11-1979	summary	ok cred=0.25
2026-08-20T08:37:03	2379-Letter_to_Mr_Minoo_Masani_07-03-1975	metadata.a	ok cred=0.28
2026-08-20T08:37:06	2364-Letter_to_Mr_P_K_Deo_09-11-1979	summary	ok cred=0.26
2026-08-20T08:37:06	2382-Letter_to_Mr_N_W_Sawant_04-03-1975	metadata.a	ok cred=0.28
2026-08-20T08:37:06	2377-Letter_to_Mr_V_P_Bhatia_20-03-1975	metadata.a	ok cred=0.22
2026-08-20T08:37:10	2368-Letter_to_Regional_Transport_Officer_Regarding_Jeep_No-MRA4024_08-02-1977	summary	ok cred=0.27
2026-08-20T08:37:14	2372-Letter_to_Regional_Transport_Officer_17-03-1976	summary	ok cred=0.23
2026-08-20T08:37:18	2346-Letters-National_Govt-The_Times_Of_India_27-10-1987	summary	ok cred=0.33
2026-08-20T08:37:22	2376-Letter_to_Mr_Minoo_Masani_20-03-1975	summary	ok cred=0.26
2026-08-20T08:37:22	2374-Letter_From_Associated_Cement_Companies_11-03-1976	summary	ok cred=0.28
2026-08-20T08:37:25	2384-Letter_to_The_Collector_Of_Bombay_05-02-1975	metadata.a	ok cred=0.22
2026-08-20T08:37:25	2383-Letter_to_Mr_V_P_Bhatia_06-02-1975	metadata.a	ok cred=0.22
2026-08-20T08:37:28	2379-Letter_to_Mr_Minoo_Masani_07-03-1975	summary	UNPARSEABLE
2026-08-20T08:37:35	2377-Letter_to_Mr_V_P_Bhatia_20-03-1975	summary	UNPARSEABLE
2026-08-20T08:37:35	2382-Letter_to_Mr_N_W_Sawant_04-03-1975	summary	ok cred=0.27
2026-08-20T08:37:35	2385-Letter_to_The_Collector_Of_Bombay_13-12-1974	metadata.a	ok cred=0.22
2026-08-20T08:37:37	2386-Letter_to_Mr_Minoo_Masani_08-01-1975	metadata.a	ok cred=0.22
2026-08-20T08:37:43	2387-Letter_to_Mr_V_P_Bhatia_19-12-1974	metadata.a	ok cred=0.29
2026-08-20T08:37:44	239-Pitfalls_At_The_Poll_10-06-1962	metadata.a	ok cred=0.2
2026-08-20T08:37:46	2388-Letter_to_Mr_S_V_Raju_17-12-1974	metadata.a	ok cred=0.29
2026-08-20T08:37:50	2383-Letter_to_Mr_V_P_Bhatia_06-02-1975	summary	ok cred=0.26
2026-08-20T08:37:51	2384-Letter_to_The_Collector_Of_Bombay_05-02-1975	summary	ok cred=0.27
2026-08-20T08:37:58	2390-Swatantra_Party_Resolution_1_and_2_29-08-1974	metadata.a	ok cred=0.23
2026-08-20T08:38:02	2391-Letter_to_The_Collector_Of_Bombay_13-12-1974	metadata.a	ok cred=0.22
2026-08-20T08:38:03	2385-Letter_to_The_Collector_Of_Bombay_13-12-1974	summary	ok cred=0.28
2026-08-20T08:38:06	2386-Letter_to_Mr_Minoo_Masani_08-01-1975	summary	ok cred=0.27
2026-08-20T08:38:07	2392-Letter_to_The_Collector_Of_Bombay_25-11-1974	metadata.a	ok cred=0.3
2026-08-20T08:38:11	2395-Letter_to_The_Collector_Of_Bombay_01-07-1987	metadata.a	ok cred=0.28
2026-08-20T08:38:12	239-Pitfalls_At_The_Poll_10-06-1962	summary	ok cred=0.23
2026-08-20T08:38:14	2388-Letter_to_Mr_S_V_Raju_17-12-1974	summary	ok cred=0.25
2026-08-20T08:38:14	2387-Letter_to_Mr_V_P_Bhatia_19-12-1974	summary	ok cred=0.25
2026-08-20T08:38:20	2396-Letter_to_Mr_Minoo_Masani_10-12-1987	metadata.a	ok cred=0.3
2026-08-20T08:38:26	2391-Letter_to_The_Collector_Of_Bombay_13-12-1974	summary	ok cred=0.28
2026-08-20T08:38:31	2392-Letter_to_The_Collector_Of_Bombay_25-11-1974	summary	ok cred=0.23
2026-08-20T08:38:31	2390-Swatantra_Party_Resolution_1_and_2_29-08-1974	summary	UNPARSEABLE
2026-08-20T08:38:33	2398-Letter_to_Mr_A_P_Sinha_29-04-1987	metadata.a	ok cred=0.29
2026-08-20T08:38:33	24-Letter_to_Sardar_Gian_Singh_Rarewala_24-03-1971	metadata.a	ok cred=0.27
2026-08-20T08:38:34	24-A-Letter_to_Mr_Minoo_Masani_15-03-1971	metadata.a	ok cred=0.22
2026-08-20T08:38:39	2401-Letter_to_Mr_Minoo_Masani_18-03-1987	metadata.a	ok cred=0.23
2026-08-20T08:38:43	2395-Letter_to_The_Collector_Of_Bombay_01-07-1987	summary	ok cred=0.27
2026-08-20T08:38:43	2403-Letter_to_Mr_A_P_Sinha_10-03-1987	metadata.a	ok cred=0.22
2026-08-20T08:38:47	2396-Letter_to_Mr_Minoo_Masani_10-12-1987	summary	ok cred=0.26
2026-08-20T08:38:50	2404-Letter_to_Mr_Minoo_Masani_27-02-1987	metadata.a	ok cred=0.29
2026-08-20T08:38:53	2409-Letter_to_Regional_Transport_Officer_22-11-1976	metadata.a	ok cred=0.22
2026-08-20T08:38:53	24-Letter_to_Sardar_Gian_Singh_Rarewala_24-03-1971	summary	ok cred=0.22
2026-08-20T08:38:56	2408-Letter_to_Mr_Minoo_Masani_05-11-1984	metadata.a	ok cred=0.22
2026-08-20T08:39:01	24-A-Letter_to_Mr_Minoo_Masani_15-03-1971	summary	ok cred=0.28
2026-08-20T08:39:03	2398-Letter_to_Mr_A_P_Sinha_29-04-1987	summary	ok cred=0.29
2026-08-20T08:39:05	2403-Letter_to_Mr_A_P_Sinha_10-03-1987	summary	ok cred=0.26
2026-08-20T08:39:05	2413-Letter_to_The_Deputy_Commissioner_Of_Police_02-07-1975	metadata.a	ok cred=0.29
2026-08-20T08:39:07	2401-Letter_to_Mr_Minoo_Masani_18-03-1987	summary	ok cred=0.27
2026-08-20T08:39:10	2414-Letter_to_Mr_V_P_Bhatia_02-07-1975	metadata.a	ok cred=0.28
2026-08-20T08:39:14	2404-Letter_to_Mr_Minoo_Masani_27-02-1987	summary	ok cred=0.25
2026-08-20T08:39:16	2416-Letter_to_Mr_Minoo_Masani_15-03-1975	metadata.a	ok cred=0.21
2026-08-20T08:39:21	2409-Letter_to_Regional_Transport_Officer_22-11-1976	summary	ok cred=0.24
2026-08-20T08:39:22	2408-Letter_to_Mr_Minoo_Masani_05-11-1984	summary	ok cred=0.23
2026-08-20T08:39:23	242-Thou_Shalt_Not_Travel	metadata.a	ok cred=0.27
2026-08-20T08:39:27	2420-Letter_to_The_Collector_Of_Bombay_12-08-1974	metadata.a	ok cred=0.23
2026-08-20T08:39:27	2423-Letter_to_The_Collector_Of_Bombay_13-12-1974	metadata.a	ok cred=0.22
2026-08-20T08:39:28	2422-Letter_to_The_Collector_Of_Bombay_12-08-1974	metadata.a	ok cred=0.29
2026-08-20T08:39:32	2413-Letter_to_The_Deputy_Commissioner_Of_Police_02-07-1975	summary	ok cred=0.24
2026-08-20T08:39:35	2424-Letter_to_Mr_V_P_Bhatia_13-12-1974	metadata.a	ok cred=0.22
2026-08-20T08:39:42	2416-Letter_to_Mr_Minoo_Masani_15-03-1975	summary	ok cred=0.26
2026-08-20T08:39:44	2414-Letter_to_Mr_V_P_Bhatia_02-07-1975	summary	ok cred=0.27
2026-08-20T08:39:45	2425-Letter_to_Mr_Minoo_Masani_08-01-1975	metadata.a	ok cred=0.22
2026-08-20T08:39:47	2426-Letter_From_Associated_Cement_Companies_11-03-1975	metadata.a	ok cred=0.28
2026-08-20T08:39:52	2423-Letter_to_The_Collector_Of_Bombay_13-12-1974	summary	ok cred=0.24
2026-08-20T08:39:53	242-Thou_Shalt_Not_Travel	summary	ok cred=0.28
2026-08-20T08:39:54	2420-Letter_to_The_Collector_Of_Bombay_12-08-1974	summary	ok cred=0.26
2026-08-20T08:39:55	2429-Letter_to_Regional_Transport_Officer_07-02-1985	metadata.a	ok cred=0.28
2026-08-20T08:39:58	2422-Letter_to_The_Collector_Of_Bombay_12-08-1974	summary	ok cred=0.29
2026-08-20T08:40:00	2424-Letter_to_Mr_V_P_Bhatia_13-12-1974	summary	ok cred=0.27
2026-08-20T08:40:04	2431-Letter_to_Regional_Transport_Officer_Regarding_Jeep_No-MRG2347_13-02-1985	metadata.a	ok cred=0.21
2026-08-20T08:40:11	2432-Letter_to_Regional_Transport_Officer_Regarding_Jeep_No-MRG2347_06-05-1985	metadata.a	ok cred=0.28
2026-08-20T08:40:11	2435-Letter_to_Regional_Transport_Officer_07-02-1985	metadata.a	ok cred=0.28
2026-08-20T08:40:12	2437-Letter_to_Regional_Transport_Officer_22-11-1976	metadata.a	ok cred=0.27
2026-08-20T08:40:15	2425-Letter_to_Mr_Minoo_Masani_08-01-1975	summary	ok cred=0.25
2026-08-20T08:40:17	2436-Letter_to_Mr_Minoo_Masani_05-11-1985	metadata.a	ok cred=0.23
2026-08-20T08:40:18	2438-Letter_to_Regional_Transport_Officer_Regarding_Jeep_No-MRG2347_13-02-1985	metadata.a	ok cred=0.22
2026-08-20T08:40:21	2439-Letter_to_Regional_Transport_Officer_Regarding_Jeep_No-MRG2347_06-05-1985	metadata.a	ok cred=0.22
2026-08-20T08:40:23	2429-Letter_to_Regional_Transport_Officer_07-02-1985	summary	ok cred=0.28
2026-08-20T08:40:25	2426-Letter_From_Associated_Cement_Companies_11-03-1975	summary	ok cred=0.25
2026-08-20T08:40:26	2431-Letter_to_Regional_Transport_Officer_Regarding_Jeep_No-MRG2347_13-02-1985	summary	ok cred=0.25
2026-08-20T08:40:31	2432-Letter_to_Regional_Transport_Officer_Regarding_Jeep_No-MRG2347_06-05-1985	summary	ok cred=0.23
2026-08-20T08:40:35	2440-Letter_to_Regional_Transport_Officer_18-02-1986	metadata.a	ok cred=0.28
2026-08-20T08:40:37	2438-Letter_to_Regional_Transport_Officer_Regarding_Jeep_No-MRG2347_13-02-1985	summary	ok cred=0.24
2026-08-20T08:40:40	2435-Letter_to_Regional_Transport_Officer_07-02-1985	summary	ok cred=0.24
2026-08-20T08:40:42	2436-Letter_to_Mr_Minoo_Masani_05-11-1985	summary	ok cred=0.23
2026-08-20T08:40:44	2437-Letter_to_Regional_Transport_Officer_22-11-1976	summary	ok cred=0.23
2026-08-20T08:40:46	2444-Letter_to_Regional_Transport_Officer_07-02-1985	metadata.a	ok cred=0.21
2026-08-20T08:40:47	2439-Letter_to_Regional_Transport_Officer_Regarding_Jeep_No-MRG2347_06-05-1985	summary	ok cred=0.23
2026-08-20T08:40:51	2445-Notice_To_Mr_Minoo_Masani_05-11-1985	metadata.a	ok cred=0.22
2026-08-20T08:40:52	2441-Copies_Of_Correspondence_Relating_To_Jeep_No-MRG2347	metadata.a	ok cred=0.28
2026-08-20T08:40:56	2440-Letter_to_Regional_Transport_Officer_18-02-1986	summary	ok cred=0.26
2026-08-20T08:40:56	2446-Letter_to_Regional_Transport_Officer_22-11-1976	metadata.a	ok cred=0.22
2026-08-20T08:40:59	2447-Letter_to_Regional_Transport_Officer_Regarding_Jeep_No-MRG2347_13-02-1985	metadata.a	ok cred=0.27
2026-08-20T08:41:01	2448-Letter_to_Regional_Transport_Officer_Regarding_Jeep_No-MRG2347_06-05-1985	metadata.a	ok cred=0.28
2026-08-20T08:41:09	2452-Letter_to_Regional_Transport_Officer_07-02-1985	metadata.a	ok cred=0.27
2026-08-20T08:41:10	245-A_Second_Innings_For_Indira_Gandhi_19-01-1980	metadata.a	ok cred=0.28
2026-08-20T08:41:12	2444-Letter_to_Regional_Transport_Officer_07-02-1985	summary	ok cred=0.26
2026-08-20T08:41:12	2449-Letter_to_Regional_Transport_Officer_18-02-1986	metadata.a	ok cred=0.21
2026-08-20T08:41:17	2448-Letter_to_Regional_Transport_Officer_Regarding_Jeep_No-MRG2347_06-05-1985	summary	ok cred=0.24
2026-08-20T08:41:18	2453-Letter_to_Mr_Minoo_Masani_05-11-1985	metadata.a	ok cred=0.27
2026-08-20T08:41:18	2445-Notice_To_Mr_Minoo_Masani_05-11-1985	summary	ok cred=0.23
2026-08-20T08:41:19	2447-Letter_to_Regional_Transport_Officer_Regarding_Jeep_No-MRG2347_13-02-1985	summary	ok cred=0.22
2026-08-20T08:41:20	2446-Letter_to_Regional_Transport_Officer_22-11-1976	summary	UNPARSEABLE
2026-08-20T08:41:23	2441-Copies_Of_Correspondence_Relating_To_Jeep_No-MRG2347	summary	ok cred=0.26
2026-08-20T08:41:33	2454-Letter_to_Regional_Transport_Officer_22-11-1976	metadata.a	ok cred=0.27
2026-08-20T08:41:37	2452-Letter_to_Regional_Transport_Officer_07-02-1985	summary	ok cred=0.24
2026-08-20T08:41:38	2449-Letter_to_Regional_Transport_Officer_18-02-1986	summary	ok cred=0.22
2026-08-20T08:41:38	2456-Letter_to_Regional_Transport_Officer_18-02-1986	metadata.a	ok cred=0.21
2026-08-20T08:41:44	2458-Copies_Of_Correspondence_Relating_To_Jeep_No-MRG2347	metadata.a	ok cred=0.29
2026-08-20T08:41:46	2465-Letter_from_VS_Srikumar_21-04-1977	metadata.a	ok cred=0.22
2026-08-20T08:41:46	2466-List_of_Swatantra_MPS_1971	metadata.a	ok cred=0.22
2026-08-20T08:41:46	2453-Letter_to_Mr_Minoo_Masani_05-11-1985	summary	ok cred=0.25
2026-08-20T08:41:47	2463-Letter_to_Parmanand_Kejriwal_25-04-1977	metadata.a	ok cred=0.28
2026-08-20T08:41:54	245-A_Second_Innings_For_Indira_Gandhi_19-01-1980	summary	ok cred=0.29
2026-08-20T08:41:58	2456-Letter_to_Regional_Transport_Officer_18-02-1986	summary	ok cred=0.25
2026-08-20T08:42:00	2468-Meeting_of_the_National_Executive_17-04-1977	metadata.a	ok cred=0.29
2026-08-20T08:42:00	2454-Letter_to_Regional_Transport_Officer_22-11-1976	summary	ok cred=0.26
2026-08-20T08:42:05	247-The_Four_Horse-Traders_Of_The_Indian_Apocalypse_24-03-1979	metadata.a	ok cred=0.3
2026-08-20T08:42:10	2465-Letter_from_VS_Srikumar_21-04-1977	summary	ok cred=0.27
2026-08-20T08:42:11	2474-Minutes_of_the_Executive_Committee_24-02-1975	metadata.a	ok cred=0.28
2026-08-20T08:42:14	2463-Letter_to_Parmanand_Kejriwal_25-04-1977	summary	ok cred=0.27
2026-08-20T08:42:16	2458-Copies_Of_Correspondence_Relating_To_Jeep_No-MRG2347	summary	ok cred=0.26
2026-08-20T08:42:17	2475-Minutes_of_the_Executive_Committee_01-02-1975	metadata.a	ok cred=0.28
2026-08-20T08:42:20	2478-Swatantra_Party_Minutes_of_Meeting_05-12-1974	metadata.a	ok cred=0.23
2026-08-20T08:42:20	2466-List_of_Swatantra_MPS_1971	summary	ok cred=0.31
2026-08-20T08:42:31	2468-Meeting_of_the_National_Executive_17-04-1977	summary	ok cred=0.28
2026-08-20T08:42:31	2477-Swatantra_Party_Minutes_of_Meeting_21-12-1974	metadata.a	ok cred=0.23
2026-08-20T08:42:36	2480-Swatantra_Party_Minutes_of_Meeting_19-11-1974	metadata.a	ok cred=0.28
2026-08-20T08:42:37	2484-Swatantra_Party_Minutes_of_Meeting_15-07-1974	metadata.a	ok cred=0.22
2026-08-20T08:42:38	25-Letter_to_Ms_Kusum_Kumari_Joshi_24-03-1971	metadata.a	ok cred=0.27
2026-08-20T08:42:40	2494-Swatantra_Party_Minutes_of_Meeting_19-11-1973	metadata.a	ok cred=0.24
2026-08-20T08:42:40	247-The_Four_Horse-Traders_Of_The_Indian_Apocalypse_24-03-1979	summary	ok cred=0.32
2026-08-20T08:42:54	250-Mr_Carter_is_not_an_Unpopular_President_31-10-1979	metadata.a	ok cred=0.29
2026-08-20T08:42:59	2478-Swatantra_Party_Minutes_of_Meeting_05-12-1974	summary	ok cred=0.3
2026-08-20T08:43:00	2475-Minutes_of_the_Executive_Committee_01-02-1975	summary	ok cred=0.3
2026-08-20T08:43:03	2474-Minutes_of_the_Executive_Committee_24-02-1975	summary	ok cred=0.33
2026-08-20T08:43:04	25-Letter_to_Ms_Kusum_Kumari_Joshi_24-03-1971	summary	ok cred=0.27
2026-08-20T08:43:08	2504-Swatantra_Party_General_Secretarys_Letter_No-316_25-06-1974	metadata.a	ok cred=0.24
2026-08-20T08:43:14	2480-Swatantra_Party_Minutes_of_Meeting_19-11-1974	summary	ok cred=0.32
2026-08-20T08:43:17	2477-Swatantra_Party_Minutes_of_Meeting_21-12-1974	summary	UNPARSEABLE
2026-08-20T08:43:19	2484-Swatantra_Party_Minutes_of_Meeting_15-07-1974	summary	ok cred=0.31
2026-08-20T08:43:22	2508-Copy_of_Press_Statement_08-07-1974	metadata.a	ok cred=0.28
2026-08-20T08:43:24	2494-Swatantra_Party_Minutes_of_Meeting_19-11-1973	summary	ok cred=0.31
2026-08-20T08:43:26	2510-Letter_to_Babu_Joseph_25-09-1974	metadata.a	ok cred=0.29
2026-08-20T08:43:26	2512-Rajajis_Tour_Programme_Nov-1963	metadata.a	ok cred=0.21
2026-08-20T08:43:30	2511-Letter_to_K_C_Joseph	metadata.a	ok cred=0.29
2026-08-20T08:43:40	250-Mr_Carter_is_not_an_Unpopular_President_31-10-1979	summary	ok cred=0.29
2026-08-20T08:43:41	2504-Swatantra_Party_General_Secretarys_Letter_No-316_25-06-1974	summary	ok cred=0.25
2026-08-20T08:43:41	2513-Letter_from_Dr_Cooper_05-04-1972	metadata.a	ok cred=0.29
2026-08-20T08:43:46	2537-Swatantra_Party_Notice_09-11-1959	metadata.a	ok cred=0.21
2026-08-20T08:43:46	2517-Copy_of_Resolution_Adopted_by_the_State_Council_of_the_Swatantra_party_06-07-1974	metadata.a	ok cred=0.28
2026-08-20T08:43:47	2512-Rajajis_Tour_Programme_Nov-1963	summary	ok cred=0.25
2026-08-20T08:43:48	2510-Letter_to_Babu_Joseph_25-09-1974	summary	ok cred=0.27
2026-08-20T08:43:50	2508-Copy_of_Press_Statement_08-07-1974	summary	ok cred=0.27
2026-08-20T08:43:55	2519-Memoradum_09-04-1972	metadata.a	ok cred=0.28
2026-08-20T08:44:02	2541-Swatantra_Party_Notice_15-10-1959	metadata.a	ok cred=0.21
2026-08-20T08:44:04	2511-Letter_to_K_C_Joseph	summary	ok cred=0.3
2026-08-20T08:44:10	2537-Swatantra_Party_Notice_09-11-1959	summary	ok cred=0.22
2026-08-20T08:44:11	2543-Letter_from_Victor_Paran_08-10-1959	metadata.a	ok cred=0.28
2026-08-20T08:44:12	2539-Notes_of_Discussions_with_K_M_Munshi_31-10-1959	metadata.a	ok cred=0.25
2026-08-20T08:44:13	2517-Copy_of_Resolution_Adopted_by_the_State_Council_of_the_Swatantra_party_06-07-1974	summary	ok cred=0.27
2026-08-20T08:44:16	2513-Letter_from_Dr_Cooper_05-04-1972	summary	ok cred=0.29
2026-08-20T08:44:21	2541-Swatantra_Party_Notice_15-10-1959	summary	ok cred=0.21
2026-08-20T08:44:21	2546-Agenda	metadata.a	ok cred=0.31
2026-08-20T08:44:21	2544-Swatantra_Party_Minutes_of_Meeting_07-10-1959	metadata.a	ok cred=0.25
2026-08-20T08:44:31	2550-Swatantra_Party_Minutes_of_Meeting_05-07-1959	metadata.a	ok cred=0.23
2026-08-20T08:44:32	2556-Swatantra_Party_Notice_22-01-1973	metadata.a	ok cred=0.28
2026-08-20T08:44:33	2519-Memoradum_09-04-1972	summary	ok cred=0.28
2026-08-20T08:44:35	2543-Letter_from_Victor_Paran_08-10-1959	summary	ok cred=0.23
2026-08-20T08:44:38	2558-Swatantra_Party_Notice_11-01-1973	metadata.a	ok cred=0.29
2026-08-20T08:44:42	2560-Swatantra_Party_Notice_11-01-1973	metadata.a	ok cred=0.23
2026-08-20T08:44:43	2561-Letter_to_Dr_R_C_Cooper_15-11-1972	metadata.a	ok cred=0.29
2026-08-20T08:44:52	2556-Swatantra_Party_Notice_22-01-1973	summary	UNPARSEABLE
2026-08-20T08:44:53	2544-Swatantra_Party_Minutes_of_Meeting_07-10-1959	summary	ok cred=0.3
2026-08-20T08:44:54	2546-Agenda	summary	UNPARSEABLE
2026-08-20T08:44:55	2563-Letter_from_R_V_Murthy_16-08-1972	metadata.a	ok cred=0.22
2026-08-20T08:44:56	2539-Notes_of_Discussions_with_K_M_Munshi_31-10-1959	summary	ok cred=0.35
2026-08-20T08:44:57	2564-Letter_to_K_H_Subramaniam_18-11-1972	metadata.a	ok cred=0.28
2026-08-20T08:45:00	2560-Swatantra_Party_Notice_11-01-1973	summary	ok cred=0.25
2026-08-20T08:45:03	2558-Swatantra_Party_Notice_11-01-1973	summary	ok cred=0.26
2026-08-20T08:45:11	2561-Letter_to_Dr_R_C_Cooper_15-11-1972	summary	ok cred=0.25
2026-08-20T08:45:13	2565-Letter_to_Madhu_Mehta_26-05-1972	metadata.a	ok cred=0.28
2026-08-20T08:45:16	2564-Letter_to_K_H_Subramaniam_18-11-1972	summary	ok cred=0.23
2026-08-20T08:45:16	2566-Letter_to_Mrs_Sarla_Datar_18-11-1972	metadata.a	ok cred=0.28
2026-08-20T08:45:17	2563-Letter_from_R_V_Murthy_16-08-1972	summary	UNPARSEABLE
2026-08-20T08:45:20	2550-Swatantra_Party_Minutes_of_Meeting_05-07-1959	summary	UNPARSEABLE
2026-08-20T08:45:20	2568-Swatantra_Party_Notice_&_Agenda_01-11-1972	metadata.a	ok cred=0.29
2026-08-20T08:45:27	2569-Letter_to_Maryam_18-09-1972	metadata.a	ok cred=0.22
2026-08-20T08:45:31	2573-Swatantra_Party_Minutes_of_Meeting_24-04-1972	metadata.a	ok cred=0.28
2026-08-20T08:45:32	2567-Letter_to_Mrs_Sarla_Datar_02-06-1972	metadata.a	ok cred=0.22
2026-08-20T08:45:35	2571-Swatantra_Party_Notice_&_Agenda_05-08-1972	metadata.a	ok cred=0.23
2026-08-20T08:45:39	2566-Letter_to_Mrs_Sarla_Datar_18-11-1972	summary	ok cred=0.23
2026-08-20T08:45:39	2568-Swatantra_Party_Notice_&_Agenda_01-11-1972	summary	ok cred=0.23
2026-08-20T08:45:42	2575-Swatantra_Party_Notice_&_Agenda_18-04-1972	metadata.a	ok cred=0.22
2026-08-20T08:45:43	2578-Swatantra_Party_Notice_&_Agenda_13-11-1971	metadata.a	ok cred=0.28
2026-08-20T08:45:44	2574-Swatantra_Party_Notice_&_Agenda_31-05-1972	metadata.a	ok cred=0.23
2026-08-20T08:45:48	2569-Letter_to_Maryam_18-09-1972	summary	ok cred=0.23
2026-08-20T08:45:53	2567-Letter_to_Mrs_Sarla_Datar_02-06-1972	summary	ok cred=0.24
2026-08-20T08:45:57	2565-Letter_to_Madhu_Mehta_26-05-1972	summary	ok cred=0.3
2026-08-20T08:46:01	2579-Letter_from_Shantilal_L_Thar_29-11-1971	metadata.a	ok cred=0.28
2026-08-20T08:46:03	2571-Swatantra_Party_Notice_&_Agenda_05-08-1972	summary	ok cred=0.24
2026-08-20T08:46:04	2578-Swatantra_Party_Notice_&_Agenda_13-11-1971	summary	ok cred=0.25
2026-08-20T08:46:07	2580-Swatantra_Party_Notice_&_Agenda_13-11-1971	metadata.a	ok cred=0.27
2026-08-20T08:46:08	2575-Swatantra_Party_Notice_&_Agenda_18-04-1972	summary	ok cred=0.23
2026-08-20T08:46:11	2574-Swatantra_Party_Notice_&_Agenda_31-05-1972	summary	ok cred=0.26
2026-08-20T08:46:16	2582-Letter_from_Shantilal_L_Thar_17-11-1971	metadata.a	ok cred=0.22
2026-08-20T08:46:17	2573-Swatantra_Party_Minutes_of_Meeting_24-04-1972	summary	ok cred=0.31
2026-08-20T08:46:17	2581-Swatantra_Party_Notice_&_Agenda_13-11-1971	metadata.a	ok cred=0.29
2026-08-20T08:46:19	2583-Letter_to_the_President_of_Swatantra_Party_09-11-1971	metadata.a	ok cred=0.21
2026-08-20T08:46:24	2579-Letter_from_Shantilal_L_Thar_29-11-1971	summary	ok cred=0.25
2026-08-20T08:46:27	2584-Additional_Agenda	metadata.a	ok cred=0.27
2026-08-20T08:46:28	2588-The_Special_Meeting_of_the_Executive_Committee_29-10-1971	metadata.a	ok cred=0.22
2026-08-20T08:46:29	2580-Swatantra_Party_Notice_&_Agenda_13-11-1971	summary	ok cred=0.23
2026-08-20T08:46:35	2591-Swatantra_Party_Minutes_of_Meeting_26-10-1971	metadata.a	ok cred=0.22
2026-08-20T08:46:36	2582-Letter_from_Shantilal_L_Thar_17-11-1971	summary	ok cred=0.24
2026-08-20T08:46:36	2583-Letter_to_the_President_of_Swatantra_Party_09-11-1971	summary	ok cred=0.24
2026-08-20T08:46:37	2593-Letter_from_Shantilal_L_Thar_26-10-1971	metadata.a	ok cred=0.28
2026-08-20T08:46:38	2594-Letter_to_Lalchand_Hirachand_06-10-1971	metadata.a	ok cred=0.23
2026-08-20T08:46:48	2581-Swatantra_Party_Notice_&_Agenda_13-11-1971	summary	ok cred=0.27
2026-08-20T08:46:52	2598-Swatantra_Party_Notice_27-09-1971	metadata.a	ok cred=0.28
2026-08-20T08:46:52	2595-Letter_to_F_C_Cama_14-10-1971	metadata.a	ok cred=0.28
2026-08-20T08:46:56	2588-The_Special_Meeting_of_the_Executive_Committee_29-10-1971	summary	ok cred=0.27
2026-08-20T08:46:56	2584-Additional_Agenda	summary	ok cred=0.25
2026-08-20T08:47:00	2593-Letter_from_Shantilal_L_Thar_26-10-1971	summary	ok cred=0.25
2026-08-20T08:47:03	2594-Letter_to_Lalchand_Hirachand_06-10-1971	summary	ok cred=0.24
2026-08-20T08:47:04	2604-Letter_to_Mr_V_S_Srikumar_10-06-1975	metadata.a	ok cred=0.29
2026-08-20T08:47:05	2599-Swatantra_Party_Minutes_of_Meeting_04-08-1971	metadata.a	ok cred=0.29
2026-08-20T08:47:13	2605-Letter_to_Mr_P_Narayan_07-06-1975	metadata.a	ok cred=0.29
2026-08-20T08:47:15	2607-Letter_to_Mr_V_S_Srikumar_09-06-1975	metadata.a	ok cred=0.27
2026-08-20T08:47:19	2609-Letter_to_Mr_V_S_Srikumar_05-06-1975	metadata.a	ok cred=0.29
2026-08-20T08:47:20	2591-Swatantra_Party_Minutes_of_Meeting_26-10-1971	summary	ok cred=0.33
2026-08-20T08:47:21	2598-Swatantra_Party_Notice_27-09-1971	summary	ok cred=0.26
2026-08-20T08:47:23	2615-Letter_to_Mr_D_N_Patodia_22-05-1975	metadata.a	ok cred=0.23
2026-08-20T08:47:24	2620-Letter_to_Mr_Girish_Munshi_02-05-1975	metadata.a	ok cred=0.28
2026-08-20T08:47:32	2604-Letter_to_Mr_V_S_Srikumar_10-06-1975	summary	ok cred=0.26
2026-08-20T08:47:38	2607-Letter_to_Mr_V_S_Srikumar_09-06-1975	summary	ok cred=0.22
2026-08-20T08:47:42	2623-Letter_to_Mr_P_Narayan_12-05-1975	metadata.a	ok cred=0.22
2026-08-20T08:47:43	2605-Letter_to_Mr_P_Narayan_07-06-1975	summary	ok cred=0.26
2026-08-20T08:47:44	2621-Letter_to_Mr_M_R_Arya_20-05-1975	metadata.a	ok cred=0.22
2026-08-20T08:47:48	2615-Letter_to_Mr_D_N_Patodia_22-05-1975	summary	ok cred=0.26
2026-08-20T08:47:56	2599-Swatantra_Party_Minutes_of_Meeting_04-08-1971	summary	ok cred=0.33
2026-08-20T08:47:58	2628-Letter_to_Mr_R_N_Singh_Deo_10-02-1970	metadata.a	ok cred=0.29
2026-08-20T08:48:01	2629-Letter_to_Mr_Minoo_Masani_09-02-1970	metadata.a	ok cred=0.29
2026-08-20T08:48:02	2620-Letter_to_Mr_Girish_Munshi_02-05-1975	summary	ok cred=0.28
2026-08-20T08:48:03	2623-Letter_to_Mr_P_Narayan_12-05-1975	summary	ok cred=0.23
2026-08-20T08:48:03	2609-Letter_to_Mr_V_S_Srikumar_05-06-1975	summary	ok cred=0.27
2026-08-20T08:48:07	2631-Letter_to_Mr_Minoo_Masani_06-01-1970	metadata.a	ok cred=0.29
2026-08-20T08:48:11	2632-Letter_to_Mr_Minoo_Masani_30-08-1969	metadata.a	ok cred=0.29
2026-08-20T08:48:18	2636-Letter_to_Mr_R_N_Singh_Deo_06-11-1968	metadata.a	ok cred=0.28
2026-08-20T08:48:18	2621-Letter_to_Mr_M_R_Arya_20-05-1975	summary	ok cred=0.31
2026-08-20T08:48:25	2642-Letter_to_Mr_R_N_Singh_Deo_24-07-1968	metadata.a	ok cred=0.28
2026-08-20T08:48:25	2639-Letter_to_Mr_R_B_Mishra_16-08-1968	metadata.a	ok cred=0.23
2026-08-20T08:48:27	2628-Letter_to_Mr_R_N_Singh_Deo_10-02-1970	summary	ok cred=0.26
2026-08-20T08:48:27	2629-Letter_to_Mr_Minoo_Masani_09-02-1970	summary	ok cred=0.28
2026-08-20T08:48:28	2641-Letter_to_Mr_Minoo_Masani_29-07-1968	metadata.a	ok cred=0.23
2026-08-20T08:48:32	2631-Letter_to_Mr_Minoo_Masani_06-01-1970	summary	ok cred=0.24
2026-08-20T08:48:38	2632-Letter_to_Mr_Minoo_Masani_30-08-1969	summary	ok cred=0.28
2026-08-20T08:48:43	2644-Nationalisation_Of_Text_Book_27-05-1965	metadata.a	ok cred=0.22
2026-08-20T08:48:46	2639-Letter_to_Mr_R_B_Mishra_16-08-1968	summary	ok cred=0.22
2026-08-20T08:48:47	2642-Letter_to_Mr_R_N_Singh_Deo_24-07-1968	summary	ok cred=0.23
2026-08-20T08:48:51	2641-Letter_to_Mr_Minoo_Masani_29-07-1968	summary	ok cred=0.22
2026-08-20T08:48:54	2636-Letter_to_Mr_R_N_Singh_Deo_06-11-1968	summary	ok cred=0.29
2026-08-20T08:48:55	2645-Letter_to_Mr_S_Mahapatra_20-06-1968	metadata.a	ok cred=0.22
2026-08-20T08:48:57	2649-Letter_to_Mr_Minoo_Masani_28-05-1968	metadata.a	ok cred=0.29
2026-08-20T08:48:58	2648-Letter_to_Mr_R_B_Mishra_13-06-1968	metadata.a	ok cred=0.28
2026-08-20T08:49:04	2644-Nationalisation_Of_Text_Book_27-05-1965	summary	ok cred=0.22
2026-08-20T08:49:05	265-An_Open_Letter_to_Finance_Minister	metadata.a	ok cred=0.29
2026-08-20T08:49:08	2650-Letter_to_Mr_Harihar_Patel_30-05-1968	metadata.a	ok cred=0.28
2026-08-20T08:49:11	2652-Letter_to_Mr_Minoo_Masani_16-05-1968	metadata.a	ok cred=0.23
2026-08-20T08:49:15	2653-Letter_to_Mr_Minoo_Masani_16-05-1968	metadata.a	ok cred=0.22
2026-08-20T08:49:18	2654-Letter_to_Mr_R_N_Singh_Deo_07-05-1968	metadata.a	ok cred=0.23
2026-08-20T08:49:20	2645-Letter_to_Mr_S_Mahapatra_20-06-1968	summary	ok cred=0.26
2026-08-20T08:49:24	2649-Letter_to_Mr_Minoo_Masani_28-05-1968	summary	ok cred=0.29
2026-08-20T08:49:26	2648-Letter_to_Mr_R_B_Mishra_13-06-1968	summary	ok cred=0.26
2026-08-20T08:49:28	2655-Letter_to_Prof_Raj_Krishna_07-05-1968	metadata.a	ok cred=0.22
2026-08-20T08:49:29	2595-Letter_to_F_C_Cama_14-10-1971	summary	ok cred=0.24
2026-08-20T08:49:32	2650-Letter_to_Mr_Harihar_Patel_30-05-1968	summary	ok cred=0.26
2026-08-20T08:49:34	2652-Letter_to_Mr_Minoo_Masani_16-05-1968	summary	ok cred=0.24
2026-08-20T08:49:46	2654-Letter_to_Mr_R_N_Singh_Deo_07-05-1968	summary	ok cred=0.27
2026-08-20T08:49:46	2660-Letter_to_Mr_R_B_Mishra_30-03-1968	metadata.a	ok cred=0.29
2026-08-20T08:49:47	2653-Letter_to_Mr_Minoo_Masani_16-05-1968	summary	ok cred=0.24
2026-08-20T08:49:47	2661-Letter_to_Mr_R_F_S_Talyarkhan_28-03-1968	metadata.a	ok cred=0.28
2026-08-20T08:49:48	2664-Letter_to_Mr_Minoo_Masani_21-03-1968	metadata.a	ok cred=0.27
2026-08-20T08:49:52	265-An_Open_Letter_to_Finance_Minister	summary	ok cred=0.31
2026-08-20T08:49:56	2655-Letter_to_Prof_Raj_Krishna_07-05-1968	summary	UNPARSEABLE
2026-08-20T08:49:59	2665-Letter_to_Mr_R_N_Singh_Deo_14-03-1968	metadata.a	ok cred=0.23
2026-08-20T08:49:59	2668-Letter_to_Mr_R_N_Singh_Deo_11-03-1968	metadata.a	ok cred=0.29
2026-08-20T08:50:04	2670-Letter_to_Mr_I_S_Bhargava_09-03-1968	metadata.a	ok cred=0.27
2026-08-20T08:50:07	2660-Letter_to_Mr_R_B_Mishra_30-03-1968	summary	ok cred=0.23
2026-08-20T08:50:08	2669-Letter_to_Mr_Minoo_Masani	metadata.a	ok cred=0.3
2026-08-20T08:50:09	2671-Letter_to_Mr_Minoo_Masani_02-03-1968	metadata.a	ok cred=0.27
2026-08-20T08:50:14	2664-Letter_to_Mr_Minoo_Masani_21-03-1968	summary	ok cred=0.23
2026-08-20T08:50:15	2661-Letter_to_Mr_R_F_S_Talyarkhan_28-03-1968	summary	ok cred=0.25
2026-08-20T08:50:18	2672-Letter_to_Prof_Raj_Krishna_29-02-1968	metadata.a	ok cred=0.22
2026-08-20T08:50:23	2673-Letter_to_Dr_K_L_Rao_29-02-1968	metadata.a	ok cred=0.22
2026-08-20T08:50:27	2668-Letter_to_Mr_R_N_Singh_Deo_11-03-1968	summary	UNPARSEABLE
2026-08-20T08:50:28	2671-Letter_to_Mr_Minoo_Masani_02-03-1968	summary	ok cred=0.25
2026-08-20T08:50:31	2665-Letter_to_Mr_R_N_Singh_Deo_14-03-1968	summary	ok cred=0.27
2026-08-20T08:50:32	2670-Letter_to_Mr_I_S_Bhargava_09-03-1968	summary	ok cred=0.24
2026-08-20T08:50:36	2676-Letter_to_Mr_Minoo_Masani_29-02-1968	metadata.a	ok cred=0.28
2026-08-20T08:50:38	2678-Letter_to_Mr_Minoo_Masani_13-02-1968	metadata.a	ok cred=0.28
2026-08-20T08:50:40	2679-Letter_to_Mr_Minoo_Masani_09-02-1968	metadata.a	ok cred=0.27
2026-08-20T08:50:41	2669-Letter_to_Mr_Minoo_Masani	summary	ok cred=0.28
2026-08-20T08:50:51	2673-Letter_to_Dr_K_L_Rao_29-02-1968	summary	ok cred=0.25
2026-08-20T08:50:53	2682-Letter_to_Mr_R_N_Singh_Deo_02-02-1968	metadata.a	ok cred=0.28
2026-08-20T08:50:54	2680-Letter_to_Mr_R_N_Singh_Deo_06-02-1968	metadata.a	ok cred=0.22
2026-08-20T08:50:54	2672-Letter_to_Prof_Raj_Krishna_29-02-1968	summary	ok cred=0.25
2026-08-20T08:50:56	2683-Telegram_to_Mr_Minoo_Masani	metadata.a	ok cred=0.28
2026-08-20T08:50:56	2681-Letter_to_Mr_Minoo_Masani_01-02-1968	metadata.a	ok cred=0.28
2026-08-20T08:51:00	2676-Letter_to_Mr_Minoo_Masani_29-02-1968	summary	ok cred=0.27
2026-08-20T08:51:02	2678-Letter_to_Mr_Minoo_Masani_13-02-1968	summary	ok cred=0.27
2026-08-20T08:51:04	2679-Letter_to_Mr_Minoo_Masani_09-02-1968	summary	ok cred=0.25
2026-08-20T08:51:05	2684-Letter_to_Mr_R_N_Singh_Deo_31-01-1968	metadata.a	ok cred=0.27
2026-08-20T08:51:16	2687-Letter_to_Mr_Minoo_Masani_13-12-1967	metadata.a	ok cred=0.28
2026-08-20T08:51:17	2681-Letter_to_Mr_Minoo_Masani_01-02-1968	summary	ok cred=0.25
2026-08-20T08:51:19	2683-Telegram_to_Mr_Minoo_Masani	summary	ok cred=0.25
2026-08-20T08:51:21	2689-Letter_to_Mr_J_R_D_Tata_23-11-1967	metadata.a	ok cred=0.27
2026-08-20T08:51:21	2680-Letter_to_Mr_R_N_Singh_Deo_06-02-1968	summary	ok cred=0.28
2026-08-20T08:51:21	2688-Letter_to_Mr_Minoo_Masani_01-12-1967	metadata.a	ok cred=0.29
2026-08-20T08:51:22	2682-Letter_to_Mr_R_N_Singh_Deo_02-02-1968	summary	ok cred=0.28
2026-08-20T08:51:26	2690-Letter_to_Col_L_Sawhny_23-11-1967	metadata.a	ok cred=0.21
2026-08-20T08:51:28	2684-Letter_to_Mr_R_N_Singh_Deo_31-01-1968	summary	ok cred=0.24
2026-08-20T08:51:31	2692-Letter_to_Mr_Harihar_Patel_25-08-1967	metadata.a	ok cred=0.28
2026-08-20T08:51:35	2694-Letter_to_Mr_R_N_Singh_Deo_09-08-1967	metadata.a	ok cred=0.28
2026-08-20T08:51:42	2698-Telegram_to_Mr_Minoo_Masani_22-07-1967	metadata.a	ok cred=0.22
2026-08-20T08:51:43	2697-Telegram_to_Mr_Minoo_Masani_22-07-1967	metadata.a	ok cred=0.22
2026-08-20T08:51:45	2695-Telegram_to_Mr_Minoo_Masani_30-07-1967	metadata.a	ok cred=0.25
2026-08-20T08:51:47	2689-Letter_to_Mr_J_R_D_Tata_23-11-1967	summary	ok cred=0.27
2026-08-20T08:51:47	2687-Letter_to_Mr_Minoo_Masani_13-12-1967	summary	ok cred=0.25
2026-08-20T08:51:47	2688-Letter_to_Mr_Minoo_Masani_01-12-1967	summary	ok cred=0.27
2026-08-20T08:51:49	2690-Letter_to_Col_L_Sawhny_23-11-1967	summary	ok cred=0.26
2026-08-20T08:51:53	2699-Letter_to_Mr_C_Rajagopalchari_26-07-1967	metadata.a	ok cred=0.28
2026-08-20T08:51:54	2692-Letter_to_Mr_Harihar_Patel_25-08-1967	summary	ok cred=0.26
2026-08-20T08:52:06	270-Terrorism_On_The_Home_Front-Indian_Express_02-01-1978	metadata.a	ok cred=0.28
2026-08-20T08:52:08	2697-Telegram_to_Mr_Minoo_Masani_22-07-1967	summary	ok cred=0.26
2026-08-20T08:52:09	2701-Letter_to_Mr_R_S_Lodha_03-07-1967	metadata.a	ok cred=0.22
2026-08-20T08:52:09	2694-Letter_to_Mr_R_N_Singh_Deo_09-08-1967	summary	ok cred=0.27
2026-08-20T08:52:12	27-Letter_to_Mr_S_T_Sanghavi_23-03-1971	metadata.a	ok cred=0.28
2026-08-20T08:52:14	2699-Letter_to_Mr_C_Rajagopalchari_26-07-1967	summary	ok cred=0.23
2026-08-20T08:52:16	2695-Telegram_to_Mr_Minoo_Masani_30-07-1967	summary	UNPARSEABLE
2026-08-20T08:52:18	2698-Telegram_to_Mr_Minoo_Masani_22-07-1967	summary	ok cred=0.27
2026-08-20T08:52:20	2703-Letter_to_Mr_Minoo_Masani_26-07-1967	metadata.a	ok cred=0.22
2026-08-20T08:52:21	2702-Letter_to_Mr_R_N_Singh_Deo_26-07-1967	metadata.a	ok cred=0.23
2026-08-20T08:52:28	2704-Letter_to_Mr_C_H_Bhabha_14-06-1967	metadata.a	ok cred=0.28
2026-08-20T08:52:34	2705-Letter_to_Mr_C_H_Bhabha_06-06-1967	metadata.a	ok cred=0.22
2026-08-20T08:52:36	2706-Letter_to_Mr_C_H_Bhabha_30-05-1967	metadata.a	ok cred=0.28
2026-08-20T08:52:38	2701-Letter_to_Mr_R_S_Lodha_03-07-1967	summary	ok cred=0.29
2026-08-20T08:52:39	27-Letter_to_Mr_S_T_Sanghavi_23-03-1971	summary	ok cred=0.25
2026-08-20T08:52:40	2703-Letter_to_Mr_Minoo_Masani_26-07-1967	summary	ok cred=0.23
2026-08-20T08:52:41	2708-Letter_to_Mr_Minoo_Masani_10-05-1967	metadata.a	ok cred=0.22
2026-08-20T08:52:44	270-Terrorism_On_The_Home_Front-Indian_Express_02-01-1978	summary	ok cred=0.32
2026-08-20T08:52:44	2709-We_Will_Keep_Out_Of_Blocs-Masani-Sunday_Standard_21-03-1971	metadata.a	ok cred=0.28
2026-08-20T08:52:49	2702-Letter_to_Mr_R_N_Singh_Deo_26-07-1967	summary	ok cred=0.27
2026-08-20T08:52:55	2704-Letter_to_Mr_C_H_Bhabha_14-06-1967	summary	ok cred=0.25
2026-08-20T08:53:03	2713-Swatantra_Against_Bloc_In_Parliament-Hindustan_Times_21-03-1971	metadata.a	ok cred=0.28
2026-08-20T08:53:04	2706-Letter_to_Mr_C_H_Bhabha_30-05-1967	summary	ok cred=0.24
2026-08-20T08:53:05	2712-We_Will_Keep_Out_Of_Blocs-Masani-Sunday_Standard_21-03-1971	metadata.a	ok cred=0.24
2026-08-20T08:53:05	2705-Letter_to_Mr_C_H_Bhabha_06-06-1967	summary	ok cred=0.29
2026-08-20T08:53:06	2714-Swatantra_Will_Not_Join_Any_Bloc-Statesman_21-03-1971	metadata.a	ok cred=0.28
2026-08-20T08:53:07	2708-Letter_to_Mr_Minoo_Masani_10-05-1967	summary	ok cred=0.27
2026-08-20T08:53:08	2715-Swatantra_MP_To_Function_As_Independent_Opposition-Hindu_21-03-1971	metadata.a	ok cred=0.28
2026-08-20T08:53:14	2716-Swatantra_Not_To_Join_Any_Bloc-Statesman_21-03-1971	metadata.a	ok cred=0.23
2026-08-20T08:53:17	2709-We_Will_Keep_Out_Of_Blocs-Masani-Sunday_Standard_21-03-1971	summary	ok cred=0.3
2026-08-20T08:53:19	2717-Swatantra_Against_Bloc_In_Parliament-Hindustan_Times_21-03-1971	metadata.a	ok cred=0.29
2026-08-20T08:53:26	2719-Masani_Against_Bloc_In_Parliament-Pataoit_21-03-1971	metadata.a	ok cred=0.23
2026-08-20T08:53:33	272-The_42nd_Amendment_Must_Go-Indian_Express_01-11-1977	metadata.a	ok cred=0.28
2026-08-20T08:53:33	2714-Swatantra_Will_Not_Join_Any_Bloc-Statesman_21-03-1971	summary	ok cred=0.29
2026-08-20T08:53:34	2712-We_Will_Keep_Out_Of_Blocs-Masani-Sunday_Standard_21-03-1971	summary	ok cred=0.29
2026-08-20T08:53:34	2720-Swatantra_Against_Bloc_Or_Front_In_Parliament-Times_Of_India_21-03-1971	metadata.a	ok cred=0.23
2026-08-20T08:53:39	2721-Swatantra_Not_To_Join_Any_Bloc-Statesman_21-03-1971	metadata.a	ok cred=0.28
2026-08-20T08:53:41	2713-Swatantra_Against_Bloc_In_Parliament-Hindustan_Times_21-03-1971	summary	ok cred=0.32
2026-08-20T08:53:43	2715-Swatantra_MP_To_Function_As_Independent_Opposition-Hindu_21-03-1971	summary	ok cred=0.3
2026-08-20T08:53:51	2716-Swatantra_Not_To_Join_Any_Bloc-Statesman_21-03-1971	summary	ok cred=0.28
2026-08-20T08:53:55	2717-Swatantra_Against_Bloc_In_Parliament-Hindustan_Times_21-03-1971	summary	ok cred=0.32
2026-08-20T08:53:57	2724-Letter_Form_Mr_Minoo_Masani_01-11-1967	metadata.a	ok cred=0.22
2026-08-20T08:53:57	2722-Swatantra_Not_To_Join_Any_Bloc-Statesman_21-03-1971	metadata.a	ok cred=0.23
2026-08-20T08:53:58	2719-Masani_Against_Bloc_In_Parliament-Pataoit_21-03-1971	summary	ok cred=0.3
2026-08-20T08:54:06	272-The_42nd_Amendment_Must_Go-Indian_Express_01-11-1977	summary	ok cred=0.3
2026-08-20T08:54:06	2721-Swatantra_Not_To_Join_Any_Bloc-Statesman_21-03-1971	summary	ok cred=0.25
2026-08-20T08:54:07	2725-Masani_To_Give_Up_Party_Post-Hindustan_Times_03-11-1967	metadata.a	ok cred=0.29
2026-08-20T08:54:12	2726-Masani_Wants_To_Quit_Party_Post-Times_Of_India_03-11-1967	metadata.a	ok cred=0.29
2026-08-20T08:54:12	2727-Relieve_Me_Masani_Tells_Party-Indian_Express_03-11-1967	metadata.a	ok cred=0.29
2026-08-20T08:54:14	2728-Masani_Asks_To_Relieve_Him_From_His_Post-Assam_Tribune_04-11-1967	metadata.a	ok cred=0.22
2026-08-20T08:54:15	2720-Swatantra_Against_Bloc_Or_Front_In_Parliament-Times_Of_India_21-03-1971	summary	ok cred=0.28
2026-08-20T08:54:19	2724-Letter_Form_Mr_Minoo_Masani_01-11-1967	summary	ok cred=0.24
2026-08-20T08:54:20	2729-Masani_Wishes_To_Give_Up_Party_Post-Free_Press_Journal_04-11-1967	metadata.a	ok cred=0.24
2026-08-20T08:54:30	2731-Letter_to_Mr_Minoo_Masani_18-11-1967	metadata.a	ok cred=0.22
2026-08-20T08:54:30	2732-Letter_to_Mr_Minoo_Masani	metadata.a	ok cred=0.23
2026-08-20T08:54:33	2722-Swatantra_Not_To_Join_Any_Bloc-Statesman_21-03-1971	summary	ok cred=0.31
2026-08-20T08:54:39	2725-Masani_To_Give_Up_Party_Post-Hindustan_Times_03-11-1967	summary	ok cred=0.29
2026-08-20T08:54:39	2737-Letter_to_Mr_Minoo_Masani_11-11-1967	metadata.a	ok cred=0.27
2026-08-20T08:54:40	2733-Letter_to_Mr_Minoo_Masani_16-11-1967	metadata.a	ok cred=0.22
2026-08-20T08:54:41	2726-Masani_Wants_To_Quit_Party_Post-Times_Of_India_03-11-1967	summary	ok cred=0.26
2026-08-20T08:54:42	2727-Relieve_Me_Masani_Tells_Party-Indian_Express_03-11-1967	summary	ok cred=0.3
2026-08-20T08:54:46	2728-Masani_Asks_To_Relieve_Him_From_His_Post-Assam_Tribune_04-11-1967	summary	ok cred=0.27
2026-08-20T08:54:49	2729-Masani_Wishes_To_Give_Up_Party_Post-Free_Press_Journal_04-11-1967	summary	ok cred=0.26
2026-08-20T08:54:54	2732-Letter_to_Mr_Minoo_Masani	summary	ok cred=0.28
2026-08-20T08:54:58	2731-Letter_to_Mr_Minoo_Masani_18-11-1967	summary	ok cred=0.28
2026-08-20T08:54:58	2738-Letter_to_Mr_Minoo_Masani_10-11-1967	metadata.a	ok cred=0.23
2026-08-20T08:55:01	274-Dual_Character_Of_An_Emerging_Group	metadata.a	ok cred=0.22
2026-08-20T08:55:03	2739-Letter_to_Mr_Minoo_Masani_10-11-1967	metadata.a	ok cred=0.22
2026-08-20T08:55:04	2737-Letter_to_Mr_Minoo_Masani_11-11-1967	summary	UNPARSEABLE
2026-08-20T08:55:05	2740-Letter_to_Mr_Minoo_Masani_09-11-1967	metadata.a	ok cred=0.28
2026-08-20T08:55:09	2741-Letter_to_Mr_Minoo_Masani_08-11-1967	metadata.a	ok cred=0.28
2026-08-20T08:55:13	2733-Letter_to_Mr_Minoo_Masani_16-11-1967	summary	ok cred=0.26
2026-08-20T08:55:17	2743-Letter_to_Mr_C_Rajagopalchari_07-11-1967	metadata.a	ok cred=0.28
2026-08-20T08:55:18	2742-Letter_to_Mr_Minoo_Masani_08-11-1967	metadata.a	ok cred=0.3
2026-08-20T08:55:18	2738-Letter_to_Mr_Minoo_Masani_10-11-1967	summary	ok cred=0.24
2026-08-20T08:55:18	2744-Letter_to_Mr_Minoo_Masani_06-11-1967	metadata.a	ok cred=0.27
2026-08-20T08:55:27	2745-Letter_to_Mr_Minoo_Masani_05-11-1967	metadata.a	ok cred=0.22
2026-08-20T08:55:29	2740-Letter_to_Mr_Minoo_Masani_09-11-1967	summary	ok cred=0.26
2026-08-20T08:55:32	2739-Letter_to_Mr_Minoo_Masani_10-11-1967	summary	ok cred=0.28
2026-08-20T08:55:35	2746-Letter_to_Mr_Minoo_Masani_04-11-1967	metadata.a	ok cred=0.28
2026-08-20T08:55:36	274-Dual_Character_Of_An_Emerging_Group	summary	ok cred=0.31
2026-08-20T08:55:41	2741-Letter_to_Mr_Minoo_Masani_08-11-1967	summary	ok cred=0.29
2026-08-20T08:55:41	2744-Letter_to_Mr_Minoo_Masani_06-11-1967	summary	ok cred=0.22
2026-08-20T08:55:42	2747-Letter_to_Mr_Minoo_Masani_04-11-1967	metadata.a	ok cred=0.28
2026-08-20T08:55:45	2742-Letter_to_Mr_Minoo_Masani_08-11-1967	summary	UNPARSEABLE
2026-08-20T08:55:45	2743-Letter_to_Mr_C_Rajagopalchari_07-11-1967	summary	ok cred=0.29
2026-08-20T08:55:48	2748-Letter_to_Mr_C_Rajagopalchari_15-10-1967	metadata.a	ok cred=0.28
2026-08-20T08:55:54	2750-Letter_to_Mr_C_Rajagopalchari_02-11-1967	metadata.a	ok cred=0.22
2026-08-20T08:55:55	2749-Letter_to_Mr_Minoo_Masani_02-11-1967	metadata.a	ok cred=0.27
2026-08-20T08:55:58	2745-Letter_to_Mr_Minoo_Masani_05-11-1967	summary	ok cred=0.28
2026-08-20T08:56:01	2752-Letter_to_Mr_Minoo_Masani_01-11-1967	metadata.a	ok cred=0.22
2026-08-20T08:56:05	2751-Letter_to_Mr_N_G_Ranga_02-11-1967	metadata.a	ok cred=0.22
2026-08-20T08:56:06	2762-Ror_Over_Star-Indian_Express_03-01-1975	metadata.a	ok cred=0.28
2026-08-20T08:56:06	2765-BLD_Poll_Symbol_In_Due_Course-Indian_Express_05-01-1975	metadata.a	ok cred=0.22
2026-08-20T08:56:08	2746-Letter_to_Mr_Minoo_Masani_04-11-1967	summary	ok cred=0.28
2026-08-20T08:56:11	2747-Letter_to_Mr_Minoo_Masani_04-11-1967	summary	ok cred=0.25
2026-08-20T08:56:15	2748-Letter_to_Mr_C_Rajagopalchari_15-10-1967	summary	ok cred=0.25
2026-08-20T08:56:19	2749-Letter_to_Mr_Minoo_Masani_02-11-1967	summary	ok cred=0.25
2026-08-20T08:56:23	2767-Letter_From_Mr_P_K_Deo_22-05-1962	metadata.a	ok cred=0.29
2026-08-20T08:56:23	2750-Letter_to_Mr_C_Rajagopalchari_02-11-1967	summary	ok cred=0.29
2026-08-20T08:56:24	2752-Letter_to_Mr_Minoo_Masani_01-11-1967	summary	ok cred=0.27
2026-08-20T08:56:31	2762-Ror_Over_Star-Indian_Express_03-01-1975	summary	ok cred=0.27
2026-08-20T08:56:35	2765-BLD_Poll_Symbol_In_Due_Course-Indian_Express_05-01-1975	summary	ok cred=0.26
2026-08-20T08:56:38	2771-Plea_For_Relief_To_Handloom_Industry-Indian_Express_11-05-1962	metadata.a	ok cred=0.22
2026-08-20T08:56:38	2770-Lok_Sabha_Speeches-Hindustan_Times_11-05-1962	metadata.a	ok cred=0.29
2026-08-20T08:56:40	2751-Letter_to_Mr_N_G_Ranga_02-11-1967	summary	ok cred=0.27
2026-08-20T08:56:48	2767-Letter_From_Mr_P_K_Deo_22-05-1962	summary	UNPARSEABLE
2026-08-20T08:56:49	2779-Letter_to_Mr_Narendra_Singh_Mahida_30-04-1962	metadata.a	ok cred=0.23
2026-08-20T08:56:50	2780-Letter_to_Gayatri_Devi_30-04-1962	metadata.a	ok cred=0.28
2026-08-20T08:56:53	2783-Letter_to_Mr_Narendra_Singh_Mahida_24-04-1962	metadata.a	ok cred=0.27
2026-08-20T08:56:54	2778-Business_Advisory_Panel_Formed-Indian_Express_01-05-1962	metadata.a	ok cred=0.23
2026-08-20T08:56:56	2785-Letter_to_Mr_Minoo_Masani_23-03-1962	metadata.a	ok cred=0.22
2026-08-20T08:57:02	2768-Letter_to_Mr_Minoo_Masani_23-05-1962	metadata.a	ok cred=0.29
2026-08-20T08:57:04	2788-Letter_to_Mr_Minoo_Masani_19-04-1962	metadata.a	ok cred=0.22
2026-08-20T08:57:08	2790-Letter_to_Mr_Dahyabhi_Patel_19-04-1962	metadata.a	ok cred=0.29
2026-08-20T08:57:12	2770-Lok_Sabha_Speeches-Hindustan_Times_11-05-1962	summary	ok cred=0.27
2026-08-20T08:57:13	2780-Letter_to_Gayatri_Devi_30-04-1962	summary	ok cred=0.24
2026-08-20T08:57:14	2779-Letter_to_Mr_Narendra_Singh_Mahida_30-04-1962	summary	ok cred=0.28
2026-08-20T08:57:19	2783-Letter_to_Mr_Narendra_Singh_Mahida_24-04-1962	summary	ok cred=0.25
2026-08-20T08:57:20	2785-Letter_to_Mr_Minoo_Masani_23-03-1962	summary	ok cred=0.27
2026-08-20T08:57:30	2768-Letter_to_Mr_Minoo_Masani_23-05-1962	summary	ok cred=0.29
2026-08-20T08:57:31	2788-Letter_to_Mr_Minoo_Masani_19-04-1962	summary	ok cred=0.24
2026-08-20T08:57:34	2790-Letter_to_Mr_Dahyabhi_Patel_19-04-1962	summary	ok cred=0.24
2026-08-20T08:57:34	2771-Plea_For_Relief_To_Handloom_Industry-Indian_Express_11-05-1962	summary	UNPARSEABLE
2026-08-20T08:57:35	2792-Letter_to_Mr_Narendra_Singh_Mahida_19-04-1962	metadata.a	ok cred=0.22
2026-08-20T08:57:38	2791-Letter_to_Raja_Raghavendra_Pratap_Singh_19-04-1962	metadata.a	ok cred=0.3
2026-08-20T08:57:38	2793-Letter_to_Mr_Narendra_Singh_Mahida_19-04-1962	metadata.a	ok cred=0.29
2026-08-20T08:57:41	2794-Letter_to_Mr_P_K_Patnaik_18-04-1962	metadata.a	ok cred=0.28
2026-08-20T08:57:44	2778-Business_Advisory_Panel_Formed-Indian_Express_01-05-1962	summary	ok cred=0.34
2026-08-20T08:57:51	2798-Letter_from_Dahyabhai_Vallabhbhai_Patel_17-04-1962	metadata.a	ok cred=0.27
2026-08-20T08:57:57	2797-Minutes_of_Meeting_of_Lok_Sabha_and_Rajya_Sabha_16-04-1962	metadata.a	ok cred=0.31
2026-08-20T08:57:59	2802-Letter_to_Mr_Minoo_Masani_11-04-1962	metadata.a	ok cred=0.28
2026-08-20T08:57:59	2799-Swatantra_Party_to_Back_Dr_Husains_Candidature-Indian_Nation_17-04-1962	metadata.a	ok cred=0.21
2026-08-20T08:57:59	2807-Congress_Strength_in_Rajya_Sabha_Dwindles-Times_of_India_31-03-1962	metadata.a	ok cred=0.23
2026-08-20T08:58:03	2809-Letter_from_Mr_Minoo_Masani_28-03-1962	metadata.a	ok cred=0.27
2026-08-20T08:58:07	2792-Letter_to_Mr_Narendra_Singh_Mahida_19-04-1962	summary	ok cred=0.29
2026-08-20T08:58:10	2791-Letter_to_Raja_Raghavendra_Pratap_Singh_19-04-1962	summary	ok cred=0.3
2026-08-20T08:58:14	2793-Letter_to_Mr_Narendra_Singh_Mahida_19-04-1962	summary	ok cred=0.29
2026-08-20T08:58:16	2798-Letter_from_Dahyabhai_Vallabhbhai_Patel_17-04-1962	summary	ok cred=0.24
2026-08-20T08:58:18	2794-Letter_to_Mr_P_K_Patnaik_18-04-1962	summary	UNPARSEABLE
2026-08-20T08:58:25	2802-Letter_to_Mr_Minoo_Masani_11-04-1962	summary	ok cred=0.24
2026-08-20T08:58:27	2797-Minutes_of_Meeting_of_Lok_Sabha_and_Rajya_Sabha_16-04-1962	summary	ok cred=0.26
2026-08-20T08:58:29	2809-Letter_from_Mr_Minoo_Masani_28-03-1962	summary	ok cred=0.26
2026-08-20T08:58:30	2807-Congress_Strength_in_Rajya_Sabha_Dwindles-Times_of_India_31-03-1962	summary	ok cred=0.26
2026-08-20T08:58:36	2814-Letter_to_M_S_Aney_26-03-1962	metadata.a	ok cred=0.29
2026-08-20T08:58:36	2815-Letter_to_M_S_Aney_26-03-1962	metadata.a	ok cred=0.22
2026-08-20T08:58:38	2799-Swatantra_Party_to_Back_Dr_Husains_Candidature-Indian_Nation_17-04-1962	summary	ok cred=0.31
2026-08-20T08:58:39	2812-Letter_to_M_S_Aney_26-03-1962	metadata.a	ok cred=0.29
2026-08-20T08:58:43	2818-Letter_to_Mr_Minoo_Masani_23-03-1962	metadata.a	ok cred=0.22
2026-08-20T08:58:48	2822-Rajasthan_Legislative_Swatantra_Leader-Indian_Nation_11-03-1962	metadata.a	ok cred=0.28
2026-08-20T08:58:49	2819-Letter_to_Mr_Minoo_Masani_24-03-1962	metadata.a	ok cred=0.22
2026-08-20T08:58:50	282-The_Presidents_Power_15-05-1975	metadata.a	ok cred=0.28
2026-08-20T08:58:50	2823-Swatantra_Party_Convention_18-03-1962	metadata.a	ok cred=0.22
2026-08-20T08:58:51	2821-Aneys_Reported_Move_to_Join_Swatantra_12-03-1962	metadata.a	ok cred=0.29
2026-08-20T08:59:00	2824-Welcome_End_19-03-1962	metadata.a	ok cred=0.22
2026-08-20T08:59:06	2815-Letter_to_M_S_Aney_26-03-1962	summary	ok cred=0.29
2026-08-20T08:59:07	2812-Letter_to_M_S_Aney_26-03-1962	summary	ok cred=0.28
2026-08-20T08:59:09	2814-Letter_to_M_S_Aney_26-03-1962	summary	UNPARSEABLE
2026-08-20T08:59:20	2818-Letter_to_Mr_Minoo_Masani_23-03-1962	summary	UNPARSEABLE
2026-08-20T08:59:20	2821-Aneys_Reported_Move_to_Join_Swatantra_12-03-1962	summary	UNPARSEABLE
2026-08-20T08:59:21	2819-Letter_to_Mr_Minoo_Masani_24-03-1962	summary	ok cred=0.27
2026-08-20T08:59:28	2822-Rajasthan_Legislative_Swatantra_Leader-Indian_Nation_11-03-1962	summary	ok cred=0.31
2026-08-20T08:59:30	2826-P-SP_Swatantra_Search_for_Lok_Sabha_Party_Chiefs-Free_Press_Journal_08-03-1962	metadata.a	ok cred=0.22
2026-08-20T08:59:34	2828-For_Favour_of_Publication_20-04-1961	metadata.a	ok cred=0.23
2026-08-20T08:59:35	2827-Letter_to_U_Muthuramalinga_Thevar	metadata.a	ok cred=0.29
2026-08-20T08:59:37	2823-Swatantra_Party_Convention_18-03-1962	summary	ok cred=0.33
2026-08-20T08:59:37	2824-Welcome_End_19-03-1962	summary	ok cred=0.28
2026-08-20T08:59:41	282-The_Presidents_Power_15-05-1975	summary	ok cred=0.35
2026-08-20T08:59:42	2829-Letter_About_Demands_for_Ministry_of_Transport_&_Communications_05-04-1961	metadata.a	ok cred=0.27
2026-08-20T08:59:44	2832-Letter_from_Mr_Minoo_Masani_02-12-1960	metadata.a	ok cred=0.23
2026-08-20T08:59:52	2834-Letter_About_Discussion_on_the_Third_Plan_22-08-1960	metadata.a	ok cred=0.22
2026-08-20T08:59:53	2827-Letter_to_U_Muthuramalinga_Thevar	summary	ok cred=0.23
2026-08-20T08:59:53	2833-Swatantra_Party_Minutes_of_Meeting_30-08-1960	metadata.a	ok cred=0.32
2026-08-20T08:59:59	2836-Letter_from_Mr_Minoo_Masani_17-08-1960	metadata.a	ok cred=0.28
2026-08-20T09:00:01	2837-Letter_to_Mr_Minoo_Masani_13-08-1960	metadata.a	ok cred=0.28
2026-08-20T09:00:05	2838-Committee_Present_Position_with_Suggestion	metadata.a	ok cred=0.24
2026-08-20T09:00:06	2829-Letter_About_Demands_for_Ministry_of_Transport_&_Communications_05-04-1961	summary	ok cred=0.23
2026-08-20T09:00:11	2832-Letter_from_Mr_Minoo_Masani_02-12-1960	summary	ok cred=0.28
2026-08-20T09:00:17	2840-Letter_to_the_Editor_16-02-1960	metadata.a	ok cred=0.28
2026-08-20T09:00:18	2828-For_Favour_of_Publication_20-04-1961	summary	UNPARSEABLE
2026-08-20T09:00:23	2836-Letter_from_Mr_Minoo_Masani_17-08-1960	summary	ok cred=0.26
2026-08-20T09:00:23	2826-P-SP_Swatantra_Search_for_Lok_Sabha_Party_Chiefs-Free_Press_Journal_08-03-1962	summary	ok cred=0.35
2026-08-20T09:00:25	2834-Letter_About_Discussion_on_the_Third_Plan_22-08-1960	summary	ok cred=0.29
2026-08-20T09:00:30	2841-Letter_to_Mr_Minoo_Masani_09-02-1960	metadata.a	ok cred=0.23
2026-08-20T09:00:32	2837-Letter_to_Mr_Minoo_Masani_13-08-1960	summary	ok cred=0.25
2026-08-20T09:00:32	2833-Swatantra_Party_Minutes_of_Meeting_30-08-1960	summary	ok cred=0.31
2026-08-20T09:00:36	2838-Committee_Present_Position_with_Suggestion	summary	ok cred=0.31
2026-08-20T09:00:36	2842-For_Favour_of_Publication_25-12-1959	metadata.a	ok cred=0.23
2026-08-20T09:00:43	2840-Letter_to_the_Editor_16-02-1960	summary	ok cred=0.29
2026-08-20T09:00:50	2846-Letter_to_Mr_Minoo_Masani_02-04-1965	metadata.a	ok cred=0.28
2026-08-20T09:00:50	2848-Letter_to_Mr_Minoo_Masani_01-01-1966	metadata.a	ok cred=0.22
2026-08-20T09:00:52	2845-Meeting_of_the_Members_of_the_Swatantra_Party_22-12-1959	metadata.a	ok cred=0.23
2026-08-20T09:00:52	2849-Letter_to_Mr_Minoo_Masani_29-10-1963	metadata.a	ok cred=0.28
2026-08-20T09:00:56	2851-Letter_to_C_Rajagopalachari_02-11-1963	metadata.a	ok cred=0.28
2026-08-20T09:00:58	2841-Letter_to_Mr_Minoo_Masani_09-02-1960	summary	ok cred=0.23
2026-08-20T09:00:59	2843-Letter_from_Mr_Minoo_Masani_22-12-1959	metadata.a	ok cred=0.36
2026-08-20T09:01:02	2853-Letter_to_C_Rajagopalachari_07-11-1963	metadata.a	ok cred=0.28
2026-08-20T09:01:08	2852-Letter_to_Mr_Girish_Munshi_01-11-1963	metadata.a	ok cred=0.29
2026-08-20T09:01:09	2842-For_Favour_of_Publication_25-12-1959	summary	UNPARSEABLE
2026-08-20T09:01:16	2846-Letter_to_Mr_Minoo_Masani_02-04-1965	summary	ok cred=0.25
2026-08-20T09:01:20	2848-Letter_to_Mr_Minoo_Masani_01-01-1966	summary	ok cred=0.26
2026-08-20T09:01:22	2854-Letter_to_A_P_Jain_29-03-1963	metadata.a	ok cred=0.22
2026-08-20T09:01:25	2851-Letter_to_C_Rajagopalachari_02-11-1963	summary	ok cred=0.29
2026-08-20T09:01:26	2849-Letter_to_Mr_Minoo_Masani_29-10-1963	summary	ok cred=0.26
2026-08-20T09:01:28	2855-Reducing_Profits_Artificially	metadata.a	ok cred=0.28
2026-08-20T09:01:29	2845-Meeting_of_the_Members_of_the_Swatantra_Party_22-12-1959	summary	ok cred=0.32
2026-08-20T09:01:40	2860-Letter_from_Dahyabhai_Vallabhbhai_Patel_11-03-1963	metadata.a	ok cred=0.28
2026-08-20T09:01:43	2861-Letter_to_Mr_Minoo_Masani_21-02-1963	metadata.a	ok cred=0.28
2026-08-20T09:01:44	2854-Letter_to_A_P_Jain_29-03-1963	summary	ok cred=0.23
2026-08-20T09:01:46	2853-Letter_to_C_Rajagopalachari_07-11-1963	summary	ok cred=0.31
2026-08-20T09:01:47	2843-Letter_from_Mr_Minoo_Masani_22-12-1959	summary	ok cred=0.35
2026-08-20T09:01:49	2863-Letter_to_Mr_Minoo_Masani_19-02-1963	metadata.a	ok cred=0.22
2026-08-20T09:01:50	2866-Letter_to_Mr_Minoo_Masani_22-01-1963	metadata.a	ok cred=0.21
2026-08-20T09:01:54	2867-Letter_to_A_P_Jain_18-02-1963	metadata.a	ok cred=0.29
2026-08-20T09:01:54	2855-Reducing_Profits_Artificially	summary	ok cred=0.24
2026-08-20T09:01:55	2852-Letter_to_Mr_Girish_Munshi_01-11-1963	summary	ok cred=0.32
2026-08-20T09:01:59	2860-Letter_from_Dahyabhai_Vallabhbhai_Patel_11-03-1963	summary	ok cred=0.25
2026-08-20T09:02:06	2861-Letter_to_Mr_Minoo_Masani_21-02-1963	summary	ok cred=0.26
2026-08-20T09:02:10	2869-Letter_to_Mr_Minoo_Masani_03-12-1962	metadata.a	ok cred=0.28
2026-08-20T09:02:11	2870-Letter_to_Mr_Minoo_Masani_20-11-1962	metadata.a	ok cred=0.23
2026-08-20T09:02:14	2868-Session_Very_Memorable_Lok_Sabha_Adjourns-Times_of_India_12-12-1962	metadata.a	ok cred=0.29
2026-08-20T09:02:14	2874-Letter_to_Mr_Minoo_Masani_17-11-1962	metadata.a	ok cred=0.27
2026-08-20T09:02:15	2863-Letter_to_Mr_Minoo_Masani_19-02-1963	summary	ok cred=0.23
2026-08-20T09:02:17	2871-Letter_to_Satya_Narayan_Sinha_19-11-1962	metadata.a	ok cred=0.28
2026-08-20T09:02:19	2875-Letter_to_N_G_Ranga_12-11-1962	metadata.a	ok cred=0.21
2026-08-20T09:02:27	2866-Letter_to_Mr_Minoo_Masani_22-01-1963	summary	ok cred=0.29
2026-08-20T09:02:28	2876-Letter_to_N_G_Ranga_15-11-1962	metadata.a	ok cred=0.28
2026-08-20T09:02:33	2867-Letter_to_A_P_Jain_18-02-1963	summary	ok cred=0.3
2026-08-20T09:02:37	2877-letter_from_A_P_Jain_14-11-1962	metadata.a	ok cred=0.29
2026-08-20T09:02:39	2869-Letter_to_Mr_Minoo_Masani_03-12-1962	summary	ok cred=0.27
2026-08-20T09:02:41	2874-Letter_to_Mr_Minoo_Masani_17-11-1962	summary	ok cred=0.28
2026-08-20T09:02:42	2868-Session_Very_Memorable_Lok_Sabha_Adjourns-Times_of_India_12-12-1962	summary	UNPARSEABLE
2026-08-20T09:02:44	2871-Letter_to_Satya_Narayan_Sinha_19-11-1962	summary	ok cred=0.25
2026-08-20T09:02:46	2870-Letter_to_Mr_Minoo_Masani_20-11-1962	summary	ok cred=0.31
2026-08-20T09:02:48	2879-Letter_to_Mr_Minoo_Masani_22-10-1962	metadata.a	ok cred=0.29
2026-08-20T09:02:50	2875-Letter_to_N_G_Ranga_12-11-1962	summary	ok cred=0.28
2026-08-20T09:02:55	2876-Letter_to_N_G_Ranga_15-11-1962	summary	ok cred=0.27
2026-08-20T09:02:58	2880-Letter_to_A_P_Jain_01-10-1962	metadata.a	ok cred=0.23
2026-08-20T09:03:00	2881-letter_from_A_P_Jain_18-09-1962	metadata.a	ok cred=0.28
2026-08-20T09:03:03	2885-Letter_from_Mr_Minoo_Masani_16-08-1962	metadata.a	ok cred=0.22
2026-08-20T09:03:04	2891-Desais_Statement_in_Lok_Sabha_on_Monday-Times_of_India_04-08-1962	metadata.a	ok cred=0.28
2026-08-20T09:03:06	2890-Letter_to_Dahyabhai_V_Patel_04-08-1962	metadata.a	ok cred=0.28
2026-08-20T09:03:11	2893-Letter_from_Mr_Minoo_Masani_04-08-1962	metadata.a	ok cred=0.28
2026-08-20T09:03:12	2892-Letter_from_Mr_Minoo_Masani_04-08-1962	metadata.a	ok cred=0.23
2026-08-20T09:03:16	2879-Letter_to_Mr_Minoo_Masani_22-10-1962	summary	ok cred=0.25
2026-08-20T09:03:17	2894-Letter_from_Mr_Minoo_Masani_04-08-1962	metadata.a	ok cred=0.28
2026-08-20T09:03:26	2880-Letter_to_A_P_Jain_01-10-1962	summary	ok cred=0.26
2026-08-20T09:03:38	2897-Letter_from_Mr_Minoo_Masani_03-04-1962	metadata.a	ok cred=0.22
2026-08-20T09:03:38	2881-letter_from_A_P_Jain_18-09-1962	summary	ok cred=0.32
2026-08-20T09:03:38	2891-Desais_Statement_in_Lok_Sabha_on_Monday-Times_of_India_04-08-1962	summary	ok cred=0.31
2026-08-20T09:03:39	2893-Letter_from_Mr_Minoo_Masani_04-08-1962	summary	ok cred=0.27
2026-08-20T09:03:39	2885-Letter_from_Mr_Minoo_Masani_16-08-1962	summary	ok cred=0.32
2026-08-20T09:03:42	2892-Letter_from_Mr_Minoo_Masani_04-08-1962	summary	ok cred=0.26
2026-08-20T09:03:44	2890-Letter_to_Dahyabhai_V_Patel_04-08-1962	summary	ok cred=0.31
2026-08-20T09:03:49	2877-letter_from_A_P_Jain_14-11-1962	summary	ok cred=0.41
2026-08-20T09:03:51	2899-Letter_to_Jawaharlal_Nehru_02-08-1962	metadata.a	ok cred=0.29
2026-08-20T09:03:54	2894-Letter_from_Mr_Minoo_Masani_04-08-1962	summary	ok cred=0.32
2026-08-20T09:03:57	29-Letter_to_Mr_Shantilal_K_Devmurari_23-03-1971	metadata.a	ok cred=0.22
2026-08-20T09:03:57	2900-Digest_of_Press_Comments_on_the_Partys_Performance_in_the_Lok_Sabha_27-06-1962	metadata.a	ok cred=0.22
2026-08-20T09:04:00	2901-Letter_to_Mr_Minoo_Masani_09-07-1962	metadata.a	ok cred=0.22
2026-08-20T09:04:04	2902-Letter_from_John_Deng_28-06-1962	metadata.a	ok cred=0.23
2026-08-20T09:04:04	2897-Letter_from_Mr_Minoo_Masani_03-04-1962	summary	ok cred=0.27
2026-08-20T09:04:06	2903-Non-Official_Motions_for_Parliament_Session-Hindustan_Times_27-07-1962	metadata.a	ok cred=0.29
2026-08-20T09:04:08	2905-Letter_to_Mr_Minoo_Masani_23-06-1962	metadata.a	ok cred=0.24
2026-08-20T09:04:08	2906-Letter_to_Mr_Minoo_Masani_13-06-1962	metadata.a	ok cred=0.27
2026-08-20T09:04:17	2899-Letter_to_Jawaharlal_Nehru_02-08-1962	summary	ok cred=0.28
2026-08-20T09:04:20	29-Letter_to_Mr_Shantilal_K_Devmurari_23-03-1971	summary	ok cred=0.26
2026-08-20T09:04:20	2908-Letter_to_Mr_Minoo_Masani_03-06-1962	metadata.a	ok cred=0.22
2026-08-20T09:04:28	2910-Letter_to_Dahyabhai_V_Patel_01-06-1962	metadata.a	ok cred=0.29
2026-08-20T09:04:28	2901-Letter_to_Mr_Minoo_Masani_09-07-1962	summary	ok cred=0.28
2026-08-20T09:04:29	2900-Digest_of_Press_Comments_on_the_Partys_Performance_in_the_Lok_Sabha_27-06-1962	summary	ok cred=0.3
2026-08-20T09:04:37	2902-Letter_from_John_Deng_28-06-1962	summary	UNPARSEABLE
2026-08-20T09:04:38	2914-Letter_to_Wahidur_Rahman_28-05-1962	metadata.a	ok cred=0.27
2026-08-20T09:04:38	2906-Letter_to_Mr_Minoo_Masani_13-06-1962	summary	ok cred=0.26
2026-08-20T09:04:39	2912-Letter_to_Narendra_Singh_Mahida_29-05-1962	metadata.a	ok cred=0.28
2026-08-20T09:04:42	2908-Letter_to_Mr_Minoo_Masani_03-06-1962	summary	ok cred=0.23
2026-08-20T09:04:49	2916-Rajajis_Tour_Programme_Nov-1963	metadata.a	ok cred=0.21
2026-08-20T09:04:50	2905-Letter_to_Mr_Minoo_Masani_23-06-1962	summary	UNPARSEABLE
2026-08-20T09:04:53	2915-Parliament_Panels-Sunday_Standard_27-05-1962	metadata.a	ok cred=0.28
2026-08-20T09:04:58	2910-Letter_to_Dahyabhai_V_Patel_01-06-1962	summary	ok cred=0.27
2026-08-20T09:05:01	2914-Letter_to_Wahidur_Rahman_28-05-1962	summary	ok cred=0.22
2026-08-20T09:05:01	2903-Non-Official_Motions_for_Parliament_Session-Hindustan_Times_27-07-1962	summary	ok cred=0.38
2026-08-20T09:05:02	292-For_Favour_of_Publication_21-05-1971	metadata.a	ok cred=0.23
2026-08-20T09:05:02	2912-Letter_to_Narendra_Singh_Mahida_29-05-1962	summary	ok cred=0.26
2026-08-20T09:05:06	2923-Dandekar_was_Top_Civil_Servent-Times_of_India_06-11-1980	metadata.a	ok cred=0.31
2026-08-20T09:05:10	2932-Swatantra_Party_General_Circular_No-40_02-04-1971	metadata.a	ok cred=0.28
2026-08-20T09:05:13	2915-Parliament_Panels-Sunday_Standard_27-05-1962	summary	ok cred=0.23
2026-08-20T09:05:16	2916-Rajajis_Tour_Programme_Nov-1963	summary	ok cred=0.26
2026-08-20T09:05:23	2945-Toppling-An_Indecent_Act_11-04-1970	metadata.a	ok cred=0.29
2026-08-20T09:05:27	2951-Letter_to_R_C_Cooper_01-04-1972	metadata.a	ok cred=0.23
2026-08-20T09:05:29	2949-Letter_from_Mr_G_Latchanna_22-03-1972	metadata.a	ok cred=0.29
2026-08-20T09:05:33	292-For_Favour_of_Publication_21-05-1971	summary	ok cred=0.27
2026-08-20T09:05:35	2950-Resolutions_Adopted_by_the_Joint_Meeting_of_Executive_Committee_19-03-1972	metadata.a	ok cred=0.23
2026-08-20T09:05:36	2954-General_Council_Circular_No_48_21-03-1972	metadata.a	ok cred=0.29
2026-08-20T09:05:36	2923-Dandekar_was_Top_Civil_Servent-Times_of_India_06-11-1980	summary	ok cred=0.26
2026-08-20T09:05:38	2956-Letter_from_H_M_Patel_22-03-1972	metadata.a	ok cred=0.28
2026-08-20T09:05:39	2932-Swatantra_Party_General_Circular_No-40_02-04-1971	summary	ok cred=0.28
2026-08-20T09:05:42	2931-Contents	metadata.a	ok cred=0.36
2026-08-20T09:05:54	2962-Letter_to_C_Rajagopalachari_04-04-1972	metadata.a	ok cred=0.27
2026-08-20T09:05:55	2945-Toppling-An_Indecent_Act_11-04-1970	summary	ok cred=0.3
2026-08-20T09:05:57	2956-Letter_from_H_M_Patel_22-03-1972	summary	ok cred=0.25
2026-08-20T09:05:59	2949-Letter_from_Mr_G_Latchanna_22-03-1972	summary	ok cred=0.29
2026-08-20T09:05:59	2963-Letter_from_C_Rajagopalachari_01-04-1972	metadata.a	ok cred=0.21
2026-08-20T09:06:03	2951-Letter_to_R_C_Cooper_01-04-1972	summary	ok cred=0.31
2026-08-20T09:06:04	2954-General_Council_Circular_No_48_21-03-1972	summary	ok cred=0.24
2026-08-20T09:06:04	2964-India_Has_Drifted_into_Communism	metadata.a	ok cred=0.28
2026-08-20T09:06:12	2931-Contents	summary	ok cred=0.29
2026-08-20T09:06:14	2963-Letter_from_C_Rajagopalachari_01-04-1972	summary	ok cred=0.22
2026-08-20T09:06:18	2969-Letter_to_Mr_Minoo_Masani_17-11-1970	metadata.a	ok cred=0.22
2026-08-20T09:06:18	2970-Swatantra_Party_Circular_09-11-1970	metadata.a	ok cred=0.28
2026-08-20T09:06:21	2971-Letter_to_A_P_Jain_02-11-1970	metadata.a	ok cred=0.28
2026-08-20T09:06:22	2962-Letter_to_C_Rajagopalachari_04-04-1972	summary	ok cred=0.26
2026-08-20T09:06:27	2976-Swatantra_Party_Notice_25-08-1970	metadata.a	ok cred=0.28
2026-08-20T09:06:31	2964-India_Has_Drifted_into_Communism	summary	ok cred=0.28
2026-08-20T09:06:32	2974-Letter_to_Piloo_Mody_15-09-1970	metadata.a	ok cred=0.25
2026-08-20T09:06:33	2978-Letter_to_Mr_Minoo_Masani_14-08-1970	metadata.a	ok cred=0.22
2026-08-20T09:06:37	2970-Swatantra_Party_Circular_09-11-1970	summary	ok cred=0.25
2026-08-20T09:06:38	2977-Letter_to_Mr_Minoo_Masani_11-08-1970	metadata.a	ok cred=0.3
2026-08-20T09:06:40	2969-Letter_to_Mr_Minoo_Masani_17-11-1970	summary	ok cred=0.23
2026-08-20T09:06:46	2979-Letter_to_Mr_Minoo_Masani_08-08-1970	metadata.a	ok cred=0.28
2026-08-20T09:06:47	2971-Letter_to_A_P_Jain_02-11-1970	summary	ok cred=0.24
2026-08-20T09:06:48	2976-Swatantra_Party_Notice_25-08-1970	summary	ok cred=0.24
2026-08-20T09:06:54	2980-Letter_to_N_G_Ranga_28-07-1970	metadata.a	ok cred=0.29
2026-08-20T09:06:55	2978-Letter_to_Mr_Minoo_Masani_14-08-1970	summary	ok cred=0.26
2026-08-20T09:06:58	2983-Letter_to_R_K_Amin_05-05-1970	metadata.a	ok cred=0.28
2026-08-20T09:06:59	2977-Letter_to_Mr_Minoo_Masani_11-08-1970	summary	ok cred=0.24
2026-08-20T09:06:59	2982-Swatantra_Party_Circular_11-05-1970	metadata.a	ok cred=0.23
2026-08-20T09:06:59	2974-Letter_to_Piloo_Mody_15-09-1970	summary	ok cred=0.29
2026-08-20T09:07:06	2950-Resolutions_Adopted_by_the_Joint_Meeting_of_Executive_Committee_19-03-1972	summary	UNPARSEABLE
2026-08-20T09:07:10	2979-Letter_to_Mr_Minoo_Masani_08-08-1970	summary	ok cred=0.27
2026-08-20T09:07:12	2984-Letter_to_Mr_Minoo_Masani_21-04-1970	metadata.a	ok cred=0.28
2026-08-20T09:07:12	2985-Letter_to_N_G_Ranga_21-04-1970	metadata.a	ok cred=0.28
2026-08-20T09:07:18	2983-Letter_to_R_K_Amin_05-05-1970	summary	ok cred=0.25
2026-08-20T09:07:19	2980-Letter_to_N_G_Ranga_28-07-1970	summary	ok cred=0.25
2026-08-20T09:07:20	2990-Letter_to_Mr_Minoo_Masani_10-02-1970	metadata.a	ok cred=0.22
2026-08-20T09:07:21	2986-Letter_to_K_Raghuramaiah_20-03-1970	metadata.a	ok cred=0.23
2026-08-20T09:07:23	2987-Letter_to_N_G_Ranga_09-03-1970	metadata.a	ok cred=0.29
2026-08-20T09:07:24	2982-Swatantra_Party_Circular_11-05-1970	summary	ok cred=0.27
2026-08-20T09:07:29	2991-Letter_to_Mr_Minoo_Masani_24-12-1969	metadata.a	ok cred=0.22
2026-08-20T09:07:34	2993-Letter_to_A_P_Jain_17-12-1969	metadata.a	ok cred=0.3
2026-08-20T09:07:40	2985-Letter_to_N_G_Ranga_21-04-1970	summary	ok cred=0.28
2026-08-20T09:07:42	2994-Swatantra_Party_Notice_10-12-1969	metadata.a	ok cred=0.23
2026-08-20T09:07:42	2995-Swatantra_Party_Notice_03-12-1969	metadata.a	ok cred=0.28
2026-08-20T09:07:48	2986-Letter_to_K_Raghuramaiah_20-03-1970	summary	ok cred=0.29
2026-08-20T09:07:49	2984-Letter_to_Mr_Minoo_Masani_21-04-1970	summary	ok cred=0.26
2026-08-20T09:07:53	2987-Letter_to_N_G_Ranga_09-03-1970	summary	ok cred=0.29
2026-08-20T09:07:59	2991-Letter_to_Mr_Minoo_Masani_24-12-1969	summary	ok cred=0.24
2026-08-20T09:08:00	2993-Letter_to_A_P_Jain_17-12-1969	summary	ok cred=0.29
2026-08-20T09:08:04	2997-Proposed_Speakers_for_the_Business_Commensing	metadata.a	ok cred=0.36
2026-08-20T09:08:05	2990-Letter_to_Mr_Minoo_Masani_10-02-1970	summary	UNPARSEABLE
2026-08-20T09:08:07	3-Letter_to_Mr_Sri_Prakash_21-04-1971	metadata.a	ok cred=0.28
2026-08-20T09:08:07	2995-Swatantra_Party_Notice_03-12-1969	summary	ok cred=0.23
2026-08-20T09:08:08	2999-Letter_from_N_G_Ranga_05-11-1969	metadata.a	ok cred=0.29
2026-08-20T09:08:10	2994-Swatantra_Party_Notice_10-12-1969	summary	ok cred=0.25
2026-08-20T09:08:12	3001-Letter_to_Mr_Minoo_Masani_11-10-1969	metadata.a	ok cred=0.28
2026-08-20T09:08:21	3005-Letter_to_AP_Jain_09-10-1969	metadata.a	ok cred=0.28
2026-08-20T09:08:22	3002-Funeral_procession_and_Condolence_Meeting	metadata.a	ok cred=0.31
2026-08-20T09:08:29	3008-Letter_to_Mr_Minoo_Masani_22-09-1969	metadata.a	ok cred=0.22
2026-08-20T09:08:30	3009-Letter_from_Mr_Minoo_Masani_25-09-1969	metadata.a	ok cred=0.23
2026-08-20T09:08:30	3-Letter_to_Mr_Sri_Prakash_21-04-1971	summary	ok cred=0.27
2026-08-20T09:08:32	3010-Letter_from_Mr_Minoo_Masani_25-09-1969	metadata.a	ok cred=0.29
2026-08-20T09:08:34	3001-Letter_to_Mr_Minoo_Masani_11-10-1969	summary	ok cred=0.23
2026-08-20T09:08:34	2999-Letter_from_N_G_Ranga_05-11-1969	summary	ok cred=0.28
2026-08-20T09:08:43	3005-Letter_to_AP_Jain_09-10-1969	summary	ok cred=0.27
2026-08-20T09:08:49	3006-For_Favour_of_Publication_08-10-1969	metadata.a	ok cred=0.37
2026-08-20T09:08:49	3002-Funeral_procession_and_Condolence_Meeting	summary	ok cred=0.28
2026-08-20T09:08:51	3011-Letter_to_Pujaya_C_Rajagopalachari_24-09-1969	metadata.a	ok cred=0.28
2026-08-20T09:08:53	3009-Letter_from_Mr_Minoo_Masani_25-09-1969	summary	ok cred=0.27
2026-08-20T09:08:54	3012-Letter_to_Mrs_indira_Gandhi_16-09-1969	metadata.a	ok cred=0.22
2026-08-20T09:08:56	3010-Letter_from_Mr_Minoo_Masani_25-09-1969	summary	ok cred=0.25
2026-08-20T09:08:58	3015-Letter_to_N_G_Ranga_18-09-1969	metadata.a	ok cred=0.29
2026-08-20T09:09:07	3017-Letter_to_Mr_Minoo_Masani_19-09-1969	metadata.a	ok cred=0.29
2026-08-20T09:09:11	3008-Letter_to_Mr_Minoo_Masani_22-09-1969	summary	ok cred=0.33
2026-08-20T09:09:11	3020-For_Favour_of_Publication_17-09-1969	metadata.a	ok cred=0.23
2026-08-20T09:09:12	2997-Proposed_Speakers_for_the_Business_Commensing	summary	UNPARSEABLE
2026-08-20T09:09:14	3011-Letter_to_Pujaya_C_Rajagopalachari_24-09-1969	summary	ok cred=0.28
2026-08-20T09:09:17	3012-Letter_to_Mrs_indira_Gandhi_16-09-1969	summary	ok cred=0.27
2026-08-20T09:09:19	3021-For_Favour_of_Publication_16-09-1969	metadata.a	ok cred=0.31
2026-08-20T09:09:22	3022-Letter_to_Indira_Gandhi_15-09-1969	metadata.a	ok cred=0.3
2026-08-20T09:09:22	3006-For_Favour_of_Publication_08-10-1969	summary	ok cred=0.3
2026-08-20T09:09:27	3015-Letter_to_N_G_Ranga_18-09-1969	summary	ok cred=0.26
2026-08-20T09:09:30	3028-Letter_to_A_P_Jain_08-09-1969	metadata.a	ok cred=0.27
2026-08-20T09:09:32	3017-Letter_to_Mr_Minoo_Masani_19-09-1969	summary	ok cred=0.28
2026-08-20T09:09:33	3030-Reciept_of_Swatantra_Party_Parliamentary_Group_26-08-1969	metadata.a	ok cred=0.26
2026-08-20T09:09:34	3026-Letter_to_N_G_Ranga_10-09-1969	metadata.a	ok cred=0.28
2026-08-20T09:09:37	3033-Letter_to_N_G_Ranga_12-08-1969	metadata.a	ok cred=0.22
2026-08-20T09:09:41	3020-For_Favour_of_Publication_17-09-1969	summary	ok cred=0.27
2026-08-20T09:09:41	3034-Letter_to_N_G_Ranga_11-08-1969	metadata.a	ok cred=0.22
2026-08-20T09:09:51	3030-Reciept_of_Swatantra_Party_Parliamentary_Group_26-08-1969	summary	ok cred=0.21
2026-08-20T09:09:53	3035-Letter_to_Mr_Minoo_Masani_07-07-1969	metadata.a	ok cred=0.29
2026-08-20T09:09:54	3028-Letter_to_A_P_Jain_08-09-1969	summary	ok cred=0.27
2026-08-20T09:09:54	3036-Letter_to_R_C_Cooper_04-07-1969	metadata.a	ok cred=0.29
2026-08-20T09:09:54	3021-For_Favour_of_Publication_16-09-1969	summary	ok cred=0.32
2026-08-20T09:09:55	3022-Letter_to_Indira_Gandhi_15-09-1969	summary	ok cred=0.28
2026-08-20T09:09:59	3026-Letter_to_N_G_Ranga_10-09-1969	summary	ok cred=0.25
2026-08-20T09:10:02	3037-Letter_to_R_C_Cooper_23-05-1969	metadata.a	ok cred=0.23
2026-08-20T09:10:08	3033-Letter_to_N_G_Ranga_12-08-1969	summary	ok cred=0.25
2026-08-20T09:10:11	3034-Letter_to_N_G_Ranga_11-08-1969	summary	ok cred=0.28
2026-08-20T09:10:12	3038-Swatantra_Party_Letter	metadata.a	ok cred=0.28
2026-08-20T09:10:13	3046-Letter_to_N_G_Ranga_22-04-1969	metadata.a	ok cred=0.21
2026-08-20T09:10:16	3049-Parliamentary_Group_of_Tibet	metadata.a	ok cred=0.28
2026-08-20T09:10:18	3036-Letter_to_R_C_Cooper_04-07-1969	summary	ok cred=0.28
2026-08-20T09:10:18	3048-Letter_from_M_C_Chagla_01-04-1969	metadata.a	ok cred=0.3
2026-08-20T09:10:21	3050-Letter_to_N_G_Ranga_05-04-1969	metadata.a	ok cred=0.28
2026-08-20T09:10:25	3035-Letter_to_Mr_Minoo_Masani_07-07-1969	summary	ok cred=0.29
2026-08-20T09:10:29	3053-Letter_to_Mr_Minoo_Masani_10-03-1969	metadata.a	ok cred=0.28
2026-08-20T09:10:31	3037-Letter_to_R_C_Cooper_23-05-1969	summary	ok cred=0.29
2026-08-20T09:10:36	3046-Letter_to_N_G_Ranga_22-04-1969	summary	ok cred=0.24
2026-08-20T09:10:36	3038-Swatantra_Party_Letter	summary	ok cred=0.26
2026-08-20T09:10:36	3057-Swatanra_Party_Minutes_of_Meeting	metadata.a	ok cred=0.28
2026-08-20T09:10:38	3056-Letter_to_N_G_Ranga_25-02-1969	metadata.a	ok cred=0.3
2026-08-20T09:10:44	3049-Parliamentary_Group_of_Tibet	summary	ok cred=0.29
2026-08-20T09:10:46	3062-Letter_to_J_Mohammed_Imam_23-10-1968	metadata.a	ok cred=0.28
2026-08-20T09:10:47	3050-Letter_to_N_G_Ranga_05-04-1969	summary	ok cred=0.24
2026-08-20T09:10:47	3048-Letter_from_M_C_Chagla_01-04-1969	summary	ok cred=0.29
2026-08-20T09:10:54	3063-Swatanra_Party_Minutes_of_Meeting_03-10-1968	metadata.a	ok cred=0.28
2026-08-20T09:10:56	3053-Letter_to_Mr_Minoo_Masani_10-03-1969	summary	ok cred=0.28
2026-08-20T09:10:58	3069-Letter_to_A_P_Jain_14-08-1960	metadata.a	ok cred=0.22
2026-08-20T09:10:59	3067-Letter_to_Mr_Minoo_Masani_30-08-1968	metadata.a	ok cred=0.22
2026-08-20T09:11:07	3057-Swatanra_Party_Minutes_of_Meeting	summary	UNPARSEABLE
2026-08-20T09:11:09	3070-Telegram_to_Mr_Minoo_Masani_13-08-1968	metadata.a	ok cred=0.29
2026-08-20T09:11:13	3056-Letter_to_N_G_Ranga_25-02-1969	summary	ok cred=0.31
2026-08-20T09:11:14	3073-Telegram_to_Mr_Minoo_Masani_13-08-1969	metadata.a	ok cred=0.23
2026-08-20T09:11:15	3072-Letter_to_Mr_Minoo_Masani_13-08-1969	metadata.a	ok cred=0.29
2026-08-20T09:11:20	3074-Telegram_to_Mr_Minoo_Masani_16-08-1968	metadata.a	ok cred=0.22
2026-08-20T09:11:20	3062-Letter_to_J_Mohammed_Imam_23-10-1968	summary	ok cred=0.3
2026-08-20T09:39:01	3076-Letter_to_N_Dandeker_24-07-1968	-	FETCH_FAILED
2026-08-20T09:39:01	3079-Telegram_to_Mr_Minoo_Masani_16-07-1968	-	FETCH_FAILED
2026-08-20T09:39:02	3078-Telegram_to_Mr_Minoo_Masani_16-07-1968	-	FETCH_FAILED
2026-08-20T09:39:21	3080-Letter_to_Mr_Minoo_Masani_18-07-1968	-	FETCH_FAILED
2026-08-20T09:39:21	3082-Letter_to_Mr_Minoo_Masani_13-07-1968	-	FETCH_FAILED
2026-08-20T09:39:22	3083-Letter_to_A_P_Jain_11-07-1968	-	FETCH_FAILED
2026-08-20T09:41:36	3076-Letter_to_N_Dandeker_24-07-1968	metadata.a	ok cred=0.28
2026-08-20T09:41:39	3079-Telegram_to_Mr_Minoo_Masani_16-07-1968	metadata.a	ok cred=0.28
2026-08-20T09:41:42	3078-Telegram_to_Mr_Minoo_Masani_16-07-1968	metadata.a	ok cred=0.28
2026-08-20T09:42:05	3079-Telegram_to_Mr_Minoo_Masani_16-07-1968	summary	ok cred=0.26
2026-08-20T09:42:08	3078-Telegram_to_Mr_Minoo_Masani_16-07-1968	summary	ok cred=0.27
2026-08-20T09:42:23	3076-Letter_to_N_Dandeker_24-07-1968	summary	UNPARSEABLE
2026-08-20T09:42:32	3080-Letter_to_Mr_Minoo_Masani_18-07-1968	metadata.a	ok cred=0.22
2026-08-20T09:42:33	3082-Letter_to_Mr_Minoo_Masani_13-07-1968	metadata.a	ok cred=0.29
2026-08-20T09:42:48	3083-Letter_to_A_P_Jain_11-07-1968	metadata.a	ok cred=0.27
2026-08-20T09:42:58	3080-Letter_to_Mr_Minoo_Masani_18-07-1968	summary	ok cred=0.27
2026-08-20T09:43:02	3082-Letter_to_Mr_Minoo_Masani_13-07-1968	summary	ok cred=0.27
2026-08-20T09:43:07	3083-Letter_to_A_P_Jain_11-07-1968	summary	ok cred=0.25
2026-08-20T18:59:40	3090-Attension_of_All_members_of_Party_03-04-1967	summary	ok cred=0.24
2026-08-20T18:59:44	3109-Letter_to_H_R_Pasricha_24-02-1975	summary	ok cred=0.27
2026-08-20T18:59:46	3085-Letter_to_Mr_Minoo_Masani_09-07-1968	summary	ok cred=0.26
2026-08-20T19:00:21	3136-Letter_to_Ghasiram_Majhi_21-03-1985	summary	ok cred=0.26
2026-08-20T19:00:23	3279-Letter_to_C_Rajagopalachari_09-08-1962	summary	ok cred=0.26
2026-08-20T19:00:27	3180-Letter_to_Harihar_patel_22-06-193	summary	ok cred=0.28
2026-08-20T19:00:30	3111-Letter_to_V_S_Srikumar_18-02-1975	summary	ok cred=0.28
2026-08-20T19:00:31	3124-Letter_to_S_V_Raju_03-06-1985	summary	ok cred=0.26
2026-08-20T19:00:31	3306-Letter_to_Girish_K_Munshi_10-01-1964	summary	ok cred=0.28
2026-08-20T19:00:34	3250-Letter_to_N_G_Ranga_02-01-1963	summary	ok cred=0.27
2026-08-20T19:00:36	3178-Letter_to_V_S_Srikumar_27-06-1973	summary	ok cred=0.29
2026-08-20T19:00:45	3388-Outlining_the_Arrangement_26-09-1961	summary	ok cred=0.24
2026-08-20T19:00:49	3381-Letter_to_kamakhya_Narain_Singh_25-10-1961	summary	ok cred=0.21
2026-08-20T19:00:57	3393-Letter_to_Mr_Minoo_Masani_18-08-1961	summary	ok cred=0.27
2026-08-20T19:00:57	3426-Letter_to_Mr_Minoo_Masani_04-07-1970	summary	ok cred=0.25
2026-08-20T19:01:03	3453-Swatantra_Sure_to_Join_front-Times_of_India_06-01-1971	summary	ok cred=0.25
2026-08-20T19:01:09	35-Letter_to_Mr_Minoo_Masani_20-03-1971	summary	UNPARSEABLE chars=2764
2026-08-20T19:01:12	3456-Liyame_Sure_Swatantra_Will_join_Front-The_Times_of_India_05-01-1971	summary	UNPARSEABLE chars=6796
2026-08-20T19:01:14	3465-The_Democratic_Front-The_Statesmen_05-01-1971	summary	ok cred=0.31
2026-08-20T19:01:18	3490-List_of_Swatantra_MLA_&_MLC	summary	ok cred=0.28
2026-08-20T19:01:21	3569-Letter_to_Mr_Minoo_Masani_08-08-1963	summary	ok cred=0.25
2026-08-20T19:01:26	3529-Better_Late_Than_Never-Statesman_10-01-1971	summary	ok cred=0.29
2026-08-20T19:01:35	3693-For_Favour_of_Publication_08-07-1974	summary	ok cred=0.26
2026-08-20T19:01:37	3655-A_Gem_Passes_Away_13-01-1973	summary	ok cred=0.28
2026-08-20T19:01:41	3806-Resolution_Adopted_by_the_General_Council_28-05-1966	summary	ok cred=0.25
2026-08-20T19:01:42	3749-Swatantra_Party_National_Executive_Circular_No-120A_20-08-1974	summary	ok cred=0.27
2026-08-20T19:01:50	3832-National_Executive_Circular_no-5_17-02-1986	summary	ok cred=0.25
2026-08-20T19:01:50	3778-Letter_to_C_Rajagopalachari_10-11-1966	summary	UNPARSEABLE chars=4579
2026-08-20T19:01:50	3823-Central_Parliamentary_Board_no-9_20-04-1966	summary	ok cred=0.26
2026-08-20T19:01:58	3816-General_Secretarys_Letter_no-118_04-06-1966	summary	ok cred=0.26
2026-08-20T19:01:59	389-Swatantra_Party_Minutes_of_Meeting_07-04-1970	summary	ok cred=0.25
2026-08-20T19:02:02	3856-Central_Organising_Committee_Circular_no-29_18-11-1965	summary	ok cred=0.25
2026-08-20T19:02:11	3955-Letter_from_V_P_Bhatia_26-06-1967	summary	ok cred=0.27
2026-08-20T19:02:16	3958-Letter_from_S_V_Raju_29-05-1967	summary	ok cred=0.25
2026-08-20T19:02:18	3959-Letter_from_N_Dandekar_30-05-1967	summary	ok cred=0.23
2026-08-20T19:02:19	4007-General_Secretarys_Letter_to_Prospective_Parliamentary_Candidates_no-9_26-10-1966	summary	ok cred=0.22
2026-08-20T19:02:25	3931-Central_Office_Circular_no-80_17-10-1967	summary	ok cred=0.3
2026-08-20T19:02:25	4026-General_Secertarys_Letter_no-131_08-08-1966	summary	UNPARSEABLE chars=3850
2026-08-20T19:02:25	4013-General_Secertarys_Letter_no-140_15-10-1966	summary	ok cred=0.25
2026-08-20T19:02:41	4072-Telegram_to_Smt_Indira_Gandhi_11-06-1966	summary	ok cred=0.27
2026-08-20T19:02:46	4086-Telegram_to_Mr_Minoo_Masani_06-06-1966	summary	ok cred=0.21
2026-08-20T19:02:51	405-Swatantra_Party_Minutes_of_Meeting_21-08-1969	summary	UNPARSEABLE chars=7842
2026-08-20T19:02:56	4127-Industrialization_at_District_Level_29-12-1959	summary	ok cred=0.26
2026-08-20T19:02:58	4091-Letter_to_S_V_Raju_18-11-1967	summary	ok cred=0.27
2026-08-20T19:03:05	4185-Letter_to_N_G_Ranga_25-01-1964	summary	UNPARSEABLE chars=3371
2026-08-20T19:03:05	4184-Letter_to_C_Rajagopalachari_25-01-1964	summary	ok cred=0.23
2026-08-20T19:03:11	4224-Decision_taken_at_the_meeting_of_Swatantra_party_24-01-1977	summary	ok cred=0.24
2026-08-20T19:03:16	4225-Draft_Time_Table_for_Party_Election	summary	ok cred=0.24
2026-08-20T19:03:17	417-Swatantra_Party_Minutes_of_Meeting_18-04-1969	summary	ok cred=0.35
2026-08-20T19:03:26	413-Swatantra_Party_Minutes_of_Meeting_22-07-1969	summary	ok cred=0.29
2026-08-20T19:03:34	4258-Letter_from_S_V_Raju_21-05-1964	summary	ok cred=0.27
2026-08-20T19:03:38	436-Swatantra_Party_Minutes_of_Meeting_26-11-1968	summary	ok cred=0.26
2026-08-20T19:03:38	4452-Hitendra_Meets_Masani-Indian_Express_22-01-1971	summary	ok cred=0.24
2026-08-20T19:03:42	4276-Letter_to_N_G_Ranga	summary	ok cred=0.28
2026-08-20T19:03:48	4488-Sterile_Appraisal-Statesman_06-03-1971	summary	ok cred=0.28
2026-08-20T19:03:51	4471-Swatantra_Will_End_State_Capitalism_Exploitation-Hindustan_Times_Weekly_14-02-1971	summary	ok cred=0.3
2026-08-20T19:03:53	4502-Circular_Letter_No_9_06-07-1968	summary	ok cred=0.26
2026-08-20T19:04:02	4511-Letter_from_N_Dandekar_18-06-1968	summary	ok cred=0.24
2026-08-20T19:04:07	4573-Letter_to_Mr_Minoo_Masani_23-04-1968	summary	ok cred=0.26
2026-08-20T19:04:07	4597-Letter_to_Mr_Minoo_Masani_31-03-1968	summary	ok cred=0.25
2026-08-20T19:04:08	4518-Letter_to_Mr_Minoo_Masani_04-06-1968	summary	ok cred=0.24
2026-08-20T19:04:19	447-Swatantra_Party_Minutes_of_Meeting_07-08-1968	summary	ok cred=0.42
2026-08-20T19:04:33	4652-For_Favour_of_Publication_29-03-1968	summary	ok cred=0.28
2026-08-20T19:04:33	4651-Letter_to_N_Dandeker_29-03-1968	summary	ok cred=0.28
2026-08-20T19:04:34	4642-Babubhai_Vaidya	summary	ok cred=0.29
2026-08-20T19:04:39	4753-Letter_to_Bhailalbhai_Patel_03-06-1963	summary	ok cred=0.25
2026-08-20T19:04:40	462-Swatantra_Party_Minutes_of_Meeting_27-04-1968	summary	ok cred=0.35
2026-08-20T19:04:40	4672-Swatantra_party_Some_Comments	summary	ok cred=0.27
2026-08-20T19:04:41	4678-Letter_to_C_Rajagopalachari_23-09-1964	summary	ok cred=0.28
2026-08-20T19:05:09	466-Swatantra_Party_Minutes_of_Meeting_11-04-1968	summary	ok cred=0.38
2026-08-20T19:05:09	487-Swatantra_Party_Minutes_of_Meeting_23-11-1967	summary	ok cred=0.29
2026-08-20T19:05:11	4978-Letter_to_K_Santhanam_18-07-1975	summary	ok cred=0.24
2026-08-20T19:05:14	5031-Swatantra_Party_Minutes_of_Meeting_15-04-1964	summary	ok cred=0.29
2026-08-20T19:05:15	4998-Lestle_Sawhny_Programme_18-02-1979	summary	ok cred=0.27
2026-08-20T19:05:26	488-Swatantra_Party_Minutes_of_Meeting_23-11-1967	summary	ok cred=0.36
2026-08-20T19:05:35	5009-Swatantra_Party_Minutes_of_Meeting_27-08-1965	summary	ok cred=0.29
2026-08-20T19:05:36	5020-Swatantra_Party_Minutes_of_Meeting_21-11-1964	summary	ok cred=0.38
2026-08-20T19:05:39	5052-Letter_to_Prabhakar_S_koopiker_28-05-1968	summary	ok cred=0.22
2026-08-20T19:05:44	5069-Letter_to_Mr_Minoo_Masani_22-04-1968	summary	ok cred=0.27
2026-08-20T19:05:46	5063-For_Favour_of_Publication_14-05-1968	summary	ok cred=0.27
2026-08-20T19:05:53	5033-Swatantra_Party_Minutes_of_Meeting_11-04-1964	summary	ok cred=0.31
2026-08-20T19:06:01	5044-Swatantra_Party_Minutes_of_Meeting_24-08-1963	summary	ok cred=0.32
2026-08-20T19:06:02	5106-Letter_to_N_Dandeker_04-04-1968	summary	ok cred=0.25
2026-08-20T19:06:03	512-Swatantra_Party_Meeting-Circular_24-06-1967	summary	UNPARSEABLE chars=2898
2026-08-20T19:06:05	5158-Letter_to_Mr_Minoo_Masani_01-12-1959	summary	ok cred=0.21
2026-08-20T19:06:09	5072-Procedures_of_Emergent_Meeting_of_State_Executive_12-04-1962	summary	ok cred=0.32
2026-08-20T19:06:10	5089-Letter_to_N_Dandeker_08-04-1968	summary	ok cred=0.24
2026-08-20T19:06:17	5202-Letter_to_P_L_Roy_19-11-1959	summary	ok cred=0.25
2026-08-20T19:06:19	5187-Letter_to_Mr_Minoo_Masani_23-11-1959	summary	ok cred=0.26
2026-08-20T19:06:23	5301-Letter_to_Simon_Singh_23-09-1959	summary	ok cred=0.21
2026-08-20T19:06:24	5233-Letter_to_S_S_Mariswamy_28-10-1959	summary	ok cred=0.25
2026-08-20T19:06:35	5421-General_Secretarys_letter_no-307_26-07-1973	summary	ok cred=0.22
2026-08-20T19:06:41	5356-Letter_to_N_G_Ranga_02-07-1968	summary	ok cred=0.3
2026-08-20T19:06:44	5426-General_Secretarys_letter_no-303_20-05-1975	summary	ok cred=0.25
2026-08-20T19:06:47	5429-General_Secretarys_letter_no-298_23-03-1974	summary	ok cred=0.25
2026-08-20T19:06:56	5442-General_Secretarys_letter_no-284_24-07-1972	summary	ok cred=0.27
2026-08-20T19:06:58	5463-General_Secretarys_letter_no-252_18-12-1970	summary	ok cred=0.28
2026-08-20T19:07:06	5494-Swatantra_is_hammed_by_ICS-The_Biltz_08-06-1968	summary	ok cred=0.27
2026-08-20T19:07:12	5379-Letter_to_C_Rajagopalachari_17-06-1968	summary	ok cred=0.3
2026-08-20T19:07:13	5525-Munshi_decries_intra-party_wrangles-The_Indian_Express_28-05-1968	summary	ok cred=0.27
2026-08-20T19:07:14	5500-Non_party_council_of_talents_urged_by_C_R-Times_of_India_05-06-1968	summary	ok cred=0.28
2026-08-20T19:07:16	5504-Masani_unhappy-The_Indian_Express_03-06-1968	summary	ok cred=0.24
2026-08-20T19:07:21	5350-Letter_to_B_P_Singh_09-07-1968	summary	ok cred=0.27
2026-08-20T19:07:31	5545-Swatantra_not_to_drive_rebels_to_do_the_wall-Deccan_Herald_15-04-1968	summary	UNPARSEABLE chars=5469
2026-08-20T19:07:36	5546-Masani_quit_on_quitting_part_post_16-05-1968	summary	ok cred=0.28
2026-08-20T19:07:37	5585-The_Swatantra_losses-The_Hindustan_Times_02-05-1968	summary	ok cred=0.26
2026-08-20T19:07:42	5735-Letter_to_Mr_C_C_Desai_31-03-1970	summary	UNPARSEABLE chars=4908
2026-08-20T19:07:43	5763-Letter_From_Mr_Girish_Munshi_28-12-1973	summary	UNPARSEABLE chars=4277
2026-08-20T19:07:46	5738-Offoce_Note_to_Dr_R_C_Cooper_17-02-1970	summary	ok cred=0.28
2026-08-20T19:07:50	5537-A_Question_of_Broken_Pledges-The_Hindustan_Times_18-05-1968	summary	ok cred=0.3
2026-08-20T19:07:50	5775-Agenda_For_Todays_Party_Meeting_28-11-1973	summary	ok cred=0.23
2026-08-20T19:08:08	5874-Letter_to_Mr_Minoo_Masani_06-11-1967	summary	ok cred=0.26
2026-08-20T19:08:10	5929-Letter_to_Jayaprakash_Naryan_14-02-1975	summary	ok cred=0.26
2026-08-20T19:08:17	5796-Parties_Rush_For_Formal_Status	summary	ok cred=0.27
2026-08-20T19:08:17	5948-Mass_Meeting_Held_In_Capitals_Of_All_States_And_Union_Territories	summary	ok cred=0.24
2026-08-20T19:08:17	5817-Letter_to_Mr_Minoo_Masani_18-03-1992	summary	ok cred=0.27
2026-08-20T19:08:17	6003-Letter_to_Jayaprakash_Naryan_17-04-1973	summary	ok cred=0.24
2026-08-20T19:08:25	5769-For_Favour_Of_Publication_26-11-1973	summary	ok cred=0.41
2026-08-20T19:08:29	5905-Nagaland_Problem-The_Times_of_India_19-02-1969	summary	ok cred=0.3
2026-08-20T19:08:40	6136-Letter_to_S_V_Raju_24-04-1970	summary	ok cred=0.25
2026-08-20T19:08:44	6021-Letter_to_Jayaprakash_Naryan_24-07-1972	summary	ok cred=0.28
2026-08-20T19:08:45	6015-Letter_to_Mr_Minoo_Masani_29-07-1972	summary	ok cred=0.28
2026-08-20T19:08:48	6079-Letter_from_C_Rajagopalachari_21-09-1961	summary	ok cred=0.28
2026-08-20T19:08:52	6199-Letter_to_Mr_Minoo_Masani_21-02-1970	summary	UNPARSEABLE chars=5352
2026-08-20T19:08:57	6269-Letter_to_R_C_Cooper_11-11-1969	summary	ok cred=0.24
2026-08-20T19:08:59	6083-18_Goa_Congrssmen_Quit_on_Party-Times_of_India_06-11-1963	summary	ok cred=0.31
2026-08-20T19:09:00	6232-Letter_to_Mr_Minoo_Masani_12-01-1970	summary	ok cred=0.28
2026-08-20T19:09:06	6330-Dandekar_To_Act_As_Interim_Chief-Indian_Express_19-04-1971	summary	ok cred=0.27
2026-08-20T19:09:15	753-National_Headquarters_Circular_no	summary	ok cred=0.28
2026-08-20T19:09:21	64-Letter_to_Mr_Y_Gadilingana_Goud_17-03-1971	summary	ok cred=0.22
2026-08-20T19:09:24	781-Letter_to_VP_Bhatia_13-12-1974	summary	ok cred=0.25
2026-08-20T19:09:24	784-Letter_to_Mr_Minoo_Masani_03-12-1974	summary	ok cred=0.29
2026-08-20T19:09:24	794-Letter_to_VS_Srikumar_18-11-1974	summary	ok cred=0.27
2026-08-20T19:09:29	839-Letter_to_P_Rangaswami_14-08-1974	summary	ok cred=0.23
2026-08-20T19:09:35	834-Letter_to_Minoo_Tata_21-08-1974	summary	UNPARSEABLE chars=4146
2026-08-20T19:09:37	843-Executive_Committee_of_Swatantra_Party_15-07-1974	summary	ok cred=0.26
2026-08-20T19:09:44	894-Letter_to_N_K_Ganapaiah_03-07-1974	summary	ok cred=0.24
2026-08-20T19:09:48	858-Letter_to_Mr_Minoo_Masani_20-07-1974	summary	ok cred=0.25
2026-08-20T19:09:49	818-Letter_to_Man_Singh_09-09-1974	summary	ok cred=0.3
2026-08-20T19:09:52	881-Letter_to_Piloo_Mody_15-07-1974	summary	ok cred=0.27
2026-08-20T19:09:58	965-Letter_to_Mr_Minoo_Masani_28-06-1963	summary	ok cred=0.23
2026-08-20T19:10:03	1249-The_Salaries_and_Allowances_of_Ministers_Bill-1970	summary	ok cred=0.29
2026-08-20T19:10:11	96-Letter_to_Mr_Minoo_Masani_11-03-1971	summary	ok cred=0.23
2026-08-20T19:10:16	955-Thiruvannamalai_Poll_Straight_Fight_Between_Congress_DMK_29-06-1963	summary	ok cred=0.35
2026-08-20T19:10:20	1265-Letter_from_NG_Ranga_28-07-1970	summary	ok cred=0.34
2026-08-20T19:10:21	1421-Letter_to_SV_Raju_28-09-1974	summary	UNPARSEABLE chars=4494
2026-08-20T19:10:22	1271-Notice_of_Amendments_to_Bills_20-02-1970	summary	ok cred=0.28
2026-08-20T19:10:23	1425-Letter_to_SV_Raju_24-09-1974	summary	UNPARSEABLE chars=2826
2026-08-20T19:10:26	1417-Letter_to_SV_Raju_21-10-1974	summary	ok cred=0.33
2026-08-20T19:10:38	1470-Letter_to_SV_Raju_09-07-1974	summary	ok cred=0.26
2026-08-20T19:10:41	1486-Letter_to_Mr_Minoo_Masani_12-06-1974	summary	ok cred=0.3
2026-08-20T19:10:49	1743-Letter_to_Mr_Raghavendra_Pratap_Singh_22-09-1959	summary	ok cred=0.29
2026-08-20T19:10:57	1995-Letter_to_Babubhai_Vaidya_13-06-1964	summary	ok cred=0.27
2026-08-20T19:11:02	1960-Letter_to_Sardar_Swaran_Singh_07-11-1964	summary	ok cred=0.28
2026-08-20T19:11:03	192-Chile-The_Facts_And_The_Lessons_24-11-1973	summary	ok cred=0.32
2026-08-20T19:11:07	2103-Letter_from_SV_Raju_28-12-1976	summary	ok cred=0.29
2026-08-20T19:11:12	1887-Letter_from_Mr_Minoo_Masani_12-08-1965	summary	ok cred=0.34
2026-08-20T19:11:20	225-Annexure-A-Statement_on_the_Current_Emergency	summary	ok cred=0.27
2026-08-20T19:11:20	2316-Letter_to_Mr_Minoo_Masani_16-11-1969	summary	UNPARSEABLE chars=3672
2026-08-20T19:11:22	2016-Summary_Record_of_the_Meeting_of_the_Samyukta_Sadachar_Samiti_24-02-1964	summary	ok cred=0.39
2026-08-20T19:11:37	2141-Meeting_of_the_National_Executive_and_the_National_General_Council_29-11-1975	summary	ok cred=0.36
2026-08-20T19:11:37	2451-Notice_To_Mr_Minoo_Masani_18-11-1976	summary	ok cred=0.28
2026-08-20T19:11:38	2340-Letter_to_President_Mr_R_Venkataraman_05-08-1987	summary	ok cred=0.32
2026-08-20T19:11:40	2380-Letter_From_Mr_V_P_Bhatia_06-03-1975	summary	ok cred=0.3
2026-08-20T19:11:51	2341-Heresies_About_The_Constitution-The_Times_Of_India_06-05-1987	summary	ok cred=0.29
2026-08-20T19:11:58	2523-High_Court_Petition_No_14_of_1995_15-02-1996	summary	UNPARSEABLE chars=5112
2026-08-20T19:12:04	2528-Meeting_of_Organising_Committee_29-06-1960	summary	ok cred=0.34
2026-08-20T19:12:04	2723-Statement_Adopted_By_The_Central_Parliamentary_Board_Of_Swatantra_Party_20-03-1971	summary	ok cred=0.26
2026-08-20T19:12:11	2766-Swatantra_MLAs_Writ_Admited_14-02-1975	summary	ok cred=0.3
2026-08-20T19:12:11	2514-Correspondence_Between_Mr_N_Dandeker_and_Mr_Vinod_B_Sheth	summary	ok cred=0.32
2026-08-20T19:12:21	2813-Letter_to_C_Rajagopalachari_24-03-1962	summary	ok cred=0.34
2026-08-20T19:12:22	2618-Letter_to_Mr_Girish_Munshi_12-05-1975	summary	ok cred=0.3
2026-08-20T19:12:38	2817-Letter_to_Mr_Minoo_Masani_24-03-1962	summary	ok cred=0.34
2026-08-20T19:12:51	3134-Letter_to_Maharaja_P_K_Deo_21-03-1985	summary	ok cred=0.3
2026-08-20T19:12:53	3284-Swatantra_Party_Minutes_of_Meeting_21-12-1961	summary	ok cred=0.3
2026-08-20T19:12:54	2858-Revised_List_of_Business_24-08-1961	summary	ok cred=0.41
2026-08-20T19:12:54	2904-Short_Report_On_the_Working_of_the_Swatantra_Party_16-04-1962	summary	ok cred=0.38
2026-08-20T19:12:55	3039-The_New_Class_19-05-1969	summary	ok cred=0.28
2026-08-20T19:13:00	2864-Swatantra_Party_Minutes_of_Meeting_19-02-1963	summary	UNPARSEABLE chars=8235
2026-08-20T19:13:00	3003-Best_Complments_of_Dahyabhai_V_Patel	summary	UNPARSEABLE chars=8222
2026-08-20T19:13:14	3422-Letter_to_C_Rajagopalachari_20-06-1970	summary	ok cred=0.28
2026-08-20T19:13:21	3658-CRs_Ashes_Immersed_In_The_Sangam-Times_Of_India_07-01-1973	summary	ok cred=0.29
2026-08-20T19:13:25	3667-Tributes_to_Rajaji-Indian_Express_06-01-1973	summary	ok cred=0.3
2026-08-20T19:13:26	3730-Swatantra_Party_General_Secretarys_Letter_No-317_01-07-1974	summary	ok cred=0.29
2026-08-20T19:13:28	3952-Swatantra_party_Circular_04-07-1967	summary	ok cred=0.24
2026-08-20T19:13:30	3661-Rajajis_Philosophy-The_Times_Of_india_07-01-1973	summary	UNPARSEABLE chars=6444
2026-08-20T19:13:30	3431-Letter_to_Mr_Minoo_Masani_02-06-1970	summary	ok cred=0.28
2026-08-20T19:13:40	384-Swatantra_Party_Minutes_of_Meeting_09-11-1970	summary	ok cred=0.34
2026-08-20T19:13:57	4210-Letter_to_Mr_Minoo_Masani_16-12-1963	summary	ok cred=0.29
2026-08-20T19:14:11	4620-Letter_to_C_Rajagopalachari_06-04-1968	summary	ok cred=0.31
2026-08-20T19:14:12	4118-Letter_from_K_S_Srinivasan_18-12-1969	summary	ok cred=0.33
2026-08-20T19:14:13	4637-Letter_to_Mr_Minoo_Masani_31-03-1968	summary	ok cred=0.26
2026-08-20T19:14:16	4450-Letter_to_C_Rajagopalachari_20-06-1961	summary	ok cred=0.3
2026-08-20T19:14:19	428-Swatantra_Party_Minutes_of_Meeting_19-03-1969	summary	UNPARSEABLE chars=8690
2026-08-20T19:14:34	4701-Letter_to_N_G_Ranga_21-08-1964	summary	UNPARSEABLE chars=5774
2026-08-20T19:14:36	4335-Letter_to_N_G_Ranga_16-07-1964	summary	ok cred=0.32
2026-08-20T19:14:52	4889-Report_of_the_organisation_sub-committee	summary	UNPARSEABLE chars=5473
2026-08-20T19:14:52	4854-Swatantra_Party_Minutes_of_Meeting_11-01-1965	summary	ok cred=0.31
2026-08-20T19:15:09	5055-Letter_to_Mr_Minoo_Masani_25-05-1968	summary	ok cred=0.27
2026-08-20T19:15:20	4910-List_of_Approved_Lok_Sabha_Vidhan_Sabha_Candidates	summary	ok cred=0.27
2026-08-20T19:15:24	423-For_Favour_of_Publication_11-04-1969	summary	ok cred=0.31
2026-08-20T19:15:30	5012-Swatantra_Party_Minutes_of_Meeting_15-04-1965	summary	ok cred=0.37
2026-08-20T19:15:33	5182-Letter_to_Mr_Minoo_Masani_24-11-1959	summary	ok cred=0.3
2026-08-20T19:15:33	520-Swatantra_Party_Minutes_of_Meeting_22-05-1967	summary	ok cred=0.33
2026-08-20T19:15:37	514-Swatantra_Party_Minutes_of_Meeting_17-06-1967	summary	ok cred=0.35
2026-08-20T19:15:48	5443-General_Secretarys_letter_no-283_06-07-1972	summary	ok cred=0.32
2026-08-20T19:16:22	5567-Swatantra_Crisis_spreads_to_Ranks	summary	ok cred=0.3
2026-08-20T19:16:25	5845-Extracts_from_the_speech_by_Satnaryan_Sinha_18-03-1964	summary	ok cred=0.29
2026-08-20T19:16:34	5675-Letter_to_Mr_Minoo_Masani_05-04-1970	summary	ok cred=0.31
2026-08-20T19:16:34	550-For_Favour_of_Publication_15-09-1966	summary	ok cred=0.33
2026-08-20T19:16:38	485-Swatantra_Party_Minutes_of_Meeting_05-12-1967	summary	ok cred=0.36
2026-08-20T19:16:43	6142-Letter_from_Mr_Minoo_Masani_17-04-1970	summary	ok cred=0.29
2026-08-20T19:16:46	5619-Swatantra_party_in_doldrums_spilit_in_the_offing_07-04-1968	summary	ok cred=0.32
2026-08-20T19:17:10	6255-Letter_to_Mr_Minoo_Masani_30-12-1969	summary	ok cred=0.27
2026-08-20T19:17:11	6233-Letter_to_Mr_Minoo_Masani_12-01-1970	summary	ok cred=0.28
2026-08-20T19:17:17	2285-Rent_and_Electricity_Charges_For_The_Month_Dec-1975_15-01-1976	summary	ok cred=0.28
2026-08-20T19:17:17	995-Letter_to_Mr_Minoo_Masani_09-09-1964	summary	ok cred=0.29
2026-08-20T19:17:24	850-National_Convention_of_the_Swatantra_Party_04-08-1974	summary	ok cred=0.34
2026-08-20T19:17:44	2215-Letter_to_N_K_Ganapaiah_26-10-1971	summary	ok cred=0.34
2026-08-20T19:17:46	30-Letter_to_Mr_Shantilal_K_Devmurari_15-03-1971	summary	ok cred=0.33
2026-08-20T19:17:47	3369-Letter_to_Ramgarh_29-12-1961	summary	ok cred=0.27
2026-08-20T19:17:50	3382-Letter_to_Mr_Minoo_Masani_30-09-1961	summary	ok cred=0.27
2026-08-20T19:18:08	5662-Swatantra_Party_Letter_23-08-1976	summary	ok cred=0.3
2026-08-20T19:18:10	715-For_Favour_of_Publication_05-11-1963	summary	ok cred=0.29
2026-08-20T19:18:10	249-Two_Styles_Of_Leadership	summary	ok cred=0.39
2026-08-20T19:18:10	3258-Draft_Report_of_the_Organisation	summary	ok cred=0.31
2026-08-20T19:18:21	3540-Letter_to_Mr_C_Rai_10-02-1966	summary	ok cred=0.32
2026-08-20T19:18:32	3600-Swatantra_Party_Minuits_Of_Meeting_07-07-1994	summary	ok cred=0.36
2026-08-20T19:18:34	3482-Swatantra_Party_Office_Bearers_and_Members_of_the_National_Executive	summary	ok cred=0.37
2026-08-20T19:18:57	4544-Letter_to_Mr_Minoo_Masani_22-05-1968	summary	ok cred=0.38
2026-08-20T19:19:02	4777-Innovating_Traditions_in_Party_Politics	summary	ok cred=0.38
2026-08-20T19:19:05	620-For_Favour_of_Publication_25-10-1962	summary	ok cred=0.36
2026-08-20T19:19:14	779-Letter_to_Mr_Minoo_Masani_16-12-1974	summary	ok cred=0.28
2026-08-20T19:19:16	6197-Letter_to_Mr_Minoo_Masani_23-02-1970	summary	ok cred=0.34
2026-08-20T19:19:30	831-General_Seceratary_s_letter_no_320_20-08-1974	summary	ok cred=0.43
2026-08-20T19:19:38	4576-Letter_to_N_Dandekar_23-04-1968	summary	ok cred=0.36
2026-08-20T19:19:39	3763-Swatantra_Party_Minutes_of_Meeting_24-11-1968	summary	ok cred=0.33
2026-08-20T19:19:44	147-Democrats_Dilemma-The_White_Star	summary	ok cred=0.34
2026-08-20T19:19:53	1411-Letter_to_Srikumar_07-11-1974	summary	UNPARSEABLE chars=7440
2026-08-20T19:19:56	150-Publication_for_A_Report_from_Europe	summary	ok cred=0.31
2026-08-20T19:19:59	2092-Meeting_of_Swatantra_Party_24-01-1977	summary	ok cred=0.3
2026-08-20T19:20:13	893-Meeting_of_the_State_Council_of_the_Swatantra_party_06-07-1974	summary	ok cred=0.41
2026-08-20T19:20:24	2331-For_Favour_Of_Publication_14-05-1959	summary	ok cred=0.38
2026-08-20T19:20:29	2927-Looking_After_The_Tribe	summary	ok cred=0.3
2026-08-20T19:20:37	414-Swatantra_Party_Minutes_of_Meeting_25-05-1969	summary	ok cred=0.32
2026-08-20T19:20:40	2275-Subpression_And_Censorship_Of_Inconvenient_News	summary	ok cred=0.49
2026-08-20T19:21:06	5786-Letter_to_Mr_Venkiteswaran_14-09-1994	summary	ok cred=0.33
2026-08-20T19:21:15	4865-Swatantra_Party_Minutes_of_Meeting_17-05-1964	summary	ok cred=0.36
2026-08-20T19:21:25	232-JP-Through_Thirty_Years-Birthday_Celebration	summary	ok cred=0.41
2026-08-20T19:21:37	5866-Speech_Of_Mr_Minoo_Masani_08-08-1960	summary	ok cred=0.35
2026-08-20T19:21:45	2700-Letter_to_The_Editor-The_Times_Of_India_21-07-1967	summary	UNPARSEABLE chars=6955
2026-08-20T19:21:54	6225-Letter_to_Mr_Minoo_Masani_16-01-1970	summary	ok cred=0.34
2026-08-20T19:21:59	801-Letter_to_P_Rangaswami_24-09-1974	summary	ok cred=0.34
2026-08-20T19:22:27	1928-Presentation_of_Budget_27-02-1965	summary	ok cred=0.38
2026-08-20T19:22:36	2356-Letter_to_Regional_Transport_Officer_Regarding_Jeep_No-MRA4024_04-12-1983	summary	ok cred=0.35
2026-08-20T19:22:40	933-Letter_to_Mr_Minoo_Masani_13-03-1974	summary	ok cred=0.5
2026-08-20T19:22:41	1440-Letter_to_SV_Raju_04-09-1974	summary	ok cred=0.46
2026-08-20T19:22:43	2946-Extract_from_Mr_M_R_Masani_Speech_in_Lok_Sabha_28-07-1970	summary	ok cred=0.41
2026-08-20T19:23:15	5477-General_Secretarys_letter_no-220_02-02-1970	summary	ok cred=0.34
2026-08-20T19:23:15	5452-General_Secretarys_letter_no-270_03-08-1971	summary	ok cred=0.35
2026-08-20T19:23:19	3499-Presidents_and_General_Secretaries_of_State_Units_1964	summary	ok cred=0.53
2026-08-20T19:23:24	3104-Letter_to_G_K_Sunderem_12-03-1975	summary	ok cred=0.4
2026-08-20T19:23:37	3773-Swatantra_Party_Minutes_of_Meeting_20-05-1967	summary	ok cred=0.46
2026-08-20T19:23:52	1641-Swatantra_Party_Constitution_General_Council_In_Bombay_30-06-1964	summary	ok cred=0.28
2026-08-20T19:24:06	5829-Mr_Minoo_Masani_speech_discussion_on_detention_bill_17-12-1963	summary	ok cred=0.45
2026-08-20T19:24:44	4810-In_the_High_Court_of_judicature_at_Bombay_Petition_no-30_of_1996	summary	ok cred=0.3
2026-08-20T19:25:01	885-Letter_to_Piloo_Mody_11-07-1974	summary	ok cred=0.46
2026-08-20T19:25:19	5787-Registration_Of_Political_Parties_Under_Section_29A_28-06-1994	summary	ok cred=0.3
2026-08-20T19:25:20	5861-Mr_Minoo_Masani_disscussion_on_the_Preventive_Detention_Bill_in_the_Lok_Sabha_05-12-1960	summary	ok cred=0.35
2026-08-20T19:25:38	5457-General_Secretarys_Circular_to_Lok_Sabha-2_18-01-1971	summary	ok cred=0.38
2026-08-20T19:25:39	3476-National_Press_on_the_Stand	summary	ok cred=0.46
2026-08-20T19:25:53	4646-Letter_to_C_Rajagopalachari_30-04-1968	summary	ok cred=0.45
2026-08-20T19:25:57	277-Tomorrow_Belongs_to_You	summary	ok cred=0.43
2026-08-20T19:26:00	4139-Bombay_Advocate_Cricket_Associatios_12-10-1993	summary	ok cred=0.41
2026-08-20T19:26:03	255-Mr_Minoo_Masanis_Remarks_86th_Annual_General_Meeting	summary	UNPARSEABLE chars=8728
2026-08-20T19:26:04	5403-Extracts_from_Encounter-Secular_Saint	summary	ok cred=0.43
2026-08-20T19:26:23	3770-Swatantra_Party_Minutes_of_Meeting_27-01-1968	summary	ok cred=0.53
2026-08-20T19:26:35	4547-Letter_to_Members_of_the_General_Council_21-05-1968	summary	ok cred=0.37
2026-08-20T19:26:38	4399-Organized_Crime_in_India	summary	ok cred=0.45
2026-08-20T19:26:49	5465-General_Secretarys_letter_no-251_14-01-1970	summary	ok cred=0.41
2026-08-20T19:26:50	5430-General_Secretarys_letter_no-297_20-03-1975	summary	ok cred=0.41
2026-08-20T19:27:18	5783-Plaint_Under_Or_VII_Rule_ICPC	summary	ok cred=0.37
2026-08-20T19:27:20	169-A_Monstrosity_In_The_Making-World_Trade	summary	ok cred=0.44
2026-08-20T19:27:45	4230-Affadavit	summary	ok cred=0.59
2026-08-20T19:28:00	1279-Nomination_of_High_Commissioner_Designate_to_U_K_27-11-1967	summary	ok cred=0.6
2026-08-20T19:28:02	3684-Swatantra_Party_General_Secretarys_Letter_No-320_20-08-1974	summary	ok cred=0.45
2026-08-20T19:28:05	1583-A_Blow_for_Clean_Politics_April-May-1970	summary	ok cred=0.59
2026-08-20T19:28:18	3630-Rajaji-Gandhijis_Alter_Ego_31-12-1972	summary	ok cred=0.54
2026-08-20T19:28:20	3838-A_model_quaterly_report_from_a_prospective_parliamentary_candidate	summary	ok cred=0.53
2026-08-20T19:28:27	4674-Statement_of_Mr_Bhupatibhai_D_Kohli_18-11-1967	summary	ok cred=0.52
2026-08-20T19:28:44	5855-Speech_of_Mr_Minoo_Masani_disscussion_on_the_motion_of_No_Confidence_in_the_Union_Govt_19-10-1963	summary	ok cred=0.54
2026-08-20T19:29:08	4504-Civil_Suit_No_410_1967	summary	ok cred=0.55
2026-08-20T19:29:10	3183-Letter_to_S_V_Raju_25-03-1973	summary	ok cred=0.58
2026-08-20T19:29:30	271-Indias_Second_Revolution-Asian_Affairs_22-03-1977	summary	ok cred=0.67
2026-08-20T19:29:37	211-Address_By_The_Chief_Guest	summary	ok cred=0.51
2026-08-20T19:29:52	532-Minutes_of_Meeting_of_The_Central_Parliamentary_Board_09-01-1971	summary	ok cred=0.54
2026-08-20T19:30:13	365-Jan_Sangh_And_Communists	summary	ok cred=0.67
2026-08-20T19:30:16	294-Statement_of_Mr_Minoo_Masani_For_Publication	summary	ok cred=0.7
2026-08-20T19:30:22	4366-Letter_to_Sanjeev	summary	ok cred=0.59
2026-08-20T19:30:25	3347-Telegram_to_Mr_Minoo_Masani_15-01-1962	summary	ok cred=0.48
2026-08-20T19:30:47	6182-Speech_of_Mr_Minoo_Masani_15-02-1970	summary	ok cred=0.61
2026-08-20T19:30:50	297-Brezhney_Came_He_Saw_But_Did_He_Conquer	summary	ok cred=0.63
2026-08-20T19:30:58	5909-Swatantra_Party_Meeting	summary	ok cred=0.56
2026-08-20T19:31:47	2193-Minutes_of_the_Fourth_Meeting_of_the_General_Council_25-06-1972	summary	ok cred=0.75
2026-08-20T19:31:58	195-The_Challenge_Of_The_Chinese_Bomb-II	summary	ok cred=0.49
2026-08-20T19:32:10	1626-Inaugural_Address-Swatantra_Party_6th_National_Convention	summary	ok cred=0.63
2026-08-20T19:32:25	2928-The_Wisest_Man_in_India-Aspects_of_C_Rajagopalachari	summary	ok cred=0.58
2026-08-20T19:32:51	1608-Swatantra_Party_Election_Manifesto-1967	summary	ok cred=0.44
2026-08-20T19:33:05	5645-British_rulers_outdone_14-07-1977	summary	ok cred=0.84
2026-08-20T19:33:20	3687-Draft_Statement_of_Policy	summary	ok cred=0.53
2026-08-20T19:33:32	1631-Soviet_Sidelights	summary	ok cred=0.52
2026-08-20T19:33:33	4837-Swatantra_Party_Minutes_of_Meeting_21-07-1970	summary	ok cred=0.73
2026-08-20T19:33:57	5828-Excecutive_Committee_Meeting-Emergency_Diary	summary	ok cred=0.69
2026-08-20T19:34:27	2462-Swatantra_In_Parliament	summary	ok cred=0.91
2026-08-20T19:37:18	235-Government_Economic_Policies_25-08-1962	summary	ok cred=0.77
2026-08-20T19:40:20	255-Mr_Minoo_Masanis_Remarks_86th_Annual_General_Meeting	summary	ok cred=0.49
