publisher,filename,match,prod_slug,page_title,year,pdf_url,source_url
forum-of-free-enterprise,new-horizons-in-general-insurance-mr-vasant-c-vaidya-june-7-1982.pdf,exact,new-horizons-in-general-insurance-by-mr-vasant-c-vaidya-7-june-1982,New Horizons In General Insurance by Mr Vasant C Vaidya (7 June 1982),1982,https://indianliberals.in/forum-of-free-enterprise/new-horizons-in-general-insurance-mr-vasant-c-vaidya-june-7-1982.pdf,https://indianliberals.in/content/new-horizons-in-general-insurance-by-mr-vasant-c-vaidya-7-june-1982/
forum-of-free-enterprise,new-pattern-of-taxaton-in-india-students-dec8-1959.pdf,exact,new-pattern-of-taxation-in-india-by-students-dec-8-1959,"New Pattern of Taxation in India by Students (December 8, 1959)",1959,https://indianliberals.in/forum-of-free-enterprise/new-pattern-of-taxaton-in-india-students-dec8-1959.pdf,https://indianliberals.in/content/new-pattern-of-taxation-in-india-by-students-dec-8-1959/
forum-of-free-enterprise,on-railway-strike-and-industrial-relations-n-h-tata-s-r-mohan-das-prof-r-c-goyal-may-1974-june-1974-october-1973.pdf,exact,on-railway-strike-and-industrial-relations-by-n-h-tata-s-r-mohan-das-prof-r-c-goyal-may-1974-june-1974-october-1973,"On Railway Strike and Industrial Relations by N. H. Tata, S. R. Mohan Das, Prof. R. C. Goyal (May 1974, June 1974, October 1973)",1974,https://indianliberals.in/forum-of-free-enterprise/on-railway-strike-and-industrial-relations-n-h-tata-s-r-mohan-das-prof-r-c-goyal-may-1974-june-1974-october-1973.pdf,https://indianliberals.in/content/on-railway-strike-and-industrial-relations-by-n-h-tata-s-r-mohan-das-prof-r-c-goyal-may-1974-june-1974-october-1973/
forum-of-free-enterprise,on-rising-prices-and-black-money-dr-a-k-sur-professor-b-r-shenoy-september-12-1971.pdf,fuzzy100,on-rising-prices-and-black-money-by-dr-a-k-sur-and-professor-b-r-shenoy-12-september-1971,On Rising Prices and Black Money by Dr. A.K. Sur and Professor B.R. Shenoy (12 September 1971),1971,https://indianliberals.in/forum-of-free-enterprise/on-rising-prices-and-black-money-dr-a-k-sur-professor-b-r-shenoy-september-12-19711.pdf,https://indianliberals.in/content/on-rising-prices-and-black-money-by-dr-a-k-sur-and-professor-b-r-shenoy-12-september-1971/
forum-of-free-enterprise,socialism-k-santhanam-november-10-1970.pdf,exact,socialism-by-k-santhanam-others-november-10-1970,"Socialism by K.Santhanam & Others, (November 10 ,1970)",1970,https://indianliberals.in/forum-of-free-enterprise/socialism-k-santhanam-november-10-1970.pdf,https://indianliberals.in/content/socialism-by-k-santhanam-others-november-10-1970/
forum-of-free-enterprise,solar-energy-dr-rashmi-mayur-august-14-1978.pdf,exact,solar-energy-by-dr-rashmi-mayur-august-14-1978,"Solar Energy by Dr. Rashmi Mayur (August 14, 1978)",1978,https://indianliberals.in/forum-of-free-enterprise/solar-energy-dr-rashmi-mayur-august-14-1978.pdf,https://indianliberals.in/content/solar-energy-by-dr-rashmi-mayur-august-14-1978/
forum-of-free-enterprise,some-contradictions-in-the-plan-by-prof-cn-vakil-october-30-1956.pdf,exact,some-contradictions-in-the-plan-by-prof-c-n-vakil-october-30-1956,"Some Contradictions In The Plan by Prof. C.N. Vakil (October 30, 1956)",1956,https://indianliberals.in/forum-of-free-enterprise/some-contradictions-in-the-plan-by-prof-cn-vakil-october-30-1956.pdf,https://indianliberals.in/content/some-contradictions-in-the-plan-by-prof-c-n-vakil-october-30-1956/
forum-of-free-enterprise,some-lessons-of-a-decade-of-planning-by-prof-RK-Amin-July-7-1961.pdf,exact,some-lessons-of-a-decade-of-planning-by-prof-r-k-amin-july-7-1961,"Some Lessons of a Decade of Planning by Prof. R.K. Amin (July 7, 1961)",1961,https://indianliberals.in/forum-of-free-enterprise/some-lessons-of-a-decade-of-planning-by-prof-RK-Amin-July-7-1961.pdf,https://indianliberals.in/content/some-lessons-of-a-decade-of-planning-by-prof-r-k-amin-july-7-1961/
forum-of-free-enterprise,state-capitalism-marches-on-by-dharamsey-m-khatau-january-25-1957.pdf,exact,state-capitalism-marches-on-by-dharamsey-m-khatau-january-25-1957,"State Capitalism Marches On by Dharamsey M. Khatau (January 25, 1957)",1957,https://indianliberals.in/forum-of-free-enterprise/state-capitalism-marches-on-by-dharamsey-m-khatau-january-25-1957.pdf,https://indianliberals.in/content/state-capitalism-marches-on-by-dharamsey-m-khatau-january-25-1957/
forum-of-free-enterprise,state-enterprises-c-h-bhabha-1956.pdf,exact,state-enterprises-by-c-h-bhabha-1956,"State Enterprises by C.H.Bhabha, 1956",1956,https://indianliberals.in/forum-of-free-enterprise/state-enterprises-c-h-bhabha-1956.pdf,https://indianliberals.in/content/state-enterprises-by-c-h-bhabha-1956/
forum-of-free-enterprise,the-changing-structure-of-industrial-finance-p-s-lokanathan-april-2-1969.pdf,exact,the-changing-structure-of-industrial-finance-by-dr-p-s-lokanathan-2-april-1969,The Changing Structure of Industrial Finance by Dr P.S. Lokanathan (2 April 1969),1969,https://indianliberals.in/forum-of-free-enterprise/the-changing-structure-of-industrial-finance-p-s-lokanathan-april-2-1969.pdf,https://indianliberals.in/content/the-changing-structure-of-industrial-finance-by-dr-p-s-lokanathan-2-april-1969/
forum-of-free-enterprise,the-civil-service-in-transition-b-k-nehru.pdf,exact,the-civil-service-in-transition-by-b-k-nehru-november-2000,The Civil Service in Transition by B. K. Nehru (November 2000),2000,https://indianliberals.in/forum-of-free-enterprise/the-civil-service-in-transition-b-k-nehru.pdf,https://indianliberals.in/content/the-civil-service-in-transition-by-b-k-nehru-november-2000/
forum-of-free-enterprise,the-climate-change-issues-and-challenges-s-d-naik.pdf,exact,the-climate-change-issues-and-challenges-by-s-d-naik-june-2019,The Climate Change – Issues and Challenges by S.D. Naik (June 2019),2019,https://indianliberals.in/forum-of-free-enterprise/the-climate-change-issues-and-challenges-s-d-naik.pdf,https://indianliberals.in/content/the-climate-change-issues-and-challenges-by-s-d-naik-june-2019/
forum-of-free-enterprise,the-companies-amendment-bill-1972-n-a-palkhivala-r-g-saraiya-h-g-mody-september-october-1972.pdf,exact,the-companies-amendment-bill-1972-by-n-a-palkhivala-r-g-saraiya-m-h-mody-september-october-1972,"The Companies Amendment Bill 1972 by N. A. Palkhivala, R. G. Saraiya, M. H. Mody (September, October 1972)",1972,https://indianliberals.in/forum-of-free-enterprise/the-companies-amendment-bill-1972-n-a-palkhivala-r-g-saraiya-h-g-mody-september-october-1972.pdf,https://indianliberals.in/content/the-companies-amendment-bill-1972-by-n-a-palkhivala-r-g-saraiya-m-h-mody-september-october-1972/
forum-of-free-enterprise,the-concept-of-economic-equality-professor-p-t-bauer-september-14-1981.pdf,exact,the-concept-of-economic-equality-by-professor-p-t-bauer-14-september-1981,The concept of economic equality by Professor P.T. Bauer (14 September 1981),1981,https://indianliberals.in/forum-of-free-enterprise/the-concept-of-economic-equality-professor-p-t-bauer-september-14-1981.pdf,https://indianliberals.in/content/the-concept-of-economic-equality-by-professor-p-t-bauer-14-september-1981/
forum-of-free-enterprise,the-consumer-and-the-indian-economic-environment-professor-gangadhar-gadgil-september-12-1980.pdf,exact,the-consumer-and-the-indian-economic-environment-by-professor-gangadhar-gadgil-12-september-1980,The consumer and the Indian economic environment by Professor Gangadhar Gadgil (12 September 1980),1980,https://indianliberals.in/forum-of-free-enterprise/the-consumer-and-the-indian-economic-environment-professor-gangadhar-gadgil-september-12-1980.pdf,https://indianliberals.in/content/the-consumer-and-the-indian-economic-environment-by-professor-gangadhar-gadgil-12-september-1980/
forum-of-free-enterprise,the-cult-of-state-capitalism-in-india-c-h-bhabha-january-1-1970.pdf,exact,the-cult-of-state-capitalism-in-india-by-c-h-bhabha-january-1-1970,"The Cult of State Capitalism in India by C. H. Bhabha (January 1, 1970)",1970,https://indianliberals.in/forum-of-free-enterprise/the-cult-of-state-capitalism-in-india-c-h-bhabha-january-1-1970.pdf,https://indianliberals.in/content/the-cult-of-state-capitalism-in-india-by-c-h-bhabha-january-1-1970/
forum-of-free-enterprise,the-current-price-situation-s-s-bhandare-dr-abhay-pethe.pdf,exact,the-current-price-situation-by-s-s-bhandare-and-dr-abhay-pethe-september-15-1998,"The Current Price Situation by S.S. Bhandare and Dr. Abhay Pethe (September 15, 1998)",1998,https://indianliberals.in/forum-of-free-enterprise/the-current-price-situation-s-s-bhandare-dr-abhay-pethe.pdf,https://indianliberals.in/content/the-current-price-situation-by-s-s-bhandare-and-dr-abhay-pethe-september-15-1998/
forum-of-free-enterprise,the-dangers-of-joint-cooperative-farming-mar7-1950.pdf,exact,the-dangers-of-joint-co-operative-farming-by-m-r-masani-m-p-mar-7-1950,"The Dangers of Joint Co-operative Farming by M. R. Masani (March 7, 1950)",1950,https://indianliberals.in/forum-of-free-enterprise/the-dangers-of-joint-cooperative-farming-mar7-1950.pdf,https://indianliberals.in/content/the-dangers-of-joint-co-operative-farming-by-m-r-masani-m-p-mar-7-1950/
forum-of-free-enterprise,the-dollar-and-the-international-monetary-system-arthur-f-burns-october-12-1979.pdf,exact,the-dollar-and-the-international-monetary-system-by-arthur-f-burns-october-12-1979,"The Dollar and The International Monetary System by Arthur F. Burns (October 12, 1979)",1979,https://indianliberals.in/forum-of-free-enterprise/the-dollar-and-the-international-monetary-system-arthur-f-burns-october-12-1979.pdf,https://indianliberals.in/content/the-dollar-and-the-international-monetary-system-by-arthur-f-burns-october-12-1979/
forum-of-free-enterprise,the-economic-environment-in-india-1967-n-a-palkhivala-august-11-1967.pdf,exact,the-economic-environment-in-india-1967-by-n-a-palkhivala-august-11-1967,"The Economic Environment in India -1967 by N. A. Palkhivala (August 11, 1967)",1967,https://indianliberals.in/forum-of-free-enterprise/the-economic-environment-in-india-1967-n-a-palkhivala-august-11-1967.pdf,https://indianliberals.in/content/the-economic-environment-in-india-1967-by-n-a-palkhivala-august-11-1967/
forum-of-free-enterprise,the-economic-impliactions-of-union-budget-1970-prof-r-j-taraporevala-march-15-1970.pdf,exact,the-economic-implications-if-the-union-budget-1970-by-prof-r-j-trarporevala-march-15-1970,"The Economic implications if the Union Budget 1970 by Prof R.J.Trarporevala (March 15, 1970)",1970,https://indianliberals.in/forum-of-free-enterprise/the-economic-impliactions-of-union-budget-1970-prof-r-j-taraporevala-march-15-1970.pdf,https://indianliberals.in/content/the-economic-implications-if-the-union-budget-1970-by-prof-r-j-trarporevala-march-15-1970/
forum-of-free-enterprise,the-economic-implications-of-the-union-budget-1969-1970-professor-russi-jal-taraporevala-april-15-1969.pdf,exact,the-economic-implications-of-the-union-budget-1969-70-by-professor-russi-jal-taraporevala-15-april-1969,The Economic Implications of the Union Budget 1969-70 by Professor Russi Jal Taraporevala (15 April 1969),1969,https://indianliberals.in/forum-of-free-enterprise/the-economic-implications-of-the-union-budget-1969-1970-professor-russi-jal-taraporevala-april-15-1969.pdf,https://indianliberals.in/content/the-economic-implications-of-the-union-budget-1969-70-by-professor-russi-jal-taraporevala-15-april-1969/
forum-of-free-enterprise,the-economic-implications-of-the-union-budget-1972-1973-professor-russi-jal-taraporevala-may-15-1972.pdf,exact,the-economic-implications-of-the-union-budget-1972-73-by-professor-russi-jal-taraporevala-15-may-1972,The Economic Implications of the Union Budget (1972-73) by Professor Russi Jal Taraporevala (15 May 1972),1972,https://indianliberals.in/forum-of-free-enterprise/the-economic-implications-of-the-union-budget-1972-1973-professor-russi-jal-taraporevala-may-15-1972.pdf,https://indianliberals.in/content/the-economic-implications-of-the-union-budget-1972-73-by-professor-russi-jal-taraporevala-15-may-1972/
forum-of-free-enterprise,the-economic-implications-of-the-union-budget-1973-74-prof-r-j-taraporevala.pdf,exact,the-economic-implications-of-the-union-budget-1973-74-by-professor-russi-jal-taraporevala-march-1973,"The Economic implications of the Union Budget, 1973-74 by Professor Russi Jal Taraporevala (March 1973)",1973,https://indianliberals.in/forum-of-free-enterprise/the-economic-implications-of-the-union-budget-1973-74-prof-r-j-taraporevala.pdf,https://indianliberals.in/content/the-economic-implications-of-the-union-budget-1973-74-by-professor-russi-jal-taraporevala-march-1973/
forum-of-free-enterprise,the-economic-implications-of-the-union-budget-1974-1975-professor-russi-jal-taraporevala-april-20-1974.pdf,exact,the-economic-implications-of-the-union-budget-1974-75-by-professor-russi-jal-taraporevala-20-april-1974,"The Economic implications of the Union Budget, 1974-75 by Professor Russi Jal Taraporevala (20 April 1974)",1974,https://indianliberals.in/forum-of-free-enterprise/the-economic-implications-of-the-union-budget-1974-1975-professor-russi-jal-taraporevala-april-20-1974.pdf,https://indianliberals.in/content/the-economic-implications-of-the-union-budget-1974-75-by-professor-russi-jal-taraporevala-20-april-1974/
forum-of-free-enterprise,the-economic-implications-of-the-union-budget-1974-75-professor-russi-jal-taraporevala-april-1974.pdf,exact,the-economic-implications-of-the-union-budget-1974-75-by-professor-russi-jal-taraporevala-april-1974,"THE ECONOMIC IMPLICATIONS OF THE UNION BUDGET, 1974-75 by Professor Russi Jal Taraporevala ( April 1974)",1974,https://indianliberals.in/forum-of-free-enterprise/the-economic-implications-of-the-union-budget-1974-75-professor-russi-jal-taraporevala-april-1974.pdf,https://indianliberals.in/content/the-economic-implications-of-the-union-budget-1974-75-by-professor-russi-jal-taraporevala-april-1974/
forum-of-free-enterprise,the-economic-implications-of-the-union-budget-1975-76-russi-jal-taraporevala-3-march-1975.pdf,exact,the-economic-implications-of-the-union-budget-1975-76-by-prof-russi-jal-taraporewala-3-march-1975,The Economic Implications of The Union Budget 1975-76 by Prof. Russi Jal Taraporewala (3 March 1975),1975,https://indianliberals.in/forum-of-free-enterprise/the-economic-implications-of-the-union-budget-1975-76-russi-jal-taraporevala-3-march-1975.pdf,https://indianliberals.in/content/the-economic-implications-of-the-union-budget-1975-76-by-prof-russi-jal-taraporewala-3-march-1975/
forum-of-free-enterprise,the-economic-implications-of-the-union-budget-1976-77-russi-jal-taraporevala-20-may-1976.pdf,exact,the-economic-implications-of-the-union-budget-1976-77-by-prof-russi-jal-taraporewala-16-may-1976,The Economic Implications of The Union Budget 1976-77 by Prof. Russi Jal Taraporewala (16 May 1976),1976,https://indianliberals.in/forum-of-free-enterprise/the-economic-implications-of-the-union-budget-1976-77-russi-jal-taraporevala-20-may-1976.pdf,https://indianliberals.in/content/the-economic-implications-of-the-union-budget-1976-77-by-prof-russi-jal-taraporewala-16-may-1976/
forum-of-free-enterprise,the-economic-implications-of-the-union-budget-1979-80-russi-jal-taraporevala-april-17-1979.pdf,exact,the-economic-implications-of-the-union-budget-1979-80-by-professor-russi-jal-taraporevala-april-17-1979,"The Economic Implications Of The Union Budget 1979-80 by Professor Russi Jal Taraporevala (April 17, 1979)",1979,https://indianliberals.in/forum-of-free-enterprise/the-economic-implications-of-the-union-budget-1979-80-russi-jal-taraporevala-april-17-1979.pdf,https://indianliberals.in/content/the-economic-implications-of-the-union-budget-1979-80-by-professor-russi-jal-taraporevala-april-17-1979/
forum-of-free-enterprise,the-economic-implications-of-the-union-budget-for-1966-67-professor-russi-jal-taraporevala-april-20-1966.pdf,exact,the-economic-implications-of-the-union-budget-for-1966-67-by-professor-russi-jal-taraporevala-20-april-1966,The Economic Implications of the Union Budget for 1966-67 by Professor Russi Jal Taraporevala (20 April 1966),1966,https://indianliberals.in/forum-of-free-enterprise/the-economic-implications-of-the-union-budget-for-1966-67-professor-russi-jal-taraporevala-april-20-1966.pdf,https://indianliberals.in/content/the-economic-implications-of-the-union-budget-for-1966-67-by-professor-russi-jal-taraporevala-20-april-1966/
forum-of-free-enterprise,the-economic-implications-of-the-union-budget-for-1971-72-professor-russi-jal-taraporevala-12-july-1971.pdf,exact,the-economic-implications-of-the-union-budget-for-1971-72-by-professor-russi-jal-taraporevala-12-july-1971,The Economic Implications of the Union Budget for 1971-72 by Professor Russi Jal Taraporevala (12 July 1971),1971,https://indianliberals.in/forum-of-free-enterprise/the-economic-implications-of-the-union-budget-for-1971-72-professor-russi-jal-taraporevala-12-july-1971.pdf,https://indianliberals.in/content/the-economic-implications-of-the-union-budget-for-1971-72-by-professor-russi-jal-taraporevala-12-july-1971/
forum-of-free-enterprise,the-economic-implications-of-union-budget-1977-78-russi-jal-taraporevala-august-15-1977.pdf,exact,the-economic-implications-of-union-budget-1977-78-by-russi-jal-taraporevala-august-15-1977,"The Economic Implications Of Union Budget 1977-78 by Russi Jal Taraporevala (August 15, 1977)",1977,https://indianliberals.in/forum-of-free-enterprise/the-economic-implications-of-union-budget-1977-78-russi-jal-taraporevala-august-15-1977.pdf,https://indianliberals.in/content/the-economic-implications-of-union-budget-1977-78-by-russi-jal-taraporevala-august-15-1977/
forum-of-free-enterprise,the-economic-implications-of-union-budget-1978-79-prof-r-j-taraporevala-april-15-1978.pdf,exact,the-economic-implications-of-union-budget-1978-79-by-prof-r-j-taraporevala-april-15-1978,"The Economic Implications of Union Budget 1978-79 by Prof. R. J. Taraporevala (April 15, 1978)",1978,https://indianliberals.in/forum-of-free-enterprise/the-economic-implications-of-union-budget-1978-79-prof-r-j-taraporevala-april-15-1978.pdf,https://indianliberals.in/content/the-economic-implications-of-union-budget-1978-79-by-prof-r-j-taraporevala-april-15-1978/
forum-of-free-enterprise,the-economic-implications-of-union-budget-prof-r-taraporevala-may-15-1972.pdf,exact,the-economic-implications-of-the-union-budget-1972-73-by-prof-russi-jal-taraporevala-may-15-1972,"The Economic Implications of the Union Budget, 1972-73 by Prof. Russi Jal Taraporevala (May 15, 1972)",1972,https://indianliberals.in/forum-of-free-enterprise/the-economic-implications-of-union-budget-prof-r-taraporevala-may-15-1972.pdf,https://indianliberals.in/content/the-economic-implications-of-the-union-budget-1972-73-by-prof-russi-jal-taraporevala-may-15-1972/
forum-of-free-enterprise,the-economic-scene-today-minoo-h-mody-dr-a-c-chhatrapati-february-12-1981.pdf,exact,the-economic-scene-today-by-minoo-h-mody-and-dr-chhatrapati-12-february-1981,The Economic Scene Today by Minoo H. Mody and Dr Chhatrapati (12 February 1981),1981,https://indianliberals.in/forum-of-free-enterprise/the-economic-scene-today-minoo-h-mody-dr-a-c-chhatrapati-february-12-1981.pdf,https://indianliberals.in/content/the-economic-scene-today-by-minoo-h-mody-and-dr-chhatrapati-12-february-1981/
forum-of-free-enterprise,the-emergency-highlights-need-for-a-new-economic-policy-a-d-shroff-jan10-1963.pdf,exact,the-emergency-highlights-need-for-a-new-economic-policy-by-a-d-shroff-jan-101963,"The Emergency Highlights Need for a New Economic Policy by A. D. Shroff (January 10, 1963)",1963,https://indianliberals.in/forum-of-free-enterprise/the-emergency-highlights-need-for-a-new-economic-policy-a-d-shroff-jan10-1963.pdf,https://indianliberals.in/content/the-emergency-highlights-need-for-a-new-economic-policy-by-a-d-shroff-jan-101963/
forum-of-free-enterprise,the-food-situation-and-the-common-man-b-r-shenoy-january-1-1970.pdf,exact,the-food-situation-and-the-common-man-by-prof-b-r-shenoy-january-1-1970,"The Food Situation and the Common Man by Prof. B.R. shenoy (January 1, 1970)",1970,https://indianliberals.in/forum-of-free-enterprise/the-food-situation-and-the-common-man-b-r-shenoy-january-1-1970.pdf,https://indianliberals.in/content/the-food-situation-and-the-common-man-by-prof-b-r-shenoy-january-1-1970/
forum-of-free-enterprise,the-foreign-exchange-crisis-a-d-shroff-aug6-1958.pdf,exact,the-foreign-excahnge-crisis-some-remedies-by-a-d-shroff-aug-6-1958,"The Foreign Exchange Crisis & Some Remedies by A. D. Shroff (August 6, 1958)",1958,https://indianliberals.in/forum-of-free-enterprise/the-foreign-exchange-crisis-a-d-shroff-aug6-1958.pdf,https://indianliberals.in/content/the-foreign-excahnge-crisis-some-remedies-by-a-d-shroff-aug-6-1958/
forum-of-free-enterprise,the-foreign-exchange-situation-prof-b-r-shenoy-mar6-1958.pdf,exact,the-foreign-exchange-situation-by-prof-b-r-shenoy-mar-6-1958,"The Foreign Exchange Situation by Prof. B. R. Shenoy (March 6, 1958)",1958,https://indianliberals.in/forum-of-free-enterprise/the-foreign-exchange-situation-prof-b-r-shenoy-mar6-1958.pdf,https://indianliberals.in/content/the-foreign-exchange-situation-by-prof-b-r-shenoy-mar-6-1958/
forum-of-free-enterprise,the-fourth-plan-dhirajlal-maganlal-mar10-1965.pdf,exact,the-fourth-plan-by-dhirajlal-maganlal-others-mar-10-1965,"The Fourth Plan by Dhirajlal Maganlal & Others (March 10, 1965)",1965,https://indianliberals.in/forum-of-free-enterprise/the-fourth-plan-dhirajlal-maganlal-mar10-1965.pdf,https://indianliberals.in/content/the-fourth-plan-by-dhirajlal-maganlal-others-mar-10-1965/
forum-of-free-enterprise,the-fundamental-rights-case-n-a-palkhivala-july-1973.pdf,exact,the-fundamental-rights-case-by-n-a-palkhivala-july-1973,The Fundamental Rights Case by N. A. Palkhivala (July 1973),1973,https://indianliberals.in/forum-of-free-enterprise/the-fundamental-rights-case-n-a-palkhivala-july-1973.pdf,https://indianliberals.in/content/the-fundamental-rights-case-by-n-a-palkhivala-july-1973/
forum-of-free-enterprise,the-future-is-with-free-enterprise-a-d-shroff-nov8-1959.pdf,exact,the-future-is-with-free-enterprise-by-a-d-shroff-nov-8-1959,"The Future is With Free Enterprise by A. D. Shroff (November 8, 1959)",1959,https://indianliberals.in/forum-of-free-enterprise/the-future-is-with-free-enterprise-a-d-shroff-nov8-1959.pdf,https://indianliberals.in/content/the-future-is-with-free-enterprise-by-a-d-shroff-nov-8-1959/
forum-of-free-enterprise,the-future-of-corporate-sector-j-d-chokshi-s-l-kirloskar-september-11-1968.pdf,exact,the-future-of-corporate-sector-in-india-by-j-d-chokshi-and-s-l-kirloskar-11-september-1968,The Future of Corporate Sector in India by J.D. Chokshi and S.L. Kirloskar (11 September 1968),1968,https://indianliberals.in/forum-of-free-enterprise/the-future-of-corporate-sector-j-d-chokshi-s-l-kirloskar-september-11-1968.pdf,https://indianliberals.in/content/the-future-of-corporate-sector-in-india-by-j-d-chokshi-and-s-l-kirloskar-11-september-1968/
forum-of-free-enterprise,the-future-of-free-enterprise-in-india-jun8-1961.pdf,exact,the-future-of-free-enterprise-in-india-by-m-r-masani-m-p-jun-8-1961,"The Future of Free Enterprise in India by M.R. Masani (June 8, 1961)",1961,https://indianliberals.in/forum-of-free-enterprise/the-future-of-free-enterprise-in-india-jun8-1961.pdf,https://indianliberals.in/content/the-future-of-free-enterprise-in-india-by-m-r-masani-m-p-jun-8-1961/
forum-of-free-enterprise,the-future-of-managing-agency-system-c-c-chokshi-dhirajlal-maganlal-r-l-n-vijaynagar-october-11-1966.pdf,exact,the-future-of-managing-agency-system-by-c-c-chokshi-dhirajlal-maganlal-and-r-l-n-vijayanagar-11-october-1966,"The Future of Managing Agency System by C.C. Chokshi, Dhirajlal Maganlal, and R.L.N. Vijayanagar (11 October, 1966)",1966,https://indianliberals.in/forum-of-free-enterprise/the-future-of-managing-agency-system-c-c-chokshi-dhirajlal-maganlal-r-l-n-vijaynagar-october-11-1966.pdf,https://indianliberals.in/content/the-future-of-managing-agency-system-by-c-c-chokshi-dhirajlal-maganlal-and-r-l-n-vijayanagar-11-october-1966/
forum-of-free-enterprise,the-garland-canal-project-answer-to-indias-flood-and-unemployment-problem-capt-dinshaw-j-dastur-october-14-1978.pdf,exact,the-garland-canal-project-answer-to-india-s-flood-food-and-unemployment-problems-by-capt-dlnshaw-j-dastur-october-14-1978,"The Garland Canal Project - Answer to India s Flood, Food and Unemployment Problems by CAPT. DlNSHAW J. DASTUR (October 14, 1978)",1978,https://indianliberals.in/forum-of-free-enterprise/the-garland-canal-project-answer-to-indias-flood-and-unemployment-problem-capt-dinshaw-j-dastur-october-14-1978.pdf,https://indianliberals.in/content/the-garland-canal-project-answer-to-india-s-flood-food-and-unemployment-problems-by-capt-dlnshaw-j-dastur-october-14-1978/
forum-of-free-enterprise,the-gift-tax-prof-r-j-taraporevala-apr6-1958.pdf,exact,the-gift-tax-by-prof-r-j-taraporevala-apr-6-1958,"The Gift Tax by Prof. R. J. Taraporevala (April 6, 1958)",1958,https://indianliberals.in/forum-of-free-enterprise/the-gift-tax-prof-r-j-taraporevala-apr6-1958.pdf,https://indianliberals.in/content/the-gift-tax-by-prof-r-j-taraporevala-apr-6-1958/
forum-of-free-enterprise,the-gold-problem-in-india-b-r-shenoy-jul10-1963.pdf,exact,the-gold-problem-in-india-by-prof-b-r-shenoy-others-jul-10-1963,"The Gold Problem in India by Prof. B. R. Shenoy & Others (July 10, 1963)",1963,https://indianliberals.in/forum-of-free-enterprise/the-gold-problem-in-india-b-r-shenoy-jul10-1963.pdf,https://indianliberals.in/content/the-gold-problem-in-india-by-prof-b-r-shenoy-others-jul-10-1963/
forum-of-free-enterprise,the-indian-commercial-banking-system-in-the-next-decade-the-role-of-small-banks-dr-s-s-tarapore-october-5-2010.pdf,exact,the-indian-commercial-banking-system-in-the-next-decade-the-role-of-small-banks-by-dr-s-s-tarapore-octobert-5-2010,"The Indian Commercial banking System in the Next Decade - The Role of Small Banks by Dr. S.S. Tarapore (Octobert 5, 2010)",2010,https://indianliberals.in/forum-of-free-enterprise/the-indian-commercial-banking-system-in-the-next-decade-the-role-of-small-banks-dr-s-s-tarapore-october-5-2010.pdf,https://indianliberals.in/content/the-indian-commercial-banking-system-in-the-next-decade-the-role-of-small-banks-by-dr-s-s-tarapore-octobert-5-2010/
forum-of-free-enterprise,the-indian-constitution-and-judiciary-p-b-mukharji-october-1973.pdf,exact,the-indian-constitution-and-judiciary-by-dr-p-b-mukharji-october-1973,The Indian Constitution and Judiciary by Dr. P. B. Mukharji (October 1973),1973,https://indianliberals.in/forum-of-free-enterprise/the-indian-constitution-and-judiciary-p-b-mukharji-october-1973.pdf,https://indianliberals.in/content/the-indian-constitution-and-judiciary-by-dr-p-b-mukharji-october-1973/
forum-of-free-enterprise,the-indian-insurance-industry-mr-n-rangachary-april-20-1999.pdf,exact,the-indian-insurance-industry-by-mr-n-rangachary-20-april-1999,The Indian Insurance Industry by Mr N. Rangachary (20 April 1999),1999,https://indianliberals.in/forum-of-free-enterprise/the-indian-insurance-industry-mr-n-rangachary-april-20-1999.pdf,https://indianliberals.in/content/the-indian-insurance-industry-by-mr-n-rangachary-20-april-1999/
forum-of-free-enterprise,the-indian-milk-problem-d-n-khurody-11-june-1974.pdf,exact,the-indian-milk-problem-by-d-n-khurody-11-june-1974,The Indian Milk Problem by D. N. Khurody (11 June 1974),1974,https://indianliberals.in/forum-of-free-enterprise/the-indian-milk-problem-d-n-khurody-11-june-1974.pdf,https://indianliberals.in/content/the-indian-milk-problem-by-d-n-khurody-11-june-1974/
forum-of-free-enterprise,the-indian-press-is-a-private-industry-in-public-service-AB-Nair-August-8-1962.pdf,exact,the-indian-press-is-a-private-industry-in-public-service-by-a-b-nair-august-8-1962,"The Indian Press is a Private Industry in Public Service by A.B. Nair (August 8, 1962)",1962,https://indianliberals.in/forum-of-free-enterprise/the-indian-press-is-a-private-industry-in-public-service-AB-Nair-August-8-1962.pdf,https://indianliberals.in/content/the-indian-press-is-a-private-industry-in-public-service-by-a-b-nair-august-8-1962/
forum-of-free-enterprise,the-international-monetary-system-and-the-role-of-gold-robert-s-brown-december-14-1976.pdf,exact,the-international-monetary-system-the-role-of-gold-by-robert-s-brown-december-14-1976,"The International Monetary System & The Role Of Gold by Robert S. Brown (December 14, 1976)",1976,https://indianliberals.in/forum-of-free-enterprise/the-international-monetary-system-and-the-role-of-gold-robert-s-brown-december-14-1976.pdf,https://indianliberals.in/content/the-international-monetary-system-the-role-of-gold-by-robert-s-brown-december-14-1976/
forum-of-free-enterprise,the-japanese-econoic-miracle-j-h-doshi-march-12-1972.pdf,exact,the-japanese-economic-miracle-by-j-h-doshi-march-12-1972,"The Japanese Economic Miracle by J.H.Doshi (March 12, 1972)",1972,https://indianliberals.in/forum-of-free-enterprise/the-japanese-econoic-miracle-j-h-doshi-march-12-1972.pdf,https://indianliberals.in/content/the-japanese-economic-miracle-by-j-h-doshi-march-12-1972/
forum-of-free-enterprise,the-juggernaut-of-avadi-by-ma-sreenivasan-1956.pdf,exact,the-juggernaut-of-avadi-by-m-a-sreenivasan-1956,The Juggernaut of Avadi by M.A. Sreenivasan (1956),1956,https://indianliberals.in/forum-of-free-enterprise/the-juggernaut-of-avadi-by-ma-sreenivasan-1956.pdf,https://indianliberals.in/content/the-juggernaut-of-avadi-by-m-a-sreenivasan-1956/
forum-of-free-enterprise,the-light-of-the-constitution-n-a-palkhivala-october-20-1976.pdf,exact,the-light-of-the-constitution-by-n-a-palkhivala-october-20-1976,"The Light Of The Constitution by N. A. Palkhivala (October 20, 1976)",1976,https://indianliberals.in/forum-of-free-enterprise/the-light-of-the-constitution-n-a-palkhivala-october-20-1976.pdf,https://indianliberals.in/content/the-light-of-the-constitution-by-n-a-palkhivala-october-20-1976/
forum-of-free-enterprise,the-menace-of-inflation-n-dandekar-january-8-1961.pdf,exact,the-menace-of-inflation-by-n-dandekar-i-c-s-8-january-1961,The Menace of Inflation by N. Dandekar I.C.S. (8 January 1961),1961,https://indianliberals.in/forum-of-free-enterprise/the-menace-of-inflation-n-dandekar-january-8-1961.pdf,https://indianliberals.in/content/the-menace-of-inflation-by-n-dandekar-i-c-s-8-january-1961/
forum-of-free-enterprise,the-mess-we-are-in-n-a-palkhivala-11-august-1974.pdf,exact,the-mess-we-are-in-by-n-a-palkhivala-11-august-1974,The Mess We Are In by N. A. Palkhivala (11 August 1974),1974,https://indianliberals.in/forum-of-free-enterprise/the-mess-we-are-in-n-a-palkhivala-11-august-1974.pdf,https://indianliberals.in/content/the-mess-we-are-in-by-n-a-palkhivala-11-august-1974/
forum-of-free-enterprise,the-national-telecom-policy-and-its-implementation.pdf,exact,the-national-telecom-policy-and-its-implementation,The National Telecom Policy and Its Implementation,2021,https://indianliberals.in/forum-of-free-enterprise/the-national-telecom-policy-and-its-implementation.pdf,https://indianliberals.in/content/the-national-telecom-policy-and-its-implementation/
forum-of-free-enterprise,the-need-for-economic-statesmanship-s-l-kirloskar-december-10-1969.pdf,exact,the-need-for-economic-statemanship-by-s-l-kirloskar-10-december-1969,The Need for Economic Statemanship by S.L. Kirloskar (10 December 1969),1969,https://indianliberals.in/forum-of-free-enterprise/the-need-for-economic-statesmanship-s-l-kirloskar-december-10-1969.pdf,https://indianliberals.in/content/the-need-for-economic-statemanship-by-s-l-kirloskar-10-december-1969/
forum-of-free-enterprise,the-new-class-in-a-state-dominated-economy-by-mh-moody-1980.pdf,exact,the-new-class-in-a-state-dominated-economy-by-m-h-moody-december-1980,"""The New Class"" in a State dominated Economy by M. H. Moody (December, 1980)",1980,https://indianliberals.in/forum-of-free-enterprise/the-new-class-in-a-state-dominated-economy-by-mh-moody-1980.pdf,https://indianliberals.in/content/the-new-class-in-a-state-dominated-economy-by-m-h-moody-december-1980/
forum-of-free-enterprise,the-new-class-in-state-dominated-economy-m-h-mody-october-15-1981.pdf,exact,the-new-class-in-state-dominated-economy-by-m-h-mody-15-october-1981,The New Class in State dominated Economy by M.H. Mody (15 October 1981),1981,https://indianliberals.in/forum-of-free-enterprise/the-new-class-in-state-dominated-economy-m-h-mody-october-15-1981.pdf,https://indianliberals.in/content/the-new-class-in-state-dominated-economy-by-m-h-mody-15-october-1981/
forum-of-free-enterprise,the-new-gold-policy-b-s-mahajan-d-r-pendse-gangadhar-gadgil-and-s-n-sonawala-may-14-1978.pdf,exact,the-new-gold-policy-by-b-s-mahajan-d-r-pendse-prof-gangadhar-gadgil-and-s-n-sonawala-may-14-1978,"The New Gold Policy by B. S. Mahajan, D.R. Pendse, Prof. Gangadhar Gadgil and S.N. Sonawala (May 14, 1978)",1978,https://indianliberals.in/forum-of-free-enterprise/the-new-gold-policy-b-s-mahajan-d-r-pendse-gangadhar-gadgil-and-s-n-sonawala-may-14-1978.pdf,https://indianliberals.in/content/the-new-gold-policy-by-b-s-mahajan-d-r-pendse-prof-gangadhar-gadgil-and-s-n-sonawala-may-14-1978/
forum-of-free-enterprise,the-new-pattern-of-taxation-a-d-shroff-apr6-1958.pdf,exact,the-new-pattern-of-taxation-and-its-impact-on-the-indian-economy-by-a-d-shroff-apr-6-1958,"The New Pattern of Taxation and Its Impact on the Indian Economy by A. D. Shroff (April 6, 1958)",1958,https://indianliberals.in/forum-of-free-enterprise/the-new-pattern-of-taxation-a-d-shroff-apr6-1958.pdf,https://indianliberals.in/content/the-new-pattern-of-taxation-and-its-impact-on-the-indian-economy-by-a-d-shroff-apr-6-1958/
forum-of-free-enterprise,the-next-phase-of-transformation-i-nomics-piya-mahtaney.pdf,exact,the-next-phase-of-transformation-i-nomics-by-piya-mahtaney-november-2016,The Next Phase of Transformation – I – Nomics by Piya Mahtaney (November 2016),2016,https://indianliberals.in/forum-of-free-enterprise/the-next-phase-of-transformation-i-nomics-piya-mahtaney.pdf,https://indianliberals.in/content/the-next-phase-of-transformation-i-nomics-by-piya-mahtaney-november-2016/
forum-of-free-enterprise,the-oil-crisis-in-india-prof-guruprasad-murthy-january-15-1974.pdf,exact,the-oil-crisis-in-india-by-prof-guruprasad-murthy-january-15-1974,"The Oil Crisis in India by Prof. Guruprasad Murthy (January 15, 1974)",1974,https://indianliberals.in/forum-of-free-enterprise/the-oil-crisis-in-india-prof-guruprasad-murthy-january-15-1974.pdf,https://indianliberals.in/content/the-oil-crisis-in-india-by-prof-guruprasad-murthy-january-15-1974/
forum-of-free-enterprise,the-place-of-free-enterprise-in-a-backward-economy-by-dn-hosali.pdf,exact,the-place-of-free-enterprise-in-a-backward-economy-by-d-n-hosali,The Place Of Free Enterprise In A Backward Economy by D.N. Hosali,2021,https://indianliberals.in/forum-of-free-enterprise/the-place-of-free-enterprise-in-a-backward-economy-by-dn-hosali.pdf,https://indianliberals.in/content/the-place-of-free-enterprise-in-a-backward-economy-by-d-n-hosali/
forum-of-free-enterprise,the-planning-commission-&-parkinson-s-law-by-touchstone-june-23-1960.pdf,exact,the-planning-commission-parkinsons-law-by-touchstone-june-23-1960,"The Planning Commission & Parkinson's Law by Touchstone (June 23, 1960)",1960,https://indianliberals.in/forum-of-free-enterprise/the-planning-commission-&-parkinson-s-law-by-touchstone-june-23-1960.pdf,https://indianliberals.in/content/the-planning-commission-parkinsons-law-by-touchstone-june-23-1960/
forum-of-free-enterprise,the-population problem-b-k-tandon-15-may-1975.pdf,fuzzy100,the-population-problem-by-dr-b-k-tandon-15-may-1975,The Population Problem by Dr. B. K. Tandon (15 May 1975),1975,https://indianliberals.in/forum-of-free-enterprise/the-population%20problem-b-k-tandon-15-may-1975.pdf,https://indianliberals.in/content/the-population-problem-by-dr-b-k-tandon-15-may-1975/
forum-of-free-enterprise,the-position-of-directors-under-the-companies-act-k-venkoba-rao-september-8-1962.pdf,exact,the-position-of-directors-under-the-companies-act-by-k-venkoba-rao-8-september-1962,The position of Directors under the Companies Act by K. Venkoba Rao (8 September 1962),1962,https://indianliberals.in/forum-of-free-enterprise/the-position-of-directors-under-the-companies-act-k-venkoba-rao-september-8-1962.pdf,https://indianliberals.in/content/the-position-of-directors-under-the-companies-act-by-k-venkoba-rao-8-september-1962/
forum-of-free-enterprise,the-power-crisis-p-m-agerwala-30th-april-1973.pdf,exact,the-power-crisis-by-p-m-agerwala-30th-april-1973,The Power Crisis by P. M. Agerwala (30th April 1973),1973,https://indianliberals.in/forum-of-free-enterprise/the-power-crisis-p-m-agerwala-30th-april-1973.pdf,https://indianliberals.in/content/the-power-crisis-by-p-m-agerwala-30th-april-1973/
forum-of-free-enterprise,the-power-problem-in-india-a-s-joshi-and-m-s-padmanabhan-december-13-1979.pdf,exact,the-power-problem-in-india-by-a-s-joshi-and-m-s-padmanabhan-december-13-1979,"The Power Problem In India by A. S. Joshi and M. S. Padmanabhan (December 13, 1979)",1979,https://indianliberals.in/forum-of-free-enterprise/the-power-problem-in-india-a-s-joshi-and-m-s-padmanabhan-december-13-1979.pdf,https://indianliberals.in/content/the-power-problem-in-india-by-a-s-joshi-and-m-s-padmanabhan-december-13-1979/
forum-of-free-enterprise,the-privatisation-phenomenon-and-its-relevance-to-developing-countries-by-J-K-Mukhopadhyay-July-15-1988.pdf,fuzzy99,the-privatisation-phenomenon-and-its-relevance-to-developing-countries-by-jiban-k-mukhopadhyay-july-15-1988,"The Privatisation Phenomenon and Its Relevance to Developing Countries by Jiban K. Mukhopadhyay (July 15, 1988)",1988,https://indianliberals.in/forum-of-free-enterprise/the-privatisation-phenomenon-jiban-k-mukhopadhyay-july-1988.pdf,https://indianliberals.in/content/the-privatisation-phenomenon-and-its-relevance-to-developing-countries-by-jiban-k-mukhopadhyay-july-15-1988/
forum-of-free-enterprise,the-privatisation-phenomenon-jiban-k-mukhopadhyay-july-1988.pdf,exact,the-privatisation-phenomenon-and-its-relevance-to-developing-countries-by-jiban-k-mukhopadhyay-july-15-1988,"The Privatisation Phenomenon and Its Relevance to Developing Countries by Jiban K. Mukhopadhyay (July 15, 1988)",1988,https://indianliberals.in/forum-of-free-enterprise/the-privatisation-phenomenon-jiban-k-mukhopadhyay-july-1988.pdf,https://indianliberals.in/content/the-privatisation-phenomenon-and-its-relevance-to-developing-countries-by-jiban-k-mukhopadhyay-july-15-1988/
forum-of-free-enterprise,the-problem-of-foreign-exchange-by-prof-cn-vakil-may-8-1961.pdf,exact,the-problem-of-foreign-exchange-by-prof-c-n-vakil-may-8-1961,"The Problem of Foreign Exchange by Prof. C.N. Vakil (May 8, 1961)",1961,https://indianliberals.in/forum-of-free-enterprise/the-problem-of-foreign-exchange-by-prof-cn-vakil-may-8-1961.pdf,https://indianliberals.in/content/the-problem-of-foreign-exchange-by-prof-c-n-vakil-may-8-1961/
forum-of-free-enterprise,the-problem-of-rising-prices-causes-a-s-bhaskar-aug9-1964.pdf,exact,the-problem-of-rising-prices-causes-and-remedy-by-a-s-bhaskar-aug-9-1964,"The Problem of Rising Prices - Causes and Remedy by A. S. Bhaskar (August 9, 1964)",1964,https://indianliberals.in/forum-of-free-enterprise/the-problem-of-rising-prices-causes-a-s-bhaskar-aug9-1964.pdf,https://indianliberals.in/content/the-problem-of-rising-prices-causes-and-remedy-by-a-s-bhaskar-aug-9-1964/
forum-of-free-enterprise,the-problem-of-rising-prices-g-d-somani-oct5-1963.pdf,exact,the-problem-of-rising-prices-by-g-d-somani-oct-5-1963,"The Problem of Rising Prices by G. D. Somani (October 5, 1963)",1963,https://indianliberals.in/forum-of-free-enterprise/the-problem-of-rising-prices-g-d-somani-oct5-1963.pdf,https://indianliberals.in/content/the-problem-of-rising-prices-by-g-d-somani-oct-5-1963/
forum-of-free-enterprise,the-public-sector-a-managers-report-p-c-lal-november-15-1976.pdf,exact,the-public-sector-a-managers-report-by-p-c-lal-november-15-1976,"The Public Sector - A Manager's Report by P. C. Lal (November 15, 1976)",1976,https://indianliberals.in/forum-of-free-enterprise/the-public-sector-a-managers-report-p-c-lal-november-15-1976.pdf,https://indianliberals.in/content/the-public-sector-a-managers-report-by-p-c-lal-november-15-1976/
forum-of-free-enterprise,the-reform-of-the-judiciary-justice-h-r-khanna-october-15-1980.pdf,exact,the-reform-of-the-judiciary-by-justice-h-r-khanna-15-october-1980,The reform of the Judiciary by Justice H.R. Khanna (15 October 1980),1980,https://indianliberals.in/forum-of-free-enterprise/the-reform-of-the-judiciary-justice-h-r-khanna-october-15-1980.pdf,https://indianliberals.in/content/the-reform-of-the-judiciary-by-justice-h-r-khanna-15-october-1980/
forum-of-free-enterprise,the-role-of-a-professional-in-society-y-h-malegam-september-12-2006.pdf,exact,the-role-of-a-professional-in-society-by-y-h-malegam-september-12-2006,"The Role of a Professional in Society by Y.H. Malegam (September 12, 2006)",2006,https://indianliberals.in/forum-of-free-enterprise/the-role-of-a-professional-in-society-y-h-malegam-september-12-2006.pdf,https://indianliberals.in/content/the-role-of-a-professional-in-society-by-y-h-malegam-september-12-2006/
forum-of-free-enterprise,the-role-of-free-enterprise-by-mr-masani-september-21-1956.pdf,exact,the-role-of-free-enterprise-by-m-r-masani-september-21-1956,"The Role of Free Enterprise by M.R. Masani (September 21, 1956)",1956,https://indianliberals.in/forum-of-free-enterprise/the-role-of-free-enterprise-by-mr-masani-september-21-1956.pdf,https://indianliberals.in/content/the-role-of-free-enterprise-by-m-r-masani-september-21-1956/
forum-of-free-enterprise,the-role-of-judiciary-in-parliamentary-democracy-m-c-chagla-january-4-2011.pdf,exact,the-role-of-the-judiciary-in-parliamentary-democracy-by-m-c-chagla-january-4-2011,"The Role of the Judiciary in Parliamentary Democracy by M. C. Chagla (January 4, 2011)",2011,https://indianliberals.in/forum-of-free-enterprise/the-role-of-judiciary-in-parliamentary-democracy-m-c-chagla-january-4-2011.pdf,https://indianliberals.in/content/the-role-of-the-judiciary-in-parliamentary-democracy-by-m-c-chagla-january-4-2011/
forum-of-free-enterprise,the-role-of-labour-in-japanese-economic-miracle-james-d-hodgson-june-14-1978.pdf,exact,the-role-of-labour-in-japanese-economic-miracle-by-james-d-hodgson-june-14-1978,"The Role Of Labour In Japanese Economic Miracle by James D. Hodgson (June 14, 1978)",1978,https://indianliberals.in/forum-of-free-enterprise/the-role-of-labour-in-japanese-economic-miracle-james-d-hodgson-june-14-1978.pdf,https://indianliberals.in/content/the-role-of-labour-in-japanese-economic-miracle-by-james-d-hodgson-june-14-1978/
forum-of-free-enterprise,the-role-of-the-central-banking-authority-and-commercial-bank-in-a-planned-economy-h-v-r-iengar-december-6-1967.pdf,exact,the-role-of-the-central-banking-authority-and-commercial-banks-in-a-planned-economy-by-mr-h-v-r-iengar-6-december-1967,The Role of the Central Banking Authority and Commercial Banks in a Planned Economy by Mr. H.V.R Iengar (6 December 1967),1967,https://indianliberals.in/forum-of-free-enterprise/the-role-of-the-central-banking-authority-and-commercial-bank-in-a-planned-economy-h-v-r-iengar-december-6-1967.pdf,https://indianliberals.in/content/the-role-of-the-central-banking-authority-and-commercial-banks-in-a-planned-economy-by-mr-h-v-r-iengar-6-december-1967/
forum-of-free-enterprise,the-role-of-the-judiciary-in-parliamentary-democracy-m-c-chagla-28-october-1974.pdf,exact,the-role-of-the-judiciary-in-parliamentary-democracy-by-m-c-chagla-28-october-1974,The Role of the Judiciary in Parliamentary democracy by M. C. Chagla (28 October 1974),1974,https://indianliberals.in/forum-of-free-enterprise/the-role-of-the-judiciary-in-parliamentary-democracy-m-c-chagla-28-october-1974.pdf,https://indianliberals.in/content/the-role-of-the-judiciary-in-parliamentary-democracy-by-m-c-chagla-28-october-1974/
forum-of-free-enterprise,the-state-of-the-nation-the-four-costly-mistakes-n-a-palkhivala-november-20-1982.pdf,exact,the-state-of-the-nation-the-four-costly-failures-by-n-a-palkhivala-20-november-1982,The State of the Nation: The four costly Failures by N.A. Palkhivala (20 November 1982),1982,https://indianliberals.in/forum-of-free-enterprise/the-state-of-the-nation-the-four-costly-mistakes-n-a-palkhivala-november-20-1982.pdf,https://indianliberals.in/content/the-state-of-the-nation-the-four-costly-failures-by-n-a-palkhivala-20-november-1982/
forum-of-free-enterprise,the-stock-exchanges-in-india-the-emerging-scenarios-and-challenges-g-a-patel-may-11-1987.pdf,exact,the-stock-exchanges-in-india-the-emerging-scenarios-and-challenges-by-mr-g-a-patel-11-may-1987,The Stock Exchanges in India- The Emerging Scenarios and Challenges by Mr G. A. Patel (11 May 1987),1987,https://indianliberals.in/forum-of-free-enterprise/the-stock-exchanges-in-india-the-emerging-scenarios-and-challenges-g-a-patel-may-11-1987.pdf,https://indianliberals.in/content/the-stock-exchanges-in-india-the-emerging-scenarios-and-challenges-by-mr-g-a-patel-11-may-1987/
forum-of-free-enterprise,the-supreme-court-judgement-in-the-judges-case-n-a-palkhivala-february-15-1982.pdf,exact,the-supreme-courts-judgement-in-the-judges-case-by-n-a-palkhivala-15-february-1982,The Supreme Court's judgement in the judges' case by N.A. Palkhivala (15 February 1982),1982,https://indianliberals.in/forum-of-free-enterprise/the-supreme-court-judgement-in-the-judges-case-n-a-palkhivala-february-15-1982.pdf,https://indianliberals.in/content/the-supreme-courts-judgement-in-the-judges-case-by-n-a-palkhivala-15-february-1982/
forum-of-free-enterprise,the-supreme-courts-judgement-on-the-constitution-42-amendment-act-1976-n-a-palkhivala-june-20-1980.pdf,exact,the-supreme-courts-judgement-on-the-constitution-42nd-amendment-act-1976-by-n-a-palkhivala-june-20-1980,"The Supreme Court's Judgement on the Constitution (42nd Amendment) Act, 1976 by N.A Palkhivala (June 20, 1980)",1976,https://indianliberals.in/forum-of-free-enterprise/the-supreme-courts-judgement-on-the-constitution-42-amendment-act-1976-n-a-palkhivala-june-20-1980.pdf,https://indianliberals.in/content/the-supreme-courts-judgement-on-the-constitution-42nd-amendment-act-1976-by-n-a-palkhivala-june-20-1980/
forum-of-free-enterprise,the-task-before-the-monopiles-v-k-narasimhan-sept9-1964.pdf,exact,the-task-for-the-monopolies-commission-by-v-k-narasimhan-sept-9-1964,"The Task for the Monopolies Commission by V. K. Narasimhan (September 9, 1964)",1964,https://indianliberals.in/forum-of-free-enterprise/the-task-before-the-monopiles-v-k-narasimhan-sept9-1964.pdf,https://indianliberals.in/content/the-task-for-the-monopolies-commission-by-v-k-narasimhan-sept-9-1964/
forum-of-free-enterprise,the-tasks-before-a-free-people-n-a-palkhivala-may-20-1977.pdf,exact,the-tasks-before-a-free-people-by-n-a-palkhivala-may-20-1977,"The Tasks Before A Free People by N. A. Palkhivala (May 20, 1977)",1977,https://indianliberals.in/forum-of-free-enterprise/the-tasks-before-a-free-people-n-a-palkhivala-may-20-1977.pdf,https://indianliberals.in/content/the-tasks-before-a-free-people-by-n-a-palkhivala-may-20-1977/
forum-of-free-enterprise,the-taxation-amendment-laws-1973-h-p-ranina-14-august-1973.pdf,exact,the-taxation-laws-amendment-bill-1973-by-h-p-ranina-14-august-1973,"THE TAXATION LAWS (AMENDMENT) BILL, 1973 by H. P. Ranina (14 August 1973)",1973,https://indianliberals.in/forum-of-free-enterprise/the-taxation-amendment-laws-1973-h-p-ranina-14-august-1973.pdf,https://indianliberals.in/content/the-taxation-laws-amendment-bill-1973-by-h-p-ranina-14-august-1973/
forum-of-free-enterprise,the-transport-bottleneck-a-d-shroff-january-1-1970.pdf,exact,the-transport-bottleneck-by-a-d-shroff-january-1-1970,"The Transport Bottleneck by A. D. Shroff (January 1, 1970)",1970,https://indianliberals.in/forum-of-free-enterprise/the-transport-bottleneck-a-d-shroff-january-1-1970.pdf,https://indianliberals.in/content/the-transport-bottleneck-by-a-d-shroff-january-1-1970/
forum-of-free-enterprise,the-union-budget-1968-69-n-a-palkhivala-april-14-1968.pdf,exact,the-union-budget-1968-69-by-n-a-palkhivala-14-april-1968,The Union Budget- 1968-69 by N.A. Palkhivala (14 April 1968),1968,https://indianliberals.in/forum-of-free-enterprise/the-union-budget-1968-69-n-a-palkhivala-april-14-1968.pdf,https://indianliberals.in/content/the-union-budget-1968-69-by-n-a-palkhivala-14-april-1968/
forum-of-free-enterprise,the-union-budget-1969-70-n-a-palkhivala-march-10-1969.pdf,exact,the-union-budget-1969-70-by-n-a-palkhivala-10-march-1969,The Union Budget- 1969-70 by N.A. Palkhivala (10 March 1969),1969,https://indianliberals.in/forum-of-free-enterprise/the-union-budget-1969-70-n-a-palkhivala-march-10-1969.pdf,https://indianliberals.in/content/the-union-budget-1969-70-by-n-a-palkhivala-10-march-1969/
forum-of-free-enterprise,the-union-budget-1970-n-a-palkhiavala-april-15-1970.pdf,exact,the-union-budget1970-71-by-n-a-palkhivala-april-15-1970,"The Union Budget:1970-71 by N.A.Palkhivala (April 15, 1970)",1970,https://indianliberals.in/forum-of-free-enterprise/the-union-budget-1970-n-a-palkhiavala-april-15-1970.pdf,https://indianliberals.in/content/the-union-budget1970-71-by-n-a-palkhivala-april-15-1970/
forum-of-free-enterprise,the-union-budget-1971-72-n-a-palkhivala-15-june-1971.pdf,exact,the-union-budget-1971-72-by-n-a-palkhivala-15-june-1971,The Union Budget (1971-72) by N.A Palkhivala ( 15 June 1971),1971,https://indianliberals.in/forum-of-free-enterprise/the-union-budget-1971-72-n-a-palkhivala-15-june-1971.pdf,https://indianliberals.in/content/the-union-budget-1971-72-by-n-a-palkhivala-15-june-1971/
forum-of-free-enterprise,the-union-budget-1972-1973-n-a-palkhivala-april-20-1972.pdf,exact,the-union-budget-1972-73-by-n-a-palkhivala-20-april-1972,The Union Budget 1972-73 by N.A. Palkhivala (20 April 1972),1972,https://indianliberals.in/forum-of-free-enterprise/the-union-budget-1972-1973-n-a-palkhivala-april-20-1972.pdf,https://indianliberals.in/content/the-union-budget-1972-73-by-n-a-palkhivala-20-april-1972/
forum-of-free-enterprise,the-union-budget-1973-74-n-a-palkhivala-april-1973.pdf,exact,the-union-budget-1973-74-by-n-a-palkhivala-april-1973,"The Union Budget, 1973-74 by N. A. Palkhivala (April 1973)",1973,https://indianliberals.in/forum-of-free-enterprise/the-union-budget-1973-74-n-a-palkhivala-april-1973.pdf,https://indianliberals.in/content/the-union-budget-1973-74-by-n-a-palkhivala-april-1973/
forum-of-free-enterprise,the-union-budget-1974-75-n-a-palkhivala-march-1974.pdf,exact,the-union-budget-1974-75-by-n-a-palkhivala-5th-march-1974,THE UNION BUDGET 1974-75 by N. A. Palkhivala (5th March 1974),1974,https://indianliberals.in/forum-of-free-enterprise/the-union-budget-1974-75-n-a-palkhivala-march-1974.pdf,https://indianliberals.in/content/the-union-budget-1974-75-by-n-a-palkhivala-5th-march-1974/
forum-of-free-enterprise,the-union-budget-1975-76-n-a-palkhivala-25-march-1975.pdf,exact,the-union-budget-1975-76-by-n-a-palkhivala-25-march-1975,The Union Budget 1975-76 by N. A. Palkhivala (25 March 1975),1975,https://indianliberals.in/forum-of-free-enterprise/the-union-budget-1975-76-n-a-palkhivala-25-march-1975.pdf,https://indianliberals.in/content/the-union-budget-1975-76-by-n-a-palkhivala-25-march-1975/
forum-of-free-enterprise,the-union-budget-1976-77-n-a-palkhivala-20-april-1976.pdf,exact,the-union-budget-1976-77-by-n-a-palkhivala-20-april-1976,The Union Budget 1976-77 by N. A. Palkhivala (20 April 1976),1976,https://indianliberals.in/forum-of-free-enterprise/the-union-budget-1976-77-n-a-palkhivala-20-april-1976.pdf,https://indianliberals.in/content/the-union-budget-1976-77-by-n-a-palkhivala-20-april-1976/
forum-of-free-enterprise,the-union-budget-1977-78-n-a-palkhivala-july-20-1977.pdf,exact,the-union-budget-1977-78-by-n-a-palkhivala-july-20-1977,"The Union Budget 1977-78 by N. A. Palkhivala (July 20, 1977)",1977,https://indianliberals.in/forum-of-free-enterprise/the-union-budget-1977-78-n-a-palkhivala-july-20-1977.pdf,https://indianliberals.in/content/the-union-budget-1977-78-by-n-a-palkhivala-july-20-1977/
forum-of-free-enterprise,the-union-budget-1980-81-n-a-palkhivala-july-20-1980.pdf,exact,the-union-budget-by-1980-81-by-n-a-palkhivala-20-july-1980,The Union Budget by 1980-81 by N.A. Palkhivala (20 July 1980),1980,https://indianliberals.in/forum-of-free-enterprise/the-union-budget-1980-81-n-a-palkhivala-july-20-1980.pdf,https://indianliberals.in/content/the-union-budget-by-1980-81-by-n-a-palkhivala-20-july-1980/
forum-of-free-enterprise,the-union-budget-1981-82-n-a-palkhivala-march-20-1981.pdf,exact,the-union-budget-by-1981-82-by-n-a-palkhivala-20-march-1981,The Union Budget by 1981-82 by N.A. Palkhivala (20 March 1981),1981,https://indianliberals.in/forum-of-free-enterprise/the-union-budget-1981-82-n-a-palkhivala-march-20-1981.pdf,https://indianliberals.in/content/the-union-budget-by-1981-82-by-n-a-palkhivala-20-march-1981/
forum-of-free-enterprise,the-union-budget-1982-83-and-a-budget-of-my-dreams-n-a-palkhivala-march-20-1982.pdf,exact,the-union-budget-1982-83-and-a-budget-of-my-dreams-by-n-a-palkhivala-20-march-1982,The Union Budget 1982-83 and a Budget of my dreams by N.A. Palkhivala (20 March 1982),1982,https://indianliberals.in/forum-of-free-enterprise/the-union-budget-1982-83-and-a-budget-of-my-dreams-n-a-palkhivala-march-20-1982.pdf,https://indianliberals.in/content/the-union-budget-1982-83-and-a-budget-of-my-dreams-by-n-a-palkhivala-20-march-1982/
forum-of-free-enterprise,the-union-budget-1983-84-n-a-palkhivala-march-20-1983.pdf,exact,the-union-budget-1983-84-by-n-a-palkhivala-20-march-1983,The Union Budget 1983-84 by N.A. Palkhivala (20 March 1983),1983,https://indianliberals.in/forum-of-free-enterprise/the-union-budget-1983-84-n-a-palkhivala-march-20-1983.pdf,https://indianliberals.in/content/the-union-budget-1983-84-by-n-a-palkhivala-20-march-1983/
forum-of-free-enterprise,the-union-budget-1983-84-proposals-will-weaken-industry-h-p-ranina-april-12-1983.pdf,exact,union-budget-1983-84-proposals-will-weaken-industry-by-h-p-ranina-12-april-1983,Union Budget (1983-84) proposals will weaken industry by H.P. Ranina (12 April 1983),1983,https://indianliberals.in/forum-of-free-enterprise/the-union-budget-1983-84-proposals-will-weaken-industry-h-p-ranina-april-12-1983.pdf,https://indianliberals.in/content/union-budget-1983-84-proposals-will-weaken-industry-by-h-p-ranina-12-april-1983/
forum-of-free-enterprise,the-union-budget-1990-91-by-na-palkhivala-april-20-1990.pdf,exact,the-union-budget-1990-91-by-n-a-palkhivala-april-20-1990,"The Union Budget 1990-91 by N.A. Palkhivala (April 20, 1990)",1990,https://indianliberals.in/forum-of-free-enterprise/the-union-budget-1990-91-by-na-palkhivala-april-20-1990.pdf,https://indianliberals.in/content/the-union-budget-1990-91-by-n-a-palkhivala-april-20-1990/
forum-of-free-enterprise,the-union-budget-1992-93-by-na-palkhivala-march-3-1992.pdf,exact,the-union-budget-1992-93-by-n-a-palkhivala-march-3-1992,"The Union Budget 1992-93 by N.A. Palkhivala (March 3, 1992)",1992,https://indianliberals.in/forum-of-free-enterprise/the-union-budget-1992-93-by-na-palkhivala-march-3-1992.pdf,https://indianliberals.in/content/the-union-budget-1992-93-by-n-a-palkhivala-march-3-1992/
forum-of-free-enterprise,the-union-budget-1993-94-by-nani-a-palkhiwala-march-20-1993.pdf,exact,the-union-budget-1993-94-by-nani-a-palkhiwala-march-20-1993,"The Union Budget 1993-94 by Nani A. Palkhiwala (March 20, 1993)",1993,https://indianliberals.in/forum-of-free-enterprise/the-union-budget-1993-94-by-nani-a-palkhiwala-march-20-1993.pdf,https://indianliberals.in/content/the-union-budget-1993-94-by-nani-a-palkhiwala-march-20-1993/
forum-of-free-enterprise,the-union-budget-1993-94-laying-the-foundation-for-an-economic-miracle-by-HP-ranina-april-13-1993.pdf,exact,the-union-budget-1993-94-laying-the-foundation-for-an-economic-miracle-by-h-p-ranina-april-13-1993,"The Union Budget 1993-94: Laying the Foundation for an Economic Miracle by H.P. Ranina (April 13, 1993)",1993,https://indianliberals.in/forum-of-free-enterprise/the-union-budget-1993-94-laying-the-foundation-for-an-economic-miracle-by-HP-ranina-april-13-1993.pdf,https://indianliberals.in/content/the-union-budget-1993-94-laying-the-foundation-for-an-economic-miracle-by-h-p-ranina-april-13-1993/
forum-of-free-enterprise,the-union-budget-1994-95-n-a-palkivala-march-20-1994.pdf,exact,the-union-budget-1994-95-by-n-a-palkivala-march-20-1994,"The Union Budget 1994-95 by N.A. Palkivala (March 20, 1994)",1994,https://indianliberals.in/forum-of-free-enterprise/the-union-budget-1994-95-n-a-palkivala-march-20-1994.pdf,https://indianliberals.in/content/the-union-budget-1994-95-by-n-a-palkivala-march-20-1994/
forum-of-free-enterprise,the-union-budget-1995-96-by-passing-parliamentary-select-comittee-n-a-palkhivala-march-21-1995.pdf,exact,the-union-budget-1995-96-bypassing-parliamentary-select-committee-by-n-a-palkhivala-march-21-1995,"The Union Budget 1995-96 : Bypassing parliamentary Select Committee by N.A. Palkhivala (March 21, 1995)",1995,https://indianliberals.in/forum-of-free-enterprise/the-union-budget-1995-96-by-passing-parliamentary-select-comittee-n-a-palkhivala-march-21-1995.pdf,https://indianliberals.in/content/the-union-budget-1995-96-bypassing-parliamentary-select-committee-by-n-a-palkhivala-march-21-1995/
forum-of-free-enterprise,the-union-budget-1998-99-is-a-brave-response-to-challenging-circumstances-h-p-ranina.pdf,exact,the-union-budget-1998-99-is-a-brave-response-to-challenging-circumstances-by-h-p-ranina-june-14-1998,"The Union Budget 1998-99 is a Brave Response to Challenging Circumstances by H.P Ranina (June 14, 1998)",1998,https://indianliberals.in/forum-of-free-enterprise/the-union-budget-1998-99-is-a-brave-response-to-challenging-circumstances-h-p-ranina.pdf,https://indianliberals.in/content/the-union-budget-1998-99-is-a-brave-response-to-challenging-circumstances-by-h-p-ranina-june-14-1998/
forum-of-free-enterprise,the-union-budget-1999-2000-positive-measures-and-innovative-policies-h-p-ranina.pdf,exact,the-union-budget-1999-2000-positive-measures-and-innovative-policies-by-h-p-ranina-april-13-1999,"The Union-Budget 1999-2000: Positive Measures and Innovative Policies by H.P. Ranina ( April 13, 1999)",1999,https://indianliberals.in/forum-of-free-enterprise/the-union-budget-1999-2000-positive-measures-and-innovative-policies-h-p-ranina.pdf,https://indianliberals.in/content/the-union-budget-1999-2000-positive-measures-and-innovative-policies-by-h-p-ranina-april-13-1999/
forum-of-free-enterprise,the-union-budget-2000-2001-h-p-ranina.pdf,exact,the-union-budget-2000-2001-by-h-p-ranina-april-2000,The Union Budget 2000-2001 by H.P. Ranina (April 2000),2000,https://indianliberals.in/forum-of-free-enterprise/the-union-budget-2000-2001-h-p-ranina.pdf,https://indianliberals.in/content/the-union-budget-2000-2001-by-h-p-ranina-april-2000/
forum-of-free-enterprise,the-union-budget-2008-09-h-p-ranina-march-6-2008.pdf,exact,the-union-budget-2008-09-by-h-p-ranina-march-6-2008,"The Union Budget 2008-09 by H.P. Ranina (March 6, 2008)",2008,https://indianliberals.in/forum-of-free-enterprise/the-union-budget-2008-09-h-p-ranina-march-6-2008.pdf,https://indianliberals.in/content/the-union-budget-2008-09-by-h-p-ranina-march-6-2008/
forum-of-free-enterprise,the-union-budget-2009-10-amitha-sehgal-august-2-2009.pdf,exact,the-union-budget-2009-10-three-critical-dimensions-by-amitha-sehgal-others-august-2-2009,"The Union Budget 2009-10: Three Critical Dimensions by Amitha Sehgal & others, (August 2, 2009)",2009,https://indianliberals.in/forum-of-free-enterprise/the-union-budget-2009-10-amitha-sehgal-august-2-2009.pdf,https://indianliberals.in/content/the-union-budget-2009-10-three-critical-dimensions-by-amitha-sehgal-others-august-2-2009/
forum-of-free-enterprise,the-union-budget-2010-prof-kanu-h-doshi-2010.pdf,exact,the-union-budget-2010-11-lrnpllcations-of-direct-tax-changes-and-impact-on-capital-marke-by-prof-kanu-h-doshi-others-2010,"The Union Budget 2010-11 lrnpllcations of Direct Tax Changes and Impact on Capital Marke by Prof. Kanu H. Doshi & others, 2010",2010,https://indianliberals.in/forum-of-free-enterprise/the-union-budget-2010-prof-kanu-h-doshi-2010.pdf,https://indianliberals.in/content/the-union-budget-2010-11-lrnpllcations-of-direct-tax-changes-and-impact-on-capital-marke-by-prof-kanu-h-doshi-others-2010/
forum-of-free-enterprise,the-union-budget-2011-12-direct-taxi-mplications-kanu-h-doshi-april-3-2011.pdf,exact,the-union-budget-2011-12-direct-tax-implications-by-kanu-h-doshi-others-april-3-2011,"The Union Budget 2011-12 : Direct Tax Implications by Kanu H. Doshi & Others (April 3, 2011)",2011,https://indianliberals.in/forum-of-free-enterprise/the-union-budget-2011-12-direct-taxi-mplications-kanu-h-doshi-april-3-2011.pdf,https://indianliberals.in/content/the-union-budget-2011-12-direct-tax-implications-by-kanu-h-doshi-others-april-3-2011/
forum-of-free-enterprise,the-union-budget-2011-12-economic-implications-&-impact-on-capital-market-kanu-h-doshi-march-3-2011.pdf,exact,the-union-budget-2011-12-economic-implications-impact-on-capital-market-by-kanu-h-doshi-others-march-3-2011,"The Union Budget 2011-12 : Economic Implications & Impact on Capital Market by Kanu H. Doshi & others (March 3, 2011)",2011,https://indianliberals.in/forum-of-free-enterprise/the-union-budget-2011-12-economic-implications-&-impact-on-capital-market-kanu-h-doshi-march-3-2011.pdf,https://indianliberals.in/content/the-union-budget-2011-12-economic-implications-impact-on-capital-market-by-kanu-h-doshi-others-march-3-2011/
forum-of-free-enterprise,the-union-budget-2012-13--minoo-r-shroff-april-2-2012.pdf,exact,the-union-budget-2012-13-economic-and-direct-tax-implications-by-minoo-r-shroff-others-april-2-2012,"The Union Budget 2012-13 : Economic and Direct tax Implications by Minoo R. Shroff & others (April 2, 2012)",2012,https://indianliberals.in/forum-of-free-enterprise/the-union-budget-2012-13--minoo-r-shroff-april-2-2012.pdf,https://indianliberals.in/content/the-union-budget-2012-13-economic-and-direct-tax-implications-by-minoo-r-shroff-others-april-2-2012/
forum-of-free-enterprise,the-union-budget-2013-minoo-r-shroff-april-2-2013.pdf,exact,the-union-budget-2013-14-economic-and-direct-tax-implications-by-minoo-r-shroff-others-april-2-2013,"The Union Budget 2013-14 : Economic and Direct Tax Implications by Minoo R. Shroff & others (April 2, 2013)",2013,https://indianliberals.in/forum-of-free-enterprise/the-union-budget-2013-minoo-r-shroff-april-2-2013.pdf,https://indianliberals.in/content/the-union-budget-2013-14-economic-and-direct-tax-implications-by-minoo-r-shroff-others-april-2-2013/
forum-of-free-enterprise,the-union-budget-2014-15-minoo-r-shroff-august-5-2014.pdf,exact,the-union-budget-2014-15-by-minoo-r-shroff-others-august-5-2014,"The Union Budget 2014-15 by Minoo R. Shroff & others August 5, 2014)",2014,https://indianliberals.in/forum-of-free-enterprise/the-union-budget-2014-15-minoo-r-shroff-august-5-2014.pdf,https://indianliberals.in/content/the-union-budget-2014-15-by-minoo-r-shroff-others-august-5-2014/
forum-of-free-enterprise,the-union-budget-2016-17-yashwant-sinha-h-p-ranina-s-s-bhandare.pdf,exact,the-union-budget-2016-17-by-yashwant-sinha-h-p-ranina-s-s-bhandare-april-2016,"The Union Budget 2016-17 by Yashwant sinha, H.P. Ranina, S.S. Bhandare (April 2016)",2016,https://indianliberals.in/forum-of-free-enterprise/the-union-budget-2016-17-yashwant-sinha-h-p-ranina-s-s-bhandare.pdf,https://indianliberals.in/content/the-union-budget-2016-17-by-yashwant-sinha-h-p-ranina-s-s-bhandare-april-2016/
forum-of-free-enterprise,the-union-budget-2018-19-h-p-ranina-sunil-s-bhandare.pdf,exact,the-union-budget-2018-19-by-h-p-ranina-and-sunil-s-bhandare-march-2018,The Union Budget 2018-19 by H.P. Ranina and Sunil. S. Bhandare. (March 2018),2018,https://indianliberals.in/forum-of-free-enterprise/the-union-budget-2018-19-h-p-ranina-sunil-s-bhandare.pdf,https://indianliberals.in/content/the-union-budget-2018-19-by-h-p-ranina-and-sunil-s-bhandare-march-2018/
forum-of-free-enterprise,third-five-year-plan-dr-a-krishnaswami-dec5-1961.pdf,exact,third-five-year-plan-its-premises-examined-by-dr-a-krishnaswami-dec-5-1961,"Third Five Year Plan - Its Premises Examined by Dr. A. Krishnaswami (December 5, 1961)",1961,https://indianliberals.in/forum-of-free-enterprise/third-five-year-plan-dr-a-krishnaswami-dec5-1961.pdf,https://indianliberals.in/content/third-five-year-plan-its-premises-examined-by-dr-a-krishnaswami-dec-5-1961/
forum-of-free-enterprise,three-essays-on-controls-various-may7-1961.pdf,exact,three-essays-on-controls-in-a-planned-economy-may-7-1961,"Three Essays on Controls in a Planned Economy (May 7, 1961)",1961,https://indianliberals.in/forum-of-free-enterprise/three-essays-on-controls-various-may7-1961.pdf,https://indianliberals.in/content/three-essays-on-controls-in-a-planned-economy-may-7-1961/
forum-of-free-enterprise,top-ten-concerns-sunil-s-bhandare-may-3-2013.pdf,exact,top-ten-concerns-of-indian-agriculture-a-case-for-private-sector-rural-banks-by-sunil-s-bhandare-may-3-2013,"Top Ten Concerns of Indian Agriculture & A Case for Private Sector Rural Banks by Sunil S. Bhandare (May 3, 2013)",2013,https://indianliberals.in/forum-of-free-enterprise/top-ten-concerns-sunil-s-bhandare-may-3-2013.pdf,https://indianliberals.in/content/top-ten-concerns-of-indian-agriculture-a-case-for-private-sector-rural-banks-by-sunil-s-bhandare-may-3-2013/
forum-of-free-enterprise,towards-a-healthy-india-a-call-for-action-dr-r-balasubramanian-dr-prashanth-n-srinivas.pdf,exact,towards-a-healthy-india-a-call-for-action-by-dr-r-balasubramanian-and-dr-prashanth-n-srinivas-september-2018,Towards a healthy India: A call for action by Dr. R. Balasubramanian and Dr. Prashanth N. Srinivas (September 2018),2018,https://indianliberals.in/forum-of-free-enterprise/towards-a-healthy-india-a-call-for-action-dr-r-balasubramanian-dr-prashanth-n-srinivas.pdf,https://indianliberals.in/content/towards-a-healthy-india-a-call-for-action-by-dr-r-balasubramanian-and-dr-prashanth-n-srinivas-september-2018/
forum-of-free-enterprise,towards-a-self-reliant-economy-lessons-of-the-past-murarji-j-vaidya-jan11-1966.pdf,exact,towards-a-self-reliant-economy-lessons-of-the-past-by-murarji-j-vaidya-jan-11-1966,"Towards a Self Reliant Economy: Lessons of the Past by Murarji J. Vaidya (Jan 11, 1966)",1966,https://indianliberals.in/forum-of-free-enterprise/towards-a-self-reliant-economy-lessons-of-the-past-murarji-j-vaidya-jan11-1966.pdf,https://indianliberals.in/content/towards-a-self-reliant-economy-lessons-of-the-past-by-murarji-j-vaidya-jan-11-1966/
forum-of-free-enterprise,towards-a-telecommunication-revolution-in-india-by-t-h-chowdhary-february-15-1990.pdf,exact,towards-a-telecommunication-reveloution-in-india-by-t-h-chowdhary-february-15-1990,"Towards a Telecommunication Reveloution in India by T.H. Chowdhary (February 15, 1990)",1990,https://indianliberals.in/forum-of-free-enterprise/towards-a-telecommunication-revolution-in-india-by-t-h-chowdhary-february-15-1990.pdf,https://indianliberals.in/content/towards-a-telecommunication-reveloution-in-india-by-t-h-chowdhary-february-15-1990/
forum-of-free-enterprise,towards-an-economical-administration-in-india-m-ruthnaswamy-august-22-1958.pdf,exact,towards-an-economical-administration-in-india-by-professor-m-ruthnaswamy-22-august-1958,Towards an Economical Administration in India by Professor M. Ruthnaswamy (22 August 1958),1958,https://indianliberals.in/forum-of-free-enterprise/towards-an-economical-administration-in-india-m-ruthnaswamy-august-22-1958.pdf,https://indianliberals.in/content/towards-an-economical-administration-in-india-by-professor-m-ruthnaswamy-22-august-1958/
forum-of-free-enterprise,towards-greater-production-and-productivity-may-1964.pdf,exact,towards-greater-production-and-productivity-may-1964,Towards Greater Production and Productivity (May 1964),1964,https://indianliberals.in/forum-of-free-enterprise/towards-greater-production-and-productivity-may-1964.pdf,https://indianliberals.in/content/towards-greater-production-and-productivity-may-1964/
forum-of-free-enterprise,towards-inclusive-information-technology-revolution-in-india-f-c-kohli-august-4-2009.pdf,exact,towards-inclusive-information-technology-revolution-in-india-by-f-c-kohli-august-4-2009,"Towards Inclusive Information Technology Revolution in India by F. C. Kohli (August 4, 2009)",2009,https://indianliberals.in/forum-of-free-enterprise/towards-inclusive-information-technology-revolution-in-india-f-c-kohli-august-4-2009.pdf,https://indianliberals.in/content/towards-inclusive-information-technology-revolution-in-india-by-f-c-kohli-august-4-2009/
forum-of-free-enterprise,towards-our-safe-and-secure-energy-future-dr-anil-kakodkar-may-4-2011.pdf,exact,towards-our-safe-and-secure-energy-future-by-dr-anil-kakodkar-may-4-2011,"Towards Our Safe and Secure Energy Future by Dr. Anil Kakodkar (May 4, 2011)",2011,https://indianliberals.in/forum-of-free-enterprise/towards-our-safe-and-secure-energy-future-dr-anil-kakodkar-may-4-2011.pdf,https://indianliberals.in/content/towards-our-safe-and-secure-energy-future-by-dr-anil-kakodkar-may-4-2011/
forum-of-free-enterprise,towards-self-reliance-and-greater-productivity-y-a-fazalbhoy-b-t-dastur-april-12-1966.pdf,exact,towards-self-reliance-and-greater-productivity-by-y-a-fazalbhoy-and-b-t-dastur-12-april-1966,"Towards Self Reliance and Greater Productivity by Y.A Fazalbhoy and B.T. Dastur (12 April, 1966)",1966,https://indianliberals.in/forum-of-free-enterprise/towards-self-reliance-and-greater-productivity-y-a-fazalbhoy-b-t-dastur-april-12-1966.pdf,https://indianliberals.in/content/towards-self-reliance-and-greater-productivity-by-y-a-fazalbhoy-and-b-t-dastur-12-april-1966/
forum-of-free-enterprise,transition-in-civil-services-by-bk-nehru-2000.pdf,exact,the-civil-service-in-transition-by-b-k-nehru-20-oct-nov-2000,"The Civil Service in Transition by B.K Nehru (20, Oct-Nov, 2000)",2000,https://indianliberals.in/forum-of-free-enterprise/transition-in-civil-services-by-bk-nehru-2000.pdf,https://indianliberals.in/content/the-civil-service-in-transition-by-b-k-nehru-20-oct-nov-2000/
forum-of-free-enterprise,transparency-accountability-rti-act-all-that-maja-daruwala-shailesh-gandhi.pdf,fuzzy100,transparency-accountability-rti-act-all-that-by-maja-daruwala-and-shailesh-gandhi-june-2016,"Transparency, Accountability RTI Act & All that by Maja Daruwala and Shailesh Gandhi (June 2016)",2016,https://indianliberals.in/forum-of-free-enterprise/transparency-accountability-rti-act-&-all-that-maja-daruwala-shailesh-gandhi.pdf,https://indianliberals.in/content/transparency-accountability-rti-act-all-that-by-maja-daruwala-and-shailesh-gandhi-june-2016/
forum-of-free-enterprise,transport-in-our-developing-economy-dr-f-p-antia-oct9-1962.pdf,exact,transport-in-our-developing-economy-by-dr-f-p-antia-oct-9-1962,"Transport in Our Developing Economy by Dr. F. P. Antia (October 9, 1962)",1962,https://indianliberals.in/forum-of-free-enterprise/transport-in-our-developing-economy-dr-f-p-antia-oct9-1962.pdf,https://indianliberals.in/content/transport-in-our-developing-economy-by-dr-f-p-antia-oct-9-1962/
forum-of-free-enterprise,trends-in-industrial-finance-in-india-and-elsewhere-mr-rashad-kaldany-april-29-1998.pdf,exact,trends-in-industrial-finance-in-india-and-elsewhere-by-mr-rashad-kaldany-29-april-1998,Trends in Industrial Finance in India and Elsewhere by Mr Rashad Kaldany (29 april 1998),1998,https://indianliberals.in/forum-of-free-enterprise/trends-in-industrial-finance-in-india-and-elsewhere-mr-rashad-kaldany-april-29-1998.pdf,https://indianliberals.in/content/trends-in-industrial-finance-in-india-and-elsewhere-by-mr-rashad-kaldany-29-april-1998/
forum-of-free-enterprise,two-alarming-phenomena-by-sir-homi-mody-sl-kirloskar-and-mr-ramnivas-r-ruia-february-1957.pdf,exact,two-alarming-phenomena-by-sir-homi-mody-mr-s-l-kirloskar-and-mr-ramnivas-r-ruia-february-1957,"Two Alarming Phenomena by Sir Homi Mody, Mr. S.L. Kirloskar and Mr. Ramnivas R. Ruia (February, 1957)",1957,https://indianliberals.in/forum-of-free-enterprise/two-alarming-phenomena-by-sir-homi-mody-sl-kirloskar-and-mr-ramnivas-r-ruia-february-1957.pdf,https://indianliberals.in/content/two-alarming-phenomena-by-sir-homi-mody-mr-s-l-kirloskar-and-mr-ramnivas-r-ruia-february-1957/
forum-of-free-enterprise,two-essays-on-free-enterprises-f-a-hayek-aug9-1962.pdf,exact,two-essays-on-free-enterprise-by-f-a-hayek-aug-9-1962,"Two Essays on Free Enterprise by F. A. Hayek (August 9, 1962)",1962,https://indianliberals.in/forum-of-free-enterprise/two-essays-on-free-enterprises-f-a-hayek-aug9-1962.pdf,https://indianliberals.in/content/two-essays-on-free-enterprise-by-f-a-hayek-aug-9-1962/
forum-of-free-enterprise,two-years-of-achievement-a-d-shroff-1958.pdf,exact,two-years-of-achievement-by-a-d-shroff-1958,"Two Years of Achievement by A. D. Shroff, 1958",1958,https://indianliberals.in/forum-of-free-enterprise/two-years-of-achievement-a-d-shroff-1958.pdf,https://indianliberals.in/content/two-years-of-achievement-by-a-d-shroff-1958/
forum-of-free-enterprise,unemployment-and-imbalances-in-the-indian-economy-dr-v-m-dandekar-october-1972.pdf,exact,unemployment-and-imbalances-in-the-indian-economy-by-dr-v-m-dandekar-october-1972,Unemployment and Imbalances in the Indian Economy by Dr. V. M. Dandekar (October 1972),1972,https://indianliberals.in/forum-of-free-enterprise/unemployment-and-imbalances-in-the-indian-economy-dr-v-m-dandekar-october-1972.pdf,https://indianliberals.in/content/unemployment-and-imbalances-in-the-indian-economy-by-dr-v-m-dandekar-october-1972/
forum-of-free-enterprise,unemployment-in-india-b-k-nehru-august-12-1971.pdf,exact,unemployment-in-india-by-b-k-nehru-others-august-12-1971,"Unemployment in India by B. K. Nehru & others (August 12, 1971)",1971,https://indianliberals.in/forum-of-free-enterprise/unemployment-in-india-b-k-nehru-august-12-1971.pdf,https://indianliberals.in/content/unemployment-in-india-by-b-k-nehru-others-august-12-1971/
forum-of-free-enterprise,union-budget-1979-80-an-opportunity-for-growth-missed-h-p-ranina-march-14-1979.pdf,exact,union-budget-1979-80-an-opportunity-for-growth-missed-by-h-p-ranina-march-14-1979,"Union Budget 1979-80 An Opportunity For Growth Missed By H. P. Ranina (March 14, 1979)",1979,https://indianliberals.in/forum-of-free-enterprise/union-budget-1979-80-an-opportunity-for-growth-missed-h-p-ranina-march-14-1979.pdf,https://indianliberals.in/content/union-budget-1979-80-an-opportunity-for-growth-missed-by-h-p-ranina-march-14-1979/
forum-of-free-enterprise,union-budget-1980-81-by-na-palkhiwala.pdf,exact,the-union-budget-1980-81-by-nani-a-palkhiwala,The Union Budget 1980-81 by Nani A. Palkhiwala,1980,https://indianliberals.in/forum-of-free-enterprise/union-budget-1980-81-by-na-palkhiwala.pdf,https://indianliberals.in/content/the-union-budget-1980-81-by-nani-a-palkhiwala/
forum-of-free-enterprise,union-budget-1980-81-gives-a-stunning-blow-to-the-industry-h-p-ranina-august-11-1980.pdf,exact,union-budget-1980-81-gives-a-stunning-blow-to-the-industry-by-h-p-ranina-11-august-1980,Union Budget 1980-81 gives a stunning blow to the industry by H.P. Ranina (11 August 1980),1980,https://indianliberals.in/forum-of-free-enterprise/union-budget-1980-81-gives-a-stunning-blow-to-the-industry-h-p-ranina-august-11-1980.pdf,https://indianliberals.in/content/union-budget-1980-81-gives-a-stunning-blow-to-the-industry-by-h-p-ranina-11-august-1980/
forum-of-free-enterprise,union-budget-1981-82-by-na-palkhivala.pdf,exact,the-union-budget-1981-92-by-n-a-palkhivala,The Union Budget 1981-92 by N.A Palkhivala,1981,https://indianliberals.in/forum-of-free-enterprise/union-budget-1981-82-by-na-palkhivala.pdf,https://indianliberals.in/content/the-union-budget-1981-92-by-n-a-palkhivala/
forum-of-free-enterprise,union-budget-1981-82-will-not-stimulate-economy-by-hp-raina.pdf,exact,union-budget-1981-82-will-not-stimulate-economy-by-h-p-raina,Union Budget 1981-82 will not stimulate economy by H. P Raina,1981,https://indianliberals.in/forum-of-free-enterprise/union-budget-1981-82-will-not-stimulate-economy-by-hp-raina.pdf,https://indianliberals.in/content/union-budget-1981-82-will-not-stimulate-economy-by-h-p-raina/
forum-of-free-enterprise,union-budget-1982-83-proposals-are-ineffective-h-p-ranina-april-12-1982.pdf,exact,union-budget-1982-83-proposals-are-ineffective-by-h-p-ranina-12-april-1982,Union Budget (1982-83) proposals are ineffective by H.P. Ranina (12 April 1982),1982,https://indianliberals.in/forum-of-free-enterprise/union-budget-1982-83-proposals-are-ineffective-h-p-ranina-april-12-1982.pdf,https://indianliberals.in/content/union-budget-1982-83-proposals-are-ineffective-by-h-p-ranina-12-april-1982/
forum-of-free-enterprise,union-budget-1983-83-by-na-palkivala.pdf,exact,the-union-budget-1983-84-by-n-a-palhivala,The Union Budget 1983-84 by N.A Palhivala,1983,https://indianliberals.in/forum-of-free-enterprise/union-budget-1983-83-by-na-palkivala.pdf,https://indianliberals.in/content/the-union-budget-1983-84-by-n-a-palhivala/
forum-of-free-enterprise,union-budget-1990-91-will-not-solve-economic-problems-by-hp-ranina-may-13-1990.pdf,exact,union-budget-1990-91-will-not-solve-economic-problems-by-h-p-ranina-may-13-1990,"Union Budget 1990-91 Will Not Solve Economic Problems by H.P. Ranina (May 13, 1990)",1990,https://indianliberals.in/forum-of-free-enterprise/union-budget-1990-91-will-not-solve-economic-problems-by-hp-ranina-may-13-1990.pdf,https://indianliberals.in/content/union-budget-1990-91-will-not-solve-economic-problems-by-h-p-ranina-may-13-1990/
forum-of-free-enterprise,union-budget-1995-96-cementing-the-reform-process-hp-ranina-april-14-1995.pdf,exact,union-budget-1995-96-cementing-the-reform-process-by-h-p-ranina-april-14-1995,"Union Budget 1995-96: Cementing the Reform Process by H.P. Ranina (April 14, 1995)",1995,https://indianliberals.in/forum-of-free-enterprise/union-budget-1995-96-cementing-the-reform-process-hp-ranina-april-14-1995.pdf,https://indianliberals.in/content/union-budget-1995-96-cementing-the-reform-process-by-h-p-ranina-april-14-1995/
forum-of-free-enterprise,union-budget-1997-98-by-hp-ranina-march-15-1997.pdf,exact,union-budget-1997-98-by-h-p-ranina-march-15-1997,"Union Budget 1997-98 by H.P. Ranina (March 15, 1997)",1997,https://indianliberals.in/forum-of-free-enterprise/union-budget-1997-98-by-hp-ranina-march-15-1997.pdf,https://indianliberals.in/content/union-budget-1997-98-by-h-p-ranina-march-15-1997/
forum-of-free-enterprise,union-budget-of-1989-90-provides-no-remedies-for-economic-ills-by-hp-ranina-april-12-1989.pdf,exact,union-budget-1989-90-provides-no-remedies-for-economic-ills-by-h-p-ranina-april-12-1989,"Union Budget 1989-90 Provides No Remedies for Economic Ills by H.P. Ranina (April 12, 1989)",1989,https://indianliberals.in/forum-of-free-enterprise/union-budget-of-1989-90-provides-no-remedies-for-economic-ills-by-hp-ranina-april-12-1989.pdf,https://indianliberals.in/content/union-budget-1989-90-provides-no-remedies-for-economic-ills-by-h-p-ranina-april-12-1989/
forum-of-free-enterprise,urban-and-rural-unemployment-in-india-dr-m-c-munshi-september-14-1973.pdf,exact,urban-and-rural-unemployment-in-india-by-dr-m-c-munshi-others-september-14-1973,"Urban And Rural Unemployment In India by Dr. M.C.Munshi & others, (September 14, 1973)",1973,https://indianliberals.in/forum-of-free-enterprise/urban-and-rural-unemployment-in-india-dr-m-c-munshi-september-14-1973.pdf,https://indianliberals.in/content/urban-and-rural-unemployment-in-india-by-dr-m-c-munshi-others-september-14-1973/
forum-of-free-enterprise,value-of-accountants-to-modern-enterprise-p-l-tandon-jun10-1963.pdf,exact,value-of-accountants-to-modern-enterprise-by-p-l-tandonjun-10-1963,"Value of Accountants to Modern Enterprise by P. L. Tandon (June 10, 1963)",1963,https://indianliberals.in/forum-of-free-enterprise/value-of-accountants-to-modern-enterprise-p-l-tandon-jun10-1963.pdf,https://indianliberals.in/content/value-of-accountants-to-modern-enterprise-by-p-l-tandonjun-10-1963/
forum-of-free-enterprise,value-systems-in-public-service-by-ak-purwar-2003.pdf,exact,value-systems-in-public-services-by-a-k-purwar-31-march-2005,"Value Systems in Public Services by A.K Purwar (31, March, 2005)",2005,https://indianliberals.in/forum-of-free-enterprise/value-systems-in-public-service-by-ak-purwar-2003.pdf,https://indianliberals.in/content/value-systems-in-public-services-by-a-k-purwar-31-march-2005/
forum-of-free-enterprise,vat-and-some-other-indirect-taxes-p-c-randeria-march-14-1977.pdf,exact,vat-some-other-indirect-taxes-by-p-c-randeria-march-14-1977,"Vat & Some Other Indirect Taxes by P. C. Randeria (March 14, 1977)",1977,https://indianliberals.in/forum-of-free-enterprise/vat-and-some-other-indirect-taxes-p-c-randeria-march-14-1977.pdf,https://indianliberals.in/content/vat-some-other-indirect-taxes-by-p-c-randeria-march-14-1977/
forum-of-free-enterprise,verma-committee-report-on-weak-banks-dr-a-c-shah.pdf,exact,verma-committee-report-on-weak-banks-by-dr-a-c-shah-november-1999,Verma Committee Report on Weak Banks by Dr. A.C. Shah ( November 1999),1999,https://indianliberals.in/forum-of-free-enterprise/verma-committee-report-on-weak-banks-dr-a-c-shah.pdf,https://indianliberals.in/content/verma-committee-report-on-weak-banks-by-dr-a-c-shah-november-1999/
forum-of-free-enterprise,wanchoo-committee-report-on-black-money-h-p-ranina.pdf,exact,wanchoo-committee-report-on-black-money-by-h-p-ranina-june-1972,Wanchoo Committee Report on Black Money by H. P. Ranina (June 1972),1972,https://indianliberals.in/forum-of-free-enterprise/wanchoo-committee-report-on-black-money-h-p-ranina.pdf,https://indianliberals.in/content/wanchoo-committee-report-on-black-money-by-h-p-ranina-june-1972/
forum-of-free-enterprise,warning-soft-historyt-rends-k-m-munshi-jun7-1957.pdf,exact,warnings-of-history-trends-in-modern-india-by-k-m-munshi-jun-7-1957,"Warnings of History Trends in Modern India by K. M. Munshi (June 7, 1957)",1957,https://indianliberals.in/forum-of-free-enterprise/warning-soft-historyt-rends-k-m-munshi-jun7-1957.pdf,https://indianliberals.in/content/warnings-of-history-trends-in-modern-india-by-k-m-munshi-jun-7-1957/
forum-of-free-enterprise,water-futures-rohini-nilekani-december-3-2012.pdf,exact,water-futures-its-everybodys-business-by-rohini-nilekani-december-3-2012,"Water Futures Its Everybodys Business by Rohini Nilekani (December 3, 2012)",2012,https://indianliberals.in/forum-of-free-enterprise/water-futures-rohini-nilekani-december-3-2012.pdf,https://indianliberals.in/content/water-futures-its-everybodys-business-by-rohini-nilekani-december-3-2012/
forum-of-free-enterprise,we-are-heading-towards-a-man-made-economic-crisis-by-ad-shroff-february-23-1957.pdf,exact,we-are-heading-towards-a-man-made-economic-crisis-by-a-d-shroff-february-23-1957,"We Are Heading Towards A Man-Made Economic Crisis by A.D. Shroff (February 23, 1957",1957,https://indianliberals.in/forum-of-free-enterprise/we-are-heading-towards-a-man-made-economic-crisis-by-ad-shroff-february-23-1957.pdf,https://indianliberals.in/content/we-are-heading-towards-a-man-made-economic-crisis-by-a-d-shroff-february-23-1957/
forum-of-free-enterprise,wealth-and-expenditure-taxes-prof-r-j-taraporevala-sept6-1959.pdf,exact,wealth-and-expenditure-taxes-by-prof-r-j-taraporevala-sept-6-1959,"Wealth and Expenditure Taxes by Prof R. J. Taraporevala (September 6, 1959)",1959,https://indianliberals.in/forum-of-free-enterprise/wealth-and-expenditure-taxes-prof-r-j-taraporevala-sept6-1959.pdf,https://indianliberals.in/content/wealth-and-expenditure-taxes-by-prof-r-j-taraporevala-sept-6-1959/
forum-of-free-enterprise,wealth-tax-january-1-1970.pdf,exact,wealth-tax-january-1-1970,"Wealth Tax (January 1, 1970)",1970,https://indianliberals.in/forum-of-free-enterprise/wealth-tax-january-1-1970.pdf,https://indianliberals.in/content/wealth-tax-january-1-1970/
forum-of-free-enterprise,what-india-needs-a-perspective-by-jiban-k-mukhopadhyay-2005.pdf,exact,what-india-needs-a-perspective-by-jiban-k-mukhopadhyay-27september2003,"What India Needs? A Perspective by Jiban K. Mukhopadhyay (27,September,2003)",2003,https://indianliberals.in/forum-of-free-enterprise/what-india-needs-a-perspective-by-jiban-k-mukhopadhyay-2005.pdf,https://indianliberals.in/content/what-india-needs-a-perspective-by-jiban-k-mukhopadhyay-27september2003/
forum-of-free-enterprise,what-is-expected-of-management-trainee-in-private-eeterprise-by-Dr-Skumar-jain-September-5-1962.pdf,exact,what-is-expected-of-management-trainees-in-private-enterprise-by-dr-s-kumar-jain-september-5-1962,"What is Expected Of Management Trainees in Private Enterprise by Dr. S.Kumar Jain (September 5, 1962)",1962,https://indianliberals.in/forum-of-free-enterprise/what-is-expected-of-management-trainee-in-private-eeterprise-by-Dr-Skumar-jain-September-5-1962.pdf,https://indianliberals.in/content/what-is-expected-of-management-trainees-in-private-enterprise-by-dr-s-kumar-jain-september-5-1962/
forum-of-free-enterprise,what-makes-japan-tick-minoo-shroff-1988.pdf,exact,what-makes-japan-tick-some-lessons-for-india-by-minoo-r-shroff-october-15-1988,"What Makes Japan Tick: Some Lessons For India by Minoo R. Shroff (October 15, 1988)",1988,https://indianliberals.in/forum-of-free-enterprise/what-makes-japan-tick-minoo-shroff-1988.pdf,https://indianliberals.in/content/what-makes-japan-tick-some-lessons-for-india-by-minoo-r-shroff-october-15-1988/
forum-of-free-enterprise,where-is-economic-power-being-concentrated-m-a-masters-august-8-1958.pdf,exact,where-is-economic-power-being-concentrated-by-m-a-master-8-august-1958,Where is Economic Power being concentrated by M.A. Master (8 August 1958),1958,https://indianliberals.in/forum-of-free-enterprise/where-is-economic-power-being-concentrated-m-a-masters-august-8-1958.pdf,https://indianliberals.in/content/where-is-economic-power-being-concentrated-by-m-a-master-8-august-1958/
forum-of-free-enterprise,whither-central-banking-h-v-r-iyengar-december-1972.pdf,exact,whither-central-banking-by-h-v-r-iengar-december-1972,Whither Central Banking by H. V. R. Iengar (December 1972),1972,https://indianliberals.in/forum-of-free-enterprise/whither-central-banking-h-v-r-iyengar-december-1972.pdf,https://indianliberals.in/content/whither-central-banking-by-h-v-r-iengar-december-1972/
forum-of-free-enterprise,whither-indian-urbanisation-f-p-antia-1977.pdf,exact,whither-indian-urbanisation-by-dr-f-p-antia-1977,Whither Indian Urbanisation? by Dr. F. P. Antia (1977),1977,https://indianliberals.in/forum-of-free-enterprise/whither-indian-urbanisation-f-p-antia-1977.pdf,https://indianliberals.in/content/whither-indian-urbanisation-by-dr-f-p-antia-1977/
forum-of-free-enterprise,why-are-prices-rising-g-d-somani-nov9-1962.pdf,exact,why-are-prices-rising-by-g-d-somani-nov-9-1962,"Why are Prices Rising? by G. D. Somani (November 9, 1962)",1962,https://indianliberals.in/forum-of-free-enterprise/why-are-prices-rising-g-d-somani-nov9-1962.pdf,https://indianliberals.in/content/why-are-prices-rising-by-g-d-somani-nov-9-1962/
forum-of-free-enterprise,why-scarcities-d-r-pendse-c-v-mariwala-b-d-somani-m-r-meher-1974.pdf,exact,why-scarcities-by-d-r-pendse-c-v-mariwala-b-d-somani-m-r-meher-1974,"Why Scarcities? by D. R. Pendse, C. V. Mariwala, B. D. Somani, M. R. Meher (1974)",1974,https://indianliberals.in/forum-of-free-enterprise/why-scarcities-d-r-pendse-c-v-mariwala-b-d-somani-m-r-meher-1974.pdf,https://indianliberals.in/content/why-scarcities-by-d-r-pendse-c-v-mariwala-b-d-somani-m-r-meher-1974/
forum-of-free-enterprise,will-10-point-programme-lead-to-socialism-professor-c-n-vakil-december-11-1967.pdf,fuzzy100,will-10-point-programme-lead-to-socialism-by-professor-c-n-vakil-11-december-1967,"Will 10-point programme lead to socialism? by Professor C.N. Vakil (11 December, 1967)",1967,https://indianliberals.in/forum-of-free-enterprise/indian-railways-a-state-within-the-state-dilip-thakore-june-15-1994.pdf,https://indianliberals.in/content/will-10-point-programme-lead-to-socialism-by-professor-c-n-vakil-11-december-1967/
forum-of-free-enterprise,will-democratic-socialism-help-india-a-d-shroff-jan12-1964.pdf,exact,will-democratic-socialism-help-india-by-a-d-shroff-jan-12-1964,"Will Democratic Socialism Help India? by A. D. Shroff (January 12, 1964)",1964,https://indianliberals.in/forum-of-free-enterprise/will-democratic-socialism-help-india-a-d-shroff-jan12-1964.pdf,https://indianliberals.in/content/will-democratic-socialism-help-india-by-a-d-shroff-jan-12-1964/
forum-of-free-enterprise,working-of-commodities-markets-in-india-madan-sabnavis-july-4-2010.pdf,exact,working-of-commodities-markets-in-india-by-madan-sabnavis-july-4-2010,"Working of Commodities Markets in India by Madan Sabnavis (July 4, 2010)",2010,https://indianliberals.in/forum-of-free-enterprise/working-of-commodities-markets-in-india-madan-sabnavis-july-4-2010.pdf,https://indianliberals.in/content/working-of-commodities-markets-in-india-by-madan-sabnavis-july-4-2010/
forum-of-free-enterprise,wto-and-indian-industry-2001.pdf,exact,wto-and-indian-industry-by-s-s-bhandare-202001,"WTO and Indian Industry by S.S Bhandare (20,2001)",2001,https://indianliberals.in/forum-of-free-enterprise/wto-and-indian-industry-2001.pdf,https://indianliberals.in/content/wto-and-indian-industry-by-s-s-bhandare-202001/
forum-of-free-enterprise,your-prosperty-through-freedom-by-MR-Pai.pdf,exact,your-prosperity-through-freedom-by-m-r-pai,Your Prosperity Through Freedom by M.R. Pai,2021,https://indianliberals.in/forum-of-free-enterprise/your-prosperty-through-freedom-by-MR-Pai.pdf,https://indianliberals.in/content/your-prosperity-through-freedom-by-m-r-pai/
forum-of-free-enterprise,youth-for-agricultural-transformation-prof-m-s-swaminathan-july-4-2011.pdf,exact,youth-for-agricultural-transformation-by-prof-m-s-swaminathan-jul-4-2011,"Youth for Agricultural Transformation by Prof. M. S. Swaminathan (Jul 4, 2011)",2011,https://indianliberals.in/forum-of-free-enterprise/youth-for-agricultural-transformation-prof-m-s-swaminathan-july-4-2011.pdf,https://indianliberals.in/content/youth-for-agricultural-transformation-by-prof-m-s-swaminathan-jul-4-2011/
indian-liberal-group,basic-principles-march-2000.pdf,exact,basic-principles-of-the-indian-liberal-group-march-5-2000,"Basic Principles of the Indian Liberal Group, March 5, 2000",2000,https://indianliberals.in/indian-liberal-group/basic-principles-march-2000.pdf,https://indianliberals.in/content/basic-principles-of-the-indian-liberal-group-march-5-2000/
indian-liberal-group,newsletter-October-2001.pdf,exact,the-liberal-position-newsletter-of-the-indian-liberals-group-april-2002,"The Liberal Position - Newsletter of the Indian Liberals Group, October 2001",2001,https://indianliberals.in/indian-liberal-group/newsletter-October-2001.pdf,https://indianliberals.in/content/the-liberal-position-newsletter-of-the-indian-liberals-group-april-2002/
indian-liberal-group,newsletter-april-2002.pdf,exact,newsletter-april-2002,"The Liberal Position - Newsletter of the Indian Liberals Group, April 2002",2002,https://indianliberals.in/indian-liberal-group/newsletter-april-2002.pdf,https://indianliberals.in/content/newsletter-april-2002/
indian-liberal-group,the-retreat-after-socialism-bk-nehru.pdf,exact,the-retreat-after-socialism,The Retreat After Socialism,2020,https://indianliberals.in/indian-liberal-group/the-retreat-after-socialism-bk-nehru.pdf,https://indianliberals.in/content/the-retreat-after-socialism/
indian-liberal-group,trends-in-government-expenditure-april-2007.pdf,exact,trends-in-government-expenditure-april-30-2007,"Trends in Government Expenditure, April 30, 2007",2007,https://indianliberals.in/indian-liberal-group/trends-in-government-expenditure-april-2007.pdf,https://indianliberals.in/content/trends-in-government-expenditure-april-30-2007/
indian-liberal-group,union-budget-2002-03-liberal-point-of-view.pdf,exact,union-budget-2002-2003-the-liberal-point-of-view,Union Budget 2002 - 2003 : The Liberal Point of View,2002,https://indianliberals.in/indian-liberal-group/union-budget-2002-03-liberal-point-of-view.pdf,https://indianliberals.in/content/union-budget-2002-2003-the-liberal-point-of-view/
liberals,new-public-management-escape-from-babudom.pdf,exact,bureaucracy-liberal-administrator,Bureaucracy and the Liberal Administrator - Sauvik Chakraverti,2024,https://indianliberals.in/liberals/new-public-management-escape-from-babudom.pdf,https://indianliberals.in/content/bureaucracy-liberal-administrator/
liberals,the-indian-libertarian-april-1-1959.pdf,date-exact,the-indian-libertarian-april-1-1959,"The Indian Libertarian (April 1, 1959)",1959,https://indianliberals.in/the-indian-libertarian/the-indian-libertarian-apr1-1959.pdf,https://indianliberals.in/content/the-indian-libertarian-april-1-1959/
liberals,the-supreme-courts-judgement-on-the-constitution-42nd-amendment-act-1976-20-june-1980.pdf,fuzzy95,the-supreme-courts-judgement-on-the-constitution-42nd-amendment-act-1976-by-n-a-palkhivala-june-20-1980,"The Supreme Court's Judgement on the Constitution (42nd Amendment) Act, 1976 by N.A Palkhivala (June 20, 1980)",1976,https://indianliberals.in/forum-of-free-enterprise/the-supreme-courts-judgement-on-the-constitution-42-amendment-act-1976-n-a-palkhivala-june-20-1980.pdf,https://indianliberals.in/content/the-supreme-courts-judgement-on-the-constitution-42nd-amendment-act-1976-by-n-a-palkhivala-june-20-1980/
liberals,the-union-budget-1995-96-bypassing-parliamentary-select-committee-21-march-1995.pdf,fuzzy100,the-union-budget-1995-96-bypassing-parliamentary-select-committee-by-n-a-palkhivala-march-21-1995,"The Union Budget 1995-96 : Bypassing parliamentary Select Committee by N.A. Palkhivala (March 21, 1995)",1995,https://indianliberals.in/forum-of-free-enterprise/the-union-budget-1995-96-by-passing-parliamentary-select-comittee-n-a-palkhivala-march-21-1995.pdf,https://indianliberals.in/content/the-union-budget-1995-96-bypassing-parliamentary-select-committee-by-n-a-palkhivala-march-21-1995/
other-publications,at-liberty-to-express-and-offend.pdf,exact,at-liberty-freedom-to-express-and-offend,At Liberty : Freedom to Express and Offend,2020,https://indianliberals.in/other-publications/at-liberty-to-express-and-offend.pdf,https://indianliberals.in/content/at-liberty-freedom-to-express-and-offend/
other-publications,emerging-challenges-to-civil-society.pdf,exact,the-emerging-challenges-to-civil-society,The Emerging Challenges to Civil Society,2020,https://indianliberals.in/other-publications/emerging-challenges-to-civil-society.pdf,https://indianliberals.in/content/the-emerging-challenges-to-civil-society/
other-publications,handbook-for-transformation-to-market-economy.pdf,exact,handbook-of-transformation-to-market-economy,Handbook of Transformation to Market Economy,2020,https://indianliberals.in/other-publications/handbook-for-transformation-to-market-economy.pdf,https://indianliberals.in/content/handbook-of-transformation-to-market-economy/
other-publications,young-asians-call-to-freedom.pdf,exact,freedom-writers-young-asians-call-to-freedom,Freedom Writers : Young Asians Call to Freedom,2020,https://indianliberals.in/other-publications/young-asians-call-to-freedom.pdf,https://indianliberals.in/content/freedom-writers-young-asians-call-to-freedom/
shetkari-sanghatak,shetkari-sanghatak-april-21-1995.pdf,exact,shetkari-sanghatak-april-21-1995,"Shetkari Sanghatak - April 21, 1995",1995,https://indianliberals.in/shetkari-sanghatak/shetkari-sanghatak-april-21-1995.pdf,https://indianliberals.in/content/shetkari-sanghatak-april-21-1995/
shetkari-sanghatak,shetkari-sanghatak-april-6-1992.pdf,exact,shetkari-sanghatak-april-6-1992,"Shetkari Sanghatak - April 6, 1992",1992,https://indianliberals.in/shetkari-sanghatak/shetkari-sanghatak-april-6-1992.pdf,https://indianliberals.in/content/shetkari-sanghatak-april-6-1992/
shetkari-sanghatak,shetkari-sanghatak-aug-21-1991.pdf,exact,shetkari-sanghatak-aug-21-1991,"Shetkari Sanghatak - Aug 21, 1991",1991,https://indianliberals.in/shetkari-sanghatak/shetkari-sanghatak-aug-21-1991.pdf,https://indianliberals.in/content/shetkari-sanghatak-aug-21-1991/
shetkari-sanghatak,shetkari-sanghatak-aug-21-1992.pdf,exact,shetkari-sanghatak-aug-21-1992,"Shetkari Sanghatak - Aug 21, 1992",1992,https://indianliberals.in/shetkari-sanghatak/shetkari-sanghatak-aug-21-1992.pdf,https://indianliberals.in/content/shetkari-sanghatak-aug-21-1992/
shetkari-sanghatak,shetkari-sanghatak-aug-21-1995.pdf,exact,shetkari-sanghatak-aug-21-1995,"Shetkari Sanghatak - Aug 21, 1995",1995,https://indianliberals.in/shetkari-sanghatak/shetkari-sanghatak-aug-21-1995.pdf,https://indianliberals.in/content/shetkari-sanghatak-aug-21-1995/
shetkari-sanghatak,shetkari-sanghatak-aug-6-1995.pdf,exact,shetkari-sanghatak-aug-6-1995,"Shetkari Sanghatak - Aug 6, 1995",1995,https://indianliberals.in/shetkari-sanghatak/shetkari-sanghatak-aug-6-1995.pdf,https://indianliberals.in/content/shetkari-sanghatak-aug-6-1995/
shetkari-sanghatak,shetkari-sanghatak-august-6-1992.pdf,exact,shetkari-sanghatak-aug-6-1992,"Shetkari Sanghatak - Aug 6, 1992",1992,https://indianliberals.in/shetkari-sanghatak/shetkari-sanghatak-august-6-1992.pdf,https://indianliberals.in/content/shetkari-sanghatak-aug-6-1992/
shetkari-sanghatak,shetkari-sanghatak-dec-21-1991.pdf,exact,shetkari-sanghatak-dec-21-1991,"Shetkari Sanghatak - Dec 21, 1991",1991,https://indianliberals.in/shetkari-sanghatak/shetkari-sanghatak-dec-21-1991.pdf,https://indianliberals.in/content/shetkari-sanghatak-dec-21-1991/
shetkari-sanghatak,shetkari-sanghatak-dec-21-1992.pdf,exact,shetkari-sanghatak-dec-21-1992,"Shetkari Sanghatak - Dec 21, 1992",1992,https://indianliberals.in/shetkari-sanghatak/shetkari-sanghatak-dec-21-1992.pdf,https://indianliberals.in/content/shetkari-sanghatak-dec-21-1992/
shetkari-sanghatak,shetkari-sanghatak-dec-21-1994.pdf,exact,shetkari-sanghatak-dec-21-1994,"Shetkari Sanghatak - Dec 21, 1994",1994,https://indianliberals.in/shetkari-sanghatak/shetkari-sanghatak-dec-21-1994.pdf,https://indianliberals.in/content/shetkari-sanghatak-dec-21-1994/
shetkari-sanghatak,shetkari-sanghatak-dec-28-1995.pdf,exact,shetkari-sanghatak-dec-28-1995,"Shetkari Sanghatak - Dec 28, 1995",1995,https://indianliberals.in/shetkari-sanghatak/shetkari-sanghatak-dec-28-1995.pdf,https://indianliberals.in/content/shetkari-sanghatak-dec-28-1995/
shetkari-sanghatak,shetkari-sanghatak-dec-6-1992.pdf,exact,shetkari-sanghatak-dec-6-1992,"Shetkari Sanghatak - Dec 6, 1992",1992,https://indianliberals.in/shetkari-sanghatak/shetkari-sanghatak-dec-6-1992.pdf,https://indianliberals.in/content/shetkari-sanghatak-dec-6-1992/
shetkari-sanghatak,shetkari-sanghatak-dec-6-1994.pdf,exact,shetkari-sanghatak-dec-6-1994,"Shetkari Sanghatak - Dec 6, 1994",1994,https://indianliberals.in/shetkari-sanghatak/shetkari-sanghatak-dec-6-1994.pdf,https://indianliberals.in/content/shetkari-sanghatak-dec-6-1994/
shetkari-sanghatak,shetkari-sanghatak-dec-6-1995.pdf,exact,shetkari-sanghatak-dec-6-1995,"Shetkari Sanghatak - Dec 6, 1995",1995,https://indianliberals.in/shetkari-sanghatak/shetkari-sanghatak-dec-6-1995.pdf,https://indianliberals.in/content/shetkari-sanghatak-dec-6-1995/
shetkari-sanghatak,shetkari-sanghatak-feb-21-1995.pdf,exact,shetkari-sanghatak-feb-21-1995,"Shetkari Sanghatak - Feb 21, 1995",1995,https://indianliberals.in/shetkari-sanghatak/shetkari-sanghatak-feb-21-1995.pdf,https://indianliberals.in/content/shetkari-sanghatak-feb-21-1995/
shetkari-sanghatak,shetkari-sanghatak-feb-6-1992.pdf,exact,shetkari-sanghatak-feb-6-1992,"Shetkari Sanghatak - Feb 6, 1992",1992,https://indianliberals.in/shetkari-sanghatak/shetkari-sanghatak-feb-6-1992.pdf,https://indianliberals.in/content/shetkari-sanghatak-feb-6-1992/
shetkari-sanghatak,shetkari-sanghatak-feb-6-1994.pdf,exact,shetkari-sanghatak-feb-6-1994,"Shetkari Sanghatak - Feb 6, 1994",1994,https://indianliberals.in/shetkari-sanghatak/shetkari-sanghatak-feb-6-1994.pdf,https://indianliberals.in/content/shetkari-sanghatak-feb-6-1994/
shetkari-sanghatak,shetkari-sanghatak-jan-21-1994.pdf,exact,shetkari-sanghatak-jan-21-1994,"Shetkari Sanghatak - Jan 21, 1994",1994,https://indianliberals.in/shetkari-sanghatak/shetkari-sanghatak-jan-21-1994.pdf,https://indianliberals.in/content/shetkari-sanghatak-jan-21-1994/
shetkari-sanghatak,shetkari-sanghatak-jan-21-1995.pdf,exact,shetkari-sanghatak-jan-21-1995,"Shetkari Sanghatak - Jan 21, 1995",1995,https://indianliberals.in/shetkari-sanghatak/shetkari-sanghatak-jan-21-1995.pdf,https://indianliberals.in/content/shetkari-sanghatak-jan-21-1995/
shetkari-sanghatak,shetkari-sanghatak-jan-6-1992.pdf,exact,shetkari-sanghatak-jan-6-1992,"Shetkari Sanghatak - Jan 6, 1992",1992,https://indianliberals.in/shetkari-sanghatak/shetkari-sanghatak-jan-6-1992.pdf,https://indianliberals.in/content/shetkari-sanghatak-jan-6-1992/
shetkari-sanghatak,shetkari-sanghatak-jan-6-1994.pdf,exact,shetkari-sanghatak-jan-6-1994,"Shetkari Sanghatak - Jan 6, 1994",1994,https://indianliberals.in/shetkari-sanghatak/shetkari-sanghatak-jan-6-1994.pdf,https://indianliberals.in/content/shetkari-sanghatak-jan-6-1994/
shetkari-sanghatak,shetkari-sanghatak-july-21-1991.pdf,exact,shetkari-sanghatak-july-21-1991,"Shetkari Sanghatak - July 21, 1991",1991,https://indianliberals.in/shetkari-sanghatak/shetkari-sanghatak-july-21-1991.pdf,https://indianliberals.in/content/shetkari-sanghatak-july-21-1991/
shetkari-sanghatak,shetkari-sanghatak-july-21-1992.pdf,exact,shetkari-sanghatak-july-21-1992,"Shetkari Sanghatak - July 21, 1992",1992,https://indianliberals.in/shetkari-sanghatak/shetkari-sanghatak-july-21-1992.pdf,https://indianliberals.in/content/shetkari-sanghatak-july-21-1992/
shetkari-sanghatak,shetkari-sanghatak-july-6-1992.pdf,exact,shetkari-sanghatak-july-6-1992,"Shetkari Sanghatak - July 6, 1992",1992,https://indianliberals.in/shetkari-sanghatak/shetkari-sanghatak-july-6-1992.pdf,https://indianliberals.in/content/shetkari-sanghatak-july-6-1992/
shetkari-sanghatak,shetkari-sanghatak-july-6-1995.pdf,exact,shetkari-sanghatak-july-6-1995,"Shetkari Sanghatak - July 6, 1995",1995,https://indianliberals.in/shetkari-sanghatak/shetkari-sanghatak-july-6-1995.pdf,https://indianliberals.in/content/shetkari-sanghatak-july-6-1995/
shetkari-sanghatak,shetkari-sanghatak-june-21-1992.pdf,exact,shetkari-sanghatak-june-21-1992,"Shetkari Sanghatak - June 21, 1992",1992,https://indianliberals.in/shetkari-sanghatak/shetkari-sanghatak-june-21-1992.pdf,https://indianliberals.in/content/shetkari-sanghatak-june-21-1992/
shetkari-sanghatak,shetkari-sanghatak-june-21-1995.pdf,exact,shetkari-sanghatak-june-21-1995,"Shetkari Sanghatak - June 21, 1995",1995,https://indianliberals.in/shetkari-sanghatak/shetkari-sanghatak-june-21-1995.pdf,https://indianliberals.in/content/shetkari-sanghatak-june-21-1995/
shetkari-sanghatak,shetkari-sanghatak-june-6-1992.pdf,exact,shetkari-sanghatak-june-6-1992,"Shetkari Sanghatak - June 6, 1992",1992,https://indianliberals.in/shetkari-sanghatak/shetkari-sanghatak-june-6-1992.pdf,https://indianliberals.in/content/shetkari-sanghatak-june-6-1992/
shetkari-sanghatak,shetkari-sanghatak-march-21-1992.pdf,exact,shetkari-sanghatak-march-21-1992,"Shetkari Sanghatak - March 21, 1992",1992,https://indianliberals.in/shetkari-sanghatak/shetkari-sanghatak-march-21-1992.pdf,https://indianliberals.in/content/shetkari-sanghatak-march-21-1992/
shetkari-sanghatak,shetkari-sanghatak-march-21-1995.pdf,exact,shetkari-sanghatak-march-21-1995,"Shetkari Sanghatak - March 21, 1995",1995,https://indianliberals.in/shetkari-sanghatak/shetkari-sanghatak-march-21-1995.pdf,https://indianliberals.in/content/shetkari-sanghatak-march-21-1995/
shetkari-sanghatak,shetkari-sanghatak-march-6-1992.pdf,exact,shetkari-sanghatak-march-6-1992,"Shetkari Sanghatak - March 6, 1992",1992,https://indianliberals.in/shetkari-sanghatak/shetkari-sanghatak-march-6-1992.pdf,https://indianliberals.in/content/shetkari-sanghatak-march-6-1992/
shetkari-sanghatak,shetkari-sanghatak-may-21-1995.pdf,exact,shetkari-sanghatak-may-21-1995,"Shetkari Sanghatak - May 21, 1995",1995,https://indianliberals.in/shetkari-sanghatak/shetkari-sanghatak-may-21-1995.pdf,https://indianliberals.in/content/shetkari-sanghatak-may-21-1995/
shetkari-sanghatak,shetkari-sanghatak-may-6-1992.pdf,exact,shetkari-sanghatak-may-6-1992,"Shetkari Sanghatak - May 6, 1992",1992,https://indianliberals.in/shetkari-sanghatak/shetkari-sanghatak-may-6-1992.pdf,https://indianliberals.in/content/shetkari-sanghatak-may-6-1992/
shetkari-sanghatak,shetkari-sanghatak-nov-21-1991.pdf,exact,shetkari-sanghatak-nov-21-1991,"Shetkari Sanghatak - Nov 21, 1991",1991,https://indianliberals.in/shetkari-sanghatak/shetkari-sanghatak-nov-21-1991.pdf,https://indianliberals.in/content/shetkari-sanghatak-nov-21-1991/
shetkari-sanghatak,shetkari-sanghatak-nov-21-1992.pdf,exact,shetkari-sanghatak-nov-21-1992,"Shetkari Sanghatak - Nov 21, 1992",1992,https://indianliberals.in/shetkari-sanghatak/shetkari-sanghatak-nov-21-1992.pdf,https://indianliberals.in/content/shetkari-sanghatak-nov-21-1992/
shetkari-sanghatak,shetkari-sanghatak-nov-21-1994.pdf,exact,shetkari-sanghatak-nov-21-1994,"Shetkari Sanghatak - Nov 21, 1994",1994,https://indianliberals.in/shetkari-sanghatak/shetkari-sanghatak-nov-21-1994.pdf,https://indianliberals.in/content/shetkari-sanghatak-nov-21-1994/
shetkari-sanghatak,shetkari-sanghatak-nov-6-1991.pdf,exact,shetkari-sanghatak-nov-6-1991,"Shetkari Sanghatak - Nov 6, 1991",1991,https://indianliberals.in/shetkari-sanghatak/shetkari-sanghatak-nov-6-1991.pdf,https://indianliberals.in/content/shetkari-sanghatak-nov-6-1991/
shetkari-sanghatak,shetkari-sanghatak-nov-6-1992.pdf,exact,shetkari-sanghatak-nov-6-1992,"Shetkari Sanghatak - Nov 6, 1992",1992,https://indianliberals.in/shetkari-sanghatak/shetkari-sanghatak-nov-6-1992.pdf,https://indianliberals.in/content/shetkari-sanghatak-nov-6-1992/
shetkari-sanghatak,shetkari-sanghatak-nov-6-1994.pdf,exact,shetkari-sanghatak-nov-6-1994,"Shetkari Sanghatak - Nov 6, 1994",1994,https://indianliberals.in/shetkari-sanghatak/shetkari-sanghatak-nov-6-1994.pdf,https://indianliberals.in/content/shetkari-sanghatak-nov-6-1994/
shetkari-sanghatak,shetkari-sanghatak-nov-6-1995.pdf,exact,shetkari-sanghatak-nov-6-1995,"Shetkari Sanghatak - Nov 6, 1995",1995,https://indianliberals.in/shetkari-sanghatak/shetkari-sanghatak-nov-6-1995.pdf,https://indianliberals.in/content/shetkari-sanghatak-nov-6-1995/
shetkari-sanghatak,shetkari-sanghatak-oct-21-1991.pdf,exact,shetkari-sanghatak-oct-21-1991,"Shetkari Sanghatak - Oct 21, 1991",1991,https://indianliberals.in/shetkari-sanghatak/shetkari-sanghatak-oct-21-1991.pdf,https://indianliberals.in/content/shetkari-sanghatak-oct-21-1991/
shetkari-sanghatak,shetkari-sanghatak-oct-21-1992.pdf,exact,shetkari-sanghatak-oct-21-1992,"Shetkari Sanghatak - Oct 21, 1992",1992,https://indianliberals.in/shetkari-sanghatak/shetkari-sanghatak-oct-21-1992.pdf,https://indianliberals.in/content/shetkari-sanghatak-oct-21-1992/
shetkari-sanghatak,shetkari-sanghatak-oct-21-1994.pdf,exact,shetkari-sanghatak-oct-21-1994,"Shetkari Sanghatak - Oct 21, 1994",1994,https://indianliberals.in/shetkari-sanghatak/shetkari-sanghatak-oct-21-1994.pdf,https://indianliberals.in/content/shetkari-sanghatak-oct-21-1994/
shetkari-sanghatak,shetkari-sanghatak-oct-21-1995.pdf,exact,shetkari-sanghatak-oct-21-1995,"Shetkari Sanghatak - Oct 21, 1995",1995,https://indianliberals.in/shetkari-sanghatak/shetkari-sanghatak-oct-21-1995.pdf,https://indianliberals.in/content/shetkari-sanghatak-oct-21-1995/
shetkari-sanghatak,shetkari-sanghatak-oct-6-1992.pdf,exact,shetkari-sanghatak-oct-6-1992,"Shetkari Sanghatak - Oct 6, 1992",1992,https://indianliberals.in/shetkari-sanghatak/shetkari-sanghatak-oct-6-1992.pdf,https://indianliberals.in/content/shetkari-sanghatak-oct-6-1992/
shetkari-sanghatak,shetkari-sanghatak-oct-6-1994.pdf,exact,shetkari-sanghatak-oct-6-1994,"Shetkari Sanghatak - Oct 6, 1994",1994,https://indianliberals.in/shetkari-sanghatak/shetkari-sanghatak-oct-6-1994.pdf,https://indianliberals.in/content/shetkari-sanghatak-oct-6-1994/
shetkari-sanghatak,shetkari-sanghatak-oct-6-1995.pdf,exact,shetkari-sanghatak-oct-6-1995,"Shetkari Sanghatak - Oct 6, 1995",1995,https://indianliberals.in/shetkari-sanghatak/shetkari-sanghatak-oct-6-1995.pdf,https://indianliberals.in/content/shetkari-sanghatak-oct-6-1995/
shetkari-sanghatak,shetkari-sanghatak-sept-21-1991.pdf,exact,shetkari-sanghatak-sept-21-1991,"Shetkari Sanghatak - Sept 21, 1991",1991,https://indianliberals.in/shetkari-sanghatak/shetkari-sanghatak-sept-21-1991.pdf,https://indianliberals.in/content/shetkari-sanghatak-sept-21-1991/
shetkari-sanghatak,shetkari-sanghatak-sept-21-1992.pdf,exact,shetkari-sanghatak-sept-21-1992,"Shetkari Sanghatak - Sept 21, 1992",1992,https://indianliberals.in/shetkari-sanghatak/shetkari-sanghatak-sept-21-1992.pdf,https://indianliberals.in/content/shetkari-sanghatak-sept-21-1992/
shetkari-sanghatak,shetkari-sanghatak-sept-21-1995.pdf,exact,shetkari-sanghatak-sept-21-1995,"Shetkari Sanghatak - Sept 21, 1995",1995,https://indianliberals.in/shetkari-sanghatak/shetkari-sanghatak-sept-21-1995.pdf,https://indianliberals.in/content/shetkari-sanghatak-sept-21-1995/
shetkari-sanghatak,shetkari-sanghatak-sept-6-1992.pdf,exact,shetkari-sanghatak-sept-6-1992,"Shetkari Sanghatak - Sept 6, 1992",1992,https://indianliberals.in/shetkari-sanghatak/shetkari-sanghatak-sept-6-1992.pdf,https://indianliberals.in/content/shetkari-sanghatak-sept-6-1992/
shetkari-sanghatak,shetkari-sanghatak-sept-6-1994.pdf,exact,shetkari-sanghatak-sept-6-1994,"Shetkari Sanghatak - Sept 6, 1994",1994,https://indianliberals.in/shetkari-sanghatak/shetkari-sanghatak-sept-6-1994.pdf,https://indianliberals.in/content/shetkari-sanghatak-sept-6-1994/
swatantra-party,statement-of-principles-of-the-swatantra-party-aug2-1959.pdf,exact,statement-of-principles-of-the-swatantra-party-aug-2-1959,"Statement of Principles of The Swatantra Party, Aug 2, 1959",1959,https://indianliberals.in/swatantra-party/statement-of-principles-of-the-swatantra-party-aug2-1959.pdf,https://indianliberals.in/content/statement-of-principles-of-the-swatantra-party-aug-2-1959/
the-indian-libertarian,the-indian-libertarian-apr1-1959.pdf,exact,the-indian-libertarian-april-1-1959,"The Indian Libertarian (April 1, 1959)",1959,https://indianliberals.in/the-indian-libertarian/the-indian-libertarian-apr1-1959.pdf,https://indianliberals.in/content/the-indian-libertarian-april-1-1959/
the-indian-libertarian,the-indian-libertarian-apr1-1961.pdf,exact,the-indian-libertarian-april-1-1961,"The Indian Libertarian (April 1, 1961)",1961,https://indianliberals.in/the-indian-libertarian/the-indian-libertarian-apr1-1961.pdf,https://indianliberals.in/content/the-indian-libertarian-april-1-1961/
the-indian-libertarian,the-indian-libertarian-apr1-1962.pdf,exact,the-indian-libertarian-april-1-1962,"The Indian Libertarian (April 1, 1962)",1962,https://indianliberals.in/the-indian-libertarian/the-indian-libertarian-apr1-1962.pdf,https://indianliberals.in/content/the-indian-libertarian-april-1-1962/
the-indian-libertarian,the-indian-libertarian-apr15-1957.pdf,exact,the-indian-libertarian-april-15-1957,"The Indian Libertarian (April 15, 1957)",1957,https://indianliberals.in/the-indian-libertarian/the-indian-libertarian-apr15-1957.pdf,https://indianliberals.in/content/the-indian-libertarian-april-15-1957/
the-indian-libertarian,the-indian-libertarian-apr15-1958.pdf,exact,the-indian-libertarian-april-15-1958,"The Indian Libertarian (April 15, 1958)",1958,https://indianliberals.in/the-indian-libertarian/the-indian-libertarian-apr15-1958.pdf,https://indianliberals.in/content/the-indian-libertarian-april-15-1958/
the-indian-libertarian,the-indian-libertarian-apr15-1959.pdf,exact,the-indian-libertarian-april-15-1959,"The Indian Libertarian (April 15, 1959)",1959,https://indianliberals.in/the-indian-libertarian/the-indian-libertarian-apr15-1959.pdf,https://indianliberals.in/content/the-indian-libertarian-april-15-1959/
the-indian-libertarian,the-indian-libertarian-apr15-1960.pdf,exact,the-indian-libertarian-april-15-1960,"The Indian Libertarian (April 15, 1960)",1960,https://indianliberals.in/the-indian-libertarian/the-indian-libertarian-apr15-1960.pdf,https://indianliberals.in/content/the-indian-libertarian-april-15-1960/
the-indian-libertarian,the-indian-libertarian-apr15-1961.pdf,exact,the-indian-libertarian-april-15-1961,"The Indian Libertarian (April 15, 1961)",1961,https://indianliberals.in/the-indian-libertarian/the-indian-libertarian-apr15-1961.pdf,https://indianliberals.in/content/the-indian-libertarian-april-15-1961/
the-indian-libertarian,the-indian-libertarian-apr15-1962.pdf,exact,the-indian-libertarian-april-15-1962,"The Indian Libertarian (April 15, 1962)",1962,https://indianliberals.in/the-indian-libertarian/the-indian-libertarian-apr15-1962.pdf,https://indianliberals.in/content/the-indian-libertarian-april-15-1962/
the-indian-libertarian,the-indian-libertarian-apr15-1963.pdf,exact,the-indian-libertarian-april-15-1963,"The Indian Libertarian (April 15, 1963)",1963,https://indianliberals.in/the-indian-libertarian/the-indian-libertarian-apr15-1963.pdf,https://indianliberals.in/content/the-indian-libertarian-april-15-1963/
the-indian-libertarian,the-indian-libertarian-aug1-1957.pdf,exact,the-indian-libertarian-july-15-1957-2,"The Indian Libertarian (Aug 1, 1957)",1957,https://indianliberals.in/the-indian-libertarian/the-indian-libertarian-aug1-1957.pdf,https://indianliberals.in/content/the-indian-libertarian-july-15-1957-2/
the-indian-libertarian,the-indian-libertarian-aug1-1958.pdf,exact,the-indian-libertarian-august-1-1958,"The Indian Libertarian (August 1, 1958)",1958,https://indianliberals.in/the-indian-libertarian/the-indian-libertarian-aug1-1958.pdf,https://indianliberals.in/content/the-indian-libertarian-august-1-1958/
the-indian-libertarian,the-indian-libertarian-aug1-1959.pdf,exact,the-indian-libertarian-august-1-1959,"The Indian Libertarian (August 1, 1959)",1959,https://indianliberals.in/the-indian-libertarian/the-indian-libertarian-aug1-1959.pdf,https://indianliberals.in/content/the-indian-libertarian-august-1-1959/
the-indian-libertarian,the-indian-libertarian-aug1-1960.pdf,exact,the-indian-libertarian-aug-1-1960,"The Indian Libertarian (August 1, 1960)",1960,https://indianliberals.in/the-indian-libertarian/the-indian-libertarian-aug1-1960.pdf,https://indianliberals.in/content/the-indian-libertarian-aug-1-1960/
the-indian-libertarian,the-indian-libertarian-aug1-1961.pdf,exact,the-indian-libertarian-august-1-1961,"The Indian Libertarian (August 1, 1961)",1961,https://indianliberals.in/the-indian-libertarian/the-indian-libertarian-aug1-1961.pdf,https://indianliberals.in/content/the-indian-libertarian-august-1-1961/
the-indian-libertarian,the-indian-libertarian-aug1-1962.pdf,exact,the-indian-libertarian-august-1-1962,"The Indian Libertarian (Augui 1, 1962)",1962,https://indianliberals.in/the-indian-libertarian/the-indian-libertarian-aug1-1962.pdf,https://indianliberals.in/content/the-indian-libertarian-august-1-1962/
the-indian-libertarian,the-indian-libertarian-aug1-1963.pdf,exact,the-indian-libertarian-august-1-1963,"The Indian Libertarian (August 1, 1963)",1963,https://indianliberals.in/the-indian-libertarian/the-indian-libertarian-aug1-1963.pdf,https://indianliberals.in/content/the-indian-libertarian-august-1-1963/
the-indian-libertarian,the-indian-libertarian-aug15-1957.pdf,exact,the-indian-libertarian-august-15-1957,"The Indian Libertarian (August 15, 1957)",1957,https://indianliberals.in/the-indian-libertarian/the-indian-libertarian-aug15-1957.pdf,https://indianliberals.in/content/the-indian-libertarian-august-15-1957/
the-indian-libertarian,the-indian-libertarian-aug15-1959.pdf,exact,the-indian-libertarian-august-15-1959,"The Indian Libertarian (August 15, 1959)",1959,https://indianliberals.in/the-indian-libertarian/the-indian-libertarian-aug15-1959.pdf,https://indianliberals.in/content/the-indian-libertarian-august-15-1959/
the-indian-libertarian,the-indian-libertarian-aug15-1960.pdf,exact,the-indian-libertarian-august-15-1960,"The Indian Libertarian (August 15, 1960)",1960,https://indianliberals.in/the-indian-libertarian/the-indian-libertarian-aug15-1960.pdf,https://indianliberals.in/content/the-indian-libertarian-august-15-1960/
the-indian-libertarian,the-indian-libertarian-aug15-1961.pdf,exact,the-indian-libertarian-august-15-1961,"The Indian Libertarian (August 15, 1961)",1961,https://indianliberals.in/the-indian-libertarian/the-indian-libertarian-aug15-1961.pdf,https://indianliberals.in/content/the-indian-libertarian-august-15-1961/
the-indian-libertarian,the-indian-libertarian-aug15-1962.pdf,exact,the-indian-libertarian-august-15-1962,"The Indian Libertarian (August 15, 1962)",1962,https://indianliberals.in/the-indian-libertarian/the-indian-libertarian-aug15-1962.pdf,https://indianliberals.in/content/the-indian-libertarian-august-15-1962/
the-indian-libertarian,the-indian-libertarian-aug15-1963.pdf,exact,the-indian-libertarian-august-15-1963,"The Indian Libertarian (August 15, 1963)",1963,https://indianliberals.in/the-indian-libertarian/the-indian-libertarian-aug15-1963.pdf,https://indianliberals.in/content/the-indian-libertarian-august-15-1963/
the-indian-libertarian,the-indian-libertarian-aug15-1972.pdf,exact,the-indian-libertarian-august-15-1972,"The Indian Libertarian (August 15, 1972)",1972,https://indianliberals.in/the-indian-libertarian/the-indian-libertarian-aug15-1972.pdf,https://indianliberals.in/content/the-indian-libertarian-august-15-1972/
the-indian-libertarian,the-indian-libertarian-dec1-1957.pdf,exact,the-indian-libertarian-december-1-1957,"The Indian Libertarian (December 1, 1957)",1957,https://indianliberals.in/the-indian-libertarian/the-indian-libertarian-dec1-1957.pdf,https://indianliberals.in/content/the-indian-libertarian-december-1-1957/
the-indian-libertarian,the-indian-libertarian-dec1-1958.pdf,exact,the-indian-libertarian-december-1-1958,"The Indian Libertarian (December 1, 1958)",1958,https://indianliberals.in/the-indian-libertarian/the-indian-libertarian-dec1-1958.pdf,https://indianliberals.in/content/the-indian-libertarian-december-1-1958/
the-indian-libertarian,the-indian-libertarian-dec1-1959.pdf,exact,the-indian-libertarian-december-1-1959,"The Indian Libertarian (December 1, 1959)",1959,https://indianliberals.in/the-indian-libertarian/the-indian-libertarian-dec1-1959.pdf,https://indianliberals.in/content/the-indian-libertarian-december-1-1959/
the-indian-libertarian,the-indian-libertarian-dec1-1960.pdf,exact,the-indian-libertarian-december-1-1960,"The Indian Libertarian (December 1, 1960)",1960,https://indianliberals.in/the-indian-libertarian/the-indian-libertarian-dec1-1960.pdf,https://indianliberals.in/content/the-indian-libertarian-december-1-1960/
the-indian-libertarian,the-indian-libertarian-dec1-1961.pdf,exact,the-indian-libertarian-december-1-1961,"The Indian Libertarian (December 1, 1961)",1961,https://indianliberals.in/the-indian-libertarian/the-indian-libertarian-dec1-1961.pdf,https://indianliberals.in/content/the-indian-libertarian-december-1-1961/
the-indian-libertarian,the-indian-libertarian-dec1-1962.pdf,exact,the-indian-libertarian-december-1-1962,"The Indian Libertarian (December 1, 1962)",1962,https://indianliberals.in/the-indian-libertarian/the-indian-libertarian-dec1-1962.pdf,https://indianliberals.in/content/the-indian-libertarian-december-1-1962/
the-indian-libertarian,the-indian-libertarian-dec1-1963.pdf,exact,the-indian-libertarian-december-1-1963,"The Indian Libertarian (December 1, 1963)",1963,https://indianliberals.in/the-indian-libertarian/the-indian-libertarian-dec1-1963.pdf,https://indianliberals.in/content/the-indian-libertarian-december-1-1963/
the-indian-libertarian,the-indian-libertarian-dec15-1957.pdf,exact,the-indian-libertarian-december-15-1957,"The Indian Libertarian (December 15, 1957)",1957,https://indianliberals.in/the-indian-libertarian/the-indian-libertarian-dec15-1957.pdf,https://indianliberals.in/content/the-indian-libertarian-december-15-1957/
the-indian-libertarian,the-indian-libertarian-dec15-1959.pdf,exact,the-indian-libertarian-december-15-1959,"The Indian Libertarian (December 15, 1959)",1959,https://indianliberals.in/the-indian-libertarian/the-indian-libertarian-dec15-1959.pdf,https://indianliberals.in/content/the-indian-libertarian-december-15-1959/
the-indian-libertarian,the-indian-libertarian-dec15-1961.pdf,exact,the-indian-libertarian-december-15-1961,"The Indian Libertarian (December 15, 1961)",1961,https://indianliberals.in/the-indian-libertarian/the-indian-libertarian-dec15-1961.pdf,https://indianliberals.in/content/the-indian-libertarian-december-15-1961/
the-indian-libertarian,the-indian-libertarian-dec15-1962.pdf,exact,the-indian-libertarian-december-15-1962,"The Indian Libertarian (December 15, 1962)",1962,https://indianliberals.in/the-indian-libertarian/the-indian-libertarian-dec15-1962.pdf,https://indianliberals.in/content/the-indian-libertarian-december-15-1962/
the-indian-libertarian,the-indian-libertarian-dec15-1963.pdf,exact,the-indian-libertarian-december-15-1963,"The Indian Libertarian (December 15, 1963)",1963,https://indianliberals.in/the-indian-libertarian/the-indian-libertarian-dec15-1963.pdf,https://indianliberals.in/content/the-indian-libertarian-december-15-1963/
the-indian-libertarian,the-indian-libertarian-feb1-1959.pdf,exact,the-indian-libertarian-february-1-1959,"The Indian Libertarian (February 1, 1959)",1959,https://indianliberals.in/the-indian-libertarian/the-indian-libertarian-feb1-1959.pdf,https://indianliberals.in/content/the-indian-libertarian-february-1-1959/
the-indian-libertarian,the-indian-libertarian-feb1-1960.pdf,exact,the-indian-libertarian-february-1-1960,"The Indian Libertarian (February 1, 1960)",1960,https://indianliberals.in/the-indian-libertarian/the-indian-libertarian-feb1-1960.pdf,https://indianliberals.in/content/the-indian-libertarian-february-1-1960/
the-indian-libertarian,the-indian-libertarian-feb1-1961.pdf,exact,the-indian-libertarian-february-1-1961,"The Indian Libertarian (February 1, 1961)",1961,https://indianliberals.in/the-indian-libertarian/the-indian-libertarian-feb1-1961.pdf,https://indianliberals.in/content/the-indian-libertarian-february-1-1961/
the-indian-libertarian,the-indian-libertarian-feb1-1962.pdf,exact,the-indian-libertarian-feb-1-1962,"The Indian Libertarian (February 1, 1962)",1962,https://indianliberals.in/the-indian-libertarian/the-indian-libertarian-feb1-1962.pdf,https://indianliberals.in/content/the-indian-libertarian-feb-1-1962/
the-indian-libertarian,the-indian-libertarian-feb1-1963.pdf,exact,the-indian-libertarian-february-1-1963,"The Indian Libertarian (February 1, 1963)",1963,https://indianliberals.in/the-indian-libertarian/the-indian-libertarian-feb1-1963.pdf,https://indianliberals.in/content/the-indian-libertarian-february-1-1963/
the-indian-libertarian,the-indian-libertarian-feb1-1964.pdf,exact,the-indian-libertarian-february-1-1964,"The Indian Libertarian (February 1, 1964)",1964,https://indianliberals.in/the-indian-libertarian/the-indian-libertarian-feb1-1964.pdf,https://indianliberals.in/content/the-indian-libertarian-february-1-1964/
the-indian-libertarian,the-indian-libertarian-feb1-1973.pdf,exact,the-indian-libertarian-february-1-1973,"The Indian Libertarian (February 1, 1973)",1973,https://indianliberals.in/the-indian-libertarian/the-indian-libertarian-feb1-1973.pdf,https://indianliberals.in/content/the-indian-libertarian-february-1-1973/
the-indian-libertarian,the-indian-libertarian-feb15-1958.pdf,exact,the-indian-libertarian-february-15-1958-2,"The Indian Libertarian (February 15, 1958)",1958,https://indianliberals.in/the-indian-libertarian/the-indian-libertarian-feb15-1958.pdf,https://indianliberals.in/content/the-indian-libertarian-february-15-1958-2/
the-indian-libertarian,the-indian-libertarian-feb15-1960.pdf,exact,the-indian-libertarian-feb15-1960,"The Indian Libertarian (February 15, 1960)",1960,https://indianliberals.in/the-indian-libertarian/the-indian-libertarian-feb15-1960.pdf,https://indianliberals.in/content/the-indian-libertarian-feb15-1960/
the-indian-libertarian,the-indian-libertarian-feb15-1961.pdf,exact,the-indian-libertarian-feb-15-1961,"The Indian Libertarian (February 15, 1961)",1961,https://indianliberals.in/the-indian-libertarian/the-indian-libertarian-feb15-1961.pdf,https://indianliberals.in/content/the-indian-libertarian-feb-15-1961/
the-indian-libertarian,the-indian-libertarian-feb15-1962.pdf,exact,the-indian-libertarian-feb-15-1962,"The Indian Libertarian (February 15, 1962)",1962,https://indianliberals.in/the-indian-libertarian/the-indian-libertarian-feb15-1962.pdf,https://indianliberals.in/content/the-indian-libertarian-feb-15-1962/
the-indian-libertarian,the-indian-libertarian-feb15-1963.pdf,exact,the-indian-libertarian-february-15-1963,"The Indian Libertarian (February 15, 1963)",1963,https://indianliberals.in/the-indian-libertarian/the-indian-libertarian-feb15-1963.pdf,https://indianliberals.in/content/the-indian-libertarian-february-15-1963/
the-indian-libertarian,the-indian-libertarian-jan-1971-2.pdf,exact,the-indian-libertarian-selections-ii-1971-1981,"The Indian Libertarian, Selections II (1971-1981)",1971,https://indianliberals.in/the-indian-libertarian/the-indian-libertarian-jan-1971-2.pdf,https://indianliberals.in/content/the-indian-libertarian-selections-ii-1971-1981/
the-indian-libertarian,the-indian-libertarian-jan-1971.pdf,exact,the-indian-libertarian-january-1971,The Indian Libertarian (January 1971),1971,https://indianliberals.in/the-indian-libertarian/the-indian-libertarian-jan-1971.pdf,https://indianliberals.in/content/the-indian-libertarian-january-1971/
the-indian-libertarian,the-indian-libertarian-jan1-1958.pdf,exact,the-indian-libertarian-january-1-1958,"The Indian Libertarian (January 1, 1958)",1958,https://indianliberals.in/the-indian-libertarian/the-indian-libertarian-jan1-1958.pdf,https://indianliberals.in/content/the-indian-libertarian-january-1-1958/
the-indian-libertarian,the-indian-libertarian-jan1-1959.pdf,exact,the-indian-libertarian-jan1-1959,"The Indian Libertarian (January 1, 1959)",1959,https://indianliberals.in/the-indian-libertarian/the-indian-libertarian-jan1-1959.pdf,https://indianliberals.in/content/the-indian-libertarian-jan1-1959/
the-indian-libertarian,the-indian-libertarian-jan1-1960.pdf,exact,the-indian-libertarian-january-1-1960,"The Indian Libertarian (January 1, 1960)",1960,https://indianliberals.in/the-indian-libertarian/the-indian-libertarian-jan1-1960.pdf,https://indianliberals.in/content/the-indian-libertarian-january-1-1960/
the-indian-libertarian,the-indian-libertarian-jan1-1961.pdf,exact,the-indian-libertarian-jan-1-1961,"The Indian Libertarian (January 1, 1961)",1961,https://indianliberals.in/the-indian-libertarian/the-indian-libertarian-jan1-1961.pdf,https://indianliberals.in/content/the-indian-libertarian-jan-1-1961/
the-indian-libertarian,the-indian-libertarian-jan1-1962.pdf,exact,the-indian-libertarian-jan-1-1962,"The Indian Libertarian , Jan 1, 1962",1962,https://indianliberals.in/the-indian-libertarian/the-indian-libertarian-jan1-1962.pdf,https://indianliberals.in/content/the-indian-libertarian-jan-1-1962/
the-indian-libertarian,the-indian-libertarian-jan1-1963.pdf,exact,the-indian-libertarian-january-1-1963,"The Indian Libertarian (January 1, 1963)",1963,https://indianliberals.in/the-indian-libertarian/the-indian-libertarian-jan1-1963.pdf,https://indianliberals.in/content/the-indian-libertarian-january-1-1963/
the-indian-libertarian,the-indian-libertarian-jan1-1964.pdf,exact,the-indian-libertarian-january-1-1964,"The Indian Libertarian (January 1, 1964)",1964,https://indianliberals.in/the-indian-libertarian/the-indian-libertarian-jan1-1964.pdf,https://indianliberals.in/content/the-indian-libertarian-january-1-1964/
the-indian-libertarian,the-indian-libertarian-jan15-1958.pdf,exact,the-indian-libertarian-january-15-1958,"The Indian Libertarian (January 15, 1958)",1958,https://indianliberals.in/the-indian-libertarian/the-indian-libertarian-jan15-1958.pdf,https://indianliberals.in/content/the-indian-libertarian-january-15-1958/
the-indian-libertarian,the-indian-libertarian-jan15-1959.pdf,exact,the-indian-libertarian-january-15-1959-2,"The Indian Libertarian (January 15, 1959)",1959,https://indianliberals.in/the-indian-libertarian/the-indian-libertarian-jan15-1959.pdf,https://indianliberals.in/content/the-indian-libertarian-january-15-1959-2/
the-indian-libertarian,the-indian-libertarian-jan15-1960.pdf,exact,the-indian-libertarian-jan15-1960,"The Indian Libertarian , Jan 15, 1960",1960,https://indianliberals.in/the-indian-libertarian/the-indian-libertarian-jan15-1960.pdf,https://indianliberals.in/content/the-indian-libertarian-jan15-1960/
the-indian-libertarian,the-indian-libertarian-jan15-1962.pdf,exact,the-indian-libertarian-jan-15-1962,"The Indian Libertarian , Jan 15, 1962",1962,https://indianliberals.in/the-indian-libertarian/the-indian-libertarian-jan15-1962.pdf,https://indianliberals.in/content/the-indian-libertarian-jan-15-1962/
the-indian-libertarian,the-indian-libertarian-jan15-1963.pdf,exact,the-indian-libertarian-january-15-1963,"The Indian Libertarian (January 15, 1963)",1963,https://indianliberals.in/the-indian-libertarian/the-indian-libertarian-jan15-1963.pdf,https://indianliberals.in/content/the-indian-libertarian-january-15-1963/
the-indian-libertarian,the-indian-libertarian-jan15-1964.pdf,exact,the-indian-libertarian-january-15-1964,"The Indian Libertarian (January 15, 1964)",1964,https://indianliberals.in/the-indian-libertarian/the-indian-libertarian-jan15-1964.pdf,https://indianliberals.in/content/the-indian-libertarian-january-15-1964/
the-indian-libertarian,the-indian-libertarian-jul1-1957.pdf,exact,the-indian-libertarian-july-1-1957,"The Indian Libertarian (July 1, 1957)",1957,https://indianliberals.in/the-indian-libertarian/the-indian-libertarian-jul1-1957.pdf,https://indianliberals.in/content/the-indian-libertarian-july-1-1957/
the-indian-libertarian,the-indian-libertarian-jul1-1958.pdf,exact,the-indian-libertarian-july-1-1958-2,"The Indian Libertarian (July 1, 1958)",1958,https://indianliberals.in/the-indian-libertarian/the-indian-libertarian-jul1-1958.pdf,https://indianliberals.in/content/the-indian-libertarian-july-1-1958-2/
the-indian-libertarian,the-indian-libertarian-jul1-1959.pdf,exact,the-indian-libertarian-july-1-1959,"The Indian Libertarian (July 1, 1959)",1959,https://indianliberals.in/the-indian-libertarian/the-indian-libertarian-jul1-1959.pdf,https://indianliberals.in/content/the-indian-libertarian-july-1-1959/
the-indian-libertarian,the-indian-libertarian-jul1-1960.pdf,exact,the-indian-libertarian-jul-1-1960,"The Indian Libertarian , Jul 1, 1960",1960,https://indianliberals.in/the-indian-libertarian/the-indian-libertarian-jul1-1960.pdf,https://indianliberals.in/content/the-indian-libertarian-jul-1-1960/
the-indian-libertarian,the-indian-libertarian-jul1-1962.pdf,exact,the-indian-libertarian-jul-1-1962,"The Indian Libertarian, Jul 1, 1962",1962,https://indianliberals.in/the-indian-libertarian/the-indian-libertarian-jul1-1962.pdf,https://indianliberals.in/content/the-indian-libertarian-jul-1-1962/
the-indian-libertarian,the-indian-libertarian-jul15-1957.pdf,exact,the-indian-libertarian-july-15-1957,"The Indian Libertarian (July 15, 1957)",1957,https://indianliberals.in/the-indian-libertarian/the-indian-libertarian-jul15-1957.pdf,https://indianliberals.in/content/the-indian-libertarian-july-15-1957/
the-indian-libertarian,the-indian-libertarian-jul15-1959.pdf,exact,the-indian-libertarian-july-15-1959,"The Indian Libertarian (July 15, 1959)",1959,https://indianliberals.in/the-indian-libertarian/the-indian-libertarian-jul15-1959.pdf,https://indianliberals.in/content/the-indian-libertarian-july-15-1959/
the-indian-libertarian,the-indian-libertarian-jul15-1960.pdf,exact,the-indian-libertarian-jul-15-1960,"The Indian Libertarian , Jul 15, 1960",1960,https://indianliberals.in/the-indian-libertarian/the-indian-libertarian-jul15-1960.pdf,https://indianliberals.in/content/the-indian-libertarian-jul-15-1960/
the-indian-libertarian,the-indian-libertarian-jul15-1961.pdf,exact,the-indian-libertarian-jul-15-1961,"The Indian Libertarian , Jul 15, 1961",1961,https://indianliberals.in/the-indian-libertarian/the-indian-libertarian-jul15-1961.pdf,https://indianliberals.in/content/the-indian-libertarian-jul-15-1961/
the-indian-libertarian,the-indian-libertarian-jul15-1962.pdf,exact,the-indian-libertarian-july-15-1962,"The Indian Libertarian (July 15, 1962)",1962,https://indianliberals.in/the-indian-libertarian/the-indian-libertarian-jul15-1962.pdf,https://indianliberals.in/content/the-indian-libertarian-july-15-1962/
the-indian-libertarian,the-indian-libertarian-jul15-1963.pdf,exact,the-indian-libertarian-june-15-1963,"The Indian Libertarian (June 15, 1963)",1963,https://indianliberals.in/the-indian-libertarian/the-indian-libertarian-jul15-1963.pdf,https://indianliberals.in/content/the-indian-libertarian-june-15-1963/
the-indian-libertarian,the-indian-libertarian-jun1-1957.pdf,exact,the-indian-libertarian-june-1-1957,"The Indian Libertarian (June 1, 1957)",1957,https://indianliberals.in/the-indian-libertarian/the-indian-libertarian-jun1-1957.pdf,https://indianliberals.in/content/the-indian-libertarian-june-1-1957/
the-indian-libertarian,the-indian-libertarian-jun1-1958.pdf,exact,the-indian-libertarian-june-1-1958,"The Indian Libertarian (June 1, 1958)",1958,https://indianliberals.in/the-indian-libertarian/the-indian-libertarian-jun1-1958.pdf,https://indianliberals.in/content/the-indian-libertarian-june-1-1958/
the-indian-libertarian,the-indian-libertarian-jun1-1959.pdf,exact,the-indian-libertarian-june-1-1959,"The Indian Libertarian (June 1,1959)",1959,https://indianliberals.in/the-indian-libertarian/the-indian-libertarian-jun1-1959.pdf,https://indianliberals.in/content/the-indian-libertarian-june-1-1959/
the-indian-libertarian,the-indian-libertarian-jun1-1960.pdf,exact,the-indian-libertarian-june-1-1960,"The Indian Libertarian (June 1, 1960)",1960,https://indianliberals.in/the-indian-libertarian/the-indian-libertarian-jun1-1960.pdf,https://indianliberals.in/content/the-indian-libertarian-june-1-1960/
the-indian-libertarian,the-indian-libertarian-jun1-1961.pdf,exact,the-indian-libertarian-jun-1-1961,"The Indian Libertarian , Jun 1, 1961",1961,https://indianliberals.in/the-indian-libertarian/the-indian-libertarian-jun1-1961.pdf,https://indianliberals.in/content/the-indian-libertarian-jun-1-1961/
the-indian-libertarian,the-indian-libertarian-jun1-1962.pdf,exact,the-indian-libertarian-june-1-1962,"The Indian Libertarian (June 1, 1962)",1962,https://indianliberals.in/the-indian-libertarian/the-indian-libertarian-jun1-1962.pdf,https://indianliberals.in/content/the-indian-libertarian-june-1-1962/
the-indian-libertarian,the-indian-libertarian-jun1-1963.pdf,exact,the-indian-libertarian-june-1-1963,"The Indian Libertarian (June 1, 1963)",1963,https://indianliberals.in/the-indian-libertarian/the-indian-libertarian-jun1-1963.pdf,https://indianliberals.in/content/the-indian-libertarian-june-1-1963/
the-indian-libertarian,the-indian-libertarian-jun15-1958.pdf,exact,the-indian-libertarian-june-15-1958,"The Indian Libertarian (June 15, 1958)",1958,https://indianliberals.in/the-indian-libertarian/the-indian-libertarian-jun15-1958.pdf,https://indianliberals.in/content/the-indian-libertarian-june-15-1958/
the-indian-libertarian,the-indian-libertarian-jun15-1959.pdf,exact,the-indian-libertarian-june-15-1959,"The Indian Libertarian (June 15, 1959)",1959,https://indianliberals.in/the-indian-libertarian/the-indian-libertarian-jun15-1959.pdf,https://indianliberals.in/content/the-indian-libertarian-june-15-1959/
the-indian-libertarian,the-indian-libertarian-jun15-1960.pdf,exact,the-indian-libertarian-jun-15-1960,"The Indian Libertarian , Jun 15, 1960",1960,https://indianliberals.in/the-indian-libertarian/the-indian-libertarian-jun15-1960.pdf,https://indianliberals.in/content/the-indian-libertarian-jun-15-1960/
the-indian-libertarian,the-indian-libertarian-jun15-1961.pdf,exact,the-indian-libertarian-jun-15-1961,"The Indian Libertarian , Jun 15, 1961",1961,https://indianliberals.in/the-indian-libertarian/the-indian-libertarian-jun15-1961.pdf,https://indianliberals.in/content/the-indian-libertarian-jun-15-1961/
the-indian-libertarian,the-indian-libertarian-jun15-1962.pdf,exact,the-indian-libertarian-june-15-1962,"The Indian Libertarian (Jun 15, 1962)",1962,https://indianliberals.in/the-indian-libertarian/the-indian-libertarian-jun15-1962.pdf,https://indianliberals.in/content/the-indian-libertarian-june-15-1962/
the-indian-libertarian,the-indian-libertarian-mar1-1959.pdf,exact,the-indian-libertarian-march-1-1959,"The Indian Libertarian (March 1, 1959)",1959,https://indianliberals.in/the-indian-libertarian/the-indian-libertarian-mar1-1959.pdf,https://indianliberals.in/content/the-indian-libertarian-march-1-1959/
the-indian-libertarian,the-indian-libertarian-mar1-1960.pdf,exact,the-indian-libertarian-mar1-1960,"The Indian Libertarian , Mar 1, 1960",1960,https://indianliberals.in/the-indian-libertarian/the-indian-libertarian-mar1-1960.pdf,https://indianliberals.in/content/the-indian-libertarian-mar1-1960/
the-indian-libertarian,the-indian-libertarian-mar1-1961.pdf,exact,the-indian-libertarian-mar-1-1961,"The Indian Libertarian , Mar 1, 1961",1961,https://indianliberals.in/the-indian-libertarian/the-indian-libertarian-mar1-1961.pdf,https://indianliberals.in/content/the-indian-libertarian-mar-1-1961/
the-indian-libertarian,the-indian-libertarian-mar1-1962.pdf,exact,the-indian-libertarian-mar-1-1962,"The Indian Libertarian , Mar 1, 1962",1962,https://indianliberals.in/the-indian-libertarian/the-indian-libertarian-mar1-1962.pdf,https://indianliberals.in/content/the-indian-libertarian-mar-1-1962/
the-indian-libertarian,the-indian-libertarian-mar1-1963.pdf,exact,the-indian-libertarian-march-1-1963,"The Indian Libertarian (March 1, 1963)",1963,https://indianliberals.in/the-indian-libertarian/the-indian-libertarian-mar1-1963.pdf,https://indianliberals.in/content/the-indian-libertarian-march-1-1963/
the-indian-libertarian,the-indian-libertarian-mar1-1964.pdf,exact,the-indian-libertarian-march-1-1964,"The Indian Libertarian (March 1, 1964)",1964,https://indianliberals.in/the-indian-libertarian/the-indian-libertarian-mar1-1964.pdf,https://indianliberals.in/content/the-indian-libertarian-march-1-1964/
the-indian-libertarian,the-indian-libertarian-mar15-1957.pdf,exact,the-indian-libertarian-march-15-1957,"The Indian Libertarian (March 15, 1957)",1957,https://indianliberals.in/the-indian-libertarian/the-indian-libertarian-mar15-1957.pdf,https://indianliberals.in/content/the-indian-libertarian-march-15-1957/
the-indian-libertarian,the-indian-libertarian-mar15-1958.pdf,exact,the-indian-libertarian-march-15-1958,"The Indian Libertarian (March 15, 1958)",1958,https://indianliberals.in/the-indian-libertarian/the-indian-libertarian-mar15-1958.pdf,https://indianliberals.in/content/the-indian-libertarian-march-15-1958/
the-indian-libertarian,the-indian-libertarian-mar15-1961.pdf,exact,the-indian-libertarian-mar-15-1961,"The Indian Libertarian , Mar 15, 1961",1961,https://indianliberals.in/the-indian-libertarian/the-indian-libertarian-mar15-1961.pdf,https://indianliberals.in/content/the-indian-libertarian-mar-15-1961/
the-indian-libertarian,the-indian-libertarian-mar15-1962.pdf,exact,the-indian-libertarian-march-15-1962,"The Indian Libertarian (March 15, 1962)",1962,https://indianliberals.in/the-indian-libertarian/the-indian-libertarian-mar15-1962.pdf,https://indianliberals.in/content/the-indian-libertarian-march-15-1962/
the-indian-libertarian,the-indian-libertarian-mar15-1963.pdf,exact,the-indian-libertarian-march-15-1963,"The Indian Libertarian (March 15, 1963)",1963,https://indianliberals.in/the-indian-libertarian/the-indian-libertarian-mar15-1963.pdf,https://indianliberals.in/content/the-indian-libertarian-march-15-1963/
the-indian-libertarian,the-indian-libertarian-may1-1957.pdf,exact,the-indian-libertarian-may-1-1957,"The Indian Libertarian (May 1, 1957)",1957,https://indianliberals.in/the-indian-libertarian/the-indian-libertarian-may1-1957.pdf,https://indianliberals.in/content/the-indian-libertarian-may-1-1957/
the-indian-libertarian,the-indian-libertarian-may1-1958.pdf,exact,the-indian-libertarian-may-1-1958,"The Indian Libertarian (May 1, 1958)",1958,https://indianliberals.in/the-indian-libertarian/the-indian-libertarian-may1-1958.pdf,https://indianliberals.in/content/the-indian-libertarian-may-1-1958/
the-indian-libertarian,the-indian-libertarian-may1-1959.pdf,exact,the-indian-libertarian-may-1-1959,"The Indian Libertarian (May 1, 1959)",1959,https://indianliberals.in/the-indian-libertarian/the-indian-libertarian-may1-1959.pdf,https://indianliberals.in/content/the-indian-libertarian-may-1-1959/
the-indian-libertarian,the-indian-libertarian-may1-1960.pdf,exact,the-indian-libertarian-may1-1960,"The Indian Libertarian , May 1, 1960",1960,https://indianliberals.in/the-indian-libertarian/the-indian-libertarian-may1-1960.pdf,https://indianliberals.in/content/the-indian-libertarian-may1-1960/
the-indian-libertarian,the-indian-libertarian-may1-1961.pdf,exact,the-indian-libertarian-may-1-1961,"The Indian Libertarian , May 1, 1961",1961,https://indianliberals.in/the-indian-libertarian/the-indian-libertarian-may1-1961.pdf,https://indianliberals.in/content/the-indian-libertarian-may-1-1961/
the-indian-libertarian,the-indian-libertarian-may1-1962.pdf,exact,the-indian-libertarian-may-1-1962,"The Indian Libertarian (May 1, 1962)",1962,https://indianliberals.in/the-indian-libertarian/the-indian-libertarian-may1-1962.pdf,https://indianliberals.in/content/the-indian-libertarian-may-1-1962/
the-indian-libertarian,the-indian-libertarian-may1-1963.pdf,exact,the-indian-libertarian-may-1-1963,"The Indian Libertarian (May 1, 1963)",1963,https://indianliberals.in/the-indian-libertarian/the-indian-libertarian-may1-1963.pdf,https://indianliberals.in/content/the-indian-libertarian-may-1-1963/
the-indian-libertarian,the-indian-libertarian-may1-1967.pdf,exact,the-indian-libertarian-may-1-1967,"The Indian Libertarian (May 1, 1967)",1967,https://indianliberals.in/the-indian-libertarian/the-indian-libertarian-may1-1967.pdf,https://indianliberals.in/content/the-indian-libertarian-may-1-1967/
the-indian-libertarian,the-indian-libertarian-may15-1957.pdf,exact,the-indian-libertarian-may-15-1957,"The Indian Libertarian (May 15, 1957)",1957,https://indianliberals.in/the-indian-libertarian/the-indian-libertarian-may15-1957.pdf,https://indianliberals.in/content/the-indian-libertarian-may-15-1957/
the-indian-libertarian,the-indian-libertarian-may15-1958.pdf,exact,the-indian-libertarian-may-15-1958,"The Indian Libertarian (May 15, 1958)",1958,https://indianliberals.in/the-indian-libertarian/the-indian-libertarian-may15-1958.pdf,https://indianliberals.in/content/the-indian-libertarian-may-15-1958/
the-indian-libertarian,the-indian-libertarian-may15-1959.pdf,exact,the-indian-libertarian-may-15-1959,"The Indian Libertarian (May 15, 1959)",1959,https://indianliberals.in/the-indian-libertarian/the-indian-libertarian-may15-1959.pdf,https://indianliberals.in/content/the-indian-libertarian-may-15-1959/
the-indian-libertarian,the-indian-libertarian-may15-1960.pdf,exact,the-indian-libertarian-may15-1960,"The Indian Libertarian , May15, 1960",1960,https://indianliberals.in/the-indian-libertarian/the-indian-libertarian-may15-1960.pdf,https://indianliberals.in/content/the-indian-libertarian-may15-1960/
the-indian-libertarian,the-indian-libertarian-may15-1962.pdf,exact,the-indian-libertarian-may-15-1962,"The Indian Libertarian (May 15, 1962)",1962,https://indianliberals.in/the-indian-libertarian/the-indian-libertarian-may15-1962.pdf,https://indianliberals.in/content/the-indian-libertarian-may-15-1962/
the-indian-libertarian,the-indian-libertarian-may15-1963.pdf,exact,the-indian-libertarian-may-15-1963,"The Indian Libertarian (May 15, 1963)",1963,https://indianliberals.in/the-indian-libertarian/the-indian-libertarian-may15-1963.pdf,https://indianliberals.in/content/the-indian-libertarian-may-15-1963/
the-indian-libertarian,the-indian-libertarian-nov1-1958.pdf,exact,the-indian-libertarian-november-1-1958,"The Indian Libertarian (November 1, 1958)",1958,https://indianliberals.in/the-indian-libertarian/the-indian-libertarian-nov1-1958.pdf,https://indianliberals.in/content/the-indian-libertarian-november-1-1958/
the-indian-libertarian,the-indian-libertarian-nov1-1959.pdf,exact,the-indian-libertarian-nov1-1959,"The Indian Libertarian , Nov 1, 1959",1959,https://indianliberals.in/the-indian-libertarian/the-indian-libertarian-nov1-1959.pdf,https://indianliberals.in/content/the-indian-libertarian-nov1-1959/
the-indian-libertarian,the-indian-libertarian-nov1-1960.pdf,exact,the-indian-libertarian-nov-1-1960,"The Indian Libertarian , Nov 1, 1960",1960,https://indianliberals.in/the-indian-libertarian/the-indian-libertarian-nov1-1960.pdf,https://indianliberals.in/content/the-indian-libertarian-nov-1-1960/
the-indian-libertarian,the-indian-libertarian-nov1-1961.pdf,exact,the-indian-libertarian-november-1-1961,"The Indian Libertarian (November 1, 1961)",1961,https://indianliberals.in/the-indian-libertarian/the-indian-libertarian-nov1-1961.pdf,https://indianliberals.in/content/the-indian-libertarian-november-1-1961/
the-indian-libertarian,the-indian-libertarian-nov1-1962.pdf,exact,the-indian-libertarian-november-1-1962,"The Indian Libertarian (November 1, 1962)",1962,https://indianliberals.in/the-indian-libertarian/the-indian-libertarian-nov1-1962.pdf,https://indianliberals.in/content/the-indian-libertarian-november-1-1962/
the-indian-libertarian,the-indian-libertarian-nov1-1963.pdf,exact,the-indian-libertarian-november-1-1963,"The Indian Libertarian (November 1, 1963)",1963,https://indianliberals.in/the-indian-libertarian/the-indian-libertarian-nov1-1963.pdf,https://indianliberals.in/content/the-indian-libertarian-november-1-1963/
the-indian-libertarian,the-indian-libertarian-nov15-1957.pdf,exact,the-indian-libertarian-november-15-1957,"The Indian Libertarian (November 15, 1957)",1957,https://indianliberals.in/the-indian-libertarian/the-indian-libertarian-nov15-1957.pdf,https://indianliberals.in/content/the-indian-libertarian-november-15-1957/
the-indian-libertarian,the-indian-libertarian-nov15-1958.pdf,exact,the-indian-libertarian-november-15-1958,"The Indian Libertarian (Nov 15, 1958)",1958,https://indianliberals.in/the-indian-libertarian/the-indian-libertarian-nov15-1958.pdf,https://indianliberals.in/content/the-indian-libertarian-november-15-1958/
the-indian-libertarian,the-indian-libertarian-nov15-1959.pdf,exact,the-indian-libertarian-november-15-1959,"The Indian Libertarian (November 15, 1959)",1959,https://indianliberals.in/the-indian-libertarian/the-indian-libertarian-nov15-1959.pdf,https://indianliberals.in/content/the-indian-libertarian-november-15-1959/
the-indian-libertarian,the-indian-libertarian-nov15-1961.pdf,exact,the-indian-libertarian-november-15-1961,"The Indian Libertarian (November 15, 1961)",1961,https://indianliberals.in/the-indian-libertarian/the-indian-libertarian-nov15-1961.pdf,https://indianliberals.in/content/the-indian-libertarian-november-15-1961/
the-indian-libertarian,the-indian-libertarian-nov15-1962.pdf,exact,the-indian-libertarian-november-15-1962,"The Indian Libertarian (November 15, 1962)",1962,https://indianliberals.in/the-indian-libertarian/the-indian-libertarian-nov15-1962.pdf,https://indianliberals.in/content/the-indian-libertarian-november-15-1962/
the-indian-libertarian,the-indian-libertarian-nov15-1963.pdf,exact,the-indian-libertarian-november-15-1963,"The Indian Libertarian (November 15, 1963)",1963,https://indianliberals.in/the-indian-libertarian/the-indian-libertarian-nov15-1963.pdf,https://indianliberals.in/content/the-indian-libertarian-november-15-1963/
the-indian-libertarian,the-indian-libertarian-oct1-1957.pdf,exact,the-indian-libertarian-october-1-1957,"The Indian Libertarian (October 1, 1957)",1957,https://indianliberals.in/the-indian-libertarian/the-indian-libertarian-oct1-1957.pdf,https://indianliberals.in/content/the-indian-libertarian-october-1-1957/
the-indian-libertarian,the-indian-libertarian-oct1-1958.pdf,exact,the-indian-libertarian-october-1-1958,"The Indian Libertarian (October 1, 1958)",1958,https://indianliberals.in/the-indian-libertarian/the-indian-libertarian-oct1-1958.pdf,https://indianliberals.in/content/the-indian-libertarian-october-1-1958/
the-indian-libertarian,the-indian-libertarian-oct1-1959.pdf,exact,the-indian-libertarian-october-1-1959,"The Indian Libertarian (October 1, 1959)",1959,https://indianliberals.in/the-indian-libertarian/the-indian-libertarian-oct1-1959.pdf,https://indianliberals.in/content/the-indian-libertarian-october-1-1959/
the-indian-libertarian,the-indian-libertarian-oct1-1960.pdf,exact,the-indian-libertarian-october-1-1960,"The Indian Libertarian (October 1, 1960)",1960,https://indianliberals.in/the-indian-libertarian/the-indian-libertarian-oct1-1960.pdf,https://indianliberals.in/content/the-indian-libertarian-october-1-1960/
the-indian-libertarian,the-indian-libertarian-oct1-1961.pdf,exact,the-indian-libertarian-oct-1-1961,"The Indian Libertarian (October 1, 1961)",1961,https://indianliberals.in/the-indian-libertarian/the-indian-libertarian-oct1-1961.pdf,https://indianliberals.in/content/the-indian-libertarian-oct-1-1961/
the-indian-libertarian,the-indian-libertarian-oct1-1962.pdf,exact,the-indian-libertarian-october-1-1962,"The Indian Libertarian (October 1, 1962)",1962,https://indianliberals.in/the-indian-libertarian/the-indian-libertarian-oct1-1962.pdf,https://indianliberals.in/content/the-indian-libertarian-october-1-1962/
the-indian-libertarian,the-indian-libertarian-oct15-1958.pdf,exact,the-indian-libertarian-october-15-1958,"The Indian Libertarian (October 15, 1958)",1958,https://indianliberals.in/the-indian-libertarian/the-indian-libertarian-oct15-1958.pdf,https://indianliberals.in/content/the-indian-libertarian-october-15-1958/
the-indian-libertarian,the-indian-libertarian-oct15-1959.pdf,exact,the-indian-libertarian-october-15-1959,"The Indian Libertarian (October 15, 1959)",1959,https://indianliberals.in/the-indian-libertarian/the-indian-libertarian-oct15-1959.pdf,https://indianliberals.in/content/the-indian-libertarian-october-15-1959/
the-indian-libertarian,the-indian-libertarian-oct15-1960.pdf,exact,the-indian-libertarian-october-15-1960,"The Indian Libertarian (October 15, 1960)",1960,https://indianliberals.in/the-indian-libertarian/the-indian-libertarian-oct15-1960.pdf,https://indianliberals.in/content/the-indian-libertarian-october-15-1960/
the-indian-libertarian,the-indian-libertarian-oct15-1961.pdf,exact,the-indian-libertarian-oct-15-1961,"The Indian Libertarian (October 15, 1961)",1961,https://indianliberals.in/the-indian-libertarian/the-indian-libertarian-oct15-1961.pdf,https://indianliberals.in/content/the-indian-libertarian-oct-15-1961/
the-indian-libertarian,the-indian-libertarian-oct15-1962.pdf,exact,the-indian-libertarian-october-15-1962,"The Indian Libertarian (October 15, 1962)",1962,https://indianliberals.in/the-indian-libertarian/the-indian-libertarian-oct15-1962.pdf,https://indianliberals.in/content/the-indian-libertarian-october-15-1962/
the-indian-libertarian,the-indian-libertarian-oct15-1963.pdf,exact,the-indian-libertarian-october-15-1963,"The Indian Libertarian (October 15, 1963)",1963,https://indianliberals.in/the-indian-libertarian/the-indian-libertarian-oct15-1963.pdf,https://indianliberals.in/content/the-indian-libertarian-october-15-1963/
the-indian-libertarian,the-indian-libertarian-sep1-1959.pdf,exact,the-indian-libertarian-september-1-1959,"The Indian Libertarian (September 1,1959)",1959,https://indianliberals.in/the-indian-libertarian/the-indian-libertarian-sep1-1959.pdf,https://indianliberals.in/content/the-indian-libertarian-september-1-1959/
the-indian-libertarian,the-indian-libertarian-sep1-1960.pdf,exact,the-indian-libertarian-september-1-1960,"The Indian Libertarian (September 1, 1960)",1960,https://indianliberals.in/the-indian-libertarian/the-indian-libertarian-sep1-1960.pdf,https://indianliberals.in/content/the-indian-libertarian-september-1-1960/
the-indian-libertarian,the-indian-libertarian-sep1-1961.pdf,exact,the-indian-libertarian-september-1-1961,"The Indian Libertarian (September 1, 1961)",1961,https://indianliberals.in/the-indian-libertarian/the-indian-libertarian-sep1-1961.pdf,https://indianliberals.in/content/the-indian-libertarian-september-1-1961/
the-indian-libertarian,the-indian-libertarian-sep15-1959.pdf,exact,the-indian-libertarian-september-15-1959,"The Indian Libertarian (September 15, 1959)",1959,https://indianliberals.in/the-indian-libertarian/the-indian-libertarian-sep15-1959.pdf,https://indianliberals.in/content/the-indian-libertarian-september-15-1959/
the-indian-libertarian,the-indian-libertarian-sep15-1960.pdf,exact,the-indian-libertarian-september-15-1960,"The Indian Libertarian (September 15, 1960)",1960,https://indianliberals.in/the-indian-libertarian/the-indian-libertarian-sep15-1960.pdf,https://indianliberals.in/content/the-indian-libertarian-september-15-1960/
the-indian-libertarian,the-indian-libertarian-sep15-1961.pdf,exact,the-indian-libertarian-september-15-1961,"The Indian Libertarian (September 15, 1961)",1961,https://indianliberals.in/the-indian-libertarian/the-indian-libertarian-sep15-1961.pdf,https://indianliberals.in/content/the-indian-libertarian-september-15-1961/
the-indian-libertarian,the-indian-libertarian-sept1-1958.pdf,exact,the-indian-libertarian-september-1-1958,"The Indian Libertarian (September 1, 1958)",1958,https://indianliberals.in/the-indian-libertarian/the-indian-libertarian-sept1-1958.pdf,https://indianliberals.in/content/the-indian-libertarian-september-1-1958/
the-indian-libertarian,the-indian-libertarian-sept1-1962.pdf,exact,the-indian-libertarian-september-1-1962,"The Indian Libertarian (September 1, 1962)",1962,https://indianliberals.in/the-indian-libertarian/the-indian-libertarian-sept1-1962.pdf,https://indianliberals.in/content/the-indian-libertarian-september-1-1962/
the-indian-libertarian,the-indian-libertarian-sept1-1963.pdf,exact,the-indian-libertarian-september-1-1963,"The Indian Libertarian (September 1, 1963)",1963,https://indianliberals.in/the-indian-libertarian/the-indian-libertarian-sept1-1963.pdf,https://indianliberals.in/content/the-indian-libertarian-september-1-1963/
the-indian-libertarian,the-indian-libertarian-sept15-1957.pdf,exact,the-indian-libertarian-september-15-1957,"The Indian Libertarian (September 15, 1957)",1957,https://indianliberals.in/the-indian-libertarian/the-indian-libertarian-sept15-1957.pdf,https://indianliberals.in/content/the-indian-libertarian-september-15-1957/
the-indian-libertarian,the-indian-libertarian-sept15-1958.pdf,exact,the-indian-libertarian-september-15-1958,"The Indian Libertarian (September 15, 1958)",1958,https://indianliberals.in/the-indian-libertarian/the-indian-libertarian-sept15-1958.pdf,https://indianliberals.in/content/the-indian-libertarian-september-15-1958/
the-indian-libertarian,the-indian-libertarian-sept15-1962.pdf,exact,the-indian-libertarian-september-15-1962,"The Indian Libertarian (September 15, 1962)",1962,https://indianliberals.in/the-indian-libertarian/the-indian-libertarian-sept15-1962.pdf,https://indianliberals.in/content/the-indian-libertarian-september-15-1962/
the-indian-libertarian,the-indian-libertarian-sept15-1963.pdf,exact,the-indian-libertarian-september-15-1963,"The Indian Libertarian (September 15, 1963)",1963,https://indianliberals.in/the-indian-libertarian/the-indian-libertarian-sept15-1963.pdf,https://indianliberals.in/content/the-indian-libertarian-september-15-1963/
